ISO-10303-21;
HEADER;
/* Generated by software containing ST-Developer
 * from STEP Tools, Inc. (www.steptools.com) 
 */
/* OPTION: using custom renumber hook */

FILE_DESCRIPTION(
/* description */ ('STEP AP214'),
/* implementation_level */ '2;1');

FILE_NAME(
/* name */ 'SCHUNK-0303070 KGG 140-60 _011L5_MSS_22_01',
/* time_stamp */ '2026-06-04T21:49:47+02:00',
/* author */ ('License CC BY-ND 4.0'),
/* organization */ ('CADENAS'),
/* preprocessor_version */ 'ST-DEVELOPER v20',
/* originating_system */ 'PARTsolutions',
/* authorisation */ '  ');

FILE_SCHEMA (('AUTOMOTIVE_DESIGN {1 0 10303 214 3 1 1}'));
ENDSEC;

DATA;
#10=PROPERTY_DEFINITION_REPRESENTATION(#14,#12);
#11=PROPERTY_DEFINITION_REPRESENTATION(#15,#13);
#12=REPRESENTATION('',(#16),#14215);
#13=REPRESENTATION('',(#17),#14215);
#14=PROPERTY_DEFINITION('pmi validation property','',#14228);
#15=PROPERTY_DEFINITION('pmi validation property','',#14228);
#16=VALUE_REPRESENTATION_ITEM('number of annotations',COUNT_MEASURE(0.));
#17=VALUE_REPRESENTATION_ITEM('number of views',COUNT_MEASURE(0.));
#18=ELLIPSE('',#10217,4.24264068711929,3.);
#19=ELLIPSE('',#10218,4.24264068711927,2.99999999999999);
#20=DRAUGHTING_PRE_DEFINED_COLOUR('white');
#21=B_SPLINE_CURVE_WITH_KNOTS('',3,(#12990,#12991,#12992,#12993),
 .UNSPECIFIED.,.F.,.F.,(4,4),(0.00134899812651919,0.0025146412685939),
 .UNSPECIFIED.);
#22=B_SPLINE_CURVE_WITH_KNOTS('',3,(#12997,#12998,#12999,#13000),
 .UNSPECIFIED.,.F.,.F.,(4,4),(2.33977466830752E-7,0.00115683128113959),
 .UNSPECIFIED.);
#23=B_SPLINE_CURVE_WITH_KNOTS('',3,(#13004,#13005,#13006,#13007),
 .UNSPECIFIED.,.F.,.F.,(4,4),(2.33977466831617E-7,0.00115683128113959),
 .UNSPECIFIED.);
#24=B_SPLINE_CURVE_WITH_KNOTS('',3,(#13011,#13012,#13013,#13014),
 .UNSPECIFIED.,.F.,.F.,(4,4),(0.00134899812651919,0.0025146412685939),
 .UNSPECIFIED.);
#25=B_SPLINE_CURVE_WITH_KNOTS('',3,(#13018,#13019,#13020,#13021),
 .UNSPECIFIED.,.F.,.F.,(4,4),(2.33977466829886E-7,0.00115683128113959),
 .UNSPECIFIED.);
#26=B_SPLINE_CURVE_WITH_KNOTS('',3,(#13185,#13186,#13187,#13188),
 .UNSPECIFIED.,.F.,.F.,(4,4),(0.0013489981265192,0.0025146412685939),
 .UNSPECIFIED.);
#27=B_SPLINE_CURVE_WITH_KNOTS('',3,(#13192,#13193,#13194,#13195),
 .UNSPECIFIED.,.F.,.F.,(4,4),(2.33977466831617E-7,0.00115683128113959),
 .UNSPECIFIED.);
#28=B_SPLINE_CURVE_WITH_KNOTS('',3,(#13199,#13200,#13201,#13202),
 .UNSPECIFIED.,.F.,.F.,(4,4),(2.33977466831617E-7,0.00115683128113959),
 .UNSPECIFIED.);
#29=B_SPLINE_CURVE_WITH_KNOTS('',3,(#13206,#13207,#13208,#13209),
 .UNSPECIFIED.,.F.,.F.,(4,4),(0.0013489981265192,0.0025146412685939),
 .UNSPECIFIED.);
#30=B_SPLINE_CURVE_WITH_KNOTS('',3,(#13213,#13214,#13215,#13216),
 .UNSPECIFIED.,.F.,.F.,(4,4),(2.33977466831617E-7,0.00115683128113959),
 .UNSPECIFIED.);
#31=B_SPLINE_CURVE_WITH_KNOTS('',3,(#13285,#13286,#13287,#13288),
 .UNSPECIFIED.,.F.,.F.,(4,4),(2.33977466831617E-7,0.00115683128113958),
 .UNSPECIFIED.);
#32=B_SPLINE_CURVE_WITH_KNOTS('',3,(#13317,#13318,#13319,#13320),
 .UNSPECIFIED.,.F.,.F.,(4,4),(2.33977466831617E-7,0.00115683128113958),
 .UNSPECIFIED.);
#33=B_SPLINE_CURVE_WITH_KNOTS('',3,(#14064,#14065,#14066,#14067,#14068),
 .UNSPECIFIED.,.F.,.F.,(4,1,4),(1.40662449871521E-19,0.00231149520332659,
0.00462299040665317),.UNSPECIFIED.);
#34=B_SPLINE_CURVE_WITH_KNOTS('',3,(#14072,#14073,#14074,#14075,#14076),
 .UNSPECIFIED.,.F.,.F.,(4,1,4),(0.000334943434770713,0.0026470452601507,
0.00495914708553069),.UNSPECIFIED.);
#35=B_SPLINE_CURVE_WITH_KNOTS('',3,(#14082,#14083,#14084,#14085,#14086),
 .UNSPECIFIED.,.F.,.F.,(4,1,4),(0.000336803251172949,0.00188660933461247,
0.00343641541805199),.UNSPECIFIED.);
#36=B_SPLINE_CURVE_WITH_KNOTS('',3,(#14101,#14102,#14103,#14104,#14105),
 .UNSPECIFIED.,.F.,.F.,(4,1,4),(6.50521303491303E-19,0.00154217826697522,
0.00308435653395045),.UNSPECIFIED.);
#37=B_SPLINE_CURVE_WITH_KNOTS('',3,(#14123,#14124,#14125,#14126,#14127),
 .UNSPECIFIED.,.F.,.F.,(4,1,4),(4.33680868994202E-19,0.00169918171583561,
0.00339836343167122),.UNSPECIFIED.);
#38=CONTEXT_DEPENDENT_SHAPE_REPRESENTATION(#48,#14230);
#39=CONTEXT_DEPENDENT_SHAPE_REPRESENTATION(#49,#14232);
#40=CONTEXT_DEPENDENT_SHAPE_REPRESENTATION(#50,#14234);
#41=CONTEXT_DEPENDENT_SHAPE_REPRESENTATION(#51,#14236);
#42=CONTEXT_DEPENDENT_SHAPE_REPRESENTATION(#52,#14237);
#43=NEXT_ASSEMBLY_USAGE_OCCURRENCE('NAUO1',
'SCHUNK- 5516672 Gehaeuse-KGG 140-60',
'SCHUNK- 5516672 Gehaeuse-KGG 140-60',#14238,#14239,'');
#44=NEXT_ASSEMBLY_USAGE_OCCURRENCE('NAUO2',
'SCHUNK-bracket L5_MSS_22_01','SCHUNK-bracket L5_MSS_22_01',#14238,#14240,
'');
#45=NEXT_ASSEMBLY_USAGE_OCCURRENCE('NAUO3',
'SCHUNK-9905502 Typenschild 9x24x0.3',
'SCHUNK-9905502 Typenschild 9x24x0.3',#14238,#14241,'');
#46=NEXT_ASSEMBLY_USAGE_OCCURRENCE('NAUO4','SCHUNK-Finger KGG 140-60',
'SCHUNK-Finger KGG 140-60',#14238,#14242,'');
#47=NEXT_ASSEMBLY_USAGE_OCCURRENCE('NAUO5','SCHUNK-Finger KGG 140-60',
'SCHUNK-Finger KGG 140-60',#14238,#14242,'');
#48=(
REPRESENTATION_RELATIONSHIP(' ',' ',#9678,#9677)
REPRESENTATION_RELATIONSHIP_WITH_TRANSFORMATION(#53)
SHAPE_REPRESENTATION_RELATIONSHIP()
);
#49=(
REPRESENTATION_RELATIONSHIP(' ',' ',#9679,#9677)
REPRESENTATION_RELATIONSHIP_WITH_TRANSFORMATION(#54)
SHAPE_REPRESENTATION_RELATIONSHIP()
);
#50=(
REPRESENTATION_RELATIONSHIP(' ',' ',#9680,#9677)
REPRESENTATION_RELATIONSHIP_WITH_TRANSFORMATION(#55)
SHAPE_REPRESENTATION_RELATIONSHIP()
);
#51=(
REPRESENTATION_RELATIONSHIP(' ',' ',#9681,#9677)
REPRESENTATION_RELATIONSHIP_WITH_TRANSFORMATION(#56)
SHAPE_REPRESENTATION_RELATIONSHIP()
);
#52=(
REPRESENTATION_RELATIONSHIP(' ',' ',#9681,#9677)
REPRESENTATION_RELATIONSHIP_WITH_TRANSFORMATION(#57)
SHAPE_REPRESENTATION_RELATIONSHIP()
);
#53=ITEM_DEFINED_TRANSFORMATION(' ',' ',#9682,#9918);
#54=ITEM_DEFINED_TRANSFORMATION(' ',' ',#9682,#10061);
#55=ITEM_DEFINED_TRANSFORMATION(' ',' ',#9682,#10195);
#56=ITEM_DEFINED_TRANSFORMATION(' ',' ',#9682,#10275);
#57=ITEM_DEFINED_TRANSFORMATION(' ',' ',#9682,#10276);
#58=SHAPE_REPRESENTATION_RELATIONSHIP('','',#9678,#62);
#59=SHAPE_REPRESENTATION_RELATIONSHIP('','',#9679,#63);
#60=SHAPE_REPRESENTATION_RELATIONSHIP('','',#9680,#64);
#61=SHAPE_REPRESENTATION_RELATIONSHIP('','',#9681,#65);
#62=ADVANCED_BREP_SHAPE_REPRESENTATION('',(#9668),#14216);
#63=ADVANCED_BREP_SHAPE_REPRESENTATION('',(#9669),#14217);
#64=ADVANCED_BREP_SHAPE_REPRESENTATION('',(#9670),#14218);
#65=ADVANCED_BREP_SHAPE_REPRESENTATION('',(#9671),#14219);
#66=SPHERICAL_SURFACE('',#9904,3.60000000000002);
#67=VERTEX_LOOP('',#3418);
#68=VERTEX_LOOP('',#3420);
#69=VERTEX_LOOP('',#3819);
#70=CONICAL_SURFACE('',#9856,8.67361737988404E-16,1.0471975511966);
#71=CONICAL_SURFACE('',#9859,0.,1.0471975511966);
#72=CONICAL_SURFACE('',#9866,0.599999999999998,1.0471975511966);
#73=CONICAL_SURFACE('',#9873,0.6,1.0471975511966);
#74=CONICAL_SURFACE('',#9919,1.15470053837925,1.13446401379631);
#75=CONICAL_SURFACE('',#9921,1.15470053837925,1.13446401379631);
#76=CONICAL_SURFACE('',#9923,1.15470053837925,1.13446401379631);
#77=CONICAL_SURFACE('',#9925,1.15470053837925,1.13446401379631);
#78=CONICAL_SURFACE('',#9927,1.15470053837925,1.13446401379631);
#79=CONICAL_SURFACE('',#9953,1.15470053837925,1.13446401379631);
#80=CONICAL_SURFACE('',#9955,1.15470053837925,1.13446401379631);
#81=CONICAL_SURFACE('',#9957,1.15470053837925,1.13446401379631);
#82=CONICAL_SURFACE('',#9959,1.15470053837925,1.13446401379631);
#83=CONICAL_SURFACE('',#9961,1.15470053837925,1.13446401379631);
#84=CONICAL_SURFACE('',#10000,1.15470053837925,1.13446401379631);
#85=CONICAL_SURFACE('',#10020,1.15470053837925,1.13446401379631);
#86=CONICAL_SURFACE('',#10252,13.,0.523598775598301);
#87=CONICAL_SURFACE('',#10255,1.0065,1.02974425867665);
#88=CYLINDRICAL_SURFACE('',#9696,0.500000000000007);
#89=CYLINDRICAL_SURFACE('',#9699,0.500000000000007);
#90=CYLINDRICAL_SURFACE('',#9768,3.75);
#91=CYLINDRICAL_SURFACE('',#9774,3.75);
#92=CYLINDRICAL_SURFACE('',#9780,3.75);
#93=CYLINDRICAL_SURFACE('',#9786,3.75);
#94=CYLINDRICAL_SURFACE('',#9787,4.);
#95=CYLINDRICAL_SURFACE('',#9791,4.);
#96=CYLINDRICAL_SURFACE('',#9795,4.);
#97=CYLINDRICAL_SURFACE('',#9799,4.);
#98=CYLINDRICAL_SURFACE('',#9803,2.067);
#99=CYLINDRICAL_SURFACE('',#9805,4.);
#100=CYLINDRICAL_SURFACE('',#9808,2.067);
#101=CYLINDRICAL_SURFACE('',#9810,4.);
#102=CYLINDRICAL_SURFACE('',#9813,2.067);
#103=CYLINDRICAL_SURFACE('',#9815,2.067);
#104=CYLINDRICAL_SURFACE('',#9823,1.00000000000001);
#105=CYLINDRICAL_SURFACE('',#9828,1.00000000000001);
#106=CYLINDRICAL_SURFACE('',#9842,1.6);
#107=CYLINDRICAL_SURFACE('',#9843,1.6);
#108=CYLINDRICAL_SURFACE('',#9854,2.067);
#109=CYLINDRICAL_SURFACE('',#9857,2.067);
#110=CYLINDRICAL_SURFACE('',#9860,1.2295);
#111=CYLINDRICAL_SURFACE('',#9864,0.599999999999998);
#112=CYLINDRICAL_SURFACE('',#9867,1.2295);
#113=CYLINDRICAL_SURFACE('',#9871,0.6);
#114=CYLINDRICAL_SURFACE('',#9874,1.0065);
#115=CYLINDRICAL_SURFACE('',#9877,1.0065);
#116=CYLINDRICAL_SURFACE('',#9880,4.64999999999999);
#117=CYLINDRICAL_SURFACE('',#9882,4.65);
#118=CYLINDRICAL_SURFACE('',#9885,4.65000000000001);
#119=CYLINDRICAL_SURFACE('',#9887,4.65);
#120=CYLINDRICAL_SURFACE('',#9891,4.65);
#121=CYLINDRICAL_SURFACE('',#9893,4.65);
#122=CYLINDRICAL_SURFACE('',#9896,4.65);
#123=CYLINDRICAL_SURFACE('',#9898,4.64999999999999);
#124=CYLINDRICAL_SURFACE('',#9906,2.85);
#125=CYLINDRICAL_SURFACE('',#9914,2.067);
#126=CYLINDRICAL_SURFACE('',#9915,2.067);
#127=CYLINDRICAL_SURFACE('',#9916,2.067);
#128=CYLINDRICAL_SURFACE('',#9917,2.067);
#129=CYLINDRICAL_SURFACE('',#9977,2.025);
#130=CYLINDRICAL_SURFACE('',#9980,2.025);
#131=CYLINDRICAL_SURFACE('',#9981,4.);
#132=CYLINDRICAL_SURFACE('',#9985,1.3);
#133=CYLINDRICAL_SURFACE('',#9989,2.4);
#134=CYLINDRICAL_SURFACE('',#9990,4.);
#135=CYLINDRICAL_SURFACE('',#9994,1.3);
#136=CYLINDRICAL_SURFACE('',#9999,2.4);
#137=CYLINDRICAL_SURFACE('',#10004,2.25);
#138=CYLINDRICAL_SURFACE('',#10009,1.25);
#139=CYLINDRICAL_SURFACE('',#10010,4.);
#140=CYLINDRICAL_SURFACE('',#10014,1.3);
#141=CYLINDRICAL_SURFACE('',#10019,2.4);
#142=CYLINDRICAL_SURFACE('',#10024,2.25);
#143=CYLINDRICAL_SURFACE('',#10029,1.25);
#144=CYLINDRICAL_SURFACE('',#10037,1.50000000000001);
#145=CYLINDRICAL_SURFACE('',#10039,4.3);
#146=CYLINDRICAL_SURFACE('',#10041,1.5);
#147=CYLINDRICAL_SURFACE('',#10042,1.50000000000001);
#148=CYLINDRICAL_SURFACE('',#10044,4.30000000000001);
#149=CYLINDRICAL_SURFACE('',#10045,4.29999999999999);
#150=CYLINDRICAL_SURFACE('',#10062,4.5);
#151=CYLINDRICAL_SURFACE('',#10065,4.5);
#152=CYLINDRICAL_SURFACE('',#10069,4.5);
#153=CYLINDRICAL_SURFACE('',#10072,4.5);
#154=CYLINDRICAL_SURFACE('',#10130,0.47);
#155=CYLINDRICAL_SURFACE('',#10133,0.199749999999998);
#156=CYLINDRICAL_SURFACE('',#10138,0.657999999999999);
#157=CYLINDRICAL_SURFACE('',#10141,0.47);
#158=CYLINDRICAL_SURFACE('',#10144,0.199848264576412);
#159=CYLINDRICAL_SURFACE('',#10149,0.658);
#160=CYLINDRICAL_SURFACE('',#10153,1.06925000000001);
#161=CYLINDRICAL_SURFACE('',#10158,0.3995);
#162=CYLINDRICAL_SURFACE('',#10165,1.0575);
#163=CYLINDRICAL_SURFACE('',#10170,0.375999999999991);
#164=CYLINDRICAL_SURFACE('',#10174,0.672);
#165=CYLINDRICAL_SURFACE('',#10178,2.37265);
#166=CYLINDRICAL_SURFACE('',#10181,0.93275);
#167=CYLINDRICAL_SURFACE('',#10189,2.3716);
#168=CYLINDRICAL_SURFACE('',#10192,0.92925);
#169=CYLINDRICAL_SURFACE('',#10207,13.);
#170=CYLINDRICAL_SURFACE('',#10216,3.);
#171=CYLINDRICAL_SURFACE('',#10219,12.);
#172=CYLINDRICAL_SURFACE('',#10225,12.);
#173=CYLINDRICAL_SURFACE('',#10234,2.99999999999999);
#174=CYLINDRICAL_SURFACE('',#10235,3.00000000000001);
#175=CYLINDRICAL_SURFACE('',#10240,2.067);
#176=CYLINDRICAL_SURFACE('',#10244,4.);
#177=CYLINDRICAL_SURFACE('',#10245,2.067);
#178=CYLINDRICAL_SURFACE('',#10249,4.);
#179=CYLINDRICAL_SURFACE('',#10253,1.0065);
#180=CYLINDRICAL_SURFACE('',#10256,2.55);
#181=CYLINDRICAL_SURFACE('',#10261,9.5);
#182=CIRCLE('',#9689,2.067);
#183=CIRCLE('',#9697,0.500000000000007);
#184=CIRCLE('',#9698,0.500000000000007);
#185=CIRCLE('',#9700,0.500000000000007);
#186=CIRCLE('',#9701,0.500000000000007);
#187=CIRCLE('',#9709,4.);
#188=CIRCLE('',#9710,4.);
#189=CIRCLE('',#9711,4.);
#190=CIRCLE('',#9712,4.);
#191=CIRCLE('',#9714,4.65);
#192=CIRCLE('',#9715,4.65);
#193=CIRCLE('',#9716,4.64999999999999);
#194=CIRCLE('',#9717,4.65);
#195=CIRCLE('',#9718,4.65);
#196=CIRCLE('',#9719,4.64999999999999);
#197=CIRCLE('',#9720,4.65);
#198=CIRCLE('',#9721,4.65000000000001);
#199=CIRCLE('',#9722,1.0065);
#200=CIRCLE('',#9723,1.0065);
#201=CIRCLE('',#9724,3.75);
#202=CIRCLE('',#9725,3.75);
#203=CIRCLE('',#9726,3.75);
#204=CIRCLE('',#9727,3.75);
#205=CIRCLE('',#9729,4.);
#206=CIRCLE('',#9731,4.);
#207=CIRCLE('',#9733,2.067);
#208=CIRCLE('',#9735,2.067);
#209=CIRCLE('',#9744,2.067);
#210=CIRCLE('',#9759,1.2295);
#211=CIRCLE('',#9760,1.2295);
#212=CIRCLE('',#9766,2.067);
#213=CIRCLE('',#9767,3.75);
#214=CIRCLE('',#9772,2.067);
#215=CIRCLE('',#9773,3.75);
#216=CIRCLE('',#9778,2.067);
#217=CIRCLE('',#9779,3.75);
#218=CIRCLE('',#9784,2.067);
#219=CIRCLE('',#9785,3.75);
#220=CIRCLE('',#9788,4.);
#221=CIRCLE('',#9790,2.067);
#222=CIRCLE('',#9792,4.);
#223=CIRCLE('',#9794,2.067);
#224=CIRCLE('',#9796,4.);
#225=CIRCLE('',#9798,2.067);
#226=CIRCLE('',#9800,4.);
#227=CIRCLE('',#9802,2.067);
#228=CIRCLE('',#9804,2.067);
#229=CIRCLE('',#9806,4.);
#230=CIRCLE('',#9809,2.067);
#231=CIRCLE('',#9811,4.);
#232=CIRCLE('',#9814,2.067);
#233=CIRCLE('',#9816,2.067);
#234=CIRCLE('',#9824,1.00000000000001);
#235=CIRCLE('',#9825,1.00000000000001);
#236=CIRCLE('',#9827,2.85);
#237=CIRCLE('',#9829,1.00000000000001);
#238=CIRCLE('',#9830,1.00000000000001);
#239=CIRCLE('',#9834,2.067);
#240=CIRCLE('',#9835,2.067);
#241=CIRCLE('',#9837,1.6);
#242=CIRCLE('',#9838,1.6);
#243=CIRCLE('',#9840,1.6);
#244=CIRCLE('',#9841,1.6);
#245=CIRCLE('',#9855,2.067);
#246=CIRCLE('',#9858,2.067);
#247=CIRCLE('',#9861,1.2295);
#248=CIRCLE('',#9863,0.599999999999998);
#249=CIRCLE('',#9865,0.599999999999999);
#250=CIRCLE('',#9868,1.2295);
#251=CIRCLE('',#9870,0.6);
#252=CIRCLE('',#9872,0.600000000000001);
#253=CIRCLE('',#9875,1.0065);
#254=CIRCLE('',#9878,1.0065);
#255=CIRCLE('',#9881,4.64999999999999);
#256=CIRCLE('',#9883,4.65);
#257=CIRCLE('',#9886,4.65000000000001);
#258=CIRCLE('',#9888,4.65);
#259=CIRCLE('',#9892,4.65);
#260=CIRCLE('',#9894,4.65);
#261=CIRCLE('',#9897,4.65);
#262=CIRCLE('',#9899,4.64999999999999);
#263=CIRCLE('',#9903,1.43874945699382);
#264=CIRCLE('',#9905,2.85);
#265=CIRCLE('',#9920,1.15470053837925);
#266=CIRCLE('',#9922,1.15470053837925);
#267=CIRCLE('',#9924,1.15470053837925);
#268=CIRCLE('',#9926,1.15470053837925);
#269=CIRCLE('',#9928,1.15470053837925);
#270=CIRCLE('',#9932,1.50000000000001);
#271=CIRCLE('',#9933,4.3);
#272=CIRCLE('',#9934,1.5);
#273=CIRCLE('',#9935,4.);
#274=CIRCLE('',#9940,1.50000000000001);
#275=CIRCLE('',#9941,4.30000000000001);
#276=CIRCLE('',#9942,4.29999999999999);
#277=CIRCLE('',#9943,4.);
#278=CIRCLE('',#9944,4.);
#279=CIRCLE('',#9947,2.025);
#280=CIRCLE('',#9948,2.025);
#281=CIRCLE('',#9950,2.025);
#282=CIRCLE('',#9951,2.025);
#283=CIRCLE('',#9954,1.15470053837925);
#284=CIRCLE('',#9956,1.15470053837925);
#285=CIRCLE('',#9958,1.15470053837925);
#286=CIRCLE('',#9960,1.15470053837925);
#287=CIRCLE('',#9962,1.15470053837925);
#288=CIRCLE('',#9966,2.4);
#289=CIRCLE('',#9967,2.4);
#290=CIRCLE('',#9968,2.4);
#291=CIRCLE('',#9969,4.29999999999999);
#292=CIRCLE('',#9970,4.30000000000001);
#293=CIRCLE('',#9971,1.50000000000001);
#294=CIRCLE('',#9972,1.5);
#295=CIRCLE('',#9973,4.3);
#296=CIRCLE('',#9974,1.50000000000001);
#297=CIRCLE('',#9982,4.);
#298=CIRCLE('',#9984,1.3);
#299=CIRCLE('',#9986,1.3);
#300=CIRCLE('',#9988,2.4);
#301=CIRCLE('',#9991,4.);
#302=CIRCLE('',#9993,1.3);
#303=CIRCLE('',#9995,1.3);
#304=CIRCLE('',#9997,2.25);
#305=CIRCLE('',#9998,2.4);
#306=CIRCLE('',#10001,1.15470053837925);
#307=CIRCLE('',#10003,2.25);
#308=CIRCLE('',#10006,1.25);
#309=CIRCLE('',#10008,1.25);
#310=CIRCLE('',#10011,4.);
#311=CIRCLE('',#10013,1.3);
#312=CIRCLE('',#10015,1.3);
#313=CIRCLE('',#10017,2.25);
#314=CIRCLE('',#10018,2.4);
#315=CIRCLE('',#10021,1.15470053837925);
#316=CIRCLE('',#10023,2.25);
#317=CIRCLE('',#10026,1.25);
#318=CIRCLE('',#10028,1.25);
#319=CIRCLE('',#10063,4.5);
#320=CIRCLE('',#10064,4.5);
#321=CIRCLE('',#10066,4.5);
#322=CIRCLE('',#10067,4.5);
#323=CIRCLE('',#10070,4.5);
#324=CIRCLE('',#10071,4.5);
#325=CIRCLE('',#10073,4.5);
#326=CIRCLE('',#10074,4.5);
#327=CIRCLE('',#10077,0.92925);
#328=CIRCLE('',#10078,2.3716);
#329=CIRCLE('',#10079,0.93275);
#330=CIRCLE('',#10080,2.37265);
#331=CIRCLE('',#10081,0.672);
#332=CIRCLE('',#10082,0.375999999999991);
#333=CIRCLE('',#10083,1.0575);
#334=CIRCLE('',#10084,0.3995);
#335=CIRCLE('',#10085,1.06925000000001);
#336=CIRCLE('',#10086,0.658);
#337=CIRCLE('',#10087,0.199848264576412);
#338=CIRCLE('',#10088,0.47);
#339=CIRCLE('',#10089,0.657999999999999);
#340=CIRCLE('',#10090,0.199749999999998);
#341=CIRCLE('',#10091,0.47);
#342=CIRCLE('',#10131,0.47);
#343=CIRCLE('',#10134,0.199749999999998);
#344=CIRCLE('',#10139,0.657999999999999);
#345=CIRCLE('',#10142,0.47);
#346=CIRCLE('',#10145,0.199848264576412);
#347=CIRCLE('',#10150,0.658);
#348=CIRCLE('',#10154,1.06925000000001);
#349=CIRCLE('',#10159,0.3995);
#350=CIRCLE('',#10166,1.0575);
#351=CIRCLE('',#10171,0.375999999999991);
#352=CIRCLE('',#10175,0.672);
#353=CIRCLE('',#10179,2.37265);
#354=CIRCLE('',#10182,0.93275);
#355=CIRCLE('',#10190,2.3716);
#356=CIRCLE('',#10193,0.92925);
#357=CIRCLE('',#10200,13.3);
#358=CIRCLE('',#10201,4.);
#359=CIRCLE('',#10202,4.);
#360=CIRCLE('',#10203,12.);
#361=CIRCLE('',#10204,12.);
#362=CIRCLE('',#10208,13.);
#363=CIRCLE('',#10209,13.);
#364=CIRCLE('',#10210,13.);
#365=CIRCLE('',#10214,2.55);
#366=CIRCLE('',#10220,12.);
#367=CIRCLE('',#10222,3.00000000000001);
#368=CIRCLE('',#10224,1.0065);
#369=CIRCLE('',#10226,12.);
#370=CIRCLE('',#10229,2.99999999999999);
#371=CIRCLE('',#10232,2.067);
#372=CIRCLE('',#10233,2.067);
#373=CIRCLE('',#10241,2.067);
#374=CIRCLE('',#10243,4.);
#375=CIRCLE('',#10246,2.067);
#376=CIRCLE('',#10248,4.);
#377=CIRCLE('',#10251,9.5);
#378=CIRCLE('',#10254,1.0065);
#379=CIRCLE('',#10257,2.55);
#380=CIRCLE('',#10262,9.5);
#381=ORIENTED_EDGE('',*,*,#2251,.F.);
#382=ORIENTED_EDGE('',*,*,#2252,.T.);
#383=ORIENTED_EDGE('',*,*,#2253,.T.);
#384=ORIENTED_EDGE('',*,*,#2254,.F.);
#385=ORIENTED_EDGE('',*,*,#2255,.T.);
#386=ORIENTED_EDGE('',*,*,#2256,.T.);
#387=ORIENTED_EDGE('',*,*,#2257,.T.);
#388=ORIENTED_EDGE('',*,*,#2258,.F.);
#389=ORIENTED_EDGE('',*,*,#2259,.F.);
#390=ORIENTED_EDGE('',*,*,#2260,.T.);
#391=ORIENTED_EDGE('',*,*,#2261,.F.);
#392=ORIENTED_EDGE('',*,*,#2262,.T.);
#393=ORIENTED_EDGE('',*,*,#2263,.F.);
#394=ORIENTED_EDGE('',*,*,#2264,.F.);
#395=ORIENTED_EDGE('',*,*,#2265,.T.);
#396=ORIENTED_EDGE('',*,*,#2266,.T.);
#397=ORIENTED_EDGE('',*,*,#2267,.F.);
#398=ORIENTED_EDGE('',*,*,#2261,.T.);
#399=ORIENTED_EDGE('',*,*,#2268,.T.);
#400=ORIENTED_EDGE('',*,*,#2269,.F.);
#401=ORIENTED_EDGE('',*,*,#2270,.T.);
#402=ORIENTED_EDGE('',*,*,#2271,.T.);
#403=ORIENTED_EDGE('',*,*,#2272,.T.);
#404=ORIENTED_EDGE('',*,*,#2273,.F.);
#405=ORIENTED_EDGE('',*,*,#2274,.F.);
#406=ORIENTED_EDGE('',*,*,#2275,.T.);
#407=ORIENTED_EDGE('',*,*,#2273,.T.);
#408=ORIENTED_EDGE('',*,*,#2276,.T.);
#409=ORIENTED_EDGE('',*,*,#2277,.F.);
#410=ORIENTED_EDGE('',*,*,#2278,.T.);
#411=ORIENTED_EDGE('',*,*,#2277,.T.);
#412=ORIENTED_EDGE('',*,*,#2279,.T.);
#413=ORIENTED_EDGE('',*,*,#2280,.F.);
#414=ORIENTED_EDGE('',*,*,#2281,.F.);
#415=ORIENTED_EDGE('',*,*,#2282,.T.);
#416=ORIENTED_EDGE('',*,*,#2283,.T.);
#417=ORIENTED_EDGE('',*,*,#2256,.F.);
#418=ORIENTED_EDGE('',*,*,#2284,.T.);
#419=ORIENTED_EDGE('',*,*,#2285,.T.);
#420=ORIENTED_EDGE('',*,*,#2286,.T.);
#421=ORIENTED_EDGE('',*,*,#2287,.T.);
#422=ORIENTED_EDGE('',*,*,#2288,.T.);
#423=ORIENTED_EDGE('',*,*,#2264,.T.);
#424=ORIENTED_EDGE('',*,*,#2289,.T.);
#425=ORIENTED_EDGE('',*,*,#2290,.T.);
#426=ORIENTED_EDGE('',*,*,#2291,.T.);
#427=ORIENTED_EDGE('',*,*,#2292,.T.);
#428=ORIENTED_EDGE('',*,*,#2286,.F.);
#429=ORIENTED_EDGE('',*,*,#2293,.T.);
#430=ORIENTED_EDGE('',*,*,#2294,.T.);
#431=ORIENTED_EDGE('',*,*,#2295,.F.);
#432=ORIENTED_EDGE('',*,*,#2296,.F.);
#433=ORIENTED_EDGE('',*,*,#2297,.T.);
#434=ORIENTED_EDGE('',*,*,#2298,.T.);
#435=ORIENTED_EDGE('',*,*,#2299,.T.);
#436=ORIENTED_EDGE('',*,*,#2259,.T.);
#437=ORIENTED_EDGE('',*,*,#2300,.T.);
#438=ORIENTED_EDGE('',*,*,#2301,.T.);
#439=ORIENTED_EDGE('',*,*,#2295,.T.);
#440=ORIENTED_EDGE('',*,*,#2302,.T.);
#441=ORIENTED_EDGE('',*,*,#2303,.T.);
#442=ORIENTED_EDGE('',*,*,#2254,.T.);
#443=ORIENTED_EDGE('',*,*,#2304,.F.);
#444=ORIENTED_EDGE('',*,*,#2305,.T.);
#445=ORIENTED_EDGE('',*,*,#2306,.T.);
#446=ORIENTED_EDGE('',*,*,#2307,.F.);
#447=ORIENTED_EDGE('',*,*,#2308,.F.);
#448=ORIENTED_EDGE('',*,*,#2309,.T.);
#449=ORIENTED_EDGE('',*,*,#2310,.F.);
#450=ORIENTED_EDGE('',*,*,#2311,.T.);
#451=ORIENTED_EDGE('',*,*,#2312,.T.);
#452=ORIENTED_EDGE('',*,*,#2313,.F.);
#453=ORIENTED_EDGE('',*,*,#2314,.F.);
#454=ORIENTED_EDGE('',*,*,#2315,.F.);
#455=ORIENTED_EDGE('',*,*,#2316,.F.);
#456=ORIENTED_EDGE('',*,*,#2317,.F.);
#457=ORIENTED_EDGE('',*,*,#2318,.T.);
#458=ORIENTED_EDGE('',*,*,#2319,.T.);
#459=ORIENTED_EDGE('',*,*,#2320,.F.);
#460=ORIENTED_EDGE('',*,*,#2321,.F.);
#461=ORIENTED_EDGE('',*,*,#2322,.T.);
#462=ORIENTED_EDGE('',*,*,#2323,.T.);
#463=ORIENTED_EDGE('',*,*,#2324,.T.);
#464=ORIENTED_EDGE('',*,*,#2325,.T.);
#465=ORIENTED_EDGE('',*,*,#2326,.T.);
#466=ORIENTED_EDGE('',*,*,#2327,.F.);
#467=ORIENTED_EDGE('',*,*,#2328,.T.);
#468=ORIENTED_EDGE('',*,*,#2329,.F.);
#469=ORIENTED_EDGE('',*,*,#2330,.T.);
#470=ORIENTED_EDGE('',*,*,#2331,.T.);
#471=ORIENTED_EDGE('',*,*,#2332,.T.);
#472=ORIENTED_EDGE('',*,*,#2333,.T.);
#473=ORIENTED_EDGE('',*,*,#2334,.T.);
#474=ORIENTED_EDGE('',*,*,#2335,.F.);
#475=ORIENTED_EDGE('',*,*,#2336,.T.);
#476=ORIENTED_EDGE('',*,*,#2337,.T.);
#477=ORIENTED_EDGE('',*,*,#2338,.T.);
#478=ORIENTED_EDGE('',*,*,#2339,.T.);
#479=ORIENTED_EDGE('',*,*,#2340,.T.);
#480=ORIENTED_EDGE('',*,*,#2328,.F.);
#481=ORIENTED_EDGE('',*,*,#2341,.F.);
#482=ORIENTED_EDGE('',*,*,#2342,.F.);
#483=ORIENTED_EDGE('',*,*,#2343,.T.);
#484=ORIENTED_EDGE('',*,*,#2336,.F.);
#485=ORIENTED_EDGE('',*,*,#2344,.F.);
#486=ORIENTED_EDGE('',*,*,#2345,.F.);
#487=ORIENTED_EDGE('',*,*,#2346,.T.);
#488=ORIENTED_EDGE('',*,*,#2347,.T.);
#489=ORIENTED_EDGE('',*,*,#2348,.F.);
#490=ORIENTED_EDGE('',*,*,#2332,.F.);
#491=ORIENTED_EDGE('',*,*,#2349,.T.);
#492=ORIENTED_EDGE('',*,*,#2350,.T.);
#493=ORIENTED_EDGE('',*,*,#2351,.F.);
#494=ORIENTED_EDGE('',*,*,#2324,.F.);
#495=ORIENTED_EDGE('',*,*,#2352,.T.);
#496=ORIENTED_EDGE('',*,*,#2353,.F.);
#497=ORIENTED_EDGE('',*,*,#2354,.T.);
#498=ORIENTED_EDGE('',*,*,#2355,.T.);
#499=ORIENTED_EDGE('',*,*,#2356,.T.);
#500=ORIENTED_EDGE('',*,*,#2357,.F.);
#501=ORIENTED_EDGE('',*,*,#2358,.F.);
#502=ORIENTED_EDGE('',*,*,#2359,.F.);
#503=ORIENTED_EDGE('',*,*,#2360,.F.);
#504=ORIENTED_EDGE('',*,*,#2361,.F.);
#505=ORIENTED_EDGE('',*,*,#2362,.F.);
#506=ORIENTED_EDGE('',*,*,#2363,.F.);
#507=ORIENTED_EDGE('',*,*,#2364,.F.);
#508=ORIENTED_EDGE('',*,*,#2365,.F.);
#509=ORIENTED_EDGE('',*,*,#2366,.F.);
#510=ORIENTED_EDGE('',*,*,#2367,.F.);
#511=ORIENTED_EDGE('',*,*,#2368,.F.);
#512=ORIENTED_EDGE('',*,*,#2369,.T.);
#513=ORIENTED_EDGE('',*,*,#2370,.T.);
#514=ORIENTED_EDGE('',*,*,#2371,.F.);
#515=ORIENTED_EDGE('',*,*,#2372,.T.);
#516=ORIENTED_EDGE('',*,*,#2318,.F.);
#517=ORIENTED_EDGE('',*,*,#2373,.F.);
#518=ORIENTED_EDGE('',*,*,#2374,.T.);
#519=ORIENTED_EDGE('',*,*,#2375,.F.);
#520=ORIENTED_EDGE('',*,*,#2376,.F.);
#521=ORIENTED_EDGE('',*,*,#2377,.F.);
#522=ORIENTED_EDGE('',*,*,#2378,.T.);
#523=ORIENTED_EDGE('',*,*,#2379,.F.);
#524=ORIENTED_EDGE('',*,*,#2380,.T.);
#525=ORIENTED_EDGE('',*,*,#2381,.F.);
#526=ORIENTED_EDGE('',*,*,#2382,.F.);
#527=ORIENTED_EDGE('',*,*,#2383,.F.);
#528=ORIENTED_EDGE('',*,*,#2384,.T.);
#529=ORIENTED_EDGE('',*,*,#2385,.F.);
#530=ORIENTED_EDGE('',*,*,#2386,.T.);
#531=ORIENTED_EDGE('',*,*,#2387,.T.);
#532=ORIENTED_EDGE('',*,*,#2388,.T.);
#533=ORIENTED_EDGE('',*,*,#2389,.F.);
#534=ORIENTED_EDGE('',*,*,#2390,.F.);
#535=ORIENTED_EDGE('',*,*,#2391,.F.);
#536=ORIENTED_EDGE('',*,*,#2392,.T.);
#537=ORIENTED_EDGE('',*,*,#2393,.F.);
#538=ORIENTED_EDGE('',*,*,#2394,.T.);
#539=ORIENTED_EDGE('',*,*,#2395,.F.);
#540=ORIENTED_EDGE('',*,*,#2396,.F.);
#541=ORIENTED_EDGE('',*,*,#2397,.F.);
#542=ORIENTED_EDGE('',*,*,#2398,.T.);
#543=ORIENTED_EDGE('',*,*,#2399,.T.);
#544=ORIENTED_EDGE('',*,*,#2265,.F.);
#545=ORIENTED_EDGE('',*,*,#2288,.F.);
#546=ORIENTED_EDGE('',*,*,#2400,.T.);
#547=ORIENTED_EDGE('',*,*,#2401,.F.);
#548=ORIENTED_EDGE('',*,*,#2402,.T.);
#549=ORIENTED_EDGE('',*,*,#2394,.F.);
#550=ORIENTED_EDGE('',*,*,#2403,.T.);
#551=ORIENTED_EDGE('',*,*,#2341,.T.);
#552=ORIENTED_EDGE('',*,*,#2327,.T.);
#553=ORIENTED_EDGE('',*,*,#2404,.T.);
#554=ORIENTED_EDGE('',*,*,#2378,.F.);
#555=ORIENTED_EDGE('',*,*,#2405,.T.);
#556=ORIENTED_EDGE('',*,*,#2406,.F.);
#557=ORIENTED_EDGE('',*,*,#2321,.T.);
#558=ORIENTED_EDGE('',*,*,#2351,.T.);
#559=ORIENTED_EDGE('',*,*,#2407,.T.);
#560=ORIENTED_EDGE('',*,*,#2408,.F.);
#561=ORIENTED_EDGE('',*,*,#2409,.F.);
#562=ORIENTED_EDGE('',*,*,#2410,.T.);
#563=ORIENTED_EDGE('',*,*,#2388,.F.);
#564=ORIENTED_EDGE('',*,*,#2411,.T.);
#565=ORIENTED_EDGE('',*,*,#2344,.T.);
#566=ORIENTED_EDGE('',*,*,#2335,.T.);
#567=ORIENTED_EDGE('',*,*,#2412,.F.);
#568=ORIENTED_EDGE('',*,*,#2384,.F.);
#569=ORIENTED_EDGE('',*,*,#2413,.T.);
#570=ORIENTED_EDGE('',*,*,#2414,.F.);
#571=ORIENTED_EDGE('',*,*,#2329,.T.);
#572=ORIENTED_EDGE('',*,*,#2348,.T.);
#573=ORIENTED_EDGE('',*,*,#2415,.T.);
#574=ORIENTED_EDGE('',*,*,#2313,.T.);
#575=ORIENTED_EDGE('',*,*,#2416,.T.);
#576=ORIENTED_EDGE('',*,*,#2417,.F.);
#577=ORIENTED_EDGE('',*,*,#2300,.F.);
#578=ORIENTED_EDGE('',*,*,#2258,.T.);
#579=ORIENTED_EDGE('',*,*,#2418,.T.);
#580=ORIENTED_EDGE('',*,*,#2419,.F.);
#581=ORIENTED_EDGE('',*,*,#2420,.F.);
#582=ORIENTED_EDGE('',*,*,#2421,.T.);
#583=ORIENTED_EDGE('',*,*,#2354,.F.);
#584=ORIENTED_EDGE('',*,*,#2422,.F.);
#585=ORIENTED_EDGE('',*,*,#2419,.T.);
#586=ORIENTED_EDGE('',*,*,#2316,.T.);
#587=ORIENTED_EDGE('',*,*,#2423,.F.);
#588=ORIENTED_EDGE('',*,*,#2424,.F.);
#589=ORIENTED_EDGE('',*,*,#2425,.F.);
#590=ORIENTED_EDGE('',*,*,#2426,.F.);
#591=ORIENTED_EDGE('',*,*,#2427,.T.);
#592=ORIENTED_EDGE('',*,*,#2428,.T.);
#593=ORIENTED_EDGE('',*,*,#2269,.T.);
#594=ORIENTED_EDGE('',*,*,#2429,.T.);
#595=ORIENTED_EDGE('',*,*,#2430,.F.);
#596=ORIENTED_EDGE('',*,*,#2431,.F.);
#597=ORIENTED_EDGE('',*,*,#2424,.T.);
#598=ORIENTED_EDGE('',*,*,#2432,.F.);
#599=ORIENTED_EDGE('',*,*,#2433,.T.);
#600=ORIENTED_EDGE('',*,*,#2434,.T.);
#601=ORIENTED_EDGE('',*,*,#2435,.F.);
#602=ORIENTED_EDGE('',*,*,#2436,.T.);
#603=ORIENTED_EDGE('',*,*,#2437,.F.);
#604=ORIENTED_EDGE('',*,*,#2438,.F.);
#605=ORIENTED_EDGE('',*,*,#2430,.T.);
#606=ORIENTED_EDGE('',*,*,#2439,.F.);
#607=ORIENTED_EDGE('',*,*,#2440,.F.);
#608=ORIENTED_EDGE('',*,*,#2441,.F.);
#609=ORIENTED_EDGE('',*,*,#2442,.F.);
#610=ORIENTED_EDGE('',*,*,#2437,.T.);
#611=ORIENTED_EDGE('',*,*,#2443,.T.);
#612=ORIENTED_EDGE('',*,*,#2271,.F.);
#613=ORIENTED_EDGE('',*,*,#2444,.T.);
#614=ORIENTED_EDGE('',*,*,#2441,.T.);
#615=ORIENTED_EDGE('',*,*,#2445,.F.);
#616=ORIENTED_EDGE('',*,*,#2446,.F.);
#617=ORIENTED_EDGE('',*,*,#2447,.F.);
#618=ORIENTED_EDGE('',*,*,#2448,.F.);
#619=ORIENTED_EDGE('',*,*,#2446,.T.);
#620=ORIENTED_EDGE('',*,*,#2449,.F.);
#621=ORIENTED_EDGE('',*,*,#2450,.F.);
#622=ORIENTED_EDGE('',*,*,#2451,.F.);
#623=ORIENTED_EDGE('',*,*,#2450,.T.);
#624=ORIENTED_EDGE('',*,*,#2452,.F.);
#625=ORIENTED_EDGE('',*,*,#2453,.F.);
#626=ORIENTED_EDGE('',*,*,#2454,.F.);
#627=ORIENTED_EDGE('',*,*,#2455,.F.);
#628=ORIENTED_EDGE('',*,*,#2456,.T.);
#629=ORIENTED_EDGE('',*,*,#2457,.T.);
#630=ORIENTED_EDGE('',*,*,#2280,.T.);
#631=ORIENTED_EDGE('',*,*,#2458,.T.);
#632=ORIENTED_EDGE('',*,*,#2459,.F.);
#633=ORIENTED_EDGE('',*,*,#2460,.F.);
#634=ORIENTED_EDGE('',*,*,#2453,.T.);
#635=ORIENTED_EDGE('',*,*,#2461,.F.);
#636=ORIENTED_EDGE('',*,*,#2462,.T.);
#637=ORIENTED_EDGE('',*,*,#2463,.T.);
#638=ORIENTED_EDGE('',*,*,#2464,.F.);
#639=ORIENTED_EDGE('',*,*,#2465,.T.);
#640=ORIENTED_EDGE('',*,*,#2466,.F.);
#641=ORIENTED_EDGE('',*,*,#2467,.F.);
#642=ORIENTED_EDGE('',*,*,#2459,.T.);
#643=ORIENTED_EDGE('',*,*,#2468,.F.);
#644=ORIENTED_EDGE('',*,*,#2469,.F.);
#645=ORIENTED_EDGE('',*,*,#2470,.F.);
#646=ORIENTED_EDGE('',*,*,#2471,.F.);
#647=ORIENTED_EDGE('',*,*,#2466,.T.);
#648=ORIENTED_EDGE('',*,*,#2472,.T.);
#649=ORIENTED_EDGE('',*,*,#2282,.F.);
#650=ORIENTED_EDGE('',*,*,#2473,.T.);
#651=ORIENTED_EDGE('',*,*,#2470,.T.);
#652=ORIENTED_EDGE('',*,*,#2474,.F.);
#653=ORIENTED_EDGE('',*,*,#2309,.F.);
#654=ORIENTED_EDGE('',*,*,#2475,.F.);
#655=ORIENTED_EDGE('',*,*,#2476,.T.);
#656=ORIENTED_EDGE('',*,*,#2373,.T.);
#657=ORIENTED_EDGE('',*,*,#2317,.T.);
#658=ORIENTED_EDGE('',*,*,#2425,.T.);
#659=ORIENTED_EDGE('',*,*,#2431,.T.);
#660=ORIENTED_EDGE('',*,*,#2438,.T.);
#661=ORIENTED_EDGE('',*,*,#2442,.T.);
#662=ORIENTED_EDGE('',*,*,#2447,.T.);
#663=ORIENTED_EDGE('',*,*,#2451,.T.);
#664=ORIENTED_EDGE('',*,*,#2454,.T.);
#665=ORIENTED_EDGE('',*,*,#2460,.T.);
#666=ORIENTED_EDGE('',*,*,#2467,.T.);
#667=ORIENTED_EDGE('',*,*,#2471,.T.);
#668=ORIENTED_EDGE('',*,*,#2475,.T.);
#669=ORIENTED_EDGE('',*,*,#2314,.T.);
#670=ORIENTED_EDGE('',*,*,#2420,.T.);
#671=ORIENTED_EDGE('',*,*,#2422,.T.);
#672=ORIENTED_EDGE('',*,*,#2353,.T.);
#673=ORIENTED_EDGE('',*,*,#2399,.F.);
#674=ORIENTED_EDGE('',*,*,#2477,.T.);
#675=ORIENTED_EDGE('',*,*,#2355,.F.);
#676=ORIENTED_EDGE('',*,*,#2421,.F.);
#677=ORIENTED_EDGE('',*,*,#2418,.F.);
#678=ORIENTED_EDGE('',*,*,#2257,.F.);
#679=ORIENTED_EDGE('',*,*,#2283,.F.);
#680=ORIENTED_EDGE('',*,*,#2472,.F.);
#681=ORIENTED_EDGE('',*,*,#2465,.F.);
#682=ORIENTED_EDGE('',*,*,#2458,.F.);
#683=ORIENTED_EDGE('',*,*,#2279,.F.);
#684=ORIENTED_EDGE('',*,*,#2276,.F.);
#685=ORIENTED_EDGE('',*,*,#2272,.F.);
#686=ORIENTED_EDGE('',*,*,#2443,.F.);
#687=ORIENTED_EDGE('',*,*,#2436,.F.);
#688=ORIENTED_EDGE('',*,*,#2429,.F.);
#689=ORIENTED_EDGE('',*,*,#2268,.F.);
#690=ORIENTED_EDGE('',*,*,#2266,.F.);
#691=ORIENTED_EDGE('',*,*,#2342,.T.);
#692=ORIENTED_EDGE('',*,*,#2403,.F.);
#693=ORIENTED_EDGE('',*,*,#2393,.T.);
#694=ORIENTED_EDGE('',*,*,#2478,.T.);
#695=ORIENTED_EDGE('',*,*,#2392,.F.);
#696=ORIENTED_EDGE('',*,*,#2479,.T.);
#697=ORIENTED_EDGE('',*,*,#2480,.F.);
#698=ORIENTED_EDGE('',*,*,#2333,.F.);
#699=ORIENTED_EDGE('',*,*,#2343,.F.);
#700=ORIENTED_EDGE('',*,*,#2478,.F.);
#701=ORIENTED_EDGE('',*,*,#2407,.F.);
#702=ORIENTED_EDGE('',*,*,#2350,.F.);
#703=ORIENTED_EDGE('',*,*,#2481,.T.);
#704=ORIENTED_EDGE('',*,*,#2379,.T.);
#705=ORIENTED_EDGE('',*,*,#2482,.F.);
#706=ORIENTED_EDGE('',*,*,#2483,.T.);
#707=ORIENTED_EDGE('',*,*,#2380,.F.);
#708=ORIENTED_EDGE('',*,*,#2481,.F.);
#709=ORIENTED_EDGE('',*,*,#2349,.F.);
#710=ORIENTED_EDGE('',*,*,#2331,.F.);
#711=ORIENTED_EDGE('',*,*,#2411,.F.);
#712=ORIENTED_EDGE('',*,*,#2387,.F.);
#713=ORIENTED_EDGE('',*,*,#2484,.T.);
#714=ORIENTED_EDGE('',*,*,#2345,.T.);
#715=ORIENTED_EDGE('',*,*,#2415,.F.);
#716=ORIENTED_EDGE('',*,*,#2347,.F.);
#717=ORIENTED_EDGE('',*,*,#2485,.T.);
#718=ORIENTED_EDGE('',*,*,#2385,.T.);
#719=ORIENTED_EDGE('',*,*,#2486,.F.);
#720=ORIENTED_EDGE('',*,*,#2487,.F.);
#721=ORIENTED_EDGE('',*,*,#2386,.F.);
#722=ORIENTED_EDGE('',*,*,#2485,.F.);
#723=ORIENTED_EDGE('',*,*,#2346,.F.);
#724=ORIENTED_EDGE('',*,*,#2484,.F.);
#725=ORIENTED_EDGE('',*,*,#2488,.F.);
#726=ORIENTED_EDGE('',*,*,#2489,.T.);
#727=ORIENTED_EDGE('',*,*,#2374,.F.);
#728=ORIENTED_EDGE('',*,*,#2476,.F.);
#729=ORIENTED_EDGE('',*,*,#2352,.F.);
#730=ORIENTED_EDGE('',*,*,#2323,.F.);
#731=ORIENTED_EDGE('',*,*,#2398,.F.);
#732=ORIENTED_EDGE('',*,*,#2490,.T.);
#733=ORIENTED_EDGE('',*,*,#2491,.F.);
#734=ORIENTED_EDGE('',*,*,#2325,.F.);
#735=ORIENTED_EDGE('',*,*,#2356,.F.);
#736=ORIENTED_EDGE('',*,*,#2477,.F.);
#737=ORIENTED_EDGE('',*,*,#2492,.F.);
#738=ORIENTED_EDGE('',*,*,#2493,.T.);
#739=ORIENTED_EDGE('',*,*,#2389,.T.);
#740=ORIENTED_EDGE('',*,*,#2410,.F.);
#741=ORIENTED_EDGE('',*,*,#2391,.T.);
#742=ORIENTED_EDGE('',*,*,#2494,.F.);
#743=ORIENTED_EDGE('',*,*,#2495,.F.);
#744=ORIENTED_EDGE('',*,*,#2479,.F.);
#745=ORIENTED_EDGE('',*,*,#2496,.T.);
#746=ORIENTED_EDGE('',*,*,#2409,.T.);
#747=ORIENTED_EDGE('',*,*,#2334,.F.);
#748=ORIENTED_EDGE('',*,*,#2480,.T.);
#749=ORIENTED_EDGE('',*,*,#2495,.T.);
#750=ORIENTED_EDGE('',*,*,#2497,.T.);
#751=ORIENTED_EDGE('',*,*,#2492,.T.);
#752=ORIENTED_EDGE('',*,*,#2390,.T.);
#753=ORIENTED_EDGE('',*,*,#2493,.F.);
#754=ORIENTED_EDGE('',*,*,#2497,.F.);
#755=ORIENTED_EDGE('',*,*,#2494,.T.);
#756=ORIENTED_EDGE('',*,*,#2383,.T.);
#757=ORIENTED_EDGE('',*,*,#2498,.F.);
#758=ORIENTED_EDGE('',*,*,#2499,.F.);
#759=ORIENTED_EDGE('',*,*,#2413,.F.);
#760=ORIENTED_EDGE('',*,*,#2500,.F.);
#761=ORIENTED_EDGE('',*,*,#2501,.T.);
#762=ORIENTED_EDGE('',*,*,#2381,.T.);
#763=ORIENTED_EDGE('',*,*,#2483,.F.);
#764=ORIENTED_EDGE('',*,*,#2502,.T.);
#765=ORIENTED_EDGE('',*,*,#2414,.T.);
#766=ORIENTED_EDGE('',*,*,#2499,.T.);
#767=ORIENTED_EDGE('',*,*,#2503,.T.);
#768=ORIENTED_EDGE('',*,*,#2500,.T.);
#769=ORIENTED_EDGE('',*,*,#2482,.T.);
#770=ORIENTED_EDGE('',*,*,#2330,.F.);
#771=ORIENTED_EDGE('',*,*,#2382,.T.);
#772=ORIENTED_EDGE('',*,*,#2501,.F.);
#773=ORIENTED_EDGE('',*,*,#2503,.F.);
#774=ORIENTED_EDGE('',*,*,#2498,.T.);
#775=ORIENTED_EDGE('',*,*,#2504,.F.);
#776=ORIENTED_EDGE('',*,*,#2505,.T.);
#777=ORIENTED_EDGE('',*,*,#2395,.T.);
#778=ORIENTED_EDGE('',*,*,#2402,.F.);
#779=ORIENTED_EDGE('',*,*,#2397,.T.);
#780=ORIENTED_EDGE('',*,*,#2506,.F.);
#781=ORIENTED_EDGE('',*,*,#2507,.F.);
#782=ORIENTED_EDGE('',*,*,#2490,.F.);
#783=ORIENTED_EDGE('',*,*,#2508,.T.);
#784=ORIENTED_EDGE('',*,*,#2401,.T.);
#785=ORIENTED_EDGE('',*,*,#2326,.F.);
#786=ORIENTED_EDGE('',*,*,#2491,.T.);
#787=ORIENTED_EDGE('',*,*,#2507,.T.);
#788=ORIENTED_EDGE('',*,*,#2509,.T.);
#789=ORIENTED_EDGE('',*,*,#2504,.T.);
#790=ORIENTED_EDGE('',*,*,#2396,.T.);
#791=ORIENTED_EDGE('',*,*,#2505,.F.);
#792=ORIENTED_EDGE('',*,*,#2509,.F.);
#793=ORIENTED_EDGE('',*,*,#2506,.T.);
#794=ORIENTED_EDGE('',*,*,#2377,.T.);
#795=ORIENTED_EDGE('',*,*,#2510,.F.);
#796=ORIENTED_EDGE('',*,*,#2511,.F.);
#797=ORIENTED_EDGE('',*,*,#2405,.F.);
#798=ORIENTED_EDGE('',*,*,#2512,.F.);
#799=ORIENTED_EDGE('',*,*,#2513,.T.);
#800=ORIENTED_EDGE('',*,*,#2375,.T.);
#801=ORIENTED_EDGE('',*,*,#2489,.F.);
#802=ORIENTED_EDGE('',*,*,#2514,.T.);
#803=ORIENTED_EDGE('',*,*,#2406,.T.);
#804=ORIENTED_EDGE('',*,*,#2511,.T.);
#805=ORIENTED_EDGE('',*,*,#2515,.T.);
#806=ORIENTED_EDGE('',*,*,#2512,.T.);
#807=ORIENTED_EDGE('',*,*,#2488,.T.);
#808=ORIENTED_EDGE('',*,*,#2322,.F.);
#809=ORIENTED_EDGE('',*,*,#2376,.T.);
#810=ORIENTED_EDGE('',*,*,#2513,.F.);
#811=ORIENTED_EDGE('',*,*,#2515,.F.);
#812=ORIENTED_EDGE('',*,*,#2510,.T.);
#813=ORIENTED_EDGE('',*,*,#2516,.T.);
#814=ORIENTED_EDGE('',*,*,#2340,.F.);
#815=ORIENTED_EDGE('',*,*,#2517,.T.);
#816=ORIENTED_EDGE('',*,*,#2516,.F.);
#817=ORIENTED_EDGE('',*,*,#2518,.T.);
#818=ORIENTED_EDGE('',*,*,#2339,.F.);
#819=ORIENTED_EDGE('',*,*,#2519,.T.);
#820=ORIENTED_EDGE('',*,*,#2518,.F.);
#821=ORIENTED_EDGE('',*,*,#2520,.T.);
#822=ORIENTED_EDGE('',*,*,#2338,.F.);
#823=ORIENTED_EDGE('',*,*,#2521,.T.);
#824=ORIENTED_EDGE('',*,*,#2520,.F.);
#825=ORIENTED_EDGE('',*,*,#2522,.T.);
#826=ORIENTED_EDGE('',*,*,#2337,.F.);
#827=ORIENTED_EDGE('',*,*,#2523,.T.);
#828=ORIENTED_EDGE('',*,*,#2522,.F.);
#829=ORIENTED_EDGE('',*,*,#2524,.F.);
#830=ORIENTED_EDGE('',*,*,#2274,.T.);
#831=ORIENTED_EDGE('',*,*,#2525,.T.);
#832=ORIENTED_EDGE('',*,*,#2400,.F.);
#833=ORIENTED_EDGE('',*,*,#2524,.T.);
#834=ORIENTED_EDGE('',*,*,#2525,.F.);
#835=ORIENTED_EDGE('',*,*,#2526,.F.);
#836=ORIENTED_EDGE('',*,*,#2448,.T.);
#837=ORIENTED_EDGE('',*,*,#2527,.T.);
#838=ORIENTED_EDGE('',*,*,#2404,.F.);
#839=ORIENTED_EDGE('',*,*,#2526,.T.);
#840=ORIENTED_EDGE('',*,*,#2527,.F.);
#841=ORIENTED_EDGE('',*,*,#2408,.T.);
#842=ORIENTED_EDGE('',*,*,#2528,.T.);
#843=ORIENTED_EDGE('',*,*,#2412,.T.);
#844=ORIENTED_EDGE('',*,*,#2529,.F.);
#845=ORIENTED_EDGE('',*,*,#2291,.F.);
#846=ORIENTED_EDGE('',*,*,#2530,.T.);
#847=ORIENTED_EDGE('',*,*,#2531,.T.);
#848=ORIENTED_EDGE('',*,*,#2532,.F.);
#849=ORIENTED_EDGE('',*,*,#2319,.F.);
#850=ORIENTED_EDGE('',*,*,#2372,.F.);
#851=ORIENTED_EDGE('',*,*,#2533,.F.);
#852=ORIENTED_EDGE('',*,*,#2371,.T.);
#853=ORIENTED_EDGE('',*,*,#2287,.F.);
#854=ORIENTED_EDGE('',*,*,#2292,.F.);
#855=ORIENTED_EDGE('',*,*,#2533,.T.);
#856=ORIENTED_EDGE('',*,*,#2417,.T.);
#857=ORIENTED_EDGE('',*,*,#2534,.T.);
#858=ORIENTED_EDGE('',*,*,#2296,.T.);
#859=ORIENTED_EDGE('',*,*,#2301,.F.);
#860=ORIENTED_EDGE('',*,*,#2535,.F.);
#861=ORIENTED_EDGE('',*,*,#2536,.T.);
#862=ORIENTED_EDGE('',*,*,#2537,.T.);
#863=ORIENTED_EDGE('',*,*,#2293,.F.);
#864=ORIENTED_EDGE('',*,*,#2534,.F.);
#865=ORIENTED_EDGE('',*,*,#2416,.F.);
#866=ORIENTED_EDGE('',*,*,#2312,.F.);
#867=ORIENTED_EDGE('',*,*,#2538,.F.);
#868=ORIENTED_EDGE('',*,*,#2532,.T.);
#869=ORIENTED_EDGE('',*,*,#2539,.T.);
#870=ORIENTED_EDGE('',*,*,#2289,.F.);
#871=ORIENTED_EDGE('',*,*,#2540,.F.);
#872=ORIENTED_EDGE('',*,*,#2535,.T.);
#873=ORIENTED_EDGE('',*,*,#2541,.T.);
#874=ORIENTED_EDGE('',*,*,#2299,.F.);
#875=ORIENTED_EDGE('',*,*,#2542,.T.);
#876=ORIENTED_EDGE('',*,*,#2543,.F.);
#877=ORIENTED_EDGE('',*,*,#2544,.F.);
#878=ORIENTED_EDGE('',*,*,#2545,.T.);
#879=ORIENTED_EDGE('',*,*,#2546,.F.);
#880=ORIENTED_EDGE('',*,*,#2547,.F.);
#881=ORIENTED_EDGE('',*,*,#2548,.F.);
#882=ORIENTED_EDGE('',*,*,#2543,.T.);
#883=ORIENTED_EDGE('',*,*,#2549,.T.);
#884=ORIENTED_EDGE('',*,*,#2550,.T.);
#885=ORIENTED_EDGE('',*,*,#2551,.F.);
#886=ORIENTED_EDGE('',*,*,#2552,.F.);
#887=ORIENTED_EDGE('',*,*,#2547,.T.);
#888=ORIENTED_EDGE('',*,*,#2553,.T.);
#889=ORIENTED_EDGE('',*,*,#2260,.F.);
#890=ORIENTED_EDGE('',*,*,#2541,.F.);
#891=ORIENTED_EDGE('',*,*,#2311,.F.);
#892=ORIENTED_EDGE('',*,*,#2554,.F.);
#893=ORIENTED_EDGE('',*,*,#2551,.T.);
#894=ORIENTED_EDGE('',*,*,#2555,.F.);
#895=ORIENTED_EDGE('',*,*,#2556,.F.);
#896=ORIENTED_EDGE('',*,*,#2308,.T.);
#897=ORIENTED_EDGE('',*,*,#2557,.T.);
#898=ORIENTED_EDGE('',*,*,#2558,.F.);
#899=ORIENTED_EDGE('',*,*,#2559,.F.);
#900=ORIENTED_EDGE('',*,*,#2560,.T.);
#901=ORIENTED_EDGE('',*,*,#2545,.F.);
#902=ORIENTED_EDGE('',*,*,#2561,.F.);
#903=ORIENTED_EDGE('',*,*,#2320,.T.);
#904=ORIENTED_EDGE('',*,*,#2538,.T.);
#905=ORIENTED_EDGE('',*,*,#2263,.T.);
#906=ORIENTED_EDGE('',*,*,#2303,.F.);
#907=ORIENTED_EDGE('',*,*,#2562,.T.);
#908=ORIENTED_EDGE('',*,*,#2251,.T.);
#909=ORIENTED_EDGE('',*,*,#2563,.T.);
#910=ORIENTED_EDGE('',*,*,#2305,.F.);
#911=ORIENTED_EDGE('',*,*,#2556,.T.);
#912=ORIENTED_EDGE('',*,*,#2548,.T.);
#913=ORIENTED_EDGE('',*,*,#2552,.T.);
#914=ORIENTED_EDGE('',*,*,#2554,.T.);
#915=ORIENTED_EDGE('',*,*,#2310,.T.);
#916=ORIENTED_EDGE('',*,*,#2474,.T.);
#917=ORIENTED_EDGE('',*,*,#2469,.T.);
#918=ORIENTED_EDGE('',*,*,#2564,.T.);
#919=ORIENTED_EDGE('',*,*,#2461,.T.);
#920=ORIENTED_EDGE('',*,*,#2565,.T.);
#921=ORIENTED_EDGE('',*,*,#2455,.T.);
#922=ORIENTED_EDGE('',*,*,#2452,.T.);
#923=ORIENTED_EDGE('',*,*,#2449,.T.);
#924=ORIENTED_EDGE('',*,*,#2445,.T.);
#925=ORIENTED_EDGE('',*,*,#2440,.T.);
#926=ORIENTED_EDGE('',*,*,#2566,.T.);
#927=ORIENTED_EDGE('',*,*,#2432,.T.);
#928=ORIENTED_EDGE('',*,*,#2567,.T.);
#929=ORIENTED_EDGE('',*,*,#2426,.T.);
#930=ORIENTED_EDGE('',*,*,#2423,.T.);
#931=ORIENTED_EDGE('',*,*,#2315,.T.);
#932=ORIENTED_EDGE('',*,*,#2561,.T.);
#933=ORIENTED_EDGE('',*,*,#2544,.T.);
#934=ORIENTED_EDGE('',*,*,#2568,.F.);
#935=ORIENTED_EDGE('',*,*,#2304,.T.);
#936=ORIENTED_EDGE('',*,*,#2253,.F.);
#937=ORIENTED_EDGE('',*,*,#2550,.F.);
#938=ORIENTED_EDGE('',*,*,#2549,.F.);
#939=ORIENTED_EDGE('',*,*,#2542,.F.);
#940=ORIENTED_EDGE('',*,*,#2560,.F.);
#941=ORIENTED_EDGE('',*,*,#2262,.F.);
#942=ORIENTED_EDGE('',*,*,#2267,.T.);
#943=ORIENTED_EDGE('',*,*,#2428,.F.);
#944=ORIENTED_EDGE('',*,*,#2569,.F.);
#945=ORIENTED_EDGE('',*,*,#2434,.F.);
#946=ORIENTED_EDGE('',*,*,#2570,.F.);
#947=ORIENTED_EDGE('',*,*,#2444,.F.);
#948=ORIENTED_EDGE('',*,*,#2270,.F.);
#949=ORIENTED_EDGE('',*,*,#2275,.F.);
#950=ORIENTED_EDGE('',*,*,#2278,.F.);
#951=ORIENTED_EDGE('',*,*,#2457,.F.);
#952=ORIENTED_EDGE('',*,*,#2571,.F.);
#953=ORIENTED_EDGE('',*,*,#2463,.F.);
#954=ORIENTED_EDGE('',*,*,#2572,.F.);
#955=ORIENTED_EDGE('',*,*,#2473,.F.);
#956=ORIENTED_EDGE('',*,*,#2281,.T.);
#957=ORIENTED_EDGE('',*,*,#2255,.F.);
#958=ORIENTED_EDGE('',*,*,#2553,.F.);
#959=ORIENTED_EDGE('',*,*,#2307,.T.);
#960=ORIENTED_EDGE('',*,*,#2573,.F.);
#961=ORIENTED_EDGE('',*,*,#2557,.F.);
#962=ORIENTED_EDGE('',*,*,#2306,.F.);
#963=ORIENTED_EDGE('',*,*,#2563,.F.);
#964=ORIENTED_EDGE('',*,*,#2555,.T.);
#965=ORIENTED_EDGE('',*,*,#2573,.T.);
#966=ORIENTED_EDGE('',*,*,#2302,.F.);
#967=ORIENTED_EDGE('',*,*,#2568,.T.);
#968=ORIENTED_EDGE('',*,*,#2252,.F.);
#969=ORIENTED_EDGE('',*,*,#2562,.F.);
#970=ORIENTED_EDGE('',*,*,#2298,.F.);
#971=ORIENTED_EDGE('',*,*,#2574,.F.);
#972=ORIENTED_EDGE('',*,*,#2536,.F.);
#973=ORIENTED_EDGE('',*,*,#2540,.T.);
#974=ORIENTED_EDGE('',*,*,#2284,.F.);
#975=ORIENTED_EDGE('',*,*,#2539,.F.);
#976=ORIENTED_EDGE('',*,*,#2531,.F.);
#977=ORIENTED_EDGE('',*,*,#2575,.T.);
#978=ORIENTED_EDGE('',*,*,#2294,.F.);
#979=ORIENTED_EDGE('',*,*,#2537,.F.);
#980=ORIENTED_EDGE('',*,*,#2574,.T.);
#981=ORIENTED_EDGE('',*,*,#2297,.F.);
#982=ORIENTED_EDGE('',*,*,#2285,.F.);
#983=ORIENTED_EDGE('',*,*,#2575,.F.);
#984=ORIENTED_EDGE('',*,*,#2530,.F.);
#985=ORIENTED_EDGE('',*,*,#2290,.F.);
#986=ORIENTED_EDGE('',*,*,#2572,.T.);
#987=ORIENTED_EDGE('',*,*,#2462,.F.);
#988=ORIENTED_EDGE('',*,*,#2564,.F.);
#989=ORIENTED_EDGE('',*,*,#2468,.T.);
#990=ORIENTED_EDGE('',*,*,#2571,.T.);
#991=ORIENTED_EDGE('',*,*,#2456,.F.);
#992=ORIENTED_EDGE('',*,*,#2565,.F.);
#993=ORIENTED_EDGE('',*,*,#2464,.T.);
#994=ORIENTED_EDGE('',*,*,#2570,.T.);
#995=ORIENTED_EDGE('',*,*,#2433,.F.);
#996=ORIENTED_EDGE('',*,*,#2566,.F.);
#997=ORIENTED_EDGE('',*,*,#2439,.T.);
#998=ORIENTED_EDGE('',*,*,#2569,.T.);
#999=ORIENTED_EDGE('',*,*,#2427,.F.);
#1000=ORIENTED_EDGE('',*,*,#2567,.F.);
#1001=ORIENTED_EDGE('',*,*,#2435,.T.);
#1002=ORIENTED_EDGE('',*,*,#2528,.F.);
#1003=ORIENTED_EDGE('',*,*,#2529,.T.);
#1004=ORIENTED_EDGE('',*,*,#2576,.F.);
#1005=ORIENTED_EDGE('',*,*,#2559,.T.);
#1006=ORIENTED_EDGE('',*,*,#2576,.T.);
#1007=ORIENTED_EDGE('',*,*,#2577,.F.);
#1008=ORIENTED_EDGE('',*,*,#2558,.T.);
#1009=ORIENTED_EDGE('',*,*,#2577,.T.);
#1010=ORIENTED_EDGE('',*,*,#2578,.F.);
#1011=ORIENTED_EDGE('',*,*,#2487,.T.);
#1012=ORIENTED_EDGE('',*,*,#2579,.T.);
#1013=ORIENTED_EDGE('',*,*,#2580,.T.);
#1014=ORIENTED_EDGE('',*,*,#2579,.F.);
#1015=ORIENTED_EDGE('',*,*,#2578,.T.);
#1016=ORIENTED_EDGE('',*,*,#2580,.F.);
#1017=ORIENTED_EDGE('',*,*,#2581,.F.);
#1018=ORIENTED_EDGE('',*,*,#2486,.T.);
#1019=ORIENTED_EDGE('',*,*,#2582,.T.);
#1020=ORIENTED_EDGE('',*,*,#2583,.T.);
#1021=ORIENTED_EDGE('',*,*,#2582,.F.);
#1022=ORIENTED_EDGE('',*,*,#2581,.T.);
#1023=ORIENTED_EDGE('',*,*,#2583,.F.);
#1024=ORIENTED_EDGE('',*,*,#2584,.T.);
#1025=ORIENTED_EDGE('',*,*,#2370,.F.);
#1026=ORIENTED_EDGE('',*,*,#2584,.F.);
#1027=ORIENTED_EDGE('',*,*,#2585,.T.);
#1028=ORIENTED_EDGE('',*,*,#2369,.F.);
#1029=ORIENTED_EDGE('',*,*,#2585,.F.);
#1030=ORIENTED_EDGE('',*,*,#2364,.T.);
#1031=ORIENTED_EDGE('',*,*,#2586,.F.);
#1032=ORIENTED_EDGE('',*,*,#2587,.F.);
#1033=ORIENTED_EDGE('',*,*,#2588,.T.);
#1034=ORIENTED_EDGE('',*,*,#2363,.T.);
#1035=ORIENTED_EDGE('',*,*,#2589,.F.);
#1036=ORIENTED_EDGE('',*,*,#2590,.F.);
#1037=ORIENTED_EDGE('',*,*,#2586,.T.);
#1038=ORIENTED_EDGE('',*,*,#2368,.T.);
#1039=ORIENTED_EDGE('',*,*,#2591,.F.);
#1040=ORIENTED_EDGE('',*,*,#2592,.F.);
#1041=ORIENTED_EDGE('',*,*,#2589,.T.);
#1042=ORIENTED_EDGE('',*,*,#2367,.T.);
#1043=ORIENTED_EDGE('',*,*,#2593,.F.);
#1044=ORIENTED_EDGE('',*,*,#2594,.F.);
#1045=ORIENTED_EDGE('',*,*,#2591,.T.);
#1046=ORIENTED_EDGE('',*,*,#2366,.T.);
#1047=ORIENTED_EDGE('',*,*,#2595,.F.);
#1048=ORIENTED_EDGE('',*,*,#2596,.F.);
#1049=ORIENTED_EDGE('',*,*,#2593,.T.);
#1050=ORIENTED_EDGE('',*,*,#2365,.T.);
#1051=ORIENTED_EDGE('',*,*,#2588,.F.);
#1052=ORIENTED_EDGE('',*,*,#2597,.F.);
#1053=ORIENTED_EDGE('',*,*,#2595,.T.);
#1054=ORIENTED_EDGE('',*,*,#2587,.T.);
#1055=ORIENTED_EDGE('',*,*,#2590,.T.);
#1056=ORIENTED_EDGE('',*,*,#2592,.T.);
#1057=ORIENTED_EDGE('',*,*,#2594,.T.);
#1058=ORIENTED_EDGE('',*,*,#2596,.T.);
#1059=ORIENTED_EDGE('',*,*,#2597,.T.);
#1060=ORIENTED_EDGE('',*,*,#2358,.T.);
#1061=ORIENTED_EDGE('',*,*,#2598,.F.);
#1062=ORIENTED_EDGE('',*,*,#2599,.F.);
#1063=ORIENTED_EDGE('',*,*,#2600,.T.);
#1064=ORIENTED_EDGE('',*,*,#2357,.T.);
#1065=ORIENTED_EDGE('',*,*,#2601,.F.);
#1066=ORIENTED_EDGE('',*,*,#2602,.F.);
#1067=ORIENTED_EDGE('',*,*,#2598,.T.);
#1068=ORIENTED_EDGE('',*,*,#2362,.T.);
#1069=ORIENTED_EDGE('',*,*,#2603,.F.);
#1070=ORIENTED_EDGE('',*,*,#2604,.F.);
#1071=ORIENTED_EDGE('',*,*,#2601,.T.);
#1072=ORIENTED_EDGE('',*,*,#2361,.T.);
#1073=ORIENTED_EDGE('',*,*,#2605,.F.);
#1074=ORIENTED_EDGE('',*,*,#2606,.F.);
#1075=ORIENTED_EDGE('',*,*,#2603,.T.);
#1076=ORIENTED_EDGE('',*,*,#2360,.T.);
#1077=ORIENTED_EDGE('',*,*,#2607,.F.);
#1078=ORIENTED_EDGE('',*,*,#2608,.F.);
#1079=ORIENTED_EDGE('',*,*,#2605,.T.);
#1080=ORIENTED_EDGE('',*,*,#2359,.T.);
#1081=ORIENTED_EDGE('',*,*,#2600,.F.);
#1082=ORIENTED_EDGE('',*,*,#2609,.F.);
#1083=ORIENTED_EDGE('',*,*,#2607,.T.);
#1084=ORIENTED_EDGE('',*,*,#2599,.T.);
#1085=ORIENTED_EDGE('',*,*,#2602,.T.);
#1086=ORIENTED_EDGE('',*,*,#2604,.T.);
#1087=ORIENTED_EDGE('',*,*,#2606,.T.);
#1088=ORIENTED_EDGE('',*,*,#2608,.T.);
#1089=ORIENTED_EDGE('',*,*,#2609,.T.);
#1090=ORIENTED_EDGE('',*,*,#2610,.F.);
#1091=ORIENTED_EDGE('',*,*,#2611,.F.);
#1092=ORIENTED_EDGE('',*,*,#2612,.F.);
#1093=ORIENTED_EDGE('',*,*,#2613,.F.);
#1094=ORIENTED_EDGE('',*,*,#2614,.F.);
#1095=ORIENTED_EDGE('',*,*,#2615,.F.);
#1096=ORIENTED_EDGE('',*,*,#2616,.F.);
#1097=ORIENTED_EDGE('',*,*,#2616,.T.);
#1098=ORIENTED_EDGE('',*,*,#2617,.F.);
#1099=ORIENTED_EDGE('',*,*,#2546,.T.);
#1100=ORIENTED_EDGE('',*,*,#2617,.T.);
#1101=ORIENTED_EDGE('',*,*,#2611,.T.);
#1102=ORIENTED_EDGE('',*,*,#2618,.F.);
#1103=ORIENTED_EDGE('',*,*,#2619,.F.);
#1104=ORIENTED_EDGE('',*,*,#2620,.T.);
#1105=ORIENTED_EDGE('',*,*,#2610,.T.);
#1106=ORIENTED_EDGE('',*,*,#2621,.F.);
#1107=ORIENTED_EDGE('',*,*,#2622,.F.);
#1108=ORIENTED_EDGE('',*,*,#2618,.T.);
#1109=ORIENTED_EDGE('',*,*,#2615,.T.);
#1110=ORIENTED_EDGE('',*,*,#2623,.F.);
#1111=ORIENTED_EDGE('',*,*,#2624,.F.);
#1112=ORIENTED_EDGE('',*,*,#2621,.T.);
#1113=ORIENTED_EDGE('',*,*,#2614,.T.);
#1114=ORIENTED_EDGE('',*,*,#2625,.F.);
#1115=ORIENTED_EDGE('',*,*,#2626,.F.);
#1116=ORIENTED_EDGE('',*,*,#2623,.T.);
#1117=ORIENTED_EDGE('',*,*,#2613,.T.);
#1118=ORIENTED_EDGE('',*,*,#2627,.F.);
#1119=ORIENTED_EDGE('',*,*,#2628,.F.);
#1120=ORIENTED_EDGE('',*,*,#2625,.T.);
#1121=ORIENTED_EDGE('',*,*,#2612,.T.);
#1122=ORIENTED_EDGE('',*,*,#2620,.F.);
#1123=ORIENTED_EDGE('',*,*,#2629,.F.);
#1124=ORIENTED_EDGE('',*,*,#2627,.T.);
#1125=ORIENTED_EDGE('',*,*,#2619,.T.);
#1126=ORIENTED_EDGE('',*,*,#2622,.T.);
#1127=ORIENTED_EDGE('',*,*,#2624,.T.);
#1128=ORIENTED_EDGE('',*,*,#2626,.T.);
#1129=ORIENTED_EDGE('',*,*,#2628,.T.);
#1130=ORIENTED_EDGE('',*,*,#2629,.T.);
#1131=ORIENTED_EDGE('',*,*,#2496,.F.);
#1132=ORIENTED_EDGE('',*,*,#2517,.F.);
#1133=ORIENTED_EDGE('',*,*,#2502,.F.);
#1134=ORIENTED_EDGE('',*,*,#2519,.F.);
#1135=ORIENTED_EDGE('',*,*,#2508,.F.);
#1136=ORIENTED_EDGE('',*,*,#2521,.F.);
#1137=ORIENTED_EDGE('',*,*,#2514,.F.);
#1138=ORIENTED_EDGE('',*,*,#2523,.F.);
#1139=ORIENTED_EDGE('',*,*,#2630,.T.);
#1140=ORIENTED_EDGE('',*,*,#2631,.T.);
#1141=ORIENTED_EDGE('',*,*,#2632,.T.);
#1142=ORIENTED_EDGE('',*,*,#2633,.T.);
#1143=ORIENTED_EDGE('',*,*,#2634,.T.);
#1144=ORIENTED_EDGE('',*,*,#2635,.T.);
#1145=ORIENTED_EDGE('',*,*,#2636,.T.);
#1146=ORIENTED_EDGE('',*,*,#2637,.T.);
#1147=ORIENTED_EDGE('',*,*,#2638,.T.);
#1148=ORIENTED_EDGE('',*,*,#2639,.T.);
#1149=ORIENTED_EDGE('',*,*,#2640,.T.);
#1150=ORIENTED_EDGE('',*,*,#2641,.T.);
#1151=ORIENTED_EDGE('',*,*,#2642,.F.);
#1152=ORIENTED_EDGE('',*,*,#2643,.T.);
#1153=ORIENTED_EDGE('',*,*,#2644,.T.);
#1154=ORIENTED_EDGE('',*,*,#2645,.F.);
#1155=ORIENTED_EDGE('',*,*,#2646,.T.);
#1156=ORIENTED_EDGE('',*,*,#2647,.T.);
#1157=ORIENTED_EDGE('',*,*,#2648,.F.);
#1158=ORIENTED_EDGE('',*,*,#2649,.T.);
#1159=ORIENTED_EDGE('',*,*,#2650,.T.);
#1160=ORIENTED_EDGE('',*,*,#2651,.F.);
#1161=ORIENTED_EDGE('',*,*,#2652,.T.);
#1162=ORIENTED_EDGE('',*,*,#2653,.T.);
#1163=ORIENTED_EDGE('',*,*,#2654,.F.);
#1164=ORIENTED_EDGE('',*,*,#2655,.F.);
#1165=ORIENTED_EDGE('',*,*,#2655,.T.);
#1166=ORIENTED_EDGE('',*,*,#2656,.T.);
#1167=ORIENTED_EDGE('',*,*,#2657,.F.);
#1168=ORIENTED_EDGE('',*,*,#2658,.T.);
#1169=ORIENTED_EDGE('',*,*,#2659,.F.);
#1170=ORIENTED_EDGE('',*,*,#2660,.F.);
#1171=ORIENTED_EDGE('',*,*,#2661,.F.);
#1172=ORIENTED_EDGE('',*,*,#2662,.F.);
#1173=ORIENTED_EDGE('',*,*,#2663,.F.);
#1174=ORIENTED_EDGE('',*,*,#2664,.F.);
#1175=ORIENTED_EDGE('',*,*,#2665,.F.);
#1176=ORIENTED_EDGE('',*,*,#2666,.T.);
#1177=ORIENTED_EDGE('',*,*,#2642,.T.);
#1178=ORIENTED_EDGE('',*,*,#2667,.F.);
#1179=ORIENTED_EDGE('',*,*,#2668,.T.);
#1180=ORIENTED_EDGE('',*,*,#2669,.T.);
#1181=ORIENTED_EDGE('',*,*,#2670,.T.);
#1182=ORIENTED_EDGE('',*,*,#2657,.T.);
#1183=ORIENTED_EDGE('',*,*,#2671,.T.);
#1184=ORIENTED_EDGE('',*,*,#2672,.F.);
#1185=ORIENTED_EDGE('',*,*,#2673,.F.);
#1186=ORIENTED_EDGE('',*,*,#2659,.T.);
#1187=ORIENTED_EDGE('',*,*,#2645,.T.);
#1188=ORIENTED_EDGE('',*,*,#2674,.F.);
#1189=ORIENTED_EDGE('',*,*,#2675,.F.);
#1190=ORIENTED_EDGE('',*,*,#2676,.T.);
#1191=ORIENTED_EDGE('',*,*,#2648,.T.);
#1192=ORIENTED_EDGE('',*,*,#2677,.F.);
#1193=ORIENTED_EDGE('',*,*,#2678,.F.);
#1194=ORIENTED_EDGE('',*,*,#2679,.T.);
#1195=ORIENTED_EDGE('',*,*,#2680,.F.);
#1196=ORIENTED_EDGE('',*,*,#2681,.F.);
#1197=ORIENTED_EDGE('',*,*,#2682,.F.);
#1198=ORIENTED_EDGE('',*,*,#2683,.F.);
#1199=ORIENTED_EDGE('',*,*,#2684,.T.);
#1200=ORIENTED_EDGE('',*,*,#2685,.T.);
#1201=ORIENTED_EDGE('',*,*,#2686,.T.);
#1202=ORIENTED_EDGE('',*,*,#2687,.T.);
#1203=ORIENTED_EDGE('',*,*,#2651,.T.);
#1204=ORIENTED_EDGE('',*,*,#2688,.T.);
#1205=ORIENTED_EDGE('',*,*,#2689,.T.);
#1206=ORIENTED_EDGE('',*,*,#2690,.T.);
#1207=ORIENTED_EDGE('',*,*,#2691,.T.);
#1208=ORIENTED_EDGE('',*,*,#2665,.T.);
#1209=ORIENTED_EDGE('',*,*,#2692,.T.);
#1210=ORIENTED_EDGE('',*,*,#2693,.F.);
#1211=ORIENTED_EDGE('',*,*,#2694,.F.);
#1212=ORIENTED_EDGE('',*,*,#2681,.T.);
#1213=ORIENTED_EDGE('',*,*,#2695,.T.);
#1214=ORIENTED_EDGE('',*,*,#2696,.T.);
#1215=ORIENTED_EDGE('',*,*,#2678,.T.);
#1216=ORIENTED_EDGE('',*,*,#2697,.T.);
#1217=ORIENTED_EDGE('',*,*,#2698,.T.);
#1218=ORIENTED_EDGE('',*,*,#2675,.T.);
#1219=ORIENTED_EDGE('',*,*,#2699,.T.);
#1220=ORIENTED_EDGE('',*,*,#2700,.T.);
#1221=ORIENTED_EDGE('',*,*,#2701,.T.);
#1222=ORIENTED_EDGE('',*,*,#2702,.T.);
#1223=ORIENTED_EDGE('',*,*,#2703,.T.);
#1224=ORIENTED_EDGE('',*,*,#2704,.T.);
#1225=ORIENTED_EDGE('',*,*,#2705,.T.);
#1226=ORIENTED_EDGE('',*,*,#2706,.T.);
#1227=ORIENTED_EDGE('',*,*,#2707,.T.);
#1228=ORIENTED_EDGE('',*,*,#2652,.F.);
#1229=ORIENTED_EDGE('',*,*,#2687,.F.);
#1230=ORIENTED_EDGE('',*,*,#2708,.T.);
#1231=ORIENTED_EDGE('',*,*,#2671,.F.);
#1232=ORIENTED_EDGE('',*,*,#2656,.F.);
#1233=ORIENTED_EDGE('',*,*,#2654,.T.);
#1234=ORIENTED_EDGE('',*,*,#2709,.T.);
#1235=ORIENTED_EDGE('',*,*,#2710,.F.);
#1236=ORIENTED_EDGE('',*,*,#2711,.F.);
#1237=ORIENTED_EDGE('',*,*,#2712,.F.);
#1238=ORIENTED_EDGE('',*,*,#2713,.T.);
#1239=ORIENTED_EDGE('',*,*,#2714,.F.);
#1240=ORIENTED_EDGE('',*,*,#2715,.F.);
#1241=ORIENTED_EDGE('',*,*,#2716,.F.);
#1242=ORIENTED_EDGE('',*,*,#2717,.T.);
#1243=ORIENTED_EDGE('',*,*,#2718,.T.);
#1244=ORIENTED_EDGE('',*,*,#2719,.F.);
#1245=ORIENTED_EDGE('',*,*,#2685,.F.);
#1246=ORIENTED_EDGE('',*,*,#2720,.T.);
#1247=ORIENTED_EDGE('',*,*,#2721,.T.);
#1248=ORIENTED_EDGE('',*,*,#2722,.T.);
#1249=ORIENTED_EDGE('',*,*,#2723,.T.);
#1250=ORIENTED_EDGE('',*,*,#2724,.T.);
#1251=ORIENTED_EDGE('',*,*,#2725,.T.);
#1252=ORIENTED_EDGE('',*,*,#2726,.T.);
#1253=ORIENTED_EDGE('',*,*,#2727,.T.);
#1254=ORIENTED_EDGE('',*,*,#2728,.T.);
#1255=ORIENTED_EDGE('',*,*,#2729,.T.);
#1256=ORIENTED_EDGE('',*,*,#2730,.T.);
#1257=ORIENTED_EDGE('',*,*,#2731,.T.);
#1258=ORIENTED_EDGE('',*,*,#2703,.F.);
#1259=ORIENTED_EDGE('',*,*,#2732,.F.);
#1260=ORIENTED_EDGE('',*,*,#2713,.F.);
#1261=ORIENTED_EDGE('',*,*,#2733,.F.);
#1262=ORIENTED_EDGE('',*,*,#2709,.F.);
#1263=ORIENTED_EDGE('',*,*,#2653,.F.);
#1264=ORIENTED_EDGE('',*,*,#2707,.F.);
#1265=ORIENTED_EDGE('',*,*,#2734,.F.);
#1266=ORIENTED_EDGE('',*,*,#2735,.F.);
#1267=ORIENTED_EDGE('',*,*,#2736,.F.);
#1268=ORIENTED_EDGE('',*,*,#2699,.F.);
#1269=ORIENTED_EDGE('',*,*,#2737,.F.);
#1270=ORIENTED_EDGE('',*,*,#2718,.F.);
#1271=ORIENTED_EDGE('',*,*,#2738,.F.);
#1272=ORIENTED_EDGE('',*,*,#2739,.T.);
#1273=ORIENTED_EDGE('',*,*,#2740,.T.);
#1274=ORIENTED_EDGE('',*,*,#2693,.T.);
#1275=ORIENTED_EDGE('',*,*,#2741,.T.);
#1276=ORIENTED_EDGE('',*,*,#2742,.T.);
#1277=ORIENTED_EDGE('',*,*,#2743,.F.);
#1278=ORIENTED_EDGE('',*,*,#2744,.T.);
#1279=ORIENTED_EDGE('',*,*,#2745,.T.);
#1280=ORIENTED_EDGE('',*,*,#2672,.T.);
#1281=ORIENTED_EDGE('',*,*,#2717,.F.);
#1282=ORIENTED_EDGE('',*,*,#2746,.F.);
#1283=ORIENTED_EDGE('',*,*,#2746,.T.);
#1284=ORIENTED_EDGE('',*,*,#2716,.T.);
#1285=ORIENTED_EDGE('',*,*,#2747,.T.);
#1286=ORIENTED_EDGE('',*,*,#2700,.F.);
#1287=ORIENTED_EDGE('',*,*,#2702,.F.);
#1288=ORIENTED_EDGE('',*,*,#2748,.F.);
#1289=ORIENTED_EDGE('',*,*,#2714,.T.);
#1290=ORIENTED_EDGE('',*,*,#2732,.T.);
#1291=ORIENTED_EDGE('',*,*,#2701,.F.);
#1292=ORIENTED_EDGE('',*,*,#2747,.F.);
#1293=ORIENTED_EDGE('',*,*,#2715,.T.);
#1294=ORIENTED_EDGE('',*,*,#2748,.T.);
#1295=ORIENTED_EDGE('',*,*,#2733,.T.);
#1296=ORIENTED_EDGE('',*,*,#2706,.F.);
#1297=ORIENTED_EDGE('',*,*,#2749,.F.);
#1298=ORIENTED_EDGE('',*,*,#2710,.T.);
#1299=ORIENTED_EDGE('',*,*,#2704,.F.);
#1300=ORIENTED_EDGE('',*,*,#2731,.F.);
#1301=ORIENTED_EDGE('',*,*,#2712,.T.);
#1302=ORIENTED_EDGE('',*,*,#2750,.T.);
#1303=ORIENTED_EDGE('',*,*,#2705,.F.);
#1304=ORIENTED_EDGE('',*,*,#2750,.F.);
#1305=ORIENTED_EDGE('',*,*,#2711,.T.);
#1306=ORIENTED_EDGE('',*,*,#2749,.T.);
#1307=ORIENTED_EDGE('',*,*,#2751,.T.);
#1308=ORIENTED_EDGE('',*,*,#2688,.F.);
#1309=ORIENTED_EDGE('',*,*,#2752,.T.);
#1310=ORIENTED_EDGE('',*,*,#2751,.F.);
#1311=ORIENTED_EDGE('',*,*,#2753,.T.);
#1312=ORIENTED_EDGE('',*,*,#2752,.F.);
#1313=ORIENTED_EDGE('',*,*,#2754,.T.);
#1314=ORIENTED_EDGE('',*,*,#2753,.F.);
#1315=ORIENTED_EDGE('',*,*,#2736,.T.);
#1316=ORIENTED_EDGE('',*,*,#2754,.F.);
#1317=ORIENTED_EDGE('',*,*,#2755,.T.);
#1318=ORIENTED_EDGE('',*,*,#2689,.F.);
#1319=ORIENTED_EDGE('',*,*,#2756,.T.);
#1320=ORIENTED_EDGE('',*,*,#2755,.F.);
#1321=ORIENTED_EDGE('',*,*,#2757,.T.);
#1322=ORIENTED_EDGE('',*,*,#2756,.F.);
#1323=ORIENTED_EDGE('',*,*,#2758,.F.);
#1324=ORIENTED_EDGE('',*,*,#2759,.T.);
#1325=ORIENTED_EDGE('',*,*,#2735,.T.);
#1326=ORIENTED_EDGE('',*,*,#2759,.F.);
#1327=ORIENTED_EDGE('',*,*,#2760,.T.);
#1328=ORIENTED_EDGE('',*,*,#2761,.T.);
#1329=ORIENTED_EDGE('',*,*,#2634,.F.);
#1330=ORIENTED_EDGE('',*,*,#2632,.F.);
#1331=ORIENTED_EDGE('',*,*,#2630,.F.);
#1332=ORIENTED_EDGE('',*,*,#2760,.F.);
#1333=ORIENTED_EDGE('',*,*,#2638,.F.);
#1334=ORIENTED_EDGE('',*,*,#2636,.F.);
#1335=ORIENTED_EDGE('',*,*,#2762,.T.);
#1336=ORIENTED_EDGE('',*,*,#2762,.F.);
#1337=ORIENTED_EDGE('',*,*,#2758,.T.);
#1338=ORIENTED_EDGE('',*,*,#2763,.T.);
#1339=ORIENTED_EDGE('',*,*,#2757,.F.);
#1340=ORIENTED_EDGE('',*,*,#2764,.F.);
#1341=ORIENTED_EDGE('',*,*,#2763,.F.);
#1342=ORIENTED_EDGE('',*,*,#2764,.T.);
#1343=ORIENTED_EDGE('',*,*,#2765,.T.);
#1344=ORIENTED_EDGE('',*,*,#2668,.F.);
#1345=ORIENTED_EDGE('',*,*,#2766,.T.);
#1346=ORIENTED_EDGE('',*,*,#2765,.F.);
#1347=ORIENTED_EDGE('',*,*,#2767,.T.);
#1348=ORIENTED_EDGE('',*,*,#2766,.F.);
#1349=ORIENTED_EDGE('',*,*,#2768,.F.);
#1350=ORIENTED_EDGE('',*,*,#2769,.T.);
#1351=ORIENTED_EDGE('',*,*,#2734,.T.);
#1352=ORIENTED_EDGE('',*,*,#2769,.F.);
#1353=ORIENTED_EDGE('',*,*,#2770,.T.);
#1354=ORIENTED_EDGE('',*,*,#2771,.T.);
#1355=ORIENTED_EDGE('',*,*,#2725,.F.);
#1356=ORIENTED_EDGE('',*,*,#2723,.F.);
#1357=ORIENTED_EDGE('',*,*,#2721,.F.);
#1358=ORIENTED_EDGE('',*,*,#2770,.F.);
#1359=ORIENTED_EDGE('',*,*,#2729,.F.);
#1360=ORIENTED_EDGE('',*,*,#2727,.F.);
#1361=ORIENTED_EDGE('',*,*,#2772,.T.);
#1362=ORIENTED_EDGE('',*,*,#2772,.F.);
#1363=ORIENTED_EDGE('',*,*,#2768,.T.);
#1364=ORIENTED_EDGE('',*,*,#2773,.T.);
#1365=ORIENTED_EDGE('',*,*,#2767,.F.);
#1366=ORIENTED_EDGE('',*,*,#2774,.F.);
#1367=ORIENTED_EDGE('',*,*,#2773,.F.);
#1368=ORIENTED_EDGE('',*,*,#2774,.T.);
#1369=ORIENTED_EDGE('',*,*,#2775,.F.);
#1370=ORIENTED_EDGE('',*,*,#2776,.F.);
#1371=ORIENTED_EDGE('',*,*,#2777,.T.);
#1372=ORIENTED_EDGE('',*,*,#2722,.F.);
#1373=ORIENTED_EDGE('',*,*,#2778,.F.);
#1374=ORIENTED_EDGE('',*,*,#2779,.F.);
#1375=ORIENTED_EDGE('',*,*,#2775,.T.);
#1376=ORIENTED_EDGE('',*,*,#2724,.F.);
#1377=ORIENTED_EDGE('',*,*,#2780,.F.);
#1378=ORIENTED_EDGE('',*,*,#2781,.F.);
#1379=ORIENTED_EDGE('',*,*,#2778,.T.);
#1380=ORIENTED_EDGE('',*,*,#2726,.F.);
#1381=ORIENTED_EDGE('',*,*,#2782,.F.);
#1382=ORIENTED_EDGE('',*,*,#2783,.F.);
#1383=ORIENTED_EDGE('',*,*,#2780,.T.);
#1384=ORIENTED_EDGE('',*,*,#2728,.F.);
#1385=ORIENTED_EDGE('',*,*,#2784,.F.);
#1386=ORIENTED_EDGE('',*,*,#2785,.F.);
#1387=ORIENTED_EDGE('',*,*,#2782,.T.);
#1388=ORIENTED_EDGE('',*,*,#2730,.F.);
#1389=ORIENTED_EDGE('',*,*,#2777,.F.);
#1390=ORIENTED_EDGE('',*,*,#2786,.F.);
#1391=ORIENTED_EDGE('',*,*,#2784,.T.);
#1392=ORIENTED_EDGE('',*,*,#2771,.F.);
#1393=ORIENTED_EDGE('',*,*,#2776,.T.);
#1394=ORIENTED_EDGE('',*,*,#2779,.T.);
#1395=ORIENTED_EDGE('',*,*,#2781,.T.);
#1396=ORIENTED_EDGE('',*,*,#2783,.T.);
#1397=ORIENTED_EDGE('',*,*,#2785,.T.);
#1398=ORIENTED_EDGE('',*,*,#2786,.T.);
#1399=ORIENTED_EDGE('',*,*,#2745,.F.);
#1400=ORIENTED_EDGE('',*,*,#2787,.F.);
#1401=ORIENTED_EDGE('',*,*,#2660,.T.);
#1402=ORIENTED_EDGE('',*,*,#2673,.T.);
#1403=ORIENTED_EDGE('',*,*,#2744,.F.);
#1404=ORIENTED_EDGE('',*,*,#2788,.F.);
#1405=ORIENTED_EDGE('',*,*,#2661,.T.);
#1406=ORIENTED_EDGE('',*,*,#2787,.T.);
#1407=ORIENTED_EDGE('',*,*,#2743,.T.);
#1408=ORIENTED_EDGE('',*,*,#2789,.F.);
#1409=ORIENTED_EDGE('',*,*,#2662,.T.);
#1410=ORIENTED_EDGE('',*,*,#2788,.T.);
#1411=ORIENTED_EDGE('',*,*,#2742,.F.);
#1412=ORIENTED_EDGE('',*,*,#2790,.F.);
#1413=ORIENTED_EDGE('',*,*,#2663,.T.);
#1414=ORIENTED_EDGE('',*,*,#2789,.T.);
#1415=ORIENTED_EDGE('',*,*,#2741,.F.);
#1416=ORIENTED_EDGE('',*,*,#2692,.F.);
#1417=ORIENTED_EDGE('',*,*,#2664,.T.);
#1418=ORIENTED_EDGE('',*,*,#2790,.T.);
#1419=ORIENTED_EDGE('',*,*,#2740,.F.);
#1420=ORIENTED_EDGE('',*,*,#2791,.F.);
#1421=ORIENTED_EDGE('',*,*,#2682,.T.);
#1422=ORIENTED_EDGE('',*,*,#2694,.T.);
#1423=ORIENTED_EDGE('',*,*,#2739,.F.);
#1424=ORIENTED_EDGE('',*,*,#2792,.F.);
#1425=ORIENTED_EDGE('',*,*,#2683,.T.);
#1426=ORIENTED_EDGE('',*,*,#2791,.T.);
#1427=ORIENTED_EDGE('',*,*,#2738,.T.);
#1428=ORIENTED_EDGE('',*,*,#2720,.F.);
#1429=ORIENTED_EDGE('',*,*,#2684,.F.);
#1430=ORIENTED_EDGE('',*,*,#2792,.T.);
#1431=ORIENTED_EDGE('',*,*,#2737,.T.);
#1432=ORIENTED_EDGE('',*,*,#2708,.F.);
#1433=ORIENTED_EDGE('',*,*,#2686,.F.);
#1434=ORIENTED_EDGE('',*,*,#2719,.T.);
#1435=ORIENTED_EDGE('',*,*,#2680,.T.);
#1436=ORIENTED_EDGE('',*,*,#2650,.F.);
#1437=ORIENTED_EDGE('',*,*,#2793,.F.);
#1438=ORIENTED_EDGE('',*,*,#2695,.F.);
#1439=ORIENTED_EDGE('',*,*,#2793,.T.);
#1440=ORIENTED_EDGE('',*,*,#2649,.F.);
#1441=ORIENTED_EDGE('',*,*,#2679,.F.);
#1442=ORIENTED_EDGE('',*,*,#2696,.F.);
#1443=ORIENTED_EDGE('',*,*,#2677,.T.);
#1444=ORIENTED_EDGE('',*,*,#2647,.F.);
#1445=ORIENTED_EDGE('',*,*,#2794,.F.);
#1446=ORIENTED_EDGE('',*,*,#2697,.F.);
#1447=ORIENTED_EDGE('',*,*,#2794,.T.);
#1448=ORIENTED_EDGE('',*,*,#2646,.F.);
#1449=ORIENTED_EDGE('',*,*,#2676,.F.);
#1450=ORIENTED_EDGE('',*,*,#2698,.F.);
#1451=ORIENTED_EDGE('',*,*,#2795,.T.);
#1452=ORIENTED_EDGE('',*,*,#2643,.F.);
#1453=ORIENTED_EDGE('',*,*,#2666,.F.);
#1454=ORIENTED_EDGE('',*,*,#2691,.F.);
#1455=ORIENTED_EDGE('',*,*,#2674,.T.);
#1456=ORIENTED_EDGE('',*,*,#2644,.F.);
#1457=ORIENTED_EDGE('',*,*,#2795,.F.);
#1458=ORIENTED_EDGE('',*,*,#2690,.F.);
#1459=ORIENTED_EDGE('',*,*,#2796,.T.);
#1460=ORIENTED_EDGE('',*,*,#2640,.F.);
#1461=ORIENTED_EDGE('',*,*,#2658,.F.);
#1462=ORIENTED_EDGE('',*,*,#2670,.F.);
#1463=ORIENTED_EDGE('',*,*,#2667,.T.);
#1464=ORIENTED_EDGE('',*,*,#2641,.F.);
#1465=ORIENTED_EDGE('',*,*,#2796,.F.);
#1466=ORIENTED_EDGE('',*,*,#2669,.F.);
#1467=ORIENTED_EDGE('',*,*,#2797,.F.);
#1468=ORIENTED_EDGE('',*,*,#2798,.F.);
#1469=ORIENTED_EDGE('',*,*,#2799,.T.);
#1470=ORIENTED_EDGE('',*,*,#2631,.F.);
#1471=ORIENTED_EDGE('',*,*,#2800,.F.);
#1472=ORIENTED_EDGE('',*,*,#2801,.F.);
#1473=ORIENTED_EDGE('',*,*,#2797,.T.);
#1474=ORIENTED_EDGE('',*,*,#2633,.F.);
#1475=ORIENTED_EDGE('',*,*,#2802,.F.);
#1476=ORIENTED_EDGE('',*,*,#2803,.F.);
#1477=ORIENTED_EDGE('',*,*,#2800,.T.);
#1478=ORIENTED_EDGE('',*,*,#2635,.F.);
#1479=ORIENTED_EDGE('',*,*,#2804,.F.);
#1480=ORIENTED_EDGE('',*,*,#2805,.F.);
#1481=ORIENTED_EDGE('',*,*,#2802,.T.);
#1482=ORIENTED_EDGE('',*,*,#2637,.F.);
#1483=ORIENTED_EDGE('',*,*,#2806,.F.);
#1484=ORIENTED_EDGE('',*,*,#2807,.F.);
#1485=ORIENTED_EDGE('',*,*,#2804,.T.);
#1486=ORIENTED_EDGE('',*,*,#2639,.F.);
#1487=ORIENTED_EDGE('',*,*,#2799,.F.);
#1488=ORIENTED_EDGE('',*,*,#2808,.F.);
#1489=ORIENTED_EDGE('',*,*,#2806,.T.);
#1490=ORIENTED_EDGE('',*,*,#2761,.F.);
#1491=ORIENTED_EDGE('',*,*,#2798,.T.);
#1492=ORIENTED_EDGE('',*,*,#2801,.T.);
#1493=ORIENTED_EDGE('',*,*,#2803,.T.);
#1494=ORIENTED_EDGE('',*,*,#2805,.T.);
#1495=ORIENTED_EDGE('',*,*,#2807,.T.);
#1496=ORIENTED_EDGE('',*,*,#2808,.T.);
#1497=ORIENTED_EDGE('',*,*,#2809,.T.);
#1498=ORIENTED_EDGE('',*,*,#2810,.F.);
#1499=ORIENTED_EDGE('',*,*,#2811,.F.);
#1500=ORIENTED_EDGE('',*,*,#2812,.T.);
#1501=ORIENTED_EDGE('',*,*,#2813,.T.);
#1502=ORIENTED_EDGE('',*,*,#2814,.F.);
#1503=ORIENTED_EDGE('',*,*,#2815,.F.);
#1504=ORIENTED_EDGE('',*,*,#2810,.T.);
#1505=ORIENTED_EDGE('',*,*,#2816,.T.);
#1506=ORIENTED_EDGE('',*,*,#2817,.F.);
#1507=ORIENTED_EDGE('',*,*,#2818,.F.);
#1508=ORIENTED_EDGE('',*,*,#2814,.T.);
#1509=ORIENTED_EDGE('',*,*,#2819,.T.);
#1510=ORIENTED_EDGE('',*,*,#2820,.F.);
#1511=ORIENTED_EDGE('',*,*,#2821,.F.);
#1512=ORIENTED_EDGE('',*,*,#2817,.T.);
#1513=ORIENTED_EDGE('',*,*,#2822,.T.);
#1514=ORIENTED_EDGE('',*,*,#2823,.F.);
#1515=ORIENTED_EDGE('',*,*,#2824,.F.);
#1516=ORIENTED_EDGE('',*,*,#2820,.T.);
#1517=ORIENTED_EDGE('',*,*,#2825,.T.);
#1518=ORIENTED_EDGE('',*,*,#2812,.F.);
#1519=ORIENTED_EDGE('',*,*,#2826,.F.);
#1520=ORIENTED_EDGE('',*,*,#2823,.T.);
#1521=ORIENTED_EDGE('',*,*,#2827,.F.);
#1522=ORIENTED_EDGE('',*,*,#2828,.T.);
#1523=ORIENTED_EDGE('',*,*,#2829,.F.);
#1524=ORIENTED_EDGE('',*,*,#2830,.F.);
#1525=ORIENTED_EDGE('',*,*,#2831,.F.);
#1526=ORIENTED_EDGE('',*,*,#2832,.F.);
#1527=ORIENTED_EDGE('',*,*,#2833,.F.);
#1528=ORIENTED_EDGE('',*,*,#2834,.F.);
#1529=ORIENTED_EDGE('',*,*,#2835,.F.);
#1530=ORIENTED_EDGE('',*,*,#2836,.T.);
#1531=ORIENTED_EDGE('',*,*,#2837,.F.);
#1532=ORIENTED_EDGE('',*,*,#2838,.F.);
#1533=ORIENTED_EDGE('',*,*,#2839,.F.);
#1534=ORIENTED_EDGE('',*,*,#2840,.F.);
#1535=ORIENTED_EDGE('',*,*,#2841,.F.);
#1536=ORIENTED_EDGE('',*,*,#2842,.T.);
#1537=ORIENTED_EDGE('',*,*,#2843,.F.);
#1538=ORIENTED_EDGE('',*,*,#2844,.F.);
#1539=ORIENTED_EDGE('',*,*,#2845,.F.);
#1540=ORIENTED_EDGE('',*,*,#2846,.F.);
#1541=ORIENTED_EDGE('',*,*,#2847,.F.);
#1542=ORIENTED_EDGE('',*,*,#2848,.F.);
#1543=ORIENTED_EDGE('',*,*,#2849,.F.);
#1544=ORIENTED_EDGE('',*,*,#2850,.F.);
#1545=ORIENTED_EDGE('',*,*,#2851,.T.);
#1546=ORIENTED_EDGE('',*,*,#2852,.F.);
#1547=ORIENTED_EDGE('',*,*,#2853,.F.);
#1548=ORIENTED_EDGE('',*,*,#2854,.F.);
#1549=ORIENTED_EDGE('',*,*,#2855,.F.);
#1550=ORIENTED_EDGE('',*,*,#2856,.F.);
#1551=ORIENTED_EDGE('',*,*,#2857,.F.);
#1552=ORIENTED_EDGE('',*,*,#2858,.F.);
#1553=ORIENTED_EDGE('',*,*,#2859,.F.);
#1554=ORIENTED_EDGE('',*,*,#2860,.F.);
#1555=ORIENTED_EDGE('',*,*,#2861,.T.);
#1556=ORIENTED_EDGE('',*,*,#2862,.F.);
#1557=ORIENTED_EDGE('',*,*,#2863,.F.);
#1558=ORIENTED_EDGE('',*,*,#2864,.F.);
#1559=ORIENTED_EDGE('',*,*,#2865,.F.);
#1560=ORIENTED_EDGE('',*,*,#2866,.F.);
#1561=ORIENTED_EDGE('',*,*,#2867,.F.);
#1562=ORIENTED_EDGE('',*,*,#2868,.F.);
#1563=ORIENTED_EDGE('',*,*,#2869,.T.);
#1564=ORIENTED_EDGE('',*,*,#2870,.F.);
#1565=ORIENTED_EDGE('',*,*,#2871,.F.);
#1566=ORIENTED_EDGE('',*,*,#2872,.F.);
#1567=ORIENTED_EDGE('',*,*,#2873,.F.);
#1568=ORIENTED_EDGE('',*,*,#2874,.F.);
#1569=ORIENTED_EDGE('',*,*,#2875,.F.);
#1570=ORIENTED_EDGE('',*,*,#2876,.F.);
#1571=ORIENTED_EDGE('',*,*,#2877,.F.);
#1572=ORIENTED_EDGE('',*,*,#2878,.F.);
#1573=ORIENTED_EDGE('',*,*,#2879,.F.);
#1574=ORIENTED_EDGE('',*,*,#2880,.F.);
#1575=ORIENTED_EDGE('',*,*,#2881,.F.);
#1576=ORIENTED_EDGE('',*,*,#2882,.F.);
#1577=ORIENTED_EDGE('',*,*,#2883,.F.);
#1578=ORIENTED_EDGE('',*,*,#2884,.F.);
#1579=ORIENTED_EDGE('',*,*,#2885,.F.);
#1580=ORIENTED_EDGE('',*,*,#2886,.F.);
#1581=ORIENTED_EDGE('',*,*,#2887,.F.);
#1582=ORIENTED_EDGE('',*,*,#2888,.F.);
#1583=ORIENTED_EDGE('',*,*,#2889,.F.);
#1584=ORIENTED_EDGE('',*,*,#2890,.F.);
#1585=ORIENTED_EDGE('',*,*,#2891,.F.);
#1586=ORIENTED_EDGE('',*,*,#2892,.F.);
#1587=ORIENTED_EDGE('',*,*,#2893,.F.);
#1588=ORIENTED_EDGE('',*,*,#2894,.F.);
#1589=ORIENTED_EDGE('',*,*,#2895,.F.);
#1590=ORIENTED_EDGE('',*,*,#2896,.F.);
#1591=ORIENTED_EDGE('',*,*,#2897,.F.);
#1592=ORIENTED_EDGE('',*,*,#2898,.F.);
#1593=ORIENTED_EDGE('',*,*,#2899,.F.);
#1594=ORIENTED_EDGE('',*,*,#2900,.F.);
#1595=ORIENTED_EDGE('',*,*,#2901,.F.);
#1596=ORIENTED_EDGE('',*,*,#2902,.F.);
#1597=ORIENTED_EDGE('',*,*,#2903,.F.);
#1598=ORIENTED_EDGE('',*,*,#2904,.F.);
#1599=ORIENTED_EDGE('',*,*,#2811,.T.);
#1600=ORIENTED_EDGE('',*,*,#2815,.T.);
#1601=ORIENTED_EDGE('',*,*,#2818,.T.);
#1602=ORIENTED_EDGE('',*,*,#2821,.T.);
#1603=ORIENTED_EDGE('',*,*,#2824,.T.);
#1604=ORIENTED_EDGE('',*,*,#2826,.T.);
#1605=ORIENTED_EDGE('',*,*,#2809,.F.);
#1606=ORIENTED_EDGE('',*,*,#2825,.F.);
#1607=ORIENTED_EDGE('',*,*,#2822,.F.);
#1608=ORIENTED_EDGE('',*,*,#2819,.F.);
#1609=ORIENTED_EDGE('',*,*,#2816,.F.);
#1610=ORIENTED_EDGE('',*,*,#2813,.F.);
#1611=ORIENTED_EDGE('',*,*,#2893,.T.);
#1612=ORIENTED_EDGE('',*,*,#2905,.F.);
#1613=ORIENTED_EDGE('',*,*,#2906,.F.);
#1614=ORIENTED_EDGE('',*,*,#2907,.T.);
#1615=ORIENTED_EDGE('',*,*,#2904,.T.);
#1616=ORIENTED_EDGE('',*,*,#2908,.F.);
#1617=ORIENTED_EDGE('',*,*,#2909,.F.);
#1618=ORIENTED_EDGE('',*,*,#2905,.T.);
#1619=ORIENTED_EDGE('',*,*,#2903,.T.);
#1620=ORIENTED_EDGE('',*,*,#2910,.F.);
#1621=ORIENTED_EDGE('',*,*,#2911,.F.);
#1622=ORIENTED_EDGE('',*,*,#2908,.T.);
#1623=ORIENTED_EDGE('',*,*,#2902,.T.);
#1624=ORIENTED_EDGE('',*,*,#2912,.F.);
#1625=ORIENTED_EDGE('',*,*,#2913,.F.);
#1626=ORIENTED_EDGE('',*,*,#2910,.T.);
#1627=ORIENTED_EDGE('',*,*,#2901,.T.);
#1628=ORIENTED_EDGE('',*,*,#2914,.F.);
#1629=ORIENTED_EDGE('',*,*,#2915,.F.);
#1630=ORIENTED_EDGE('',*,*,#2912,.T.);
#1631=ORIENTED_EDGE('',*,*,#2900,.T.);
#1632=ORIENTED_EDGE('',*,*,#2916,.F.);
#1633=ORIENTED_EDGE('',*,*,#2917,.F.);
#1634=ORIENTED_EDGE('',*,*,#2914,.T.);
#1635=ORIENTED_EDGE('',*,*,#2899,.T.);
#1636=ORIENTED_EDGE('',*,*,#2918,.F.);
#1637=ORIENTED_EDGE('',*,*,#2919,.F.);
#1638=ORIENTED_EDGE('',*,*,#2916,.T.);
#1639=ORIENTED_EDGE('',*,*,#2898,.T.);
#1640=ORIENTED_EDGE('',*,*,#2920,.F.);
#1641=ORIENTED_EDGE('',*,*,#2921,.F.);
#1642=ORIENTED_EDGE('',*,*,#2918,.T.);
#1643=ORIENTED_EDGE('',*,*,#2897,.T.);
#1644=ORIENTED_EDGE('',*,*,#2922,.F.);
#1645=ORIENTED_EDGE('',*,*,#2923,.F.);
#1646=ORIENTED_EDGE('',*,*,#2920,.T.);
#1647=ORIENTED_EDGE('',*,*,#2896,.T.);
#1648=ORIENTED_EDGE('',*,*,#2924,.F.);
#1649=ORIENTED_EDGE('',*,*,#2925,.F.);
#1650=ORIENTED_EDGE('',*,*,#2922,.T.);
#1651=ORIENTED_EDGE('',*,*,#2895,.T.);
#1652=ORIENTED_EDGE('',*,*,#2926,.F.);
#1653=ORIENTED_EDGE('',*,*,#2927,.F.);
#1654=ORIENTED_EDGE('',*,*,#2924,.T.);
#1655=ORIENTED_EDGE('',*,*,#2894,.T.);
#1656=ORIENTED_EDGE('',*,*,#2907,.F.);
#1657=ORIENTED_EDGE('',*,*,#2928,.F.);
#1658=ORIENTED_EDGE('',*,*,#2926,.T.);
#1659=ORIENTED_EDGE('',*,*,#2906,.T.);
#1660=ORIENTED_EDGE('',*,*,#2909,.T.);
#1661=ORIENTED_EDGE('',*,*,#2911,.T.);
#1662=ORIENTED_EDGE('',*,*,#2913,.T.);
#1663=ORIENTED_EDGE('',*,*,#2915,.T.);
#1664=ORIENTED_EDGE('',*,*,#2917,.T.);
#1665=ORIENTED_EDGE('',*,*,#2919,.T.);
#1666=ORIENTED_EDGE('',*,*,#2921,.T.);
#1667=ORIENTED_EDGE('',*,*,#2923,.T.);
#1668=ORIENTED_EDGE('',*,*,#2925,.T.);
#1669=ORIENTED_EDGE('',*,*,#2927,.T.);
#1670=ORIENTED_EDGE('',*,*,#2928,.T.);
#1671=ORIENTED_EDGE('',*,*,#2883,.T.);
#1672=ORIENTED_EDGE('',*,*,#2929,.F.);
#1673=ORIENTED_EDGE('',*,*,#2930,.F.);
#1674=ORIENTED_EDGE('',*,*,#2931,.T.);
#1675=ORIENTED_EDGE('',*,*,#2892,.T.);
#1676=ORIENTED_EDGE('',*,*,#2932,.F.);
#1677=ORIENTED_EDGE('',*,*,#2933,.F.);
#1678=ORIENTED_EDGE('',*,*,#2929,.T.);
#1679=ORIENTED_EDGE('',*,*,#2891,.T.);
#1680=ORIENTED_EDGE('',*,*,#2934,.F.);
#1681=ORIENTED_EDGE('',*,*,#2935,.F.);
#1682=ORIENTED_EDGE('',*,*,#2932,.T.);
#1683=ORIENTED_EDGE('',*,*,#2890,.T.);
#1684=ORIENTED_EDGE('',*,*,#2936,.F.);
#1685=ORIENTED_EDGE('',*,*,#2937,.F.);
#1686=ORIENTED_EDGE('',*,*,#2934,.T.);
#1687=ORIENTED_EDGE('',*,*,#2889,.T.);
#1688=ORIENTED_EDGE('',*,*,#2938,.F.);
#1689=ORIENTED_EDGE('',*,*,#2939,.F.);
#1690=ORIENTED_EDGE('',*,*,#2936,.T.);
#1691=ORIENTED_EDGE('',*,*,#2888,.T.);
#1692=ORIENTED_EDGE('',*,*,#2940,.F.);
#1693=ORIENTED_EDGE('',*,*,#2941,.F.);
#1694=ORIENTED_EDGE('',*,*,#2938,.T.);
#1695=ORIENTED_EDGE('',*,*,#2887,.T.);
#1696=ORIENTED_EDGE('',*,*,#2942,.F.);
#1697=ORIENTED_EDGE('',*,*,#2943,.F.);
#1698=ORIENTED_EDGE('',*,*,#2940,.T.);
#1699=ORIENTED_EDGE('',*,*,#2886,.T.);
#1700=ORIENTED_EDGE('',*,*,#2944,.F.);
#1701=ORIENTED_EDGE('',*,*,#2945,.F.);
#1702=ORIENTED_EDGE('',*,*,#2942,.T.);
#1703=ORIENTED_EDGE('',*,*,#2885,.T.);
#1704=ORIENTED_EDGE('',*,*,#2946,.F.);
#1705=ORIENTED_EDGE('',*,*,#2947,.F.);
#1706=ORIENTED_EDGE('',*,*,#2944,.T.);
#1707=ORIENTED_EDGE('',*,*,#2884,.T.);
#1708=ORIENTED_EDGE('',*,*,#2931,.F.);
#1709=ORIENTED_EDGE('',*,*,#2948,.F.);
#1710=ORIENTED_EDGE('',*,*,#2946,.T.);
#1711=ORIENTED_EDGE('',*,*,#2930,.T.);
#1712=ORIENTED_EDGE('',*,*,#2933,.T.);
#1713=ORIENTED_EDGE('',*,*,#2935,.T.);
#1714=ORIENTED_EDGE('',*,*,#2937,.T.);
#1715=ORIENTED_EDGE('',*,*,#2939,.T.);
#1716=ORIENTED_EDGE('',*,*,#2941,.T.);
#1717=ORIENTED_EDGE('',*,*,#2943,.T.);
#1718=ORIENTED_EDGE('',*,*,#2945,.T.);
#1719=ORIENTED_EDGE('',*,*,#2947,.T.);
#1720=ORIENTED_EDGE('',*,*,#2948,.T.);
#1721=ORIENTED_EDGE('',*,*,#2872,.T.);
#1722=ORIENTED_EDGE('',*,*,#2949,.F.);
#1723=ORIENTED_EDGE('',*,*,#2950,.F.);
#1724=ORIENTED_EDGE('',*,*,#2951,.T.);
#1725=ORIENTED_EDGE('',*,*,#2882,.T.);
#1726=ORIENTED_EDGE('',*,*,#2952,.F.);
#1727=ORIENTED_EDGE('',*,*,#2953,.F.);
#1728=ORIENTED_EDGE('',*,*,#2949,.T.);
#1729=ORIENTED_EDGE('',*,*,#2881,.T.);
#1730=ORIENTED_EDGE('',*,*,#2954,.F.);
#1731=ORIENTED_EDGE('',*,*,#2955,.F.);
#1732=ORIENTED_EDGE('',*,*,#2952,.T.);
#1733=ORIENTED_EDGE('',*,*,#2880,.T.);
#1734=ORIENTED_EDGE('',*,*,#2956,.F.);
#1735=ORIENTED_EDGE('',*,*,#2957,.F.);
#1736=ORIENTED_EDGE('',*,*,#2954,.T.);
#1737=ORIENTED_EDGE('',*,*,#2879,.T.);
#1738=ORIENTED_EDGE('',*,*,#2958,.F.);
#1739=ORIENTED_EDGE('',*,*,#2959,.F.);
#1740=ORIENTED_EDGE('',*,*,#2956,.T.);
#1741=ORIENTED_EDGE('',*,*,#2878,.T.);
#1742=ORIENTED_EDGE('',*,*,#2960,.F.);
#1743=ORIENTED_EDGE('',*,*,#2961,.F.);
#1744=ORIENTED_EDGE('',*,*,#2958,.T.);
#1745=ORIENTED_EDGE('',*,*,#2877,.T.);
#1746=ORIENTED_EDGE('',*,*,#2962,.F.);
#1747=ORIENTED_EDGE('',*,*,#2963,.F.);
#1748=ORIENTED_EDGE('',*,*,#2960,.T.);
#1749=ORIENTED_EDGE('',*,*,#2876,.T.);
#1750=ORIENTED_EDGE('',*,*,#2964,.F.);
#1751=ORIENTED_EDGE('',*,*,#2965,.F.);
#1752=ORIENTED_EDGE('',*,*,#2962,.T.);
#1753=ORIENTED_EDGE('',*,*,#2875,.T.);
#1754=ORIENTED_EDGE('',*,*,#2966,.F.);
#1755=ORIENTED_EDGE('',*,*,#2967,.F.);
#1756=ORIENTED_EDGE('',*,*,#2964,.T.);
#1757=ORIENTED_EDGE('',*,*,#2874,.T.);
#1758=ORIENTED_EDGE('',*,*,#2968,.F.);
#1759=ORIENTED_EDGE('',*,*,#2969,.F.);
#1760=ORIENTED_EDGE('',*,*,#2966,.T.);
#1761=ORIENTED_EDGE('',*,*,#2873,.T.);
#1762=ORIENTED_EDGE('',*,*,#2951,.F.);
#1763=ORIENTED_EDGE('',*,*,#2970,.F.);
#1764=ORIENTED_EDGE('',*,*,#2968,.T.);
#1765=ORIENTED_EDGE('',*,*,#2950,.T.);
#1766=ORIENTED_EDGE('',*,*,#2953,.T.);
#1767=ORIENTED_EDGE('',*,*,#2955,.T.);
#1768=ORIENTED_EDGE('',*,*,#2957,.T.);
#1769=ORIENTED_EDGE('',*,*,#2959,.T.);
#1770=ORIENTED_EDGE('',*,*,#2961,.T.);
#1771=ORIENTED_EDGE('',*,*,#2963,.T.);
#1772=ORIENTED_EDGE('',*,*,#2965,.T.);
#1773=ORIENTED_EDGE('',*,*,#2967,.T.);
#1774=ORIENTED_EDGE('',*,*,#2969,.T.);
#1775=ORIENTED_EDGE('',*,*,#2970,.T.);
#1776=ORIENTED_EDGE('',*,*,#2856,.T.);
#1777=ORIENTED_EDGE('',*,*,#2971,.F.);
#1778=ORIENTED_EDGE('',*,*,#2972,.F.);
#1779=ORIENTED_EDGE('',*,*,#2973,.T.);
#1780=ORIENTED_EDGE('',*,*,#2871,.T.);
#1781=ORIENTED_EDGE('',*,*,#2974,.F.);
#1782=ORIENTED_EDGE('',*,*,#2975,.F.);
#1783=ORIENTED_EDGE('',*,*,#2971,.T.);
#1784=ORIENTED_EDGE('',*,*,#2870,.T.);
#1785=ORIENTED_EDGE('',*,*,#2976,.F.);
#1786=ORIENTED_EDGE('',*,*,#2977,.F.);
#1787=ORIENTED_EDGE('',*,*,#2974,.T.);
#1788=ORIENTED_EDGE('',*,*,#2869,.F.);
#1789=ORIENTED_EDGE('',*,*,#2978,.F.);
#1790=ORIENTED_EDGE('',*,*,#2979,.T.);
#1791=ORIENTED_EDGE('',*,*,#2976,.T.);
#1792=ORIENTED_EDGE('',*,*,#2868,.T.);
#1793=ORIENTED_EDGE('',*,*,#2980,.F.);
#1794=ORIENTED_EDGE('',*,*,#2981,.F.);
#1795=ORIENTED_EDGE('',*,*,#2978,.T.);
#1796=ORIENTED_EDGE('',*,*,#2867,.T.);
#1797=ORIENTED_EDGE('',*,*,#2982,.F.);
#1798=ORIENTED_EDGE('',*,*,#2983,.F.);
#1799=ORIENTED_EDGE('',*,*,#2980,.T.);
#1800=ORIENTED_EDGE('',*,*,#2866,.T.);
#1801=ORIENTED_EDGE('',*,*,#2984,.F.);
#1802=ORIENTED_EDGE('',*,*,#2985,.F.);
#1803=ORIENTED_EDGE('',*,*,#2982,.T.);
#1804=ORIENTED_EDGE('',*,*,#2865,.T.);
#1805=ORIENTED_EDGE('',*,*,#2986,.F.);
#1806=ORIENTED_EDGE('',*,*,#2987,.F.);
#1807=ORIENTED_EDGE('',*,*,#2984,.T.);
#1808=ORIENTED_EDGE('',*,*,#2864,.T.);
#1809=ORIENTED_EDGE('',*,*,#2988,.F.);
#1810=ORIENTED_EDGE('',*,*,#2989,.F.);
#1811=ORIENTED_EDGE('',*,*,#2986,.T.);
#1812=ORIENTED_EDGE('',*,*,#2863,.T.);
#1813=ORIENTED_EDGE('',*,*,#2990,.F.);
#1814=ORIENTED_EDGE('',*,*,#2991,.F.);
#1815=ORIENTED_EDGE('',*,*,#2988,.T.);
#1816=ORIENTED_EDGE('',*,*,#2862,.T.);
#1817=ORIENTED_EDGE('',*,*,#2992,.F.);
#1818=ORIENTED_EDGE('',*,*,#2993,.F.);
#1819=ORIENTED_EDGE('',*,*,#2990,.T.);
#1820=ORIENTED_EDGE('',*,*,#2861,.F.);
#1821=ORIENTED_EDGE('',*,*,#2994,.F.);
#1822=ORIENTED_EDGE('',*,*,#2995,.T.);
#1823=ORIENTED_EDGE('',*,*,#2992,.T.);
#1824=ORIENTED_EDGE('',*,*,#2860,.T.);
#1825=ORIENTED_EDGE('',*,*,#2996,.F.);
#1826=ORIENTED_EDGE('',*,*,#2997,.F.);
#1827=ORIENTED_EDGE('',*,*,#2994,.T.);
#1828=ORIENTED_EDGE('',*,*,#2859,.T.);
#1829=ORIENTED_EDGE('',*,*,#2998,.F.);
#1830=ORIENTED_EDGE('',*,*,#2999,.F.);
#1831=ORIENTED_EDGE('',*,*,#2996,.T.);
#1832=ORIENTED_EDGE('',*,*,#2858,.T.);
#1833=ORIENTED_EDGE('',*,*,#3000,.F.);
#1834=ORIENTED_EDGE('',*,*,#3001,.F.);
#1835=ORIENTED_EDGE('',*,*,#2998,.T.);
#1836=ORIENTED_EDGE('',*,*,#2857,.T.);
#1837=ORIENTED_EDGE('',*,*,#2973,.F.);
#1838=ORIENTED_EDGE('',*,*,#3002,.F.);
#1839=ORIENTED_EDGE('',*,*,#3000,.T.);
#1840=ORIENTED_EDGE('',*,*,#2972,.T.);
#1841=ORIENTED_EDGE('',*,*,#2975,.T.);
#1842=ORIENTED_EDGE('',*,*,#2977,.T.);
#1843=ORIENTED_EDGE('',*,*,#2979,.F.);
#1844=ORIENTED_EDGE('',*,*,#2981,.T.);
#1845=ORIENTED_EDGE('',*,*,#2983,.T.);
#1846=ORIENTED_EDGE('',*,*,#2985,.T.);
#1847=ORIENTED_EDGE('',*,*,#2987,.T.);
#1848=ORIENTED_EDGE('',*,*,#2989,.T.);
#1849=ORIENTED_EDGE('',*,*,#2991,.T.);
#1850=ORIENTED_EDGE('',*,*,#2993,.T.);
#1851=ORIENTED_EDGE('',*,*,#2995,.F.);
#1852=ORIENTED_EDGE('',*,*,#2997,.T.);
#1853=ORIENTED_EDGE('',*,*,#2999,.T.);
#1854=ORIENTED_EDGE('',*,*,#3001,.T.);
#1855=ORIENTED_EDGE('',*,*,#3002,.T.);
#1856=ORIENTED_EDGE('',*,*,#2848,.T.);
#1857=ORIENTED_EDGE('',*,*,#3003,.F.);
#1858=ORIENTED_EDGE('',*,*,#3004,.F.);
#1859=ORIENTED_EDGE('',*,*,#3005,.T.);
#1860=ORIENTED_EDGE('',*,*,#2855,.T.);
#1861=ORIENTED_EDGE('',*,*,#3006,.F.);
#1862=ORIENTED_EDGE('',*,*,#3007,.F.);
#1863=ORIENTED_EDGE('',*,*,#3003,.T.);
#1864=ORIENTED_EDGE('',*,*,#2854,.T.);
#1865=ORIENTED_EDGE('',*,*,#3008,.F.);
#1866=ORIENTED_EDGE('',*,*,#3009,.F.);
#1867=ORIENTED_EDGE('',*,*,#3006,.T.);
#1868=ORIENTED_EDGE('',*,*,#2853,.T.);
#1869=ORIENTED_EDGE('',*,*,#3010,.F.);
#1870=ORIENTED_EDGE('',*,*,#3011,.F.);
#1871=ORIENTED_EDGE('',*,*,#3008,.T.);
#1872=ORIENTED_EDGE('',*,*,#2852,.T.);
#1873=ORIENTED_EDGE('',*,*,#3012,.F.);
#1874=ORIENTED_EDGE('',*,*,#3013,.F.);
#1875=ORIENTED_EDGE('',*,*,#3010,.T.);
#1876=ORIENTED_EDGE('',*,*,#2851,.F.);
#1877=ORIENTED_EDGE('',*,*,#3014,.F.);
#1878=ORIENTED_EDGE('',*,*,#3015,.T.);
#1879=ORIENTED_EDGE('',*,*,#3012,.T.);
#1880=ORIENTED_EDGE('',*,*,#2850,.T.);
#1881=ORIENTED_EDGE('',*,*,#3016,.F.);
#1882=ORIENTED_EDGE('',*,*,#3017,.F.);
#1883=ORIENTED_EDGE('',*,*,#3014,.T.);
#1884=ORIENTED_EDGE('',*,*,#2849,.T.);
#1885=ORIENTED_EDGE('',*,*,#3005,.F.);
#1886=ORIENTED_EDGE('',*,*,#3018,.F.);
#1887=ORIENTED_EDGE('',*,*,#3016,.T.);
#1888=ORIENTED_EDGE('',*,*,#3004,.T.);
#1889=ORIENTED_EDGE('',*,*,#3007,.T.);
#1890=ORIENTED_EDGE('',*,*,#3009,.T.);
#1891=ORIENTED_EDGE('',*,*,#3011,.T.);
#1892=ORIENTED_EDGE('',*,*,#3013,.T.);
#1893=ORIENTED_EDGE('',*,*,#3015,.F.);
#1894=ORIENTED_EDGE('',*,*,#3017,.T.);
#1895=ORIENTED_EDGE('',*,*,#3018,.T.);
#1896=ORIENTED_EDGE('',*,*,#2840,.T.);
#1897=ORIENTED_EDGE('',*,*,#3019,.F.);
#1898=ORIENTED_EDGE('',*,*,#3020,.F.);
#1899=ORIENTED_EDGE('',*,*,#3021,.T.);
#1900=ORIENTED_EDGE('',*,*,#2847,.T.);
#1901=ORIENTED_EDGE('',*,*,#3022,.F.);
#1902=ORIENTED_EDGE('',*,*,#3023,.F.);
#1903=ORIENTED_EDGE('',*,*,#3019,.T.);
#1904=ORIENTED_EDGE('',*,*,#2846,.T.);
#1905=ORIENTED_EDGE('',*,*,#3024,.F.);
#1906=ORIENTED_EDGE('',*,*,#3025,.F.);
#1907=ORIENTED_EDGE('',*,*,#3022,.T.);
#1908=ORIENTED_EDGE('',*,*,#2845,.T.);
#1909=ORIENTED_EDGE('',*,*,#3026,.F.);
#1910=ORIENTED_EDGE('',*,*,#3027,.F.);
#1911=ORIENTED_EDGE('',*,*,#3024,.T.);
#1912=ORIENTED_EDGE('',*,*,#2844,.T.);
#1913=ORIENTED_EDGE('',*,*,#3028,.F.);
#1914=ORIENTED_EDGE('',*,*,#3029,.F.);
#1915=ORIENTED_EDGE('',*,*,#3026,.T.);
#1916=ORIENTED_EDGE('',*,*,#2843,.T.);
#1917=ORIENTED_EDGE('',*,*,#3030,.F.);
#1918=ORIENTED_EDGE('',*,*,#3031,.F.);
#1919=ORIENTED_EDGE('',*,*,#3028,.T.);
#1920=ORIENTED_EDGE('',*,*,#2842,.F.);
#1921=ORIENTED_EDGE('',*,*,#3032,.F.);
#1922=ORIENTED_EDGE('',*,*,#3033,.T.);
#1923=ORIENTED_EDGE('',*,*,#3030,.T.);
#1924=ORIENTED_EDGE('',*,*,#2841,.T.);
#1925=ORIENTED_EDGE('',*,*,#3021,.F.);
#1926=ORIENTED_EDGE('',*,*,#3034,.F.);
#1927=ORIENTED_EDGE('',*,*,#3032,.T.);
#1928=ORIENTED_EDGE('',*,*,#3020,.T.);
#1929=ORIENTED_EDGE('',*,*,#3023,.T.);
#1930=ORIENTED_EDGE('',*,*,#3025,.T.);
#1931=ORIENTED_EDGE('',*,*,#3027,.T.);
#1932=ORIENTED_EDGE('',*,*,#3029,.T.);
#1933=ORIENTED_EDGE('',*,*,#3031,.T.);
#1934=ORIENTED_EDGE('',*,*,#3033,.F.);
#1935=ORIENTED_EDGE('',*,*,#3034,.T.);
#1936=ORIENTED_EDGE('',*,*,#3035,.F.);
#1937=ORIENTED_EDGE('',*,*,#2839,.T.);
#1938=ORIENTED_EDGE('',*,*,#3035,.T.);
#1939=ORIENTED_EDGE('',*,*,#2833,.T.);
#1940=ORIENTED_EDGE('',*,*,#3036,.F.);
#1941=ORIENTED_EDGE('',*,*,#3037,.F.);
#1942=ORIENTED_EDGE('',*,*,#3038,.T.);
#1943=ORIENTED_EDGE('',*,*,#2838,.T.);
#1944=ORIENTED_EDGE('',*,*,#3039,.F.);
#1945=ORIENTED_EDGE('',*,*,#3040,.F.);
#1946=ORIENTED_EDGE('',*,*,#3036,.T.);
#1947=ORIENTED_EDGE('',*,*,#2837,.T.);
#1948=ORIENTED_EDGE('',*,*,#3041,.F.);
#1949=ORIENTED_EDGE('',*,*,#3042,.F.);
#1950=ORIENTED_EDGE('',*,*,#3039,.T.);
#1951=ORIENTED_EDGE('',*,*,#2836,.F.);
#1952=ORIENTED_EDGE('',*,*,#3043,.F.);
#1953=ORIENTED_EDGE('',*,*,#3044,.T.);
#1954=ORIENTED_EDGE('',*,*,#3041,.T.);
#1955=ORIENTED_EDGE('',*,*,#2835,.T.);
#1956=ORIENTED_EDGE('',*,*,#3045,.F.);
#1957=ORIENTED_EDGE('',*,*,#3046,.F.);
#1958=ORIENTED_EDGE('',*,*,#3043,.T.);
#1959=ORIENTED_EDGE('',*,*,#2834,.T.);
#1960=ORIENTED_EDGE('',*,*,#3038,.F.);
#1961=ORIENTED_EDGE('',*,*,#3047,.F.);
#1962=ORIENTED_EDGE('',*,*,#3045,.T.);
#1963=ORIENTED_EDGE('',*,*,#3037,.T.);
#1964=ORIENTED_EDGE('',*,*,#3040,.T.);
#1965=ORIENTED_EDGE('',*,*,#3042,.T.);
#1966=ORIENTED_EDGE('',*,*,#3044,.F.);
#1967=ORIENTED_EDGE('',*,*,#3046,.T.);
#1968=ORIENTED_EDGE('',*,*,#3047,.T.);
#1969=ORIENTED_EDGE('',*,*,#2827,.T.);
#1970=ORIENTED_EDGE('',*,*,#3048,.F.);
#1971=ORIENTED_EDGE('',*,*,#3049,.F.);
#1972=ORIENTED_EDGE('',*,*,#3050,.T.);
#1973=ORIENTED_EDGE('',*,*,#2832,.T.);
#1974=ORIENTED_EDGE('',*,*,#3051,.F.);
#1975=ORIENTED_EDGE('',*,*,#3052,.F.);
#1976=ORIENTED_EDGE('',*,*,#3048,.T.);
#1977=ORIENTED_EDGE('',*,*,#2831,.T.);
#1978=ORIENTED_EDGE('',*,*,#3053,.F.);
#1979=ORIENTED_EDGE('',*,*,#3054,.F.);
#1980=ORIENTED_EDGE('',*,*,#3051,.T.);
#1981=ORIENTED_EDGE('',*,*,#2830,.T.);
#1982=ORIENTED_EDGE('',*,*,#3055,.F.);
#1983=ORIENTED_EDGE('',*,*,#3056,.F.);
#1984=ORIENTED_EDGE('',*,*,#3053,.T.);
#1985=ORIENTED_EDGE('',*,*,#2829,.T.);
#1986=ORIENTED_EDGE('',*,*,#3057,.F.);
#1987=ORIENTED_EDGE('',*,*,#3058,.F.);
#1988=ORIENTED_EDGE('',*,*,#3055,.T.);
#1989=ORIENTED_EDGE('',*,*,#2828,.F.);
#1990=ORIENTED_EDGE('',*,*,#3050,.F.);
#1991=ORIENTED_EDGE('',*,*,#3059,.T.);
#1992=ORIENTED_EDGE('',*,*,#3057,.T.);
#1993=ORIENTED_EDGE('',*,*,#3049,.T.);
#1994=ORIENTED_EDGE('',*,*,#3052,.T.);
#1995=ORIENTED_EDGE('',*,*,#3054,.T.);
#1996=ORIENTED_EDGE('',*,*,#3056,.T.);
#1997=ORIENTED_EDGE('',*,*,#3058,.T.);
#1998=ORIENTED_EDGE('',*,*,#3059,.F.);
#1999=ORIENTED_EDGE('',*,*,#3060,.F.);
#2000=ORIENTED_EDGE('',*,*,#3061,.T.);
#2001=ORIENTED_EDGE('',*,*,#3062,.F.);
#2002=ORIENTED_EDGE('',*,*,#3063,.F.);
#2003=ORIENTED_EDGE('',*,*,#3064,.F.);
#2004=ORIENTED_EDGE('',*,*,#3065,.T.);
#2005=ORIENTED_EDGE('',*,*,#3066,.T.);
#2006=ORIENTED_EDGE('',*,*,#3067,.F.);
#2007=ORIENTED_EDGE('',*,*,#3061,.F.);
#2008=ORIENTED_EDGE('',*,*,#3068,.F.);
#2009=ORIENTED_EDGE('',*,*,#3069,.F.);
#2010=ORIENTED_EDGE('',*,*,#3070,.T.);
#2011=ORIENTED_EDGE('',*,*,#3071,.F.);
#2012=ORIENTED_EDGE('',*,*,#3066,.F.);
#2013=ORIENTED_EDGE('',*,*,#3072,.F.);
#2014=ORIENTED_EDGE('',*,*,#3073,.F.);
#2015=ORIENTED_EDGE('',*,*,#3074,.F.);
#2016=ORIENTED_EDGE('',*,*,#3069,.T.);
#2017=ORIENTED_EDGE('',*,*,#3075,.T.);
#2018=ORIENTED_EDGE('',*,*,#3064,.T.);
#2019=ORIENTED_EDGE('',*,*,#3076,.F.);
#2020=ORIENTED_EDGE('',*,*,#3077,.T.);
#2021=ORIENTED_EDGE('',*,*,#3078,.T.);
#2022=ORIENTED_EDGE('',*,*,#3079,.T.);
#2023=ORIENTED_EDGE('',*,*,#3080,.T.);
#2024=ORIENTED_EDGE('',*,*,#3081,.T.);
#2025=ORIENTED_EDGE('',*,*,#3082,.T.);
#2026=ORIENTED_EDGE('',*,*,#3083,.T.);
#2027=ORIENTED_EDGE('',*,*,#3084,.F.);
#2028=ORIENTED_EDGE('',*,*,#3085,.F.);
#2029=ORIENTED_EDGE('',*,*,#3086,.T.);
#2030=ORIENTED_EDGE('',*,*,#3087,.F.);
#2031=ORIENTED_EDGE('',*,*,#3081,.F.);
#2032=ORIENTED_EDGE('',*,*,#3088,.T.);
#2033=ORIENTED_EDGE('',*,*,#3089,.T.);
#2034=ORIENTED_EDGE('',*,*,#3090,.F.);
#2035=ORIENTED_EDGE('',*,*,#3091,.T.);
#2036=ORIENTED_EDGE('',*,*,#3092,.F.);
#2037=ORIENTED_EDGE('',*,*,#3079,.F.);
#2038=ORIENTED_EDGE('',*,*,#3093,.T.);
#2039=ORIENTED_EDGE('',*,*,#3094,.T.);
#2040=ORIENTED_EDGE('',*,*,#3095,.T.);
#2041=ORIENTED_EDGE('',*,*,#3096,.F.);
#2042=ORIENTED_EDGE('',*,*,#3097,.T.);
#2043=ORIENTED_EDGE('',*,*,#3098,.F.);
#2044=ORIENTED_EDGE('',*,*,#3099,.F.);
#2045=ORIENTED_EDGE('',*,*,#3086,.F.);
#2046=ORIENTED_EDGE('',*,*,#3100,.F.);
#2047=ORIENTED_EDGE('',*,*,#3101,.F.);
#2048=ORIENTED_EDGE('',*,*,#3102,.F.);
#2049=ORIENTED_EDGE('',*,*,#3103,.F.);
#2050=ORIENTED_EDGE('',*,*,#3104,.F.);
#2051=ORIENTED_EDGE('',*,*,#3105,.F.);
#2052=ORIENTED_EDGE('',*,*,#3106,.F.);
#2053=ORIENTED_EDGE('',*,*,#3107,.F.);
#2054=ORIENTED_EDGE('',*,*,#3108,.F.);
#2055=ORIENTED_EDGE('',*,*,#3094,.F.);
#2056=ORIENTED_EDGE('',*,*,#3109,.F.);
#2057=ORIENTED_EDGE('',*,*,#3110,.F.);
#2058=ORIENTED_EDGE('',*,*,#3111,.T.);
#2059=ORIENTED_EDGE('',*,*,#3112,.F.);
#2060=ORIENTED_EDGE('',*,*,#3113,.T.);
#2061=ORIENTED_EDGE('',*,*,#3114,.T.);
#2062=ORIENTED_EDGE('',*,*,#3115,.F.);
#2063=ORIENTED_EDGE('',*,*,#3112,.T.);
#2064=ORIENTED_EDGE('',*,*,#3116,.F.);
#2065=ORIENTED_EDGE('',*,*,#3117,.T.);
#2066=ORIENTED_EDGE('',*,*,#3118,.T.);
#2067=ORIENTED_EDGE('',*,*,#3119,.F.);
#2068=ORIENTED_EDGE('',*,*,#3120,.F.);
#2069=ORIENTED_EDGE('',*,*,#3121,.T.);
#2070=ORIENTED_EDGE('',*,*,#3110,.T.);
#2071=ORIENTED_EDGE('',*,*,#3122,.T.);
#2072=ORIENTED_EDGE('',*,*,#3123,.F.);
#2073=ORIENTED_EDGE('',*,*,#3114,.F.);
#2074=ORIENTED_EDGE('',*,*,#3124,.F.);
#2075=ORIENTED_EDGE('',*,*,#3125,.T.);
#2076=ORIENTED_EDGE('',*,*,#3126,.T.);
#2077=ORIENTED_EDGE('',*,*,#3127,.F.);
#2078=ORIENTED_EDGE('',*,*,#3128,.T.);
#2079=ORIENTED_EDGE('',*,*,#3129,.F.);
#2080=ORIENTED_EDGE('',*,*,#3130,.T.);
#2081=ORIENTED_EDGE('',*,*,#3131,.F.);
#2082=ORIENTED_EDGE('',*,*,#3132,.T.);
#2083=ORIENTED_EDGE('',*,*,#3133,.T.);
#2084=ORIENTED_EDGE('',*,*,#3117,.F.);
#2085=ORIENTED_EDGE('',*,*,#3129,.T.);
#2086=ORIENTED_EDGE('',*,*,#3134,.T.);
#2087=ORIENTED_EDGE('',*,*,#3135,.F.);
#2088=ORIENTED_EDGE('',*,*,#3076,.T.);
#2089=ORIENTED_EDGE('',*,*,#3063,.T.);
#2090=ORIENTED_EDGE('',*,*,#3136,.T.);
#2091=ORIENTED_EDGE('',*,*,#3137,.F.);
#2092=ORIENTED_EDGE('',*,*,#3122,.F.);
#2093=ORIENTED_EDGE('',*,*,#3109,.T.);
#2094=ORIENTED_EDGE('',*,*,#3093,.F.);
#2095=ORIENTED_EDGE('',*,*,#3078,.F.);
#2096=ORIENTED_EDGE('',*,*,#3138,.T.);
#2097=ORIENTED_EDGE('',*,*,#3139,.T.);
#2098=ORIENTED_EDGE('',*,*,#3140,.T.);
#2099=ORIENTED_EDGE('',*,*,#3138,.F.);
#2100=ORIENTED_EDGE('',*,*,#3077,.F.);
#2101=ORIENTED_EDGE('',*,*,#3135,.T.);
#2102=ORIENTED_EDGE('',*,*,#3141,.T.);
#2103=ORIENTED_EDGE('',*,*,#3142,.T.);
#2104=ORIENTED_EDGE('',*,*,#3131,.T.);
#2105=ORIENTED_EDGE('',*,*,#3143,.T.);
#2106=ORIENTED_EDGE('',*,*,#3070,.F.);
#2107=ORIENTED_EDGE('',*,*,#3084,.T.);
#2108=ORIENTED_EDGE('',*,*,#3144,.F.);
#2109=ORIENTED_EDGE('',*,*,#3141,.F.);
#2110=ORIENTED_EDGE('',*,*,#3083,.F.);
#2111=ORIENTED_EDGE('',*,*,#3145,.T.);
#2112=ORIENTED_EDGE('',*,*,#3126,.F.);
#2113=ORIENTED_EDGE('',*,*,#3146,.F.);
#2114=ORIENTED_EDGE('',*,*,#3145,.F.);
#2115=ORIENTED_EDGE('',*,*,#3082,.F.);
#2116=ORIENTED_EDGE('',*,*,#3087,.T.);
#2117=ORIENTED_EDGE('',*,*,#3115,.T.);
#2118=ORIENTED_EDGE('',*,*,#3092,.T.);
#2119=ORIENTED_EDGE('',*,*,#3147,.F.);
#2120=ORIENTED_EDGE('',*,*,#3088,.F.);
#2121=ORIENTED_EDGE('',*,*,#3080,.F.);
#2122=ORIENTED_EDGE('',*,*,#3148,.T.);
#2123=ORIENTED_EDGE('',*,*,#3149,.T.);
#2124=ORIENTED_EDGE('',*,*,#3062,.T.);
#2125=ORIENTED_EDGE('',*,*,#3067,.T.);
#2126=ORIENTED_EDGE('',*,*,#3071,.T.);
#2127=ORIENTED_EDGE('',*,*,#3143,.F.);
#2128=ORIENTED_EDGE('',*,*,#3130,.F.);
#2129=ORIENTED_EDGE('',*,*,#3136,.F.);
#2130=ORIENTED_EDGE('',*,*,#3146,.T.);
#2131=ORIENTED_EDGE('',*,*,#3125,.F.);
#2132=ORIENTED_EDGE('',*,*,#3150,.F.);
#2133=ORIENTED_EDGE('',*,*,#3132,.F.);
#2134=ORIENTED_EDGE('',*,*,#3142,.F.);
#2135=ORIENTED_EDGE('',*,*,#3144,.T.);
#2136=ORIENTED_EDGE('',*,*,#3151,.F.);
#2137=ORIENTED_EDGE('',*,*,#3123,.T.);
#2138=ORIENTED_EDGE('',*,*,#3137,.T.);
#2139=ORIENTED_EDGE('',*,*,#3140,.F.);
#2140=ORIENTED_EDGE('',*,*,#3134,.F.);
#2141=ORIENTED_EDGE('',*,*,#3128,.F.);
#2142=ORIENTED_EDGE('',*,*,#3152,.T.);
#2143=ORIENTED_EDGE('',*,*,#3120,.T.);
#2144=ORIENTED_EDGE('',*,*,#3113,.F.);
#2145=ORIENTED_EDGE('',*,*,#3118,.F.);
#2146=ORIENTED_EDGE('',*,*,#3153,.T.);
#2147=ORIENTED_EDGE('',*,*,#3124,.T.);
#2148=ORIENTED_EDGE('',*,*,#3133,.F.);
#2149=ORIENTED_EDGE('',*,*,#3150,.T.);
#2150=ORIENTED_EDGE('',*,*,#3153,.F.);
#2151=ORIENTED_EDGE('',*,*,#3111,.F.);
#2152=ORIENTED_EDGE('',*,*,#3121,.F.);
#2153=ORIENTED_EDGE('',*,*,#3154,.T.);
#2154=ORIENTED_EDGE('',*,*,#3116,.T.);
#2155=ORIENTED_EDGE('',*,*,#3152,.F.);
#2156=ORIENTED_EDGE('',*,*,#3127,.T.);
#2157=ORIENTED_EDGE('',*,*,#3154,.F.);
#2158=ORIENTED_EDGE('',*,*,#3155,.T.);
#2159=ORIENTED_EDGE('',*,*,#3149,.F.);
#2160=ORIENTED_EDGE('',*,*,#3156,.T.);
#2161=ORIENTED_EDGE('',*,*,#3155,.F.);
#2162=ORIENTED_EDGE('',*,*,#3074,.T.);
#2163=ORIENTED_EDGE('',*,*,#3156,.F.);
#2164=ORIENTED_EDGE('',*,*,#3157,.T.);
#2165=ORIENTED_EDGE('',*,*,#3148,.F.);
#2166=ORIENTED_EDGE('',*,*,#3158,.T.);
#2167=ORIENTED_EDGE('',*,*,#3157,.F.);
#2168=ORIENTED_EDGE('',*,*,#3073,.T.);
#2169=ORIENTED_EDGE('',*,*,#3158,.F.);
#2170=ORIENTED_EDGE('',*,*,#3098,.T.);
#2171=ORIENTED_EDGE('',*,*,#3159,.F.);
#2172=ORIENTED_EDGE('',*,*,#3160,.T.);
#2173=ORIENTED_EDGE('',*,*,#3161,.F.);
#2174=ORIENTED_EDGE('',*,*,#3072,.T.);
#2175=ORIENTED_EDGE('',*,*,#3095,.F.);
#2176=ORIENTED_EDGE('',*,*,#3162,.T.);
#2177=ORIENTED_EDGE('',*,*,#3139,.F.);
#2178=ORIENTED_EDGE('',*,*,#3162,.F.);
#2179=ORIENTED_EDGE('',*,*,#3119,.T.);
#2180=ORIENTED_EDGE('',*,*,#3151,.T.);
#2181=ORIENTED_EDGE('',*,*,#3163,.F.);
#2182=ORIENTED_EDGE('',*,*,#3163,.T.);
#2183=ORIENTED_EDGE('',*,*,#3159,.T.);
#2184=ORIENTED_EDGE('',*,*,#3097,.F.);
#2185=ORIENTED_EDGE('',*,*,#3164,.F.);
#2186=ORIENTED_EDGE('',*,*,#3165,.T.);
#2187=ORIENTED_EDGE('',*,*,#3161,.T.);
#2188=ORIENTED_EDGE('',*,*,#3166,.F.);
#2189=ORIENTED_EDGE('',*,*,#3167,.F.);
#2190=ORIENTED_EDGE('',*,*,#3099,.T.);
#2191=ORIENTED_EDGE('',*,*,#3160,.F.);
#2192=ORIENTED_EDGE('',*,*,#3165,.F.);
#2193=ORIENTED_EDGE('',*,*,#3168,.T.);
#2194=ORIENTED_EDGE('',*,*,#3166,.T.);
#2195=ORIENTED_EDGE('',*,*,#3164,.T.);
#2196=ORIENTED_EDGE('',*,*,#3096,.T.);
#2197=ORIENTED_EDGE('',*,*,#3167,.T.);
#2198=ORIENTED_EDGE('',*,*,#3168,.F.);
#2199=ORIENTED_EDGE('',*,*,#3100,.T.);
#2200=ORIENTED_EDGE('',*,*,#3085,.T.);
#2201=ORIENTED_EDGE('',*,*,#3169,.F.);
#2202=ORIENTED_EDGE('',*,*,#3170,.T.);
#2203=ORIENTED_EDGE('',*,*,#3171,.F.);
#2204=ORIENTED_EDGE('',*,*,#3090,.T.);
#2205=ORIENTED_EDGE('',*,*,#3108,.T.);
#2206=ORIENTED_EDGE('',*,*,#3172,.F.);
#2207=ORIENTED_EDGE('',*,*,#3089,.F.);
#2208=ORIENTED_EDGE('',*,*,#3147,.T.);
#2209=ORIENTED_EDGE('',*,*,#3091,.F.);
#2210=ORIENTED_EDGE('',*,*,#3171,.T.);
#2211=ORIENTED_EDGE('',*,*,#3173,.T.);
#2212=ORIENTED_EDGE('',*,*,#3174,.T.);
#2213=ORIENTED_EDGE('',*,*,#3175,.T.);
#2214=ORIENTED_EDGE('',*,*,#3176,.T.);
#2215=ORIENTED_EDGE('',*,*,#3177,.T.);
#2216=ORIENTED_EDGE('',*,*,#3178,.T.);
#2217=ORIENTED_EDGE('',*,*,#3179,.T.);
#2218=ORIENTED_EDGE('',*,*,#3169,.T.);
#2219=ORIENTED_EDGE('',*,*,#3107,.T.);
#2220=ORIENTED_EDGE('',*,*,#3180,.F.);
#2221=ORIENTED_EDGE('',*,*,#3173,.F.);
#2222=ORIENTED_EDGE('',*,*,#3172,.T.);
#2223=ORIENTED_EDGE('',*,*,#3106,.T.);
#2224=ORIENTED_EDGE('',*,*,#3181,.F.);
#2225=ORIENTED_EDGE('',*,*,#3174,.F.);
#2226=ORIENTED_EDGE('',*,*,#3180,.T.);
#2227=ORIENTED_EDGE('',*,*,#3105,.T.);
#2228=ORIENTED_EDGE('',*,*,#3182,.F.);
#2229=ORIENTED_EDGE('',*,*,#3175,.F.);
#2230=ORIENTED_EDGE('',*,*,#3181,.T.);
#2231=ORIENTED_EDGE('',*,*,#3104,.T.);
#2232=ORIENTED_EDGE('',*,*,#3183,.F.);
#2233=ORIENTED_EDGE('',*,*,#3176,.F.);
#2234=ORIENTED_EDGE('',*,*,#3182,.T.);
#2235=ORIENTED_EDGE('',*,*,#3103,.T.);
#2236=ORIENTED_EDGE('',*,*,#3184,.F.);
#2237=ORIENTED_EDGE('',*,*,#3177,.F.);
#2238=ORIENTED_EDGE('',*,*,#3183,.T.);
#2239=ORIENTED_EDGE('',*,*,#3102,.T.);
#2240=ORIENTED_EDGE('',*,*,#3185,.F.);
#2241=ORIENTED_EDGE('',*,*,#3178,.F.);
#2242=ORIENTED_EDGE('',*,*,#3184,.T.);
#2243=ORIENTED_EDGE('',*,*,#3101,.T.);
#2244=ORIENTED_EDGE('',*,*,#3170,.F.);
#2245=ORIENTED_EDGE('',*,*,#3179,.F.);
#2246=ORIENTED_EDGE('',*,*,#3185,.T.);
#2247=ORIENTED_EDGE('',*,*,#3060,.T.);
#2248=ORIENTED_EDGE('',*,*,#3075,.F.);
#2249=ORIENTED_EDGE('',*,*,#3068,.T.);
#2250=ORIENTED_EDGE('',*,*,#3065,.F.);
#2251=EDGE_CURVE('',#3186,#3187,#3831,.T.);
#2252=EDGE_CURVE('',#3186,#3188,#3832,.T.);
#2253=EDGE_CURVE('',#3188,#3189,#3833,.T.);
#2254=EDGE_CURVE('',#3187,#3189,#3834,.T.);
#2255=EDGE_CURVE('',#3190,#3191,#3835,.T.);
#2256=EDGE_CURVE('',#3191,#3192,#3836,.T.);
#2257=EDGE_CURVE('',#3192,#3193,#3837,.T.);
#2258=EDGE_CURVE('',#3194,#3193,#3838,.T.);
#2259=EDGE_CURVE('',#3195,#3194,#3839,.T.);
#2260=EDGE_CURVE('',#3195,#3190,#3840,.T.);
#2261=EDGE_CURVE('',#3196,#3197,#3841,.T.);
#2262=EDGE_CURVE('',#3196,#3198,#3842,.T.);
#2263=EDGE_CURVE('',#3199,#3198,#3843,.T.);
#2264=EDGE_CURVE('',#3200,#3199,#3844,.T.);
#2265=EDGE_CURVE('',#3200,#3201,#3845,.T.);
#2266=EDGE_CURVE('',#3201,#3197,#3846,.T.);
#2267=EDGE_CURVE('',#3196,#3202,#3847,.T.);
#2268=EDGE_CURVE('',#3197,#3203,#3848,.T.);
#2269=EDGE_CURVE('',#3202,#3203,#3849,.T.);
#2270=EDGE_CURVE('',#3204,#3205,#3850,.T.);
#2271=EDGE_CURVE('',#3205,#3206,#3851,.T.);
#2272=EDGE_CURVE('',#3206,#3207,#3852,.T.);
#2273=EDGE_CURVE('',#3204,#3207,#3853,.T.);
#2274=EDGE_CURVE('',#3208,#3208,#182,.F.);
#2275=EDGE_CURVE('',#3209,#3204,#3854,.T.);
#2276=EDGE_CURVE('',#3207,#3210,#3855,.T.);
#2277=EDGE_CURVE('',#3209,#3210,#3856,.T.);
#2278=EDGE_CURVE('',#3211,#3209,#3857,.T.);
#2279=EDGE_CURVE('',#3210,#3212,#3858,.T.);
#2280=EDGE_CURVE('',#3211,#3212,#3859,.T.);
#2281=EDGE_CURVE('',#3213,#3191,#3860,.T.);
#2282=EDGE_CURVE('',#3213,#3214,#3861,.T.);
#2283=EDGE_CURVE('',#3214,#3192,#3862,.T.);
#2284=EDGE_CURVE('',#3215,#3216,#3863,.T.);
#2285=EDGE_CURVE('',#3216,#3217,#3864,.T.);
#2286=EDGE_CURVE('',#3217,#3218,#3865,.T.);
#2287=EDGE_CURVE('',#3218,#3219,#3866,.T.);
#2288=EDGE_CURVE('',#3219,#3200,#3867,.T.);
#2289=EDGE_CURVE('',#3199,#3215,#3868,.T.);
#2290=EDGE_CURVE('',#3217,#3220,#3869,.T.);
#2291=EDGE_CURVE('',#3220,#3221,#3870,.T.);
#2292=EDGE_CURVE('',#3221,#3218,#3871,.T.);
#2293=EDGE_CURVE('',#3222,#3223,#3872,.T.);
#2294=EDGE_CURVE('',#3223,#3224,#3873,.T.);
#2295=EDGE_CURVE('',#3225,#3224,#3874,.T.);
#2296=EDGE_CURVE('',#3222,#3225,#3875,.T.);
#2297=EDGE_CURVE('',#3224,#3226,#3876,.T.);
#2298=EDGE_CURVE('',#3226,#3227,#3877,.T.);
#2299=EDGE_CURVE('',#3227,#3195,#3878,.T.);
#2300=EDGE_CURVE('',#3194,#3228,#3879,.T.);
#2301=EDGE_CURVE('',#3228,#3225,#3880,.T.);
#2302=EDGE_CURVE('',#3229,#3230,#3881,.F.);
#2303=EDGE_CURVE('',#3230,#3187,#183,.T.);
#2304=EDGE_CURVE('',#3229,#3189,#184,.T.);
#2305=EDGE_CURVE('',#3231,#3232,#185,.T.);
#2306=EDGE_CURVE('',#3232,#3233,#3882,.T.);
#2307=EDGE_CURVE('',#3234,#3233,#186,.T.);
#2308=EDGE_CURVE('',#3231,#3234,#3883,.T.);
#2309=EDGE_CURVE('',#3235,#3236,#3884,.T.);
#2310=EDGE_CURVE('',#3237,#3236,#3885,.T.);
#2311=EDGE_CURVE('',#3237,#3238,#3886,.T.);
#2312=EDGE_CURVE('',#3238,#3239,#3887,.T.);
#2313=EDGE_CURVE('',#3240,#3239,#3888,.T.);
#2314=EDGE_CURVE('',#3235,#3240,#3889,.T.);
#2315=EDGE_CURVE('',#3241,#3242,#3890,.T.);
#2316=EDGE_CURVE('',#3243,#3241,#3891,.T.);
#2317=EDGE_CURVE('',#3244,#3243,#3892,.T.);
#2318=EDGE_CURVE('',#3244,#3245,#3893,.T.);
#2319=EDGE_CURVE('',#3245,#3246,#3894,.T.);
#2320=EDGE_CURVE('',#3242,#3246,#3895,.T.);
#2321=EDGE_CURVE('',#3247,#3248,#3896,.T.);
#2322=EDGE_CURVE('',#3247,#3249,#3897,.T.);
#2323=EDGE_CURVE('',#3249,#3250,#3898,.T.);
#2324=EDGE_CURVE('',#3250,#3248,#3899,.T.);
#2325=EDGE_CURVE('',#3251,#3252,#3900,.T.);
#2326=EDGE_CURVE('',#3252,#3253,#3901,.T.);
#2327=EDGE_CURVE('',#3254,#3253,#3902,.T.);
#2328=EDGE_CURVE('',#3254,#3251,#3903,.T.);
#2329=EDGE_CURVE('',#3255,#3256,#3904,.T.);
#2330=EDGE_CURVE('',#3255,#3257,#3905,.T.);
#2331=EDGE_CURVE('',#3257,#3258,#3906,.T.);
#2332=EDGE_CURVE('',#3258,#3256,#3907,.T.);
#2333=EDGE_CURVE('',#3259,#3260,#3908,.T.);
#2334=EDGE_CURVE('',#3260,#3261,#3909,.T.);
#2335=EDGE_CURVE('',#3262,#3261,#3910,.T.);
#2336=EDGE_CURVE('',#3262,#3259,#3911,.T.);
#2337=EDGE_CURVE('',#3263,#3263,#187,.T.);
#2338=EDGE_CURVE('',#3264,#3264,#188,.T.);
#2339=EDGE_CURVE('',#3265,#3265,#189,.T.);
#2340=EDGE_CURVE('',#3266,#3266,#190,.T.);
#2341=EDGE_CURVE('',#3267,#3254,#3912,.T.);
#2342=EDGE_CURVE('',#3268,#3267,#3913,.T.);
#2343=EDGE_CURVE('',#3268,#3259,#3914,.T.);
#2344=EDGE_CURVE('',#3269,#3262,#3915,.T.);
#2345=EDGE_CURVE('',#3270,#3269,#3916,.T.);
#2346=EDGE_CURVE('',#3270,#3271,#3917,.T.);
#2347=EDGE_CURVE('',#3271,#3272,#3918,.T.);
#2348=EDGE_CURVE('',#3256,#3272,#3919,.T.);
#2349=EDGE_CURVE('',#3258,#3273,#3920,.T.);
#2350=EDGE_CURVE('',#3273,#3274,#3921,.T.);
#2351=EDGE_CURVE('',#3248,#3274,#3922,.T.);
#2352=EDGE_CURVE('',#3250,#3275,#3923,.T.);
#2353=EDGE_CURVE('',#3276,#3275,#3924,.T.);
#2354=EDGE_CURVE('',#3276,#3277,#3925,.T.);
#2355=EDGE_CURVE('',#3277,#3278,#3926,.T.);
#2356=EDGE_CURVE('',#3278,#3251,#3927,.T.);
#2357=EDGE_CURVE('',#3279,#3280,#191,.T.);
#2358=EDGE_CURVE('',#3281,#3279,#192,.T.);
#2359=EDGE_CURVE('',#3282,#3281,#3928,.T.);
#2360=EDGE_CURVE('',#3283,#3282,#193,.T.);
#2361=EDGE_CURVE('',#3284,#3283,#194,.T.);
#2362=EDGE_CURVE('',#3280,#3284,#3929,.T.);
#2363=EDGE_CURVE('',#3285,#3286,#195,.T.);
#2364=EDGE_CURVE('',#3287,#3285,#196,.T.);
#2365=EDGE_CURVE('',#3288,#3287,#3930,.T.);
#2366=EDGE_CURVE('',#3289,#3288,#197,.T.);
#2367=EDGE_CURVE('',#3290,#3289,#198,.T.);
#2368=EDGE_CURVE('',#3286,#3290,#3931,.T.);
#2369=EDGE_CURVE('',#3291,#3291,#199,.T.);
#2370=EDGE_CURVE('',#3292,#3292,#200,.T.);
#2371=EDGE_CURVE('',#3293,#3219,#3932,.T.);
#2372=EDGE_CURVE('',#3293,#3245,#3933,.T.);
#2373=EDGE_CURVE('',#3294,#3244,#3934,.T.);
#2374=EDGE_CURVE('',#3294,#3295,#3935,.T.);
#2375=EDGE_CURVE('',#3296,#3295,#3936,.T.);
#2376=EDGE_CURVE('',#3297,#3296,#201,.T.);
#2377=EDGE_CURVE('',#3298,#3297,#3937,.T.);
#2378=EDGE_CURVE('',#3298,#3299,#3938,.T.);
#2379=EDGE_CURVE('',#3300,#3299,#3939,.T.);
#2380=EDGE_CURVE('',#3300,#3301,#3940,.T.);
#2381=EDGE_CURVE('',#3302,#3301,#3941,.T.);
#2382=EDGE_CURVE('',#3303,#3302,#202,.T.);
#2383=EDGE_CURVE('',#3304,#3303,#3942,.T.);
#2384=EDGE_CURVE('',#3304,#3305,#3943,.T.);
#2385=EDGE_CURVE('',#3306,#3305,#3944,.T.);
#2386=EDGE_CURVE('',#3306,#3307,#3945,.T.);
#2387=EDGE_CURVE('',#3307,#3308,#3946,.T.);
#2388=EDGE_CURVE('',#3308,#3309,#3947,.T.);
#2389=EDGE_CURVE('',#3310,#3309,#3948,.T.);
#2390=EDGE_CURVE('',#3311,#3310,#203,.T.);
#2391=EDGE_CURVE('',#3312,#3311,#3949,.T.);
#2392=EDGE_CURVE('',#3312,#3313,#3950,.T.);
#2393=EDGE_CURVE('',#3314,#3313,#3951,.T.);
#2394=EDGE_CURVE('',#3314,#3315,#3952,.T.);
#2395=EDGE_CURVE('',#3316,#3315,#3953,.T.);
#2396=EDGE_CURVE('',#3317,#3316,#204,.T.);
#2397=EDGE_CURVE('',#3318,#3317,#3954,.T.);
#2398=EDGE_CURVE('',#3318,#3319,#3955,.T.);
#2399=EDGE_CURVE('',#3319,#3201,#3956,.T.);
#2400=EDGE_CURVE('',#3320,#3320,#205,.T.);
#2401=EDGE_CURVE('',#3321,#3253,#3957,.T.);
#2402=EDGE_CURVE('',#3321,#3315,#3958,.T.);
#2403=EDGE_CURVE('',#3314,#3267,#3959,.T.);
#2404=EDGE_CURVE('',#3322,#3322,#206,.T.);
#2405=EDGE_CURVE('',#3298,#3323,#3960,.T.);
#2406=EDGE_CURVE('',#3247,#3323,#3961,.T.);
#2407=EDGE_CURVE('',#3274,#3299,#3962,.T.);
#2408=EDGE_CURVE('',#3324,#3324,#207,.T.);
#2409=EDGE_CURVE('',#3325,#3261,#3963,.T.);
#2410=EDGE_CURVE('',#3325,#3309,#3964,.T.);
#2411=EDGE_CURVE('',#3308,#3269,#3965,.T.);
#2412=EDGE_CURVE('',#3326,#3326,#208,.T.);
#2413=EDGE_CURVE('',#3304,#3327,#3966,.T.);
#2414=EDGE_CURVE('',#3255,#3327,#3967,.T.);
#2415=EDGE_CURVE('',#3272,#3305,#3968,.T.);
#2416=EDGE_CURVE('',#3239,#3328,#3969,.T.);
#2417=EDGE_CURVE('',#3228,#3328,#3970,.T.);
#2418=EDGE_CURVE('',#3193,#3329,#3971,.T.);
#2419=EDGE_CURVE('',#3330,#3329,#3972,.T.);
#2420=EDGE_CURVE('',#3240,#3330,#3973,.T.);
#2421=EDGE_CURVE('',#3329,#3277,#3974,.T.);
#2422=EDGE_CURVE('',#3330,#3276,#3975,.T.);
#2423=EDGE_CURVE('',#3331,#3241,#3976,.T.);
#2424=EDGE_CURVE('',#3332,#3331,#3977,.T.);
#2425=EDGE_CURVE('',#3243,#3332,#3978,.T.);
#2426=EDGE_CURVE('',#3333,#3331,#3979,.T.);
#2427=EDGE_CURVE('',#3333,#3334,#3980,.T.);
#2428=EDGE_CURVE('',#3334,#3202,#3981,.T.);
#2429=EDGE_CURVE('',#3203,#3335,#3982,.T.);
#2430=EDGE_CURVE('',#3336,#3335,#3983,.T.);
#2431=EDGE_CURVE('',#3332,#3336,#3984,.T.);
#2432=EDGE_CURVE('',#3337,#3338,#3985,.T.);
#2433=EDGE_CURVE('',#3337,#3339,#3986,.T.);
#2434=EDGE_CURVE('',#3339,#3340,#3987,.T.);
#2435=EDGE_CURVE('',#3338,#3340,#3988,.T.);
#2436=EDGE_CURVE('',#3335,#3341,#3989,.T.);
#2437=EDGE_CURVE('',#3342,#3341,#3990,.T.);
#2438=EDGE_CURVE('',#3336,#3342,#3991,.T.);
#2439=EDGE_CURVE('',#3343,#3344,#3992,.T.);
#2440=EDGE_CURVE('',#3345,#3343,#3993,.T.);
#2441=EDGE_CURVE('',#3346,#3345,#3994,.T.);
#2442=EDGE_CURVE('',#3342,#3346,#3995,.T.);
#2443=EDGE_CURVE('',#3341,#3206,#3996,.T.);
#2444=EDGE_CURVE('',#3205,#3344,#3997,.T.);
#2445=EDGE_CURVE('',#3347,#3345,#3998,.T.);
#2446=EDGE_CURVE('',#3348,#3347,#3999,.T.);
#2447=EDGE_CURVE('',#3346,#3348,#4000,.T.);
#2448=EDGE_CURVE('',#3349,#3349,#209,.F.);
#2449=EDGE_CURVE('',#3350,#3347,#4001,.T.);
#2450=EDGE_CURVE('',#3351,#3350,#4002,.T.);
#2451=EDGE_CURVE('',#3348,#3351,#4003,.T.);
#2452=EDGE_CURVE('',#3352,#3350,#4004,.T.);
#2453=EDGE_CURVE('',#3353,#3352,#4005,.T.);
#2454=EDGE_CURVE('',#3351,#3353,#4006,.T.);
#2455=EDGE_CURVE('',#3354,#3352,#4007,.T.);
#2456=EDGE_CURVE('',#3354,#3355,#4008,.T.);
#2457=EDGE_CURVE('',#3355,#3211,#4009,.T.);
#2458=EDGE_CURVE('',#3212,#3356,#4010,.T.);
#2459=EDGE_CURVE('',#3357,#3356,#4011,.T.);
#2460=EDGE_CURVE('',#3353,#3357,#4012,.T.);
#2461=EDGE_CURVE('',#3358,#3359,#4013,.T.);
#2462=EDGE_CURVE('',#3358,#3360,#4014,.T.);
#2463=EDGE_CURVE('',#3360,#3361,#4015,.T.);
#2464=EDGE_CURVE('',#3359,#3361,#4016,.T.);
#2465=EDGE_CURVE('',#3356,#3362,#4017,.T.);
#2466=EDGE_CURVE('',#3363,#3362,#4018,.T.);
#2467=EDGE_CURVE('',#3357,#3363,#4019,.T.);
#2468=EDGE_CURVE('',#3364,#3365,#4020,.T.);
#2469=EDGE_CURVE('',#3366,#3364,#4021,.T.);
#2470=EDGE_CURVE('',#3367,#3366,#4022,.T.);
#2471=EDGE_CURVE('',#3363,#3367,#4023,.T.);
#2472=EDGE_CURVE('',#3362,#3214,#4024,.T.);
#2473=EDGE_CURVE('',#3213,#3365,#4025,.T.);
#2474=EDGE_CURVE('',#3236,#3366,#4026,.T.);
#2475=EDGE_CURVE('',#3367,#3235,#4027,.T.);
#2476=EDGE_CURVE('',#3275,#3294,#4028,.T.);
#2477=EDGE_CURVE('',#3319,#3278,#4029,.T.);
#2478=EDGE_CURVE('',#3313,#3268,#4030,.T.);
#2479=EDGE_CURVE('',#3312,#3368,#4031,.T.);
#2480=EDGE_CURVE('',#3260,#3368,#4032,.T.);
#2481=EDGE_CURVE('',#3273,#3300,#4033,.T.);
#2482=EDGE_CURVE('',#3369,#3257,#4034,.T.);
#2483=EDGE_CURVE('',#3369,#3301,#4035,.T.);
#2484=EDGE_CURVE('',#3307,#3270,#4036,.T.);
#2485=EDGE_CURVE('',#3271,#3306,#4037,.T.);
#2486=EDGE_CURVE('',#3370,#3370,#210,.F.);
#2487=EDGE_CURVE('',#3371,#3371,#211,.F.);
#2488=EDGE_CURVE('',#3372,#3249,#4038,.T.);
#2489=EDGE_CURVE('',#3372,#3295,#4039,.T.);
#2490=EDGE_CURVE('',#3318,#3373,#4040,.T.);
#2491=EDGE_CURVE('',#3252,#3373,#4041,.T.);
#2492=EDGE_CURVE('',#3374,#3325,#4042,.T.);
#2493=EDGE_CURVE('',#3374,#3310,#4043,.T.);
#2494=EDGE_CURVE('',#3375,#3311,#4044,.T.);
#2495=EDGE_CURVE('',#3368,#3375,#4045,.T.);
#2496=EDGE_CURVE('',#3376,#3376,#212,.F.);
#2497=EDGE_CURVE('',#3375,#3374,#213,.T.);
#2498=EDGE_CURVE('',#3377,#3303,#4046,.T.);
#2499=EDGE_CURVE('',#3327,#3377,#4047,.T.);
#2500=EDGE_CURVE('',#3378,#3369,#4048,.T.);
#2501=EDGE_CURVE('',#3378,#3302,#4049,.T.);
#2502=EDGE_CURVE('',#3379,#3379,#214,.F.);
#2503=EDGE_CURVE('',#3377,#3378,#215,.T.);
#2504=EDGE_CURVE('',#3380,#3321,#4050,.T.);
#2505=EDGE_CURVE('',#3380,#3316,#4051,.T.);
#2506=EDGE_CURVE('',#3381,#3317,#4052,.T.);
#2507=EDGE_CURVE('',#3373,#3381,#4053,.T.);
#2508=EDGE_CURVE('',#3382,#3382,#216,.F.);
#2509=EDGE_CURVE('',#3381,#3380,#217,.T.);
#2510=EDGE_CURVE('',#3383,#3297,#4054,.T.);
#2511=EDGE_CURVE('',#3323,#3383,#4055,.T.);
#2512=EDGE_CURVE('',#3384,#3372,#4056,.T.);
#2513=EDGE_CURVE('',#3384,#3296,#4057,.T.);
#2514=EDGE_CURVE('',#3385,#3385,#218,.F.);
#2515=EDGE_CURVE('',#3383,#3384,#219,.T.);
#2516=EDGE_CURVE('',#3386,#3386,#220,.T.);
#2517=EDGE_CURVE('',#3387,#3387,#221,.T.);
#2518=EDGE_CURVE('',#3388,#3388,#222,.T.);
#2519=EDGE_CURVE('',#3389,#3389,#223,.T.);
#2520=EDGE_CURVE('',#3390,#3390,#224,.T.);
#2521=EDGE_CURVE('',#3391,#3391,#225,.T.);
#2522=EDGE_CURVE('',#3392,#3392,#226,.T.);
#2523=EDGE_CURVE('',#3393,#3393,#227,.T.);
#2524=EDGE_CURVE('',#3394,#3394,#228,.T.);
#2525=EDGE_CURVE('',#3395,#3395,#229,.T.);
#2526=EDGE_CURVE('',#3396,#3396,#230,.T.);
#2527=EDGE_CURVE('',#3397,#3397,#231,.T.);
#2528=EDGE_CURVE('',#3398,#3398,#232,.T.);
#2529=EDGE_CURVE('',#3399,#3399,#233,.T.);
#2530=EDGE_CURVE('',#3220,#3400,#4058,.T.);
#2531=EDGE_CURVE('',#3400,#3401,#4059,.T.);
#2532=EDGE_CURVE('',#3246,#3401,#4060,.T.);
#2533=EDGE_CURVE('',#3221,#3293,#4061,.T.);
#2534=EDGE_CURVE('',#3328,#3222,#4062,.T.);
#2535=EDGE_CURVE('',#3402,#3238,#4063,.T.);
#2536=EDGE_CURVE('',#3402,#3403,#4064,.T.);
#2537=EDGE_CURVE('',#3403,#3223,#4065,.T.);
#2538=EDGE_CURVE('',#3246,#3199,#4066,.T.);
#2539=EDGE_CURVE('',#3401,#3215,#4067,.T.);
#2540=EDGE_CURVE('',#3402,#3227,#4068,.T.);
#2541=EDGE_CURVE('',#3238,#3195,#4069,.T.);
#2542=EDGE_CURVE('',#3404,#3405,#234,.T.);
#2543=EDGE_CURVE('',#3406,#3405,#4070,.T.);
#2544=EDGE_CURVE('',#3407,#3406,#235,.T.);
#2545=EDGE_CURVE('',#3407,#3404,#4071,.T.);
#2546=EDGE_CURVE('',#3408,#3408,#236,.F.);
#2547=EDGE_CURVE('',#3409,#3410,#4072,.T.);
#2548=EDGE_CURVE('',#3406,#3409,#4073,.T.);
#2549=EDGE_CURVE('',#3405,#3410,#4074,.T.);
#2550=EDGE_CURVE('',#3410,#3411,#237,.T.);
#2551=EDGE_CURVE('',#3412,#3411,#4075,.T.);
#2552=EDGE_CURVE('',#3409,#3412,#238,.T.);
#2553=EDGE_CURVE('',#3411,#3190,#4076,.T.);
#2554=EDGE_CURVE('',#3412,#3237,#4077,.T.);
#2555=EDGE_CURVE('',#3413,#3414,#4078,.T.);
#2556=EDGE_CURVE('',#3231,#3413,#4079,.T.);
#2557=EDGE_CURVE('',#3234,#3414,#4080,.T.);
#2558=EDGE_CURVE('',#3415,#3415,#239,.F.);
#2559=EDGE_CURVE('',#3416,#3416,#240,.F.);
#2560=EDGE_CURVE('',#3198,#3404,#4081,.T.);
#2561=EDGE_CURVE('',#3242,#3407,#4082,.T.);
#2562=EDGE_CURVE('',#3230,#3186,#241,.T.);
#2563=EDGE_CURVE('',#3413,#3232,#242,.T.);
#2564=EDGE_CURVE('',#3364,#3358,#4083,.T.);
#2565=EDGE_CURVE('',#3359,#3354,#4084,.T.);
#2566=EDGE_CURVE('',#3343,#3337,#4085,.T.);
#2567=EDGE_CURVE('',#3338,#3333,#4086,.T.);
#2568=EDGE_CURVE('',#3229,#3188,#243,.T.);
#2569=EDGE_CURVE('',#3340,#3334,#4087,.T.);
#2570=EDGE_CURVE('',#3344,#3339,#4088,.T.);
#2571=EDGE_CURVE('',#3361,#3355,#4089,.T.);
#2572=EDGE_CURVE('',#3365,#3360,#4090,.T.);
#2573=EDGE_CURVE('',#3414,#3233,#244,.T.);
#2574=EDGE_CURVE('',#3403,#3226,#4091,.T.);
#2575=EDGE_CURVE('',#3400,#3216,#4092,.T.);
#2576=EDGE_CURVE('',#3417,#3417,#245,.T.);
#2577=EDGE_CURVE('',#3419,#3419,#246,.T.);
#2578=EDGE_CURVE('',#3421,#3421,#247,.T.);
#2579=EDGE_CURVE('',#3422,#3422,#248,.T.);
#2580=EDGE_CURVE('',#3423,#3423,#249,.T.);
#2581=EDGE_CURVE('',#3424,#3424,#250,.T.);
#2582=EDGE_CURVE('',#3425,#3425,#251,.T.);
#2583=EDGE_CURVE('',#3426,#3426,#252,.T.);
#2584=EDGE_CURVE('',#3427,#3427,#253,.T.);
#2585=EDGE_CURVE('',#3428,#3428,#254,.T.);
#2586=EDGE_CURVE('',#3429,#3285,#4093,.T.);
#2587=EDGE_CURVE('',#3430,#3429,#255,.T.);
#2588=EDGE_CURVE('',#3430,#3287,#4094,.T.);
#2589=EDGE_CURVE('',#3431,#3286,#4095,.T.);
#2590=EDGE_CURVE('',#3429,#3431,#256,.T.);
#2591=EDGE_CURVE('',#3432,#3290,#4096,.T.);
#2592=EDGE_CURVE('',#3431,#3432,#4097,.T.);
#2593=EDGE_CURVE('',#3433,#3289,#4098,.T.);
#2594=EDGE_CURVE('',#3432,#3433,#257,.T.);
#2595=EDGE_CURVE('',#3434,#3288,#4099,.T.);
#2596=EDGE_CURVE('',#3433,#3434,#258,.T.);
#2597=EDGE_CURVE('',#3434,#3430,#4100,.T.);
#2598=EDGE_CURVE('',#3435,#3279,#4101,.T.);
#2599=EDGE_CURVE('',#3436,#3435,#259,.T.);
#2600=EDGE_CURVE('',#3436,#3281,#4102,.T.);
#2601=EDGE_CURVE('',#3437,#3280,#4103,.T.);
#2602=EDGE_CURVE('',#3435,#3437,#260,.T.);
#2603=EDGE_CURVE('',#3438,#3284,#4104,.T.);
#2604=EDGE_CURVE('',#3437,#3438,#4105,.T.);
#2605=EDGE_CURVE('',#3439,#3283,#4106,.T.);
#2606=EDGE_CURVE('',#3438,#3439,#261,.T.);
#2607=EDGE_CURVE('',#3440,#3282,#4107,.T.);
#2608=EDGE_CURVE('',#3439,#3440,#262,.T.);
#2609=EDGE_CURVE('',#3440,#3436,#4108,.T.);
#2610=EDGE_CURVE('',#3441,#3442,#4109,.T.);
#2611=EDGE_CURVE('',#3443,#3441,#4110,.T.);
#2612=EDGE_CURVE('',#3444,#3443,#4111,.T.);
#2613=EDGE_CURVE('',#3445,#3444,#4112,.T.);
#2614=EDGE_CURVE('',#3446,#3445,#4113,.T.);
#2615=EDGE_CURVE('',#3442,#3446,#4114,.T.);
#2616=EDGE_CURVE('',#3447,#3447,#263,.T.);
#2617=EDGE_CURVE('',#3448,#3448,#264,.T.);
#2618=EDGE_CURVE('',#3449,#3441,#4115,.T.);
#2619=EDGE_CURVE('',#3450,#3449,#4116,.T.);
#2620=EDGE_CURVE('',#3450,#3443,#4117,.T.);
#2621=EDGE_CURVE('',#3451,#3442,#4118,.T.);
#2622=EDGE_CURVE('',#3449,#3451,#4119,.T.);
#2623=EDGE_CURVE('',#3452,#3446,#4120,.T.);
#2624=EDGE_CURVE('',#3451,#3452,#4121,.T.);
#2625=EDGE_CURVE('',#3453,#3445,#4122,.T.);
#2626=EDGE_CURVE('',#3452,#3453,#4123,.T.);
#2627=EDGE_CURVE('',#3454,#3444,#4124,.T.);
#2628=EDGE_CURVE('',#3453,#3454,#4125,.T.);
#2629=EDGE_CURVE('',#3454,#3450,#4126,.T.);
#2630=EDGE_CURVE('',#3455,#3456,#265,.T.);
#2631=EDGE_CURVE('',#3456,#3455,#21,.T.);
#2632=EDGE_CURVE('',#3456,#3457,#266,.T.);
#2633=EDGE_CURVE('',#3457,#3456,#22,.T.);
#2634=EDGE_CURVE('',#3457,#3458,#267,.T.);
#2635=EDGE_CURVE('',#3458,#3457,#23,.T.);
#2636=EDGE_CURVE('',#3458,#3459,#268,.T.);
#2637=EDGE_CURVE('',#3459,#3458,#24,.T.);
#2638=EDGE_CURVE('',#3459,#3460,#269,.T.);
#2639=EDGE_CURVE('',#3460,#3459,#25,.T.);
#2640=EDGE_CURVE('',#3461,#3462,#4127,.T.);
#2641=EDGE_CURVE('',#3462,#3463,#4128,.T.);
#2642=EDGE_CURVE('',#3464,#3463,#4129,.T.);
#2643=EDGE_CURVE('',#3464,#3465,#4130,.T.);
#2644=EDGE_CURVE('',#3465,#3466,#4131,.T.);
#2645=EDGE_CURVE('',#3467,#3466,#4132,.T.);
#2646=EDGE_CURVE('',#3467,#3468,#4133,.T.);
#2647=EDGE_CURVE('',#3468,#3469,#4134,.T.);
#2648=EDGE_CURVE('',#3470,#3469,#4135,.T.);
#2649=EDGE_CURVE('',#3470,#3471,#4136,.T.);
#2650=EDGE_CURVE('',#3471,#3472,#4137,.T.);
#2651=EDGE_CURVE('',#3473,#3472,#4138,.T.);
#2652=EDGE_CURVE('',#3473,#3474,#4139,.T.);
#2653=EDGE_CURVE('',#3474,#3475,#4140,.T.);
#2654=EDGE_CURVE('',#3476,#3475,#4141,.T.);
#2655=EDGE_CURVE('',#3461,#3476,#4142,.T.);
#2656=EDGE_CURVE('',#3476,#3477,#4143,.T.);
#2657=EDGE_CURVE('',#3478,#3477,#4144,.T.);
#2658=EDGE_CURVE('',#3478,#3461,#4145,.T.);
#2659=EDGE_CURVE('',#3479,#3480,#4146,.T.);
#2660=EDGE_CURVE('',#3481,#3479,#270,.T.);
#2661=EDGE_CURVE('',#3482,#3481,#4147,.T.);
#2662=EDGE_CURVE('',#3483,#3482,#271,.F.);
#2663=EDGE_CURVE('',#3484,#3483,#4148,.T.);
#2664=EDGE_CURVE('',#3485,#3484,#272,.T.);
#2665=EDGE_CURVE('',#3486,#3485,#4149,.T.);
#2666=EDGE_CURVE('',#3486,#3464,#4150,.T.);
#2667=EDGE_CURVE('',#3480,#3463,#4151,.T.);
#2668=EDGE_CURVE('',#3487,#3487,#273,.T.);
#2669=EDGE_CURVE('',#3480,#3488,#4152,.T.);
#2670=EDGE_CURVE('',#3488,#3478,#4153,.T.);
#2671=EDGE_CURVE('',#3477,#3489,#4154,.T.);
#2672=EDGE_CURVE('',#3490,#3489,#4155,.T.);
#2673=EDGE_CURVE('',#3479,#3490,#4156,.T.);
#2674=EDGE_CURVE('',#3491,#3466,#4157,.T.);
#2675=EDGE_CURVE('',#3492,#3491,#4158,.T.);
#2676=EDGE_CURVE('',#3492,#3467,#4159,.T.);
#2677=EDGE_CURVE('',#3493,#3469,#4160,.T.);
#2678=EDGE_CURVE('',#3494,#3493,#4161,.T.);
#2679=EDGE_CURVE('',#3494,#3470,#4162,.T.);
#2680=EDGE_CURVE('',#3495,#3472,#4163,.T.);
#2681=EDGE_CURVE('',#3496,#3495,#4164,.T.);
#2682=EDGE_CURVE('',#3497,#3496,#274,.T.);
#2683=EDGE_CURVE('',#3498,#3497,#4165,.T.);
#2684=EDGE_CURVE('',#3498,#3499,#275,.T.);
#2685=EDGE_CURVE('',#3499,#3500,#4166,.T.);
#2686=EDGE_CURVE('',#3500,#3501,#276,.T.);
#2687=EDGE_CURVE('',#3501,#3473,#4167,.T.);
#2688=EDGE_CURVE('',#3502,#3502,#277,.T.);
#2689=EDGE_CURVE('',#3503,#3503,#278,.T.);
#2690=EDGE_CURVE('',#3491,#3504,#4168,.T.);
#2691=EDGE_CURVE('',#3504,#3486,#4169,.T.);
#2692=EDGE_CURVE('',#3485,#3505,#4170,.T.);
#2693=EDGE_CURVE('',#3506,#3505,#4171,.T.);
#2694=EDGE_CURVE('',#3496,#3506,#4172,.T.);
#2695=EDGE_CURVE('',#3495,#3507,#4173,.T.);
#2696=EDGE_CURVE('',#3507,#3494,#4174,.T.);
#2697=EDGE_CURVE('',#3493,#3508,#4175,.T.);
#2698=EDGE_CURVE('',#3508,#3492,#4176,.T.);
#2699=EDGE_CURVE('',#3509,#3510,#4177,.T.);
#2700=EDGE_CURVE('',#3510,#3511,#4178,.T.);
#2701=EDGE_CURVE('',#3511,#3512,#279,.T.);
#2702=EDGE_CURVE('',#3512,#3513,#4179,.T.);
#2703=EDGE_CURVE('',#3513,#3514,#4180,.T.);
#2704=EDGE_CURVE('',#3514,#3515,#4181,.T.);
#2705=EDGE_CURVE('',#3515,#3516,#280,.T.);
#2706=EDGE_CURVE('',#3516,#3517,#4182,.T.);
#2707=EDGE_CURVE('',#3517,#3474,#4183,.T.);
#2708=EDGE_CURVE('',#3501,#3509,#4184,.T.);
#2709=EDGE_CURVE('',#3475,#3518,#4185,.T.);
#2710=EDGE_CURVE('',#3519,#3518,#4186,.T.);
#2711=EDGE_CURVE('',#3520,#3519,#281,.T.);
#2712=EDGE_CURVE('',#3521,#3520,#4187,.T.);
#2713=EDGE_CURVE('',#3521,#3522,#4188,.T.);
#2714=EDGE_CURVE('',#3523,#3522,#4189,.T.);
#2715=EDGE_CURVE('',#3524,#3523,#282,.T.);
#2716=EDGE_CURVE('',#3525,#3524,#4190,.T.);
#2717=EDGE_CURVE('',#3525,#3489,#4191,.T.);
#2718=EDGE_CURVE('',#3526,#3527,#4192,.T.);
#2719=EDGE_CURVE('',#3500,#3527,#4193,.T.);
#2720=EDGE_CURVE('',#3499,#3526,#4194,.T.);
#2721=EDGE_CURVE('',#3528,#3529,#283,.T.);
#2722=EDGE_CURVE('',#3529,#3528,#26,.T.);
#2723=EDGE_CURVE('',#3529,#3530,#284,.T.);
#2724=EDGE_CURVE('',#3530,#3529,#27,.T.);
#2725=EDGE_CURVE('',#3530,#3531,#285,.T.);
#2726=EDGE_CURVE('',#3531,#3530,#28,.T.);
#2727=EDGE_CURVE('',#3531,#3532,#286,.T.);
#2728=EDGE_CURVE('',#3532,#3531,#29,.T.);
#2729=EDGE_CURVE('',#3532,#3533,#287,.T.);
#2730=EDGE_CURVE('',#3533,#3532,#30,.T.);
#2731=EDGE_CURVE('',#3521,#3514,#4195,.T.);
#2732=EDGE_CURVE('',#3522,#3513,#4196,.T.);
#2733=EDGE_CURVE('',#3518,#3517,#4197,.T.);
#2734=EDGE_CURVE('',#3534,#3534,#288,.T.);
#2735=EDGE_CURVE('',#3535,#3535,#289,.T.);
#2736=EDGE_CURVE('',#3536,#3536,#290,.T.);
#2737=EDGE_CURVE('',#3527,#3509,#291,.T.);
#2738=EDGE_CURVE('',#3537,#3526,#292,.T.);
#2739=EDGE_CURVE('',#3537,#3538,#4198,.T.);
#2740=EDGE_CURVE('',#3538,#3506,#293,.T.);
#2741=EDGE_CURVE('',#3505,#3539,#294,.T.);
#2742=EDGE_CURVE('',#3539,#3540,#4199,.T.);
#2743=EDGE_CURVE('',#3541,#3540,#295,.T.);
#2744=EDGE_CURVE('',#3541,#3542,#4200,.T.);
#2745=EDGE_CURVE('',#3542,#3490,#296,.T.);
#2746=EDGE_CURVE('',#3510,#3525,#4201,.T.);
#2747=EDGE_CURVE('',#3524,#3511,#4202,.T.);
#2748=EDGE_CURVE('',#3523,#3512,#4203,.T.);
#2749=EDGE_CURVE('',#3519,#3516,#4204,.T.);
#2750=EDGE_CURVE('',#3520,#3515,#4205,.T.);
#2751=EDGE_CURVE('',#3543,#3543,#297,.T.);
#2752=EDGE_CURVE('',#3544,#3544,#298,.T.);
#2753=EDGE_CURVE('',#3545,#3545,#299,.T.);
#2754=EDGE_CURVE('',#3546,#3546,#300,.T.);
#2755=EDGE_CURVE('',#3547,#3547,#301,.T.);
#2756=EDGE_CURVE('',#3548,#3548,#302,.T.);
#2757=EDGE_CURVE('',#3549,#3549,#303,.T.);
#2758=EDGE_CURVE('',#3550,#3550,#304,.T.);
#2759=EDGE_CURVE('',#3551,#3551,#305,.T.);
#2760=EDGE_CURVE('',#3460,#3455,#306,.T.);
#2761=EDGE_CURVE('',#3455,#3460,#31,.T.);
#2762=EDGE_CURVE('',#3552,#3552,#307,.T.);
#2763=EDGE_CURVE('',#3553,#3553,#308,.T.);
#2764=EDGE_CURVE('',#3554,#3554,#309,.T.);
#2765=EDGE_CURVE('',#3555,#3555,#310,.T.);
#2766=EDGE_CURVE('',#3556,#3556,#311,.T.);
#2767=EDGE_CURVE('',#3557,#3557,#312,.T.);
#2768=EDGE_CURVE('',#3558,#3558,#313,.T.);
#2769=EDGE_CURVE('',#3559,#3559,#314,.T.);
#2770=EDGE_CURVE('',#3533,#3528,#315,.T.);
#2771=EDGE_CURVE('',#3528,#3533,#32,.T.);
#2772=EDGE_CURVE('',#3560,#3560,#316,.T.);
#2773=EDGE_CURVE('',#3561,#3561,#317,.T.);
#2774=EDGE_CURVE('',#3562,#3562,#318,.T.);
#2775=EDGE_CURVE('',#3563,#3529,#4206,.T.);
#2776=EDGE_CURVE('',#3564,#3563,#4207,.T.);
#2777=EDGE_CURVE('',#3564,#3528,#4208,.T.);
#2778=EDGE_CURVE('',#3565,#3530,#4209,.T.);
#2779=EDGE_CURVE('',#3563,#3565,#4210,.T.);
#2780=EDGE_CURVE('',#3566,#3531,#4211,.T.);
#2781=EDGE_CURVE('',#3565,#3566,#4212,.T.);
#2782=EDGE_CURVE('',#3567,#3532,#4213,.T.);
#2783=EDGE_CURVE('',#3566,#3567,#4214,.T.);
#2784=EDGE_CURVE('',#3568,#3533,#4215,.T.);
#2785=EDGE_CURVE('',#3567,#3568,#4216,.T.);
#2786=EDGE_CURVE('',#3568,#3564,#4217,.T.);
#2787=EDGE_CURVE('',#3481,#3542,#4218,.T.);
#2788=EDGE_CURVE('',#3482,#3541,#4219,.T.);
#2789=EDGE_CURVE('',#3483,#3540,#4220,.T.);
#2790=EDGE_CURVE('',#3484,#3539,#4221,.T.);
#2791=EDGE_CURVE('',#3497,#3538,#4222,.T.);
#2792=EDGE_CURVE('',#3498,#3537,#4223,.T.);
#2793=EDGE_CURVE('',#3507,#3471,#4224,.T.);
#2794=EDGE_CURVE('',#3508,#3468,#4225,.T.);
#2795=EDGE_CURVE('',#3504,#3465,#4226,.T.);
#2796=EDGE_CURVE('',#3488,#3462,#4227,.T.);
#2797=EDGE_CURVE('',#3569,#3456,#4228,.T.);
#2798=EDGE_CURVE('',#3570,#3569,#4229,.T.);
#2799=EDGE_CURVE('',#3570,#3455,#4230,.T.);
#2800=EDGE_CURVE('',#3571,#3457,#4231,.T.);
#2801=EDGE_CURVE('',#3569,#3571,#4232,.T.);
#2802=EDGE_CURVE('',#3572,#3458,#4233,.T.);
#2803=EDGE_CURVE('',#3571,#3572,#4234,.T.);
#2804=EDGE_CURVE('',#3573,#3459,#4235,.T.);
#2805=EDGE_CURVE('',#3572,#3573,#4236,.T.);
#2806=EDGE_CURVE('',#3574,#3460,#4237,.T.);
#2807=EDGE_CURVE('',#3573,#3574,#4238,.T.);
#2808=EDGE_CURVE('',#3574,#3570,#4239,.T.);
#2809=EDGE_CURVE('',#3575,#3576,#319,.T.);
#2810=EDGE_CURVE('',#3577,#3576,#4240,.T.);
#2811=EDGE_CURVE('',#3578,#3577,#320,.T.);
#2812=EDGE_CURVE('',#3578,#3575,#4241,.T.);
#2813=EDGE_CURVE('',#3576,#3579,#321,.T.);
#2814=EDGE_CURVE('',#3580,#3579,#4242,.T.);
#2815=EDGE_CURVE('',#3577,#3580,#322,.T.);
#2816=EDGE_CURVE('',#3579,#3581,#4243,.T.);
#2817=EDGE_CURVE('',#3582,#3581,#4244,.T.);
#2818=EDGE_CURVE('',#3580,#3582,#4245,.T.);
#2819=EDGE_CURVE('',#3581,#3583,#323,.T.);
#2820=EDGE_CURVE('',#3584,#3583,#4246,.T.);
#2821=EDGE_CURVE('',#3582,#3584,#324,.T.);
#2822=EDGE_CURVE('',#3583,#3585,#325,.T.);
#2823=EDGE_CURVE('',#3586,#3585,#4247,.T.);
#2824=EDGE_CURVE('',#3584,#3586,#326,.T.);
#2825=EDGE_CURVE('',#3585,#3575,#4248,.T.);
#2826=EDGE_CURVE('',#3586,#3578,#4249,.T.);
#2827=EDGE_CURVE('',#3587,#3588,#4250,.T.);
#2828=EDGE_CURVE('',#3587,#3589,#327,.T.);
#2829=EDGE_CURVE('',#3590,#3589,#4251,.T.);
#2830=EDGE_CURVE('',#3591,#3590,#328,.T.);
#2831=EDGE_CURVE('',#3592,#3591,#4252,.T.);
#2832=EDGE_CURVE('',#3588,#3592,#4253,.T.);
#2833=EDGE_CURVE('',#3593,#3594,#4254,.T.);
#2834=EDGE_CURVE('',#3595,#3593,#4255,.T.);
#2835=EDGE_CURVE('',#3596,#3595,#4256,.T.);
#2836=EDGE_CURVE('',#3596,#3597,#329,.T.);
#2837=EDGE_CURVE('',#3598,#3597,#4257,.T.);
#2838=EDGE_CURVE('',#3594,#3598,#330,.T.);
#2839=EDGE_CURVE('',#3599,#3599,#331,.T.);
#2840=EDGE_CURVE('',#3600,#3601,#4258,.T.);
#2841=EDGE_CURVE('',#3602,#3600,#4259,.T.);
#2842=EDGE_CURVE('',#3602,#3603,#332,.T.);
#2843=EDGE_CURVE('',#3604,#3603,#4260,.T.);
#2844=EDGE_CURVE('',#3605,#3604,#4261,.T.);
#2845=EDGE_CURVE('',#3606,#3605,#4262,.T.);
#2846=EDGE_CURVE('',#3607,#3606,#333,.T.);
#2847=EDGE_CURVE('',#3601,#3607,#4263,.T.);
#2848=EDGE_CURVE('',#3608,#3609,#4264,.T.);
#2849=EDGE_CURVE('',#3610,#3608,#4265,.T.);
#2850=EDGE_CURVE('',#3611,#3610,#4266,.T.);
#2851=EDGE_CURVE('',#3611,#3612,#334,.T.);
#2852=EDGE_CURVE('',#3613,#3612,#4267,.T.);
#2853=EDGE_CURVE('',#3614,#3613,#4268,.T.);
#2854=EDGE_CURVE('',#3615,#3614,#4269,.T.);
#2855=EDGE_CURVE('',#3609,#3615,#335,.T.);
#2856=EDGE_CURVE('',#3616,#3617,#4270,.T.);
#2857=EDGE_CURVE('',#3618,#3616,#336,.T.);
#2858=EDGE_CURVE('',#3619,#3618,#4271,.T.);
#2859=EDGE_CURVE('',#3620,#3619,#4272,.T.);
#2860=EDGE_CURVE('',#3621,#3620,#4273,.T.);
#2861=EDGE_CURVE('',#3621,#3622,#337,.T.);
#2862=EDGE_CURVE('',#3623,#3622,#4274,.T.);
#2863=EDGE_CURVE('',#3624,#3623,#338,.T.);
#2864=EDGE_CURVE('',#3625,#3624,#4275,.T.);
#2865=EDGE_CURVE('',#3626,#3625,#339,.T.);
#2866=EDGE_CURVE('',#3627,#3626,#4276,.T.);
#2867=EDGE_CURVE('',#3628,#3627,#4277,.T.);
#2868=EDGE_CURVE('',#3629,#3628,#4278,.T.);
#2869=EDGE_CURVE('',#3629,#3630,#340,.T.);
#2870=EDGE_CURVE('',#3631,#3630,#4279,.T.);
#2871=EDGE_CURVE('',#3617,#3631,#341,.T.);
#2872=EDGE_CURVE('',#3632,#3633,#4280,.T.);
#2873=EDGE_CURVE('',#3634,#3632,#4281,.T.);
#2874=EDGE_CURVE('',#3635,#3634,#4282,.T.);
#2875=EDGE_CURVE('',#3636,#3635,#4283,.T.);
#2876=EDGE_CURVE('',#3637,#3636,#4284,.T.);
#2877=EDGE_CURVE('',#3638,#3637,#4285,.T.);
#2878=EDGE_CURVE('',#3639,#3638,#4286,.T.);
#2879=EDGE_CURVE('',#3640,#3639,#4287,.T.);
#2880=EDGE_CURVE('',#3641,#3640,#4288,.T.);
#2881=EDGE_CURVE('',#3642,#3641,#4289,.T.);
#2882=EDGE_CURVE('',#3633,#3642,#4290,.T.);
#2883=EDGE_CURVE('',#3643,#3644,#4291,.T.);
#2884=EDGE_CURVE('',#3645,#3643,#4292,.T.);
#2885=EDGE_CURVE('',#3646,#3645,#4293,.T.);
#2886=EDGE_CURVE('',#3647,#3646,#4294,.T.);
#2887=EDGE_CURVE('',#3648,#3647,#4295,.T.);
#2888=EDGE_CURVE('',#3649,#3648,#4296,.T.);
#2889=EDGE_CURVE('',#3650,#3649,#4297,.T.);
#2890=EDGE_CURVE('',#3651,#3650,#4298,.T.);
#2891=EDGE_CURVE('',#3652,#3651,#4299,.T.);
#2892=EDGE_CURVE('',#3644,#3652,#4300,.T.);
#2893=EDGE_CURVE('',#3653,#3654,#4301,.T.);
#2894=EDGE_CURVE('',#3655,#3653,#4302,.T.);
#2895=EDGE_CURVE('',#3656,#3655,#4303,.T.);
#2896=EDGE_CURVE('',#3657,#3656,#4304,.T.);
#2897=EDGE_CURVE('',#3658,#3657,#4305,.T.);
#2898=EDGE_CURVE('',#3659,#3658,#4306,.T.);
#2899=EDGE_CURVE('',#3660,#3659,#4307,.T.);
#2900=EDGE_CURVE('',#3661,#3660,#4308,.T.);
#2901=EDGE_CURVE('',#3662,#3661,#4309,.T.);
#2902=EDGE_CURVE('',#3663,#3662,#4310,.T.);
#2903=EDGE_CURVE('',#3664,#3663,#4311,.T.);
#2904=EDGE_CURVE('',#3654,#3664,#4312,.T.);
#2905=EDGE_CURVE('',#3665,#3654,#4313,.T.);
#2906=EDGE_CURVE('',#3666,#3665,#4314,.T.);
#2907=EDGE_CURVE('',#3666,#3653,#4315,.T.);
#2908=EDGE_CURVE('',#3667,#3664,#4316,.T.);
#2909=EDGE_CURVE('',#3665,#3667,#4317,.T.);
#2910=EDGE_CURVE('',#3668,#3663,#4318,.T.);
#2911=EDGE_CURVE('',#3667,#3668,#4319,.T.);
#2912=EDGE_CURVE('',#3669,#3662,#4320,.T.);
#2913=EDGE_CURVE('',#3668,#3669,#4321,.T.);
#2914=EDGE_CURVE('',#3670,#3661,#4322,.T.);
#2915=EDGE_CURVE('',#3669,#3670,#4323,.T.);
#2916=EDGE_CURVE('',#3671,#3660,#4324,.T.);
#2917=EDGE_CURVE('',#3670,#3671,#4325,.T.);
#2918=EDGE_CURVE('',#3672,#3659,#4326,.T.);
#2919=EDGE_CURVE('',#3671,#3672,#4327,.T.);
#2920=EDGE_CURVE('',#3673,#3658,#4328,.T.);
#2921=EDGE_CURVE('',#3672,#3673,#4329,.T.);
#2922=EDGE_CURVE('',#3674,#3657,#4330,.T.);
#2923=EDGE_CURVE('',#3673,#3674,#4331,.T.);
#2924=EDGE_CURVE('',#3675,#3656,#4332,.T.);
#2925=EDGE_CURVE('',#3674,#3675,#4333,.T.);
#2926=EDGE_CURVE('',#3676,#3655,#4334,.T.);
#2927=EDGE_CURVE('',#3675,#3676,#4335,.T.);
#2928=EDGE_CURVE('',#3676,#3666,#4336,.T.);
#2929=EDGE_CURVE('',#3677,#3644,#4337,.T.);
#2930=EDGE_CURVE('',#3678,#3677,#4338,.T.);
#2931=EDGE_CURVE('',#3678,#3643,#4339,.T.);
#2932=EDGE_CURVE('',#3679,#3652,#4340,.T.);
#2933=EDGE_CURVE('',#3677,#3679,#4341,.T.);
#2934=EDGE_CURVE('',#3680,#3651,#4342,.T.);
#2935=EDGE_CURVE('',#3679,#3680,#4343,.T.);
#2936=EDGE_CURVE('',#3681,#3650,#4344,.T.);
#2937=EDGE_CURVE('',#3680,#3681,#4345,.T.);
#2938=EDGE_CURVE('',#3682,#3649,#4346,.T.);
#2939=EDGE_CURVE('',#3681,#3682,#4347,.T.);
#2940=EDGE_CURVE('',#3683,#3648,#4348,.T.);
#2941=EDGE_CURVE('',#3682,#3683,#4349,.T.);
#2942=EDGE_CURVE('',#3684,#3647,#4350,.T.);
#2943=EDGE_CURVE('',#3683,#3684,#4351,.T.);
#2944=EDGE_CURVE('',#3685,#3646,#4352,.T.);
#2945=EDGE_CURVE('',#3684,#3685,#4353,.T.);
#2946=EDGE_CURVE('',#3686,#3645,#4354,.T.);
#2947=EDGE_CURVE('',#3685,#3686,#4355,.T.);
#2948=EDGE_CURVE('',#3686,#3678,#4356,.T.);
#2949=EDGE_CURVE('',#3687,#3633,#4357,.T.);
#2950=EDGE_CURVE('',#3688,#3687,#4358,.T.);
#2951=EDGE_CURVE('',#3688,#3632,#4359,.T.);
#2952=EDGE_CURVE('',#3689,#3642,#4360,.T.);
#2953=EDGE_CURVE('',#3687,#3689,#4361,.T.);
#2954=EDGE_CURVE('',#3690,#3641,#4362,.T.);
#2955=EDGE_CURVE('',#3689,#3690,#4363,.T.);
#2956=EDGE_CURVE('',#3691,#3640,#4364,.T.);
#2957=EDGE_CURVE('',#3690,#3691,#4365,.T.);
#2958=EDGE_CURVE('',#3692,#3639,#4366,.T.);
#2959=EDGE_CURVE('',#3691,#3692,#4367,.T.);
#2960=EDGE_CURVE('',#3693,#3638,#4368,.T.);
#2961=EDGE_CURVE('',#3692,#3693,#4369,.T.);
#2962=EDGE_CURVE('',#3694,#3637,#4370,.T.);
#2963=EDGE_CURVE('',#3693,#3694,#4371,.T.);
#2964=EDGE_CURVE('',#3695,#3636,#4372,.T.);
#2965=EDGE_CURVE('',#3694,#3695,#4373,.T.);
#2966=EDGE_CURVE('',#3696,#3635,#4374,.T.);
#2967=EDGE_CURVE('',#3695,#3696,#4375,.T.);
#2968=EDGE_CURVE('',#3697,#3634,#4376,.T.);
#2969=EDGE_CURVE('',#3696,#3697,#4377,.T.);
#2970=EDGE_CURVE('',#3697,#3688,#4378,.T.);
#2971=EDGE_CURVE('',#3698,#3617,#4379,.T.);
#2972=EDGE_CURVE('',#3699,#3698,#4380,.T.);
#2973=EDGE_CURVE('',#3699,#3616,#4381,.T.);
#2974=EDGE_CURVE('',#3700,#3631,#4382,.T.);
#2975=EDGE_CURVE('',#3698,#3700,#342,.T.);
#2976=EDGE_CURVE('',#3701,#3630,#4383,.T.);
#2977=EDGE_CURVE('',#3700,#3701,#4384,.T.);
#2978=EDGE_CURVE('',#3702,#3629,#4385,.T.);
#2979=EDGE_CURVE('',#3702,#3701,#343,.T.);
#2980=EDGE_CURVE('',#3703,#3628,#4386,.T.);
#2981=EDGE_CURVE('',#3702,#3703,#4387,.T.);
#2982=EDGE_CURVE('',#3704,#3627,#4388,.T.);
#2983=EDGE_CURVE('',#3703,#3704,#4389,.T.);
#2984=EDGE_CURVE('',#3705,#3626,#4390,.T.);
#2985=EDGE_CURVE('',#3704,#3705,#4391,.T.);
#2986=EDGE_CURVE('',#3706,#3625,#4392,.T.);
#2987=EDGE_CURVE('',#3705,#3706,#344,.T.);
#2988=EDGE_CURVE('',#3707,#3624,#4393,.T.);
#2989=EDGE_CURVE('',#3706,#3707,#4394,.T.);
#2990=EDGE_CURVE('',#3708,#3623,#4395,.T.);
#2991=EDGE_CURVE('',#3707,#3708,#345,.T.);
#2992=EDGE_CURVE('',#3709,#3622,#4396,.T.);
#2993=EDGE_CURVE('',#3708,#3709,#4397,.T.);
#2994=EDGE_CURVE('',#3710,#3621,#4398,.T.);
#2995=EDGE_CURVE('',#3710,#3709,#346,.T.);
#2996=EDGE_CURVE('',#3711,#3620,#4399,.T.);
#2997=EDGE_CURVE('',#3710,#3711,#4400,.T.);
#2998=EDGE_CURVE('',#3712,#3619,#4401,.T.);
#2999=EDGE_CURVE('',#3711,#3712,#4402,.T.);
#3000=EDGE_CURVE('',#3713,#3618,#4403,.T.);
#3001=EDGE_CURVE('',#3712,#3713,#4404,.T.);
#3002=EDGE_CURVE('',#3713,#3699,#347,.T.);
#3003=EDGE_CURVE('',#3714,#3609,#4405,.T.);
#3004=EDGE_CURVE('',#3715,#3714,#4406,.T.);
#3005=EDGE_CURVE('',#3715,#3608,#4407,.T.);
#3006=EDGE_CURVE('',#3716,#3615,#4408,.T.);
#3007=EDGE_CURVE('',#3714,#3716,#348,.T.);
#3008=EDGE_CURVE('',#3717,#3614,#4409,.T.);
#3009=EDGE_CURVE('',#3716,#3717,#4410,.T.);
#3010=EDGE_CURVE('',#3718,#3613,#4411,.T.);
#3011=EDGE_CURVE('',#3717,#3718,#4412,.T.);
#3012=EDGE_CURVE('',#3719,#3612,#4413,.T.);
#3013=EDGE_CURVE('',#3718,#3719,#4414,.T.);
#3014=EDGE_CURVE('',#3720,#3611,#4415,.T.);
#3015=EDGE_CURVE('',#3720,#3719,#349,.T.);
#3016=EDGE_CURVE('',#3721,#3610,#4416,.T.);
#3017=EDGE_CURVE('',#3720,#3721,#4417,.T.);
#3018=EDGE_CURVE('',#3721,#3715,#4418,.T.);
#3019=EDGE_CURVE('',#3722,#3601,#4419,.T.);
#3020=EDGE_CURVE('',#3723,#3722,#4420,.T.);
#3021=EDGE_CURVE('',#3723,#3600,#4421,.T.);
#3022=EDGE_CURVE('',#3724,#3607,#4422,.T.);
#3023=EDGE_CURVE('',#3722,#3724,#4423,.T.);
#3024=EDGE_CURVE('',#3725,#3606,#4424,.T.);
#3025=EDGE_CURVE('',#3724,#3725,#350,.T.);
#3026=EDGE_CURVE('',#3726,#3605,#4425,.T.);
#3027=EDGE_CURVE('',#3725,#3726,#4426,.T.);
#3028=EDGE_CURVE('',#3727,#3604,#4427,.T.);
#3029=EDGE_CURVE('',#3726,#3727,#4428,.T.);
#3030=EDGE_CURVE('',#3728,#3603,#4429,.T.);
#3031=EDGE_CURVE('',#3727,#3728,#4430,.T.);
#3032=EDGE_CURVE('',#3729,#3602,#4431,.T.);
#3033=EDGE_CURVE('',#3729,#3728,#351,.T.);
#3034=EDGE_CURVE('',#3729,#3723,#4432,.T.);
#3035=EDGE_CURVE('',#3730,#3730,#352,.T.);
#3036=EDGE_CURVE('',#3731,#3594,#4433,.T.);
#3037=EDGE_CURVE('',#3732,#3731,#4434,.T.);
#3038=EDGE_CURVE('',#3732,#3593,#4435,.T.);
#3039=EDGE_CURVE('',#3733,#3598,#4436,.T.);
#3040=EDGE_CURVE('',#3731,#3733,#353,.T.);
#3041=EDGE_CURVE('',#3734,#3597,#4437,.T.);
#3042=EDGE_CURVE('',#3733,#3734,#4438,.T.);
#3043=EDGE_CURVE('',#3735,#3596,#4439,.T.);
#3044=EDGE_CURVE('',#3735,#3734,#354,.T.);
#3045=EDGE_CURVE('',#3736,#3595,#4440,.T.);
#3046=EDGE_CURVE('',#3735,#3736,#4441,.T.);
#3047=EDGE_CURVE('',#3736,#3732,#4442,.T.);
#3048=EDGE_CURVE('',#3737,#3588,#4443,.T.);
#3049=EDGE_CURVE('',#3738,#3737,#4444,.T.);
#3050=EDGE_CURVE('',#3738,#3587,#4445,.T.);
#3051=EDGE_CURVE('',#3739,#3592,#4446,.T.);
#3052=EDGE_CURVE('',#3737,#3739,#4447,.T.);
#3053=EDGE_CURVE('',#3740,#3591,#4448,.T.);
#3054=EDGE_CURVE('',#3739,#3740,#4449,.T.);
#3055=EDGE_CURVE('',#3741,#3590,#4450,.T.);
#3056=EDGE_CURVE('',#3740,#3741,#355,.T.);
#3057=EDGE_CURVE('',#3742,#3589,#4451,.T.);
#3058=EDGE_CURVE('',#3741,#3742,#4452,.T.);
#3059=EDGE_CURVE('',#3738,#3742,#356,.T.);
#3060=EDGE_CURVE('',#3743,#3744,#4453,.T.);
#3061=EDGE_CURVE('',#3743,#3745,#4454,.T.);
#3062=EDGE_CURVE('',#3746,#3745,#4455,.T.);
#3063=EDGE_CURVE('',#3747,#3746,#4456,.T.);
#3064=EDGE_CURVE('',#3744,#3747,#4457,.T.);
#3065=EDGE_CURVE('',#3743,#3748,#4458,.T.);
#3066=EDGE_CURVE('',#3748,#3749,#4459,.T.);
#3067=EDGE_CURVE('',#3745,#3749,#4460,.T.);
#3068=EDGE_CURVE('',#3750,#3748,#4461,.T.);
#3069=EDGE_CURVE('',#3751,#3750,#4462,.T.);
#3070=EDGE_CURVE('',#3751,#3752,#4463,.T.);
#3071=EDGE_CURVE('',#3749,#3752,#4464,.T.);
#3072=EDGE_CURVE('',#3753,#3753,#357,.T.);
#3073=EDGE_CURVE('',#3754,#3754,#358,.T.);
#3074=EDGE_CURVE('',#3755,#3755,#359,.T.);
#3075=EDGE_CURVE('',#3750,#3744,#4465,.T.);
#3076=EDGE_CURVE('',#3756,#3747,#360,.T.);
#3077=EDGE_CURVE('',#3756,#3757,#4466,.T.);
#3078=EDGE_CURVE('',#3757,#3758,#4467,.T.);
#3079=EDGE_CURVE('',#3758,#3759,#4468,.T.);
#3080=EDGE_CURVE('',#3759,#3760,#4469,.T.);
#3081=EDGE_CURVE('',#3760,#3761,#4470,.T.);
#3082=EDGE_CURVE('',#3761,#3762,#4471,.T.);
#3083=EDGE_CURVE('',#3762,#3763,#4472,.T.);
#3084=EDGE_CURVE('',#3751,#3763,#361,.T.);
#3085=EDGE_CURVE('',#3764,#3765,#4473,.T.);
#3086=EDGE_CURVE('',#3764,#3766,#4474,.T.);
#3087=EDGE_CURVE('',#3761,#3766,#4475,.T.);
#3088=EDGE_CURVE('',#3760,#3767,#4476,.T.);
#3089=EDGE_CURVE('',#3767,#3765,#4477,.T.);
#3090=EDGE_CURVE('',#3768,#3769,#4478,.T.);
#3091=EDGE_CURVE('',#3768,#3770,#4479,.T.);
#3092=EDGE_CURVE('',#3759,#3770,#4480,.T.);
#3093=EDGE_CURVE('',#3758,#3771,#4481,.T.);
#3094=EDGE_CURVE('',#3771,#3769,#4482,.T.);
#3095=EDGE_CURVE('',#3772,#3772,#362,.T.);
#3096=EDGE_CURVE('',#3773,#3774,#363,.T.);
#3097=EDGE_CURVE('',#3773,#3775,#4483,.T.);
#3098=EDGE_CURVE('',#3776,#3775,#364,.T.);
#3099=EDGE_CURVE('',#3774,#3776,#4484,.T.);
#3100=EDGE_CURVE('',#3777,#3764,#4485,.T.);
#3101=EDGE_CURVE('',#3778,#3777,#4486,.T.);
#3102=EDGE_CURVE('',#3779,#3778,#4487,.T.);
#3103=EDGE_CURVE('',#3780,#3779,#4488,.T.);
#3104=EDGE_CURVE('',#3781,#3780,#4489,.T.);
#3105=EDGE_CURVE('',#3782,#3781,#4490,.T.);
#3106=EDGE_CURVE('',#3783,#3782,#4491,.T.);
#3107=EDGE_CURVE('',#3784,#3783,#4492,.T.);
#3108=EDGE_CURVE('',#3769,#3784,#4493,.T.);
#3109=EDGE_CURVE('',#3785,#3771,#4494,.T.);
#3110=EDGE_CURVE('',#3786,#3785,#4495,.T.);
#3111=EDGE_CURVE('',#3786,#3787,#4496,.T.);
#3112=EDGE_CURVE('',#3788,#3787,#4497,.T.);
#3113=EDGE_CURVE('',#3788,#3789,#4498,.T.);
#3114=EDGE_CURVE('',#3789,#3790,#4499,.T.);
#3115=EDGE_CURVE('',#3766,#3790,#4500,.T.);
#3116=EDGE_CURVE('',#3791,#3787,#4501,.T.);
#3117=EDGE_CURVE('',#3791,#3792,#4502,.T.);
#3118=EDGE_CURVE('',#3792,#3788,#4503,.T.);
#3119=EDGE_CURVE('',#3793,#3794,#365,.T.);
#3120=EDGE_CURVE('',#3795,#3793,#4504,.T.);
#3121=EDGE_CURVE('',#3795,#3786,#4505,.T.);
#3122=EDGE_CURVE('',#3785,#3796,#4506,.T.);
#3123=EDGE_CURVE('',#3794,#3796,#4507,.T.);
#3124=EDGE_CURVE('',#3797,#3789,#4508,.T.);
#3125=EDGE_CURVE('',#3797,#3798,#4509,.T.);
#3126=EDGE_CURVE('',#3798,#3790,#4510,.T.);
#3127=EDGE_CURVE('',#3799,#3791,#4511,.T.);
#3128=EDGE_CURVE('',#3799,#3800,#18,.F.);
#3129=EDGE_CURVE('',#3801,#3800,#33,.T.);
#3130=EDGE_CURVE('',#3801,#3802,#4512,.T.);
#3131=EDGE_CURVE('',#3803,#3802,#34,.T.);
#3132=EDGE_CURVE('',#3803,#3804,#19,.T.);
#3133=EDGE_CURVE('',#3804,#3792,#4513,.T.);
#3134=EDGE_CURVE('',#3800,#3805,#35,.T.);
#3135=EDGE_CURVE('',#3756,#3805,#4514,.T.);
#3136=EDGE_CURVE('',#3746,#3801,#366,.T.);
#3137=EDGE_CURVE('',#3796,#3806,#367,.F.);
#3138=EDGE_CURVE('',#3757,#3806,#4515,.T.);
#3139=EDGE_CURVE('',#3807,#3807,#368,.T.);
#3140=EDGE_CURVE('',#3805,#3806,#4516,.T.);
#3141=EDGE_CURVE('',#3763,#3808,#4517,.T.);
#3142=EDGE_CURVE('',#3808,#3803,#36,.T.);
#3143=EDGE_CURVE('',#3802,#3752,#369,.T.);
#3144=EDGE_CURVE('',#3808,#3809,#4518,.T.);
#3145=EDGE_CURVE('',#3762,#3809,#4519,.T.);
#3146=EDGE_CURVE('',#3809,#3798,#370,.F.);
#3147=EDGE_CURVE('',#3767,#3770,#4520,.T.);
#3148=EDGE_CURVE('',#3810,#3810,#371,.T.);
#3149=EDGE_CURVE('',#3811,#3811,#372,.T.);
#3150=EDGE_CURVE('',#3804,#3797,#4521,.T.);
#3151=EDGE_CURVE('',#3794,#3793,#37,.T.);
#3152=EDGE_CURVE('',#3799,#3795,#4522,.T.);
#3153=EDGE_CURVE('',#3792,#3797,#4523,.T.);
#3154=EDGE_CURVE('',#3795,#3791,#4524,.T.);
#3155=EDGE_CURVE('',#3812,#3812,#373,.T.);
#3156=EDGE_CURVE('',#3813,#3813,#374,.T.);
#3157=EDGE_CURVE('',#3814,#3814,#375,.T.);
#3158=EDGE_CURVE('',#3815,#3815,#376,.T.);
#3159=EDGE_CURVE('',#3816,#3775,#4525,.T.);
#3160=EDGE_CURVE('',#3816,#3817,#377,.T.);
#3161=EDGE_CURVE('',#3776,#3817,#4526,.T.);
#3162=EDGE_CURVE('',#3818,#3818,#378,.T.);
#3163=EDGE_CURVE('',#3820,#3820,#379,.T.);
#3164=EDGE_CURVE('',#3821,#3773,#4527,.T.);
#3165=EDGE_CURVE('',#3821,#3816,#4528,.T.);
#3166=EDGE_CURVE('',#3822,#3817,#4529,.T.);
#3167=EDGE_CURVE('',#3774,#3822,#4530,.T.);
#3168=EDGE_CURVE('',#3821,#3822,#380,.T.);
#3169=EDGE_CURVE('',#3823,#3765,#4531,.T.);
#3170=EDGE_CURVE('',#3823,#3777,#4532,.T.);
#3171=EDGE_CURVE('',#3768,#3824,#4533,.T.);
#3172=EDGE_CURVE('',#3824,#3784,#4534,.T.);
#3173=EDGE_CURVE('',#3824,#3825,#4535,.T.);
#3174=EDGE_CURVE('',#3825,#3826,#4536,.T.);
#3175=EDGE_CURVE('',#3826,#3827,#4537,.T.);
#3176=EDGE_CURVE('',#3827,#3828,#4538,.T.);
#3177=EDGE_CURVE('',#3828,#3829,#4539,.T.);
#3178=EDGE_CURVE('',#3829,#3830,#4540,.T.);
#3179=EDGE_CURVE('',#3830,#3823,#4541,.T.);
#3180=EDGE_CURVE('',#3825,#3783,#4542,.T.);
#3181=EDGE_CURVE('',#3826,#3782,#4543,.T.);
#3182=EDGE_CURVE('',#3827,#3781,#4544,.T.);
#3183=EDGE_CURVE('',#3828,#3780,#4545,.T.);
#3184=EDGE_CURVE('',#3829,#3779,#4546,.T.);
#3185=EDGE_CURVE('',#3830,#3778,#4547,.T.);
#3186=VERTEX_POINT('',#12187);
#3187=VERTEX_POINT('',#12188);
#3188=VERTEX_POINT('',#12190);
#3189=VERTEX_POINT('',#12192);
#3190=VERTEX_POINT('',#12196);
#3191=VERTEX_POINT('',#12197);
#3192=VERTEX_POINT('',#12199);
#3193=VERTEX_POINT('',#12201);
#3194=VERTEX_POINT('',#12203);
#3195=VERTEX_POINT('',#12205);
#3196=VERTEX_POINT('',#12209);
#3197=VERTEX_POINT('',#12210);
#3198=VERTEX_POINT('',#12212);
#3199=VERTEX_POINT('',#12214);
#3200=VERTEX_POINT('',#12216);
#3201=VERTEX_POINT('',#12218);
#3202=VERTEX_POINT('',#12222);
#3203=VERTEX_POINT('',#12224);
#3204=VERTEX_POINT('',#12228);
#3205=VERTEX_POINT('',#12229);
#3206=VERTEX_POINT('',#12231);
#3207=VERTEX_POINT('',#12233);
#3208=VERTEX_POINT('',#12237);
#3209=VERTEX_POINT('',#12239);
#3210=VERTEX_POINT('',#12241);
#3211=VERTEX_POINT('',#12245);
#3212=VERTEX_POINT('',#12247);
#3213=VERTEX_POINT('',#12251);
#3214=VERTEX_POINT('',#12253);
#3215=VERTEX_POINT('',#12257);
#3216=VERTEX_POINT('',#12258);
#3217=VERTEX_POINT('',#12260);
#3218=VERTEX_POINT('',#12262);
#3219=VERTEX_POINT('',#12264);
#3220=VERTEX_POINT('',#12269);
#3221=VERTEX_POINT('',#12271);
#3222=VERTEX_POINT('',#12275);
#3223=VERTEX_POINT('',#12276);
#3224=VERTEX_POINT('',#12278);
#3225=VERTEX_POINT('',#12280);
#3226=VERTEX_POINT('',#12284);
#3227=VERTEX_POINT('',#12286);
#3228=VERTEX_POINT('',#12289);
#3229=VERTEX_POINT('',#12293);
#3230=VERTEX_POINT('',#12294);
#3231=VERTEX_POINT('',#12299);
#3232=VERTEX_POINT('',#12300);
#3233=VERTEX_POINT('',#12302);
#3234=VERTEX_POINT('',#12304);
#3235=VERTEX_POINT('',#12308);
#3236=VERTEX_POINT('',#12309);
#3237=VERTEX_POINT('',#12311);
#3238=VERTEX_POINT('',#12313);
#3239=VERTEX_POINT('',#12315);
#3240=VERTEX_POINT('',#12317);
#3241=VERTEX_POINT('',#12321);
#3242=VERTEX_POINT('',#12322);
#3243=VERTEX_POINT('',#12324);
#3244=VERTEX_POINT('',#12326);
#3245=VERTEX_POINT('',#12328);
#3246=VERTEX_POINT('',#12330);
#3247=VERTEX_POINT('',#12334);
#3248=VERTEX_POINT('',#12335);
#3249=VERTEX_POINT('',#12337);
#3250=VERTEX_POINT('',#12339);
#3251=VERTEX_POINT('',#12343);
#3252=VERTEX_POINT('',#12344);
#3253=VERTEX_POINT('',#12346);
#3254=VERTEX_POINT('',#12348);
#3255=VERTEX_POINT('',#12352);
#3256=VERTEX_POINT('',#12353);
#3257=VERTEX_POINT('',#12355);
#3258=VERTEX_POINT('',#12357);
#3259=VERTEX_POINT('',#12361);
#3260=VERTEX_POINT('',#12362);
#3261=VERTEX_POINT('',#12364);
#3262=VERTEX_POINT('',#12366);
#3263=VERTEX_POINT('',#12370);
#3264=VERTEX_POINT('',#12372);
#3265=VERTEX_POINT('',#12374);
#3266=VERTEX_POINT('',#12376);
#3267=VERTEX_POINT('',#12378);
#3268=VERTEX_POINT('',#12380);
#3269=VERTEX_POINT('',#12383);
#3270=VERTEX_POINT('',#12385);
#3271=VERTEX_POINT('',#12387);
#3272=VERTEX_POINT('',#12389);
#3273=VERTEX_POINT('',#12392);
#3274=VERTEX_POINT('',#12394);
#3275=VERTEX_POINT('',#12397);
#3276=VERTEX_POINT('',#12399);
#3277=VERTEX_POINT('',#12401);
#3278=VERTEX_POINT('',#12403);
#3279=VERTEX_POINT('',#12407);
#3280=VERTEX_POINT('',#12408);
#3281=VERTEX_POINT('',#12410);
#3282=VERTEX_POINT('',#12412);
#3283=VERTEX_POINT('',#12414);
#3284=VERTEX_POINT('',#12416);
#3285=VERTEX_POINT('',#12419);
#3286=VERTEX_POINT('',#12420);
#3287=VERTEX_POINT('',#12422);
#3288=VERTEX_POINT('',#12424);
#3289=VERTEX_POINT('',#12426);
#3290=VERTEX_POINT('',#12428);
#3291=VERTEX_POINT('',#12431);
#3292=VERTEX_POINT('',#12433);
#3293=VERTEX_POINT('',#12435);
#3294=VERTEX_POINT('',#12438);
#3295=VERTEX_POINT('',#12440);
#3296=VERTEX_POINT('',#12442);
#3297=VERTEX_POINT('',#12444);
#3298=VERTEX_POINT('',#12446);
#3299=VERTEX_POINT('',#12448);
#3300=VERTEX_POINT('',#12450);
#3301=VERTEX_POINT('',#12452);
#3302=VERTEX_POINT('',#12454);
#3303=VERTEX_POINT('',#12456);
#3304=VERTEX_POINT('',#12458);
#3305=VERTEX_POINT('',#12460);
#3306=VERTEX_POINT('',#12462);
#3307=VERTEX_POINT('',#12464);
#3308=VERTEX_POINT('',#12466);
#3309=VERTEX_POINT('',#12468);
#3310=VERTEX_POINT('',#12470);
#3311=VERTEX_POINT('',#12472);
#3312=VERTEX_POINT('',#12474);
#3313=VERTEX_POINT('',#12476);
#3314=VERTEX_POINT('',#12478);
#3315=VERTEX_POINT('',#12480);
#3316=VERTEX_POINT('',#12482);
#3317=VERTEX_POINT('',#12484);
#3318=VERTEX_POINT('',#12486);
#3319=VERTEX_POINT('',#12488);
#3320=VERTEX_POINT('',#12492);
#3321=VERTEX_POINT('',#12494);
#3322=VERTEX_POINT('',#12499);
#3323=VERTEX_POINT('',#12501);
#3324=VERTEX_POINT('',#12506);
#3325=VERTEX_POINT('',#12508);
#3326=VERTEX_POINT('',#12513);
#3327=VERTEX_POINT('',#12515);
#3328=VERTEX_POINT('',#12520);
#3329=VERTEX_POINT('',#12523);
#3330=VERTEX_POINT('',#12525);
#3331=VERTEX_POINT('',#12532);
#3332=VERTEX_POINT('',#12534);
#3333=VERTEX_POINT('',#12538);
#3334=VERTEX_POINT('',#12540);
#3335=VERTEX_POINT('',#12543);
#3336=VERTEX_POINT('',#12545);
#3337=VERTEX_POINT('',#12549);
#3338=VERTEX_POINT('',#12550);
#3339=VERTEX_POINT('',#12552);
#3340=VERTEX_POINT('',#12554);
#3341=VERTEX_POINT('',#12557);
#3342=VERTEX_POINT('',#12559);
#3343=VERTEX_POINT('',#12563);
#3344=VERTEX_POINT('',#12564);
#3345=VERTEX_POINT('',#12566);
#3346=VERTEX_POINT('',#12568);
#3347=VERTEX_POINT('',#12574);
#3348=VERTEX_POINT('',#12576);
#3349=VERTEX_POINT('',#12580);
#3350=VERTEX_POINT('',#12582);
#3351=VERTEX_POINT('',#12584);
#3352=VERTEX_POINT('',#12588);
#3353=VERTEX_POINT('',#12590);
#3354=VERTEX_POINT('',#12594);
#3355=VERTEX_POINT('',#12596);
#3356=VERTEX_POINT('',#12599);
#3357=VERTEX_POINT('',#12601);
#3358=VERTEX_POINT('',#12605);
#3359=VERTEX_POINT('',#12606);
#3360=VERTEX_POINT('',#12608);
#3361=VERTEX_POINT('',#12610);
#3362=VERTEX_POINT('',#12613);
#3363=VERTEX_POINT('',#12615);
#3364=VERTEX_POINT('',#12619);
#3365=VERTEX_POINT('',#12620);
#3366=VERTEX_POINT('',#12622);
#3367=VERTEX_POINT('',#12624);
#3368=VERTEX_POINT('',#12639);
#3369=VERTEX_POINT('',#12645);
#3370=VERTEX_POINT('',#12653);
#3371=VERTEX_POINT('',#12655);
#3372=VERTEX_POINT('',#12658);
#3373=VERTEX_POINT('',#12662);
#3374=VERTEX_POINT('',#12666);
#3375=VERTEX_POINT('',#12670);
#3376=VERTEX_POINT('',#12674);
#3377=VERTEX_POINT('',#12679);
#3378=VERTEX_POINT('',#12683);
#3379=VERTEX_POINT('',#12687);
#3380=VERTEX_POINT('',#12692);
#3381=VERTEX_POINT('',#12696);
#3382=VERTEX_POINT('',#12700);
#3383=VERTEX_POINT('',#12705);
#3384=VERTEX_POINT('',#12709);
#3385=VERTEX_POINT('',#12713);
#3386=VERTEX_POINT('',#12718);
#3387=VERTEX_POINT('',#12721);
#3388=VERTEX_POINT('',#12724);
#3389=VERTEX_POINT('',#12727);
#3390=VERTEX_POINT('',#12730);
#3391=VERTEX_POINT('',#12733);
#3392=VERTEX_POINT('',#12736);
#3393=VERTEX_POINT('',#12739);
#3394=VERTEX_POINT('',#12742);
#3395=VERTEX_POINT('',#12745);
#3396=VERTEX_POINT('',#12749);
#3397=VERTEX_POINT('',#12752);
#3398=VERTEX_POINT('',#12756);
#3399=VERTEX_POINT('',#12759);
#3400=VERTEX_POINT('',#12762);
#3401=VERTEX_POINT('',#12764);
#3402=VERTEX_POINT('',#12772);
#3403=VERTEX_POINT('',#12774);
#3404=VERTEX_POINT('',#12784);
#3405=VERTEX_POINT('',#12785);
#3406=VERTEX_POINT('',#12787);
#3407=VERTEX_POINT('',#12789);
#3408=VERTEX_POINT('',#12793);
#3409=VERTEX_POINT('',#12795);
#3410=VERTEX_POINT('',#12796);
#3411=VERTEX_POINT('',#12801);
#3412=VERTEX_POINT('',#12803);
#3413=VERTEX_POINT('',#12810);
#3414=VERTEX_POINT('',#12811);
#3415=VERTEX_POINT('',#12816);
#3416=VERTEX_POINT('',#12818);
#3417=VERTEX_POINT('',#12851);
#3418=VERTEX_POINT('',#12853);
#3419=VERTEX_POINT('',#12856);
#3420=VERTEX_POINT('',#12858);
#3421=VERTEX_POINT('',#12861);
#3422=VERTEX_POINT('',#12864);
#3423=VERTEX_POINT('',#12867);
#3424=VERTEX_POINT('',#12871);
#3425=VERTEX_POINT('',#12874);
#3426=VERTEX_POINT('',#12877);
#3427=VERTEX_POINT('',#12881);
#3428=VERTEX_POINT('',#12885);
#3429=VERTEX_POINT('',#12889);
#3430=VERTEX_POINT('',#12891);
#3431=VERTEX_POINT('',#12895);
#3432=VERTEX_POINT('',#12899);
#3433=VERTEX_POINT('',#12903);
#3434=VERTEX_POINT('',#12907);
#3435=VERTEX_POINT('',#12914);
#3436=VERTEX_POINT('',#12916);
#3437=VERTEX_POINT('',#12920);
#3438=VERTEX_POINT('',#12924);
#3439=VERTEX_POINT('',#12928);
#3440=VERTEX_POINT('',#12932);
#3441=VERTEX_POINT('',#12939);
#3442=VERTEX_POINT('',#12940);
#3443=VERTEX_POINT('',#12942);
#3444=VERTEX_POINT('',#12944);
#3445=VERTEX_POINT('',#12946);
#3446=VERTEX_POINT('',#12948);
#3447=VERTEX_POINT('',#12951);
#3448=VERTEX_POINT('',#12954);
#3449=VERTEX_POINT('',#12958);
#3450=VERTEX_POINT('',#12960);
#3451=VERTEX_POINT('',#12964);
#3452=VERTEX_POINT('',#12968);
#3453=VERTEX_POINT('',#12972);
#3454=VERTEX_POINT('',#12976);
#3455=VERTEX_POINT('',#12988);
#3456=VERTEX_POINT('',#12989);
#3457=VERTEX_POINT('',#12996);
#3458=VERTEX_POINT('',#13003);
#3459=VERTEX_POINT('',#13010);
#3460=VERTEX_POINT('',#13017);
#3461=VERTEX_POINT('',#13024);
#3462=VERTEX_POINT('',#13025);
#3463=VERTEX_POINT('',#13027);
#3464=VERTEX_POINT('',#13029);
#3465=VERTEX_POINT('',#13031);
#3466=VERTEX_POINT('',#13033);
#3467=VERTEX_POINT('',#13035);
#3468=VERTEX_POINT('',#13037);
#3469=VERTEX_POINT('',#13039);
#3470=VERTEX_POINT('',#13041);
#3471=VERTEX_POINT('',#13043);
#3472=VERTEX_POINT('',#13045);
#3473=VERTEX_POINT('',#13047);
#3474=VERTEX_POINT('',#13049);
#3475=VERTEX_POINT('',#13051);
#3476=VERTEX_POINT('',#13053);
#3477=VERTEX_POINT('',#13057);
#3478=VERTEX_POINT('',#13059);
#3479=VERTEX_POINT('',#13063);
#3480=VERTEX_POINT('',#13064);
#3481=VERTEX_POINT('',#13066);
#3482=VERTEX_POINT('',#13068);
#3483=VERTEX_POINT('',#13070);
#3484=VERTEX_POINT('',#13072);
#3485=VERTEX_POINT('',#13074);
#3486=VERTEX_POINT('',#13076);
#3487=VERTEX_POINT('',#13080);
#3488=VERTEX_POINT('',#13083);
#3489=VERTEX_POINT('',#13086);
#3490=VERTEX_POINT('',#13088);
#3491=VERTEX_POINT('',#13092);
#3492=VERTEX_POINT('',#13094);
#3493=VERTEX_POINT('',#13098);
#3494=VERTEX_POINT('',#13100);
#3495=VERTEX_POINT('',#13104);
#3496=VERTEX_POINT('',#13106);
#3497=VERTEX_POINT('',#13108);
#3498=VERTEX_POINT('',#13110);
#3499=VERTEX_POINT('',#13112);
#3500=VERTEX_POINT('',#13114);
#3501=VERTEX_POINT('',#13116);
#3502=VERTEX_POINT('',#13119);
#3503=VERTEX_POINT('',#13121);
#3504=VERTEX_POINT('',#13124);
#3505=VERTEX_POINT('',#13127);
#3506=VERTEX_POINT('',#13129);
#3507=VERTEX_POINT('',#13132);
#3508=VERTEX_POINT('',#13135);
#3509=VERTEX_POINT('',#13139);
#3510=VERTEX_POINT('',#13140);
#3511=VERTEX_POINT('',#13142);
#3512=VERTEX_POINT('',#13144);
#3513=VERTEX_POINT('',#13146);
#3514=VERTEX_POINT('',#13148);
#3515=VERTEX_POINT('',#13150);
#3516=VERTEX_POINT('',#13152);
#3517=VERTEX_POINT('',#13154);
#3518=VERTEX_POINT('',#13159);
#3519=VERTEX_POINT('',#13161);
#3520=VERTEX_POINT('',#13163);
#3521=VERTEX_POINT('',#13165);
#3522=VERTEX_POINT('',#13167);
#3523=VERTEX_POINT('',#13169);
#3524=VERTEX_POINT('',#13171);
#3525=VERTEX_POINT('',#13173);
#3526=VERTEX_POINT('',#13177);
#3527=VERTEX_POINT('',#13178);
#3528=VERTEX_POINT('',#13183);
#3529=VERTEX_POINT('',#13184);
#3530=VERTEX_POINT('',#13191);
#3531=VERTEX_POINT('',#13198);
#3532=VERTEX_POINT('',#13205);
#3533=VERTEX_POINT('',#13212);
#3534=VERTEX_POINT('',#13224);
#3535=VERTEX_POINT('',#13226);
#3536=VERTEX_POINT('',#13228);
#3537=VERTEX_POINT('',#13231);
#3538=VERTEX_POINT('',#13233);
#3539=VERTEX_POINT('',#13236);
#3540=VERTEX_POINT('',#13238);
#3541=VERTEX_POINT('',#13240);
#3542=VERTEX_POINT('',#13242);
#3543=VERTEX_POINT('',#13257);
#3544=VERTEX_POINT('',#13260);
#3545=VERTEX_POINT('',#13263);
#3546=VERTEX_POINT('',#13266);
#3547=VERTEX_POINT('',#13270);
#3548=VERTEX_POINT('',#13273);
#3549=VERTEX_POINT('',#13276);
#3550=VERTEX_POINT('',#13279);
#3551=VERTEX_POINT('',#13281);
#3552=VERTEX_POINT('',#13291);
#3553=VERTEX_POINT('',#13295);
#3554=VERTEX_POINT('',#13298);
#3555=VERTEX_POINT('',#13302);
#3556=VERTEX_POINT('',#13305);
#3557=VERTEX_POINT('',#13308);
#3558=VERTEX_POINT('',#13311);
#3559=VERTEX_POINT('',#13313);
#3560=VERTEX_POINT('',#13323);
#3561=VERTEX_POINT('',#13327);
#3562=VERTEX_POINT('',#13330);
#3563=VERTEX_POINT('',#13334);
#3564=VERTEX_POINT('',#13336);
#3565=VERTEX_POINT('',#13340);
#3566=VERTEX_POINT('',#13344);
#3567=VERTEX_POINT('',#13348);
#3568=VERTEX_POINT('',#13352);
#3569=VERTEX_POINT('',#13386);
#3570=VERTEX_POINT('',#13388);
#3571=VERTEX_POINT('',#13392);
#3572=VERTEX_POINT('',#13396);
#3573=VERTEX_POINT('',#13400);
#3574=VERTEX_POINT('',#13404);
#3575=VERTEX_POINT('',#13412);
#3576=VERTEX_POINT('',#13413);
#3577=VERTEX_POINT('',#13415);
#3578=VERTEX_POINT('',#13417);
#3579=VERTEX_POINT('',#13421);
#3580=VERTEX_POINT('',#13423);
#3581=VERTEX_POINT('',#13427);
#3582=VERTEX_POINT('',#13429);
#3583=VERTEX_POINT('',#13433);
#3584=VERTEX_POINT('',#13435);
#3585=VERTEX_POINT('',#13439);
#3586=VERTEX_POINT('',#13441);
#3587=VERTEX_POINT('',#13448);
#3588=VERTEX_POINT('',#13449);
#3589=VERTEX_POINT('',#13451);
#3590=VERTEX_POINT('',#13453);
#3591=VERTEX_POINT('',#13455);
#3592=VERTEX_POINT('',#13457);
#3593=VERTEX_POINT('',#13460);
#3594=VERTEX_POINT('',#13461);
#3595=VERTEX_POINT('',#13463);
#3596=VERTEX_POINT('',#13465);
#3597=VERTEX_POINT('',#13467);
#3598=VERTEX_POINT('',#13469);
#3599=VERTEX_POINT('',#13472);
#3600=VERTEX_POINT('',#13474);
#3601=VERTEX_POINT('',#13475);
#3602=VERTEX_POINT('',#13477);
#3603=VERTEX_POINT('',#13479);
#3604=VERTEX_POINT('',#13481);
#3605=VERTEX_POINT('',#13483);
#3606=VERTEX_POINT('',#13485);
#3607=VERTEX_POINT('',#13487);
#3608=VERTEX_POINT('',#13490);
#3609=VERTEX_POINT('',#13491);
#3610=VERTEX_POINT('',#13493);
#3611=VERTEX_POINT('',#13495);
#3612=VERTEX_POINT('',#13497);
#3613=VERTEX_POINT('',#13499);
#3614=VERTEX_POINT('',#13501);
#3615=VERTEX_POINT('',#13503);
#3616=VERTEX_POINT('',#13506);
#3617=VERTEX_POINT('',#13507);
#3618=VERTEX_POINT('',#13509);
#3619=VERTEX_POINT('',#13511);
#3620=VERTEX_POINT('',#13513);
#3621=VERTEX_POINT('',#13515);
#3622=VERTEX_POINT('',#13517);
#3623=VERTEX_POINT('',#13519);
#3624=VERTEX_POINT('',#13521);
#3625=VERTEX_POINT('',#13523);
#3626=VERTEX_POINT('',#13525);
#3627=VERTEX_POINT('',#13527);
#3628=VERTEX_POINT('',#13529);
#3629=VERTEX_POINT('',#13531);
#3630=VERTEX_POINT('',#13533);
#3631=VERTEX_POINT('',#13535);
#3632=VERTEX_POINT('',#13538);
#3633=VERTEX_POINT('',#13539);
#3634=VERTEX_POINT('',#13541);
#3635=VERTEX_POINT('',#13543);
#3636=VERTEX_POINT('',#13545);
#3637=VERTEX_POINT('',#13547);
#3638=VERTEX_POINT('',#13549);
#3639=VERTEX_POINT('',#13551);
#3640=VERTEX_POINT('',#13553);
#3641=VERTEX_POINT('',#13555);
#3642=VERTEX_POINT('',#13557);
#3643=VERTEX_POINT('',#13560);
#3644=VERTEX_POINT('',#13561);
#3645=VERTEX_POINT('',#13563);
#3646=VERTEX_POINT('',#13565);
#3647=VERTEX_POINT('',#13567);
#3648=VERTEX_POINT('',#13569);
#3649=VERTEX_POINT('',#13571);
#3650=VERTEX_POINT('',#13573);
#3651=VERTEX_POINT('',#13575);
#3652=VERTEX_POINT('',#13577);
#3653=VERTEX_POINT('',#13580);
#3654=VERTEX_POINT('',#13581);
#3655=VERTEX_POINT('',#13583);
#3656=VERTEX_POINT('',#13585);
#3657=VERTEX_POINT('',#13587);
#3658=VERTEX_POINT('',#13589);
#3659=VERTEX_POINT('',#13591);
#3660=VERTEX_POINT('',#13593);
#3661=VERTEX_POINT('',#13595);
#3662=VERTEX_POINT('',#13597);
#3663=VERTEX_POINT('',#13599);
#3664=VERTEX_POINT('',#13601);
#3665=VERTEX_POINT('',#13606);
#3666=VERTEX_POINT('',#13608);
#3667=VERTEX_POINT('',#13612);
#3668=VERTEX_POINT('',#13616);
#3669=VERTEX_POINT('',#13620);
#3670=VERTEX_POINT('',#13624);
#3671=VERTEX_POINT('',#13628);
#3672=VERTEX_POINT('',#13632);
#3673=VERTEX_POINT('',#13636);
#3674=VERTEX_POINT('',#13640);
#3675=VERTEX_POINT('',#13644);
#3676=VERTEX_POINT('',#13648);
#3677=VERTEX_POINT('',#13655);
#3678=VERTEX_POINT('',#13657);
#3679=VERTEX_POINT('',#13661);
#3680=VERTEX_POINT('',#13665);
#3681=VERTEX_POINT('',#13669);
#3682=VERTEX_POINT('',#13673);
#3683=VERTEX_POINT('',#13677);
#3684=VERTEX_POINT('',#13681);
#3685=VERTEX_POINT('',#13685);
#3686=VERTEX_POINT('',#13689);
#3687=VERTEX_POINT('',#13696);
#3688=VERTEX_POINT('',#13698);
#3689=VERTEX_POINT('',#13702);
#3690=VERTEX_POINT('',#13706);
#3691=VERTEX_POINT('',#13710);
#3692=VERTEX_POINT('',#13714);
#3693=VERTEX_POINT('',#13718);
#3694=VERTEX_POINT('',#13722);
#3695=VERTEX_POINT('',#13726);
#3696=VERTEX_POINT('',#13730);
#3697=VERTEX_POINT('',#13734);
#3698=VERTEX_POINT('',#13741);
#3699=VERTEX_POINT('',#13743);
#3700=VERTEX_POINT('',#13747);
#3701=VERTEX_POINT('',#13751);
#3702=VERTEX_POINT('',#13755);
#3703=VERTEX_POINT('',#13759);
#3704=VERTEX_POINT('',#13763);
#3705=VERTEX_POINT('',#13767);
#3706=VERTEX_POINT('',#13771);
#3707=VERTEX_POINT('',#13775);
#3708=VERTEX_POINT('',#13779);
#3709=VERTEX_POINT('',#13783);
#3710=VERTEX_POINT('',#13787);
#3711=VERTEX_POINT('',#13791);
#3712=VERTEX_POINT('',#13795);
#3713=VERTEX_POINT('',#13799);
#3714=VERTEX_POINT('',#13806);
#3715=VERTEX_POINT('',#13808);
#3716=VERTEX_POINT('',#13812);
#3717=VERTEX_POINT('',#13816);
#3718=VERTEX_POINT('',#13820);
#3719=VERTEX_POINT('',#13824);
#3720=VERTEX_POINT('',#13828);
#3721=VERTEX_POINT('',#13832);
#3722=VERTEX_POINT('',#13839);
#3723=VERTEX_POINT('',#13841);
#3724=VERTEX_POINT('',#13845);
#3725=VERTEX_POINT('',#13849);
#3726=VERTEX_POINT('',#13853);
#3727=VERTEX_POINT('',#13857);
#3728=VERTEX_POINT('',#13861);
#3729=VERTEX_POINT('',#13865);
#3730=VERTEX_POINT('',#13872);
#3731=VERTEX_POINT('',#13876);
#3732=VERTEX_POINT('',#13878);
#3733=VERTEX_POINT('',#13882);
#3734=VERTEX_POINT('',#13886);
#3735=VERTEX_POINT('',#13890);
#3736=VERTEX_POINT('',#13894);
#3737=VERTEX_POINT('',#13901);
#3738=VERTEX_POINT('',#13903);
#3739=VERTEX_POINT('',#13907);
#3740=VERTEX_POINT('',#13911);
#3741=VERTEX_POINT('',#13915);
#3742=VERTEX_POINT('',#13919);
#3743=VERTEX_POINT('',#13927);
#3744=VERTEX_POINT('',#13928);
#3745=VERTEX_POINT('',#13930);
#3746=VERTEX_POINT('',#13932);
#3747=VERTEX_POINT('',#13934);
#3748=VERTEX_POINT('',#13938);
#3749=VERTEX_POINT('',#13940);
#3750=VERTEX_POINT('',#13944);
#3751=VERTEX_POINT('',#13946);
#3752=VERTEX_POINT('',#13948);
#3753=VERTEX_POINT('',#13952);
#3754=VERTEX_POINT('',#13954);
#3755=VERTEX_POINT('',#13956);
#3756=VERTEX_POINT('',#13959);
#3757=VERTEX_POINT('',#13961);
#3758=VERTEX_POINT('',#13963);
#3759=VERTEX_POINT('',#13965);
#3760=VERTEX_POINT('',#13967);
#3761=VERTEX_POINT('',#13969);
#3762=VERTEX_POINT('',#13971);
#3763=VERTEX_POINT('',#13973);
#3764=VERTEX_POINT('',#13977);
#3765=VERTEX_POINT('',#13978);
#3766=VERTEX_POINT('',#13980);
#3767=VERTEX_POINT('',#13983);
#3768=VERTEX_POINT('',#13987);
#3769=VERTEX_POINT('',#13988);
#3770=VERTEX_POINT('',#13990);
#3771=VERTEX_POINT('',#13993);
#3772=VERTEX_POINT('',#13997);
#3773=VERTEX_POINT('',#13999);
#3774=VERTEX_POINT('',#14000);
#3775=VERTEX_POINT('',#14002);
#3776=VERTEX_POINT('',#14004);
#3777=VERTEX_POINT('',#14008);
#3778=VERTEX_POINT('',#14010);
#3779=VERTEX_POINT('',#14012);
#3780=VERTEX_POINT('',#14014);
#3781=VERTEX_POINT('',#14016);
#3782=VERTEX_POINT('',#14018);
#3783=VERTEX_POINT('',#14020);
#3784=VERTEX_POINT('',#14022);
#3785=VERTEX_POINT('',#14025);
#3786=VERTEX_POINT('',#14027);
#3787=VERTEX_POINT('',#14029);
#3788=VERTEX_POINT('',#14031);
#3789=VERTEX_POINT('',#14033);
#3790=VERTEX_POINT('',#14035);
#3791=VERTEX_POINT('',#14039);
#3792=VERTEX_POINT('',#14041);
#3793=VERTEX_POINT('',#14045);
#3794=VERTEX_POINT('',#14046);
#3795=VERTEX_POINT('',#14048);
#3796=VERTEX_POINT('',#14051);
#3797=VERTEX_POINT('',#14055);
#3798=VERTEX_POINT('',#14057);
#3799=VERTEX_POINT('',#14061);
#3800=VERTEX_POINT('',#14063);
#3801=VERTEX_POINT('',#14069);
#3802=VERTEX_POINT('',#14071);
#3803=VERTEX_POINT('',#14077);
#3804=VERTEX_POINT('',#14079);
#3805=VERTEX_POINT('',#14087);
#3806=VERTEX_POINT('',#14092);
#3807=VERTEX_POINT('',#14096);
#3808=VERTEX_POINT('',#14100);
#3809=VERTEX_POINT('',#14109);
#3810=VERTEX_POINT('',#14117);
#3811=VERTEX_POINT('',#14119);
#3812=VERTEX_POINT('',#14137);
#3813=VERTEX_POINT('',#14140);
#3814=VERTEX_POINT('',#14144);
#3815=VERTEX_POINT('',#14147);
#3816=VERTEX_POINT('',#14151);
#3817=VERTEX_POINT('',#14153);
#3818=VERTEX_POINT('',#14158);
#3819=VERTEX_POINT('',#14160);
#3820=VERTEX_POINT('',#14163);
#3821=VERTEX_POINT('',#14167);
#3822=VERTEX_POINT('',#14171);
#3823=VERTEX_POINT('',#14178);
#3824=VERTEX_POINT('',#14182);
#3825=VERTEX_POINT('',#14186);
#3826=VERTEX_POINT('',#14188);
#3827=VERTEX_POINT('',#14190);
#3828=VERTEX_POINT('',#14192);
#3829=VERTEX_POINT('',#14194);
#3830=VERTEX_POINT('',#14196);
#3831=LINE('',#12186,#4548);
#3832=LINE('',#12189,#4549);
#3833=LINE('',#12191,#4550);
#3834=LINE('',#12193,#4551);
#3835=LINE('',#12195,#4552);
#3836=LINE('',#12198,#4553);
#3837=LINE('',#12200,#4554);
#3838=LINE('',#12202,#4555);
#3839=LINE('',#12204,#4556);
#3840=LINE('',#12206,#4557);
#3841=LINE('',#12208,#4558);
#3842=LINE('',#12211,#4559);
#3843=LINE('',#12213,#4560);
#3844=LINE('',#12215,#4561);
#3845=LINE('',#12217,#4562);
#3846=LINE('',#12219,#4563);
#3847=LINE('',#12221,#4564);
#3848=LINE('',#12223,#4565);
#3849=LINE('',#12225,#4566);
#3850=LINE('',#12227,#4567);
#3851=LINE('',#12230,#4568);
#3852=LINE('',#12232,#4569);
#3853=LINE('',#12234,#4570);
#3854=LINE('',#12238,#4571);
#3855=LINE('',#12240,#4572);
#3856=LINE('',#12242,#4573);
#3857=LINE('',#12244,#4574);
#3858=LINE('',#12246,#4575);
#3859=LINE('',#12248,#4576);
#3860=LINE('',#12250,#4577);
#3861=LINE('',#12252,#4578);
#3862=LINE('',#12254,#4579);
#3863=LINE('',#12256,#4580);
#3864=LINE('',#12259,#4581);
#3865=LINE('',#12261,#4582);
#3866=LINE('',#12263,#4583);
#3867=LINE('',#12265,#4584);
#3868=LINE('',#12266,#4585);
#3869=LINE('',#12268,#4586);
#3870=LINE('',#12270,#4587);
#3871=LINE('',#12272,#4588);
#3872=LINE('',#12274,#4589);
#3873=LINE('',#12277,#4590);
#3874=LINE('',#12279,#4591);
#3875=LINE('',#12281,#4592);
#3876=LINE('',#12283,#4593);
#3877=LINE('',#12285,#4594);
#3878=LINE('',#12287,#4595);
#3879=LINE('',#12288,#4596);
#3880=LINE('',#12290,#4597);
#3881=LINE('',#12292,#4598);
#3882=LINE('',#12301,#4599);
#3883=LINE('',#12305,#4600);
#3884=LINE('',#12307,#4601);
#3885=LINE('',#12310,#4602);
#3886=LINE('',#12312,#4603);
#3887=LINE('',#12314,#4604);
#3888=LINE('',#12316,#4605);
#3889=LINE('',#12318,#4606);
#3890=LINE('',#12320,#4607);
#3891=LINE('',#12323,#4608);
#3892=LINE('',#12325,#4609);
#3893=LINE('',#12327,#4610);
#3894=LINE('',#12329,#4611);
#3895=LINE('',#12331,#4612);
#3896=LINE('',#12333,#4613);
#3897=LINE('',#12336,#4614);
#3898=LINE('',#12338,#4615);
#3899=LINE('',#12340,#4616);
#3900=LINE('',#12342,#4617);
#3901=LINE('',#12345,#4618);
#3902=LINE('',#12347,#4619);
#3903=LINE('',#12349,#4620);
#3904=LINE('',#12351,#4621);
#3905=LINE('',#12354,#4622);
#3906=LINE('',#12356,#4623);
#3907=LINE('',#12358,#4624);
#3908=LINE('',#12360,#4625);
#3909=LINE('',#12363,#4626);
#3910=LINE('',#12365,#4627);
#3911=LINE('',#12367,#4628);
#3912=LINE('',#12377,#4629);
#3913=LINE('',#12379,#4630);
#3914=LINE('',#12381,#4631);
#3915=LINE('',#12382,#4632);
#3916=LINE('',#12384,#4633);
#3917=LINE('',#12386,#4634);
#3918=LINE('',#12388,#4635);
#3919=LINE('',#12390,#4636);
#3920=LINE('',#12391,#4637);
#3921=LINE('',#12393,#4638);
#3922=LINE('',#12395,#4639);
#3923=LINE('',#12396,#4640);
#3924=LINE('',#12398,#4641);
#3925=LINE('',#12400,#4642);
#3926=LINE('',#12402,#4643);
#3927=LINE('',#12404,#4644);
#3928=LINE('',#12411,#4645);
#3929=LINE('',#12417,#4646);
#3930=LINE('',#12423,#4647);
#3931=LINE('',#12429,#4648);
#3932=LINE('',#12434,#4649);
#3933=LINE('',#12436,#4650);
#3934=LINE('',#12437,#4651);
#3935=LINE('',#12439,#4652);
#3936=LINE('',#12441,#4653);
#3937=LINE('',#12445,#4654);
#3938=LINE('',#12447,#4655);
#3939=LINE('',#12449,#4656);
#3940=LINE('',#12451,#4657);
#3941=LINE('',#12453,#4658);
#3942=LINE('',#12457,#4659);
#3943=LINE('',#12459,#4660);
#3944=LINE('',#12461,#4661);
#3945=LINE('',#12463,#4662);
#3946=LINE('',#12465,#4663);
#3947=LINE('',#12467,#4664);
#3948=LINE('',#12469,#4665);
#3949=LINE('',#12473,#4666);
#3950=LINE('',#12475,#4667);
#3951=LINE('',#12477,#4668);
#3952=LINE('',#12479,#4669);
#3953=LINE('',#12481,#4670);
#3954=LINE('',#12485,#4671);
#3955=LINE('',#12487,#4672);
#3956=LINE('',#12489,#4673);
#3957=LINE('',#12493,#4674);
#3958=LINE('',#12495,#4675);
#3959=LINE('',#12496,#4676);
#3960=LINE('',#12500,#4677);
#3961=LINE('',#12502,#4678);
#3962=LINE('',#12503,#4679);
#3963=LINE('',#12507,#4680);
#3964=LINE('',#12509,#4681);
#3965=LINE('',#12510,#4682);
#3966=LINE('',#12514,#4683);
#3967=LINE('',#12516,#4684);
#3968=LINE('',#12517,#4685);
#3969=LINE('',#12519,#4686);
#3970=LINE('',#12521,#4687);
#3971=LINE('',#12522,#4688);
#3972=LINE('',#12524,#4689);
#3973=LINE('',#12526,#4690);
#3974=LINE('',#12528,#4691);
#3975=LINE('',#12529,#4692);
#3976=LINE('',#12531,#4693);
#3977=LINE('',#12533,#4694);
#3978=LINE('',#12535,#4695);
#3979=LINE('',#12537,#4696);
#3980=LINE('',#12539,#4697);
#3981=LINE('',#12541,#4698);
#3982=LINE('',#12542,#4699);
#3983=LINE('',#12544,#4700);
#3984=LINE('',#12546,#4701);
#3985=LINE('',#12548,#4702);
#3986=LINE('',#12551,#4703);
#3987=LINE('',#12553,#4704);
#3988=LINE('',#12555,#4705);
#3989=LINE('',#12556,#4706);
#3990=LINE('',#12558,#4707);
#3991=LINE('',#12560,#4708);
#3992=LINE('',#12562,#4709);
#3993=LINE('',#12565,#4710);
#3994=LINE('',#12567,#4711);
#3995=LINE('',#12569,#4712);
#3996=LINE('',#12570,#4713);
#3997=LINE('',#12571,#4714);
#3998=LINE('',#12573,#4715);
#3999=LINE('',#12575,#4716);
#4000=LINE('',#12577,#4717);
#4001=LINE('',#12581,#4718);
#4002=LINE('',#12583,#4719);
#4003=LINE('',#12585,#4720);
#4004=LINE('',#12587,#4721);
#4005=LINE('',#12589,#4722);
#4006=LINE('',#12591,#4723);
#4007=LINE('',#12593,#4724);
#4008=LINE('',#12595,#4725);
#4009=LINE('',#12597,#4726);
#4010=LINE('',#12598,#4727);
#4011=LINE('',#12600,#4728);
#4012=LINE('',#12602,#4729);
#4013=LINE('',#12604,#4730);
#4014=LINE('',#12607,#4731);
#4015=LINE('',#12609,#4732);
#4016=LINE('',#12611,#4733);
#4017=LINE('',#12612,#4734);
#4018=LINE('',#12614,#4735);
#4019=LINE('',#12616,#4736);
#4020=LINE('',#12618,#4737);
#4021=LINE('',#12621,#4738);
#4022=LINE('',#12623,#4739);
#4023=LINE('',#12625,#4740);
#4024=LINE('',#12626,#4741);
#4025=LINE('',#12627,#4742);
#4026=LINE('',#12629,#4743);
#4027=LINE('',#12630,#4744);
#4028=LINE('',#12632,#4745);
#4029=LINE('',#12634,#4746);
#4030=LINE('',#12636,#4747);
#4031=LINE('',#12638,#4748);
#4032=LINE('',#12640,#4749);
#4033=LINE('',#12642,#4750);
#4034=LINE('',#12644,#4751);
#4035=LINE('',#12646,#4752);
#4036=LINE('',#12648,#4753);
#4037=LINE('',#12650,#4754);
#4038=LINE('',#12657,#4755);
#4039=LINE('',#12659,#4756);
#4040=LINE('',#12661,#4757);
#4041=LINE('',#12663,#4758);
#4042=LINE('',#12665,#4759);
#4043=LINE('',#12667,#4760);
#4044=LINE('',#12669,#4761);
#4045=LINE('',#12671,#4762);
#4046=LINE('',#12678,#4763);
#4047=LINE('',#12680,#4764);
#4048=LINE('',#12682,#4765);
#4049=LINE('',#12684,#4766);
#4050=LINE('',#12691,#4767);
#4051=LINE('',#12693,#4768);
#4052=LINE('',#12695,#4769);
#4053=LINE('',#12697,#4770);
#4054=LINE('',#12704,#4771);
#4055=LINE('',#12706,#4772);
#4056=LINE('',#12708,#4773);
#4057=LINE('',#12710,#4774);
#4058=LINE('',#12761,#4775);
#4059=LINE('',#12763,#4776);
#4060=LINE('',#12765,#4777);
#4061=LINE('',#12766,#4778);
#4062=LINE('',#12769,#4779);
#4063=LINE('',#12771,#4780);
#4064=LINE('',#12773,#4781);
#4065=LINE('',#12775,#4782);
#4066=LINE('',#12777,#4783);
#4067=LINE('',#12778,#4784);
#4068=LINE('',#12780,#4785);
#4069=LINE('',#12781,#4786);
#4070=LINE('',#12786,#4787);
#4071=LINE('',#12790,#4788);
#4072=LINE('',#12794,#4789);
#4073=LINE('',#12797,#4790);
#4074=LINE('',#12798,#4791);
#4075=LINE('',#12802,#4792);
#4076=LINE('',#12806,#4793);
#4077=LINE('',#12807,#4794);
#4078=LINE('',#12809,#4795);
#4079=LINE('',#12812,#4796);
#4080=LINE('',#12813,#4797);
#4081=LINE('',#12819,#4798);
#4082=LINE('',#12820,#4799);
#4083=LINE('',#12824,#4800);
#4084=LINE('',#12825,#4801);
#4085=LINE('',#12826,#4802);
#4086=LINE('',#12827,#4803);
#4087=LINE('',#12830,#4804);
#4088=LINE('',#12831,#4805);
#4089=LINE('',#12832,#4806);
#4090=LINE('',#12833,#4807);
#4091=LINE('',#12838,#4808);
#4092=LINE('',#12840,#4809);
#4093=LINE('',#12888,#4810);
#4094=LINE('',#12892,#4811);
#4095=LINE('',#12894,#4812);
#4096=LINE('',#12898,#4813);
#4097=LINE('',#12900,#4814);
#4098=LINE('',#12902,#4815);
#4099=LINE('',#12906,#4816);
#4100=LINE('',#12910,#4817);
#4101=LINE('',#12913,#4818);
#4102=LINE('',#12917,#4819);
#4103=LINE('',#12919,#4820);
#4104=LINE('',#12923,#4821);
#4105=LINE('',#12925,#4822);
#4106=LINE('',#12927,#4823);
#4107=LINE('',#12931,#4824);
#4108=LINE('',#12935,#4825);
#4109=LINE('',#12938,#4826);
#4110=LINE('',#12941,#4827);
#4111=LINE('',#12943,#4828);
#4112=LINE('',#12945,#4829);
#4113=LINE('',#12947,#4830);
#4114=LINE('',#12949,#4831);
#4115=LINE('',#12957,#4832);
#4116=LINE('',#12959,#4833);
#4117=LINE('',#12961,#4834);
#4118=LINE('',#12963,#4835);
#4119=LINE('',#12965,#4836);
#4120=LINE('',#12967,#4837);
#4121=LINE('',#12969,#4838);
#4122=LINE('',#12971,#4839);
#4123=LINE('',#12973,#4840);
#4124=LINE('',#12975,#4841);
#4125=LINE('',#12977,#4842);
#4126=LINE('',#12979,#4843);
#4127=LINE('',#13023,#4844);
#4128=LINE('',#13026,#4845);
#4129=LINE('',#13028,#4846);
#4130=LINE('',#13030,#4847);
#4131=LINE('',#13032,#4848);
#4132=LINE('',#13034,#4849);
#4133=LINE('',#13036,#4850);
#4134=LINE('',#13038,#4851);
#4135=LINE('',#13040,#4852);
#4136=LINE('',#13042,#4853);
#4137=LINE('',#13044,#4854);
#4138=LINE('',#13046,#4855);
#4139=LINE('',#13048,#4856);
#4140=LINE('',#13050,#4857);
#4141=LINE('',#13052,#4858);
#4142=LINE('',#13054,#4859);
#4143=LINE('',#13056,#4860);
#4144=LINE('',#13058,#4861);
#4145=LINE('',#13060,#4862);
#4146=LINE('',#13062,#4863);
#4147=LINE('',#13067,#4864);
#4148=LINE('',#13071,#4865);
#4149=LINE('',#13075,#4866);
#4150=LINE('',#13077,#4867);
#4151=LINE('',#13078,#4868);
#4152=LINE('',#13082,#4869);
#4153=LINE('',#13084,#4870);
#4154=LINE('',#13085,#4871);
#4155=LINE('',#13087,#4872);
#4156=LINE('',#13089,#4873);
#4157=LINE('',#13091,#4874);
#4158=LINE('',#13093,#4875);
#4159=LINE('',#13095,#4876);
#4160=LINE('',#13097,#4877);
#4161=LINE('',#13099,#4878);
#4162=LINE('',#13101,#4879);
#4163=LINE('',#13103,#4880);
#4164=LINE('',#13105,#4881);
#4165=LINE('',#13109,#4882);
#4166=LINE('',#13113,#4883);
#4167=LINE('',#13117,#4884);
#4168=LINE('',#13123,#4885);
#4169=LINE('',#13125,#4886);
#4170=LINE('',#13126,#4887);
#4171=LINE('',#13128,#4888);
#4172=LINE('',#13130,#4889);
#4173=LINE('',#13131,#4890);
#4174=LINE('',#13133,#4891);
#4175=LINE('',#13134,#4892);
#4176=LINE('',#13136,#4893);
#4177=LINE('',#13138,#4894);
#4178=LINE('',#13141,#4895);
#4179=LINE('',#13145,#4896);
#4180=LINE('',#13147,#4897);
#4181=LINE('',#13149,#4898);
#4182=LINE('',#13153,#4899);
#4183=LINE('',#13155,#4900);
#4184=LINE('',#13156,#4901);
#4185=LINE('',#13158,#4902);
#4186=LINE('',#13160,#4903);
#4187=LINE('',#13164,#4904);
#4188=LINE('',#13166,#4905);
#4189=LINE('',#13168,#4906);
#4190=LINE('',#13172,#4907);
#4191=LINE('',#13174,#4908);
#4192=LINE('',#13176,#4909);
#4193=LINE('',#13179,#4910);
#4194=LINE('',#13180,#4911);
#4195=LINE('',#13218,#4912);
#4196=LINE('',#13219,#4913);
#4197=LINE('',#13221,#4914);
#4198=LINE('',#13232,#4915);
#4199=LINE('',#13237,#4916);
#4200=LINE('',#13241,#4917);
#4201=LINE('',#13244,#4918);
#4202=LINE('',#13246,#4919);
#4203=LINE('',#13248,#4920);
#4204=LINE('',#13251,#4921);
#4205=LINE('',#13253,#4922);
#4206=LINE('',#13333,#4923);
#4207=LINE('',#13335,#4924);
#4208=LINE('',#13337,#4925);
#4209=LINE('',#13339,#4926);
#4210=LINE('',#13341,#4927);
#4211=LINE('',#13343,#4928);
#4212=LINE('',#13345,#4929);
#4213=LINE('',#13347,#4930);
#4214=LINE('',#13349,#4931);
#4215=LINE('',#13351,#4932);
#4216=LINE('',#13353,#4933);
#4217=LINE('',#13355,#4934);
#4218=LINE('',#13358,#4935);
#4219=LINE('',#13360,#4936);
#4220=LINE('',#13362,#4937);
#4221=LINE('',#13364,#4938);
#4222=LINE('',#13367,#4939);
#4223=LINE('',#13369,#4940);
#4224=LINE('',#13373,#4941);
#4225=LINE('',#13376,#4942);
#4226=LINE('',#13379,#4943);
#4227=LINE('',#13382,#4944);
#4228=LINE('',#13385,#4945);
#4229=LINE('',#13387,#4946);
#4230=LINE('',#13389,#4947);
#4231=LINE('',#13391,#4948);
#4232=LINE('',#13393,#4949);
#4233=LINE('',#13395,#4950);
#4234=LINE('',#13397,#4951);
#4235=LINE('',#13399,#4952);
#4236=LINE('',#13401,#4953);
#4237=LINE('',#13403,#4954);
#4238=LINE('',#13405,#4955);
#4239=LINE('',#13407,#4956);
#4240=LINE('',#13414,#4957);
#4241=LINE('',#13418,#4958);
#4242=LINE('',#13422,#4959);
#4243=LINE('',#13426,#4960);
#4244=LINE('',#13428,#4961);
#4245=LINE('',#13430,#4962);
#4246=LINE('',#13434,#4963);
#4247=LINE('',#13440,#4964);
#4248=LINE('',#13444,#4965);
#4249=LINE('',#13445,#4966);
#4250=LINE('',#13447,#4967);
#4251=LINE('',#13452,#4968);
#4252=LINE('',#13456,#4969);
#4253=LINE('',#13458,#4970);
#4254=LINE('',#13459,#4971);
#4255=LINE('',#13462,#4972);
#4256=LINE('',#13464,#4973);
#4257=LINE('',#13468,#4974);
#4258=LINE('',#13473,#4975);
#4259=LINE('',#13476,#4976);
#4260=LINE('',#13480,#4977);
#4261=LINE('',#13482,#4978);
#4262=LINE('',#13484,#4979);
#4263=LINE('',#13488,#4980);
#4264=LINE('',#13489,#4981);
#4265=LINE('',#13492,#4982);
#4266=LINE('',#13494,#4983);
#4267=LINE('',#13498,#4984);
#4268=LINE('',#13500,#4985);
#4269=LINE('',#13502,#4986);
#4270=LINE('',#13505,#4987);
#4271=LINE('',#13510,#4988);
#4272=LINE('',#13512,#4989);
#4273=LINE('',#13514,#4990);
#4274=LINE('',#13518,#4991);
#4275=LINE('',#13522,#4992);
#4276=LINE('',#13526,#4993);
#4277=LINE('',#13528,#4994);
#4278=LINE('',#13530,#4995);
#4279=LINE('',#13534,#4996);
#4280=LINE('',#13537,#4997);
#4281=LINE('',#13540,#4998);
#4282=LINE('',#13542,#4999);
#4283=LINE('',#13544,#5000);
#4284=LINE('',#13546,#5001);
#4285=LINE('',#13548,#5002);
#4286=LINE('',#13550,#5003);
#4287=LINE('',#13552,#5004);
#4288=LINE('',#13554,#5005);
#4289=LINE('',#13556,#5006);
#4290=LINE('',#13558,#5007);
#4291=LINE('',#13559,#5008);
#4292=LINE('',#13562,#5009);
#4293=LINE('',#13564,#5010);
#4294=LINE('',#13566,#5011);
#4295=LINE('',#13568,#5012);
#4296=LINE('',#13570,#5013);
#4297=LINE('',#13572,#5014);
#4298=LINE('',#13574,#5015);
#4299=LINE('',#13576,#5016);
#4300=LINE('',#13578,#5017);
#4301=LINE('',#13579,#5018);
#4302=LINE('',#13582,#5019);
#4303=LINE('',#13584,#5020);
#4304=LINE('',#13586,#5021);
#4305=LINE('',#13588,#5022);
#4306=LINE('',#13590,#5023);
#4307=LINE('',#13592,#5024);
#4308=LINE('',#13594,#5025);
#4309=LINE('',#13596,#5026);
#4310=LINE('',#13598,#5027);
#4311=LINE('',#13600,#5028);
#4312=LINE('',#13602,#5029);
#4313=LINE('',#13605,#5030);
#4314=LINE('',#13607,#5031);
#4315=LINE('',#13609,#5032);
#4316=LINE('',#13611,#5033);
#4317=LINE('',#13613,#5034);
#4318=LINE('',#13615,#5035);
#4319=LINE('',#13617,#5036);
#4320=LINE('',#13619,#5037);
#4321=LINE('',#13621,#5038);
#4322=LINE('',#13623,#5039);
#4323=LINE('',#13625,#5040);
#4324=LINE('',#13627,#5041);
#4325=LINE('',#13629,#5042);
#4326=LINE('',#13631,#5043);
#4327=LINE('',#13633,#5044);
#4328=LINE('',#13635,#5045);
#4329=LINE('',#13637,#5046);
#4330=LINE('',#13639,#5047);
#4331=LINE('',#13641,#5048);
#4332=LINE('',#13643,#5049);
#4333=LINE('',#13645,#5050);
#4334=LINE('',#13647,#5051);
#4335=LINE('',#13649,#5052);
#4336=LINE('',#13651,#5053);
#4337=LINE('',#13654,#5054);
#4338=LINE('',#13656,#5055);
#4339=LINE('',#13658,#5056);
#4340=LINE('',#13660,#5057);
#4341=LINE('',#13662,#5058);
#4342=LINE('',#13664,#5059);
#4343=LINE('',#13666,#5060);
#4344=LINE('',#13668,#5061);
#4345=LINE('',#13670,#5062);
#4346=LINE('',#13672,#5063);
#4347=LINE('',#13674,#5064);
#4348=LINE('',#13676,#5065);
#4349=LINE('',#13678,#5066);
#4350=LINE('',#13680,#5067);
#4351=LINE('',#13682,#5068);
#4352=LINE('',#13684,#5069);
#4353=LINE('',#13686,#5070);
#4354=LINE('',#13688,#5071);
#4355=LINE('',#13690,#5072);
#4356=LINE('',#13692,#5073);
#4357=LINE('',#13695,#5074);
#4358=LINE('',#13697,#5075);
#4359=LINE('',#13699,#5076);
#4360=LINE('',#13701,#5077);
#4361=LINE('',#13703,#5078);
#4362=LINE('',#13705,#5079);
#4363=LINE('',#13707,#5080);
#4364=LINE('',#13709,#5081);
#4365=LINE('',#13711,#5082);
#4366=LINE('',#13713,#5083);
#4367=LINE('',#13715,#5084);
#4368=LINE('',#13717,#5085);
#4369=LINE('',#13719,#5086);
#4370=LINE('',#13721,#5087);
#4371=LINE('',#13723,#5088);
#4372=LINE('',#13725,#5089);
#4373=LINE('',#13727,#5090);
#4374=LINE('',#13729,#5091);
#4375=LINE('',#13731,#5092);
#4376=LINE('',#13733,#5093);
#4377=LINE('',#13735,#5094);
#4378=LINE('',#13737,#5095);
#4379=LINE('',#13740,#5096);
#4380=LINE('',#13742,#5097);
#4381=LINE('',#13744,#5098);
#4382=LINE('',#13746,#5099);
#4383=LINE('',#13750,#5100);
#4384=LINE('',#13752,#5101);
#4385=LINE('',#13754,#5102);
#4386=LINE('',#13758,#5103);
#4387=LINE('',#13760,#5104);
#4388=LINE('',#13762,#5105);
#4389=LINE('',#13764,#5106);
#4390=LINE('',#13766,#5107);
#4391=LINE('',#13768,#5108);
#4392=LINE('',#13770,#5109);
#4393=LINE('',#13774,#5110);
#4394=LINE('',#13776,#5111);
#4395=LINE('',#13778,#5112);
#4396=LINE('',#13782,#5113);
#4397=LINE('',#13784,#5114);
#4398=LINE('',#13786,#5115);
#4399=LINE('',#13790,#5116);
#4400=LINE('',#13792,#5117);
#4401=LINE('',#13794,#5118);
#4402=LINE('',#13796,#5119);
#4403=LINE('',#13798,#5120);
#4404=LINE('',#13800,#5121);
#4405=LINE('',#13805,#5122);
#4406=LINE('',#13807,#5123);
#4407=LINE('',#13809,#5124);
#4408=LINE('',#13811,#5125);
#4409=LINE('',#13815,#5126);
#4410=LINE('',#13817,#5127);
#4411=LINE('',#13819,#5128);
#4412=LINE('',#13821,#5129);
#4413=LINE('',#13823,#5130);
#4414=LINE('',#13825,#5131);
#4415=LINE('',#13827,#5132);
#4416=LINE('',#13831,#5133);
#4417=LINE('',#13833,#5134);
#4418=LINE('',#13835,#5135);
#4419=LINE('',#13838,#5136);
#4420=LINE('',#13840,#5137);
#4421=LINE('',#13842,#5138);
#4422=LINE('',#13844,#5139);
#4423=LINE('',#13846,#5140);
#4424=LINE('',#13848,#5141);
#4425=LINE('',#13852,#5142);
#4426=LINE('',#13854,#5143);
#4427=LINE('',#13856,#5144);
#4428=LINE('',#13858,#5145);
#4429=LINE('',#13860,#5146);
#4430=LINE('',#13862,#5147);
#4431=LINE('',#13864,#5148);
#4432=LINE('',#13868,#5149);
#4433=LINE('',#13875,#5150);
#4434=LINE('',#13877,#5151);
#4435=LINE('',#13879,#5152);
#4436=LINE('',#13881,#5153);
#4437=LINE('',#13885,#5154);
#4438=LINE('',#13887,#5155);
#4439=LINE('',#13889,#5156);
#4440=LINE('',#13893,#5157);
#4441=LINE('',#13895,#5158);
#4442=LINE('',#13897,#5159);
#4443=LINE('',#13900,#5160);
#4444=LINE('',#13902,#5161);
#4445=LINE('',#13904,#5162);
#4446=LINE('',#13906,#5163);
#4447=LINE('',#13908,#5164);
#4448=LINE('',#13910,#5165);
#4449=LINE('',#13912,#5166);
#4450=LINE('',#13914,#5167);
#4451=LINE('',#13918,#5168);
#4452=LINE('',#13920,#5169);
#4453=LINE('',#13926,#5170);
#4454=LINE('',#13929,#5171);
#4455=LINE('',#13931,#5172);
#4456=LINE('',#13933,#5173);
#4457=LINE('',#13935,#5174);
#4458=LINE('',#13937,#5175);
#4459=LINE('',#13939,#5176);
#4460=LINE('',#13941,#5177);
#4461=LINE('',#13943,#5178);
#4462=LINE('',#13945,#5179);
#4463=LINE('',#13947,#5180);
#4464=LINE('',#13949,#5181);
#4465=LINE('',#13957,#5182);
#4466=LINE('',#13960,#5183);
#4467=LINE('',#13962,#5184);
#4468=LINE('',#13964,#5185);
#4469=LINE('',#13966,#5186);
#4470=LINE('',#13968,#5187);
#4471=LINE('',#13970,#5188);
#4472=LINE('',#13972,#5189);
#4473=LINE('',#13976,#5190);
#4474=LINE('',#13979,#5191);
#4475=LINE('',#13981,#5192);
#4476=LINE('',#13982,#5193);
#4477=LINE('',#13984,#5194);
#4478=LINE('',#13986,#5195);
#4479=LINE('',#13989,#5196);
#4480=LINE('',#13991,#5197);
#4481=LINE('',#13992,#5198);
#4482=LINE('',#13994,#5199);
#4483=LINE('',#14001,#5200);
#4484=LINE('',#14005,#5201);
#4485=LINE('',#14007,#5202);
#4486=LINE('',#14009,#5203);
#4487=LINE('',#14011,#5204);
#4488=LINE('',#14013,#5205);
#4489=LINE('',#14015,#5206);
#4490=LINE('',#14017,#5207);
#4491=LINE('',#14019,#5208);
#4492=LINE('',#14021,#5209);
#4493=LINE('',#14023,#5210);
#4494=LINE('',#14024,#5211);
#4495=LINE('',#14026,#5212);
#4496=LINE('',#14028,#5213);
#4497=LINE('',#14030,#5214);
#4498=LINE('',#14032,#5215);
#4499=LINE('',#14034,#5216);
#4500=LINE('',#14036,#5217);
#4501=LINE('',#14038,#5218);
#4502=LINE('',#14040,#5219);
#4503=LINE('',#14042,#5220);
#4504=LINE('',#14047,#5221);
#4505=LINE('',#14049,#5222);
#4506=LINE('',#14050,#5223);
#4507=LINE('',#14052,#5224);
#4508=LINE('',#14054,#5225);
#4509=LINE('',#14056,#5226);
#4510=LINE('',#14058,#5227);
#4511=LINE('',#14060,#5228);
#4512=LINE('',#14070,#5229);
#4513=LINE('',#14080,#5230);
#4514=LINE('',#14088,#5231);
#4515=LINE('',#14093,#5232);
#4516=LINE('',#14097,#5233);
#4517=LINE('',#14099,#5234);
#4518=LINE('',#14108,#5235);
#4519=LINE('',#14110,#5236);
#4520=LINE('',#14114,#5237);
#4521=LINE('',#14121,#5238);
#4522=LINE('',#14128,#5239);
#4523=LINE('',#14130,#5240);
#4524=LINE('',#14133,#5241);
#4525=LINE('',#14150,#5242);
#4526=LINE('',#14154,#5243);
#4527=LINE('',#14166,#5244);
#4528=LINE('',#14168,#5245);
#4529=LINE('',#14170,#5246);
#4530=LINE('',#14172,#5247);
#4531=LINE('',#14177,#5248);
#4532=LINE('',#14179,#5249);
#4533=LINE('',#14181,#5250);
#4534=LINE('',#14183,#5251);
#4535=LINE('',#14185,#5252);
#4536=LINE('',#14187,#5253);
#4537=LINE('',#14189,#5254);
#4538=LINE('',#14191,#5255);
#4539=LINE('',#14193,#5256);
#4540=LINE('',#14195,#5257);
#4541=LINE('',#14197,#5258);
#4542=LINE('',#14199,#5259);
#4543=LINE('',#14201,#5260);
#4544=LINE('',#14203,#5261);
#4545=LINE('',#14205,#5262);
#4546=LINE('',#14207,#5263);
#4547=LINE('',#14209,#5264);
#4548=VECTOR('',#10281,1000.);
#4549=VECTOR('',#10282,1000.);
#4550=VECTOR('',#10283,1000.);
#4551=VECTOR('',#10284,1000.);
#4552=VECTOR('',#10287,1000.);
#4553=VECTOR('',#10288,1000.);
#4554=VECTOR('',#10289,1000.);
#4555=VECTOR('',#10290,1000.);
#4556=VECTOR('',#10291,1000.);
#4557=VECTOR('',#10292,1000.);
#4558=VECTOR('',#10295,1000.);
#4559=VECTOR('',#10296,1000.);
#4560=VECTOR('',#10297,1000.);
#4561=VECTOR('',#10298,1000.);
#4562=VECTOR('',#10299,1000.);
#4563=VECTOR('',#10300,1000.);
#4564=VECTOR('',#10303,1000.);
#4565=VECTOR('',#10304,1000.);
#4566=VECTOR('',#10305,1000.);
#4567=VECTOR('',#10308,1000.);
#4568=VECTOR('',#10309,1000.);
#4569=VECTOR('',#10310,1000.);
#4570=VECTOR('',#10311,1000.);
#4571=VECTOR('',#10316,1000.);
#4572=VECTOR('',#10317,1000.);
#4573=VECTOR('',#10318,1000.);
#4574=VECTOR('',#10321,1000.);
#4575=VECTOR('',#10322,1000.);
#4576=VECTOR('',#10323,1000.);
#4577=VECTOR('',#10326,1000.);
#4578=VECTOR('',#10327,1000.);
#4579=VECTOR('',#10328,1000.);
#4580=VECTOR('',#10331,1000.);
#4581=VECTOR('',#10332,1000.);
#4582=VECTOR('',#10333,1000.);
#4583=VECTOR('',#10334,1000.);
#4584=VECTOR('',#10335,1000.);
#4585=VECTOR('',#10336,1000.);
#4586=VECTOR('',#10339,1000.);
#4587=VECTOR('',#10340,1000.);
#4588=VECTOR('',#10341,1000.);
#4589=VECTOR('',#10344,1000.);
#4590=VECTOR('',#10345,1000.);
#4591=VECTOR('',#10346,1000.);
#4592=VECTOR('',#10347,1000.);
#4593=VECTOR('',#10350,1000.);
#4594=VECTOR('',#10351,1000.);
#4595=VECTOR('',#10352,1000.);
#4596=VECTOR('',#10353,1000.);
#4597=VECTOR('',#10354,1000.);
#4598=VECTOR('',#10357,1000.);
#4599=VECTOR('',#10366,1000.);
#4600=VECTOR('',#10369,1000.);
#4601=VECTOR('',#10372,1000.);
#4602=VECTOR('',#10373,1000.);
#4603=VECTOR('',#10374,1000.);
#4604=VECTOR('',#10375,1000.);
#4605=VECTOR('',#10376,1000.);
#4606=VECTOR('',#10377,1000.);
#4607=VECTOR('',#10380,1000.);
#4608=VECTOR('',#10381,1000.);
#4609=VECTOR('',#10382,1000.);
#4610=VECTOR('',#10383,1000.);
#4611=VECTOR('',#10384,1000.);
#4612=VECTOR('',#10385,1000.);
#4613=VECTOR('',#10388,1000.);
#4614=VECTOR('',#10389,1000.);
#4615=VECTOR('',#10390,1000.);
#4616=VECTOR('',#10391,1000.);
#4617=VECTOR('',#10394,1000.);
#4618=VECTOR('',#10395,1000.);
#4619=VECTOR('',#10396,1000.);
#4620=VECTOR('',#10397,1000.);
#4621=VECTOR('',#10400,1000.);
#4622=VECTOR('',#10401,1000.);
#4623=VECTOR('',#10402,1000.);
#4624=VECTOR('',#10403,1000.);
#4625=VECTOR('',#10406,1000.);
#4626=VECTOR('',#10407,1000.);
#4627=VECTOR('',#10408,1000.);
#4628=VECTOR('',#10409,1000.);
#4629=VECTOR('',#10420,1000.);
#4630=VECTOR('',#10421,1000.);
#4631=VECTOR('',#10422,1000.);
#4632=VECTOR('',#10423,1000.);
#4633=VECTOR('',#10424,1000.);
#4634=VECTOR('',#10425,1000.);
#4635=VECTOR('',#10426,1000.);
#4636=VECTOR('',#10427,1000.);
#4637=VECTOR('',#10428,1000.);
#4638=VECTOR('',#10429,1000.);
#4639=VECTOR('',#10430,1000.);
#4640=VECTOR('',#10431,1000.);
#4641=VECTOR('',#10432,1000.);
#4642=VECTOR('',#10433,1000.);
#4643=VECTOR('',#10434,1000.);
#4644=VECTOR('',#10435,1000.);
#4645=VECTOR('',#10442,1000.);
#4646=VECTOR('',#10447,1000.);
#4647=VECTOR('',#10452,1000.);
#4648=VECTOR('',#10457,1000.);
#4649=VECTOR('',#10462,1000.);
#4650=VECTOR('',#10463,1000.);
#4651=VECTOR('',#10464,1000.);
#4652=VECTOR('',#10465,1000.);
#4653=VECTOR('',#10466,1000.);
#4654=VECTOR('',#10469,1000.);
#4655=VECTOR('',#10470,1000.);
#4656=VECTOR('',#10471,1000.);
#4657=VECTOR('',#10472,1000.);
#4658=VECTOR('',#10473,1000.);
#4659=VECTOR('',#10476,1000.);
#4660=VECTOR('',#10477,1000.);
#4661=VECTOR('',#10478,1000.);
#4662=VECTOR('',#10479,1000.);
#4663=VECTOR('',#10480,1000.);
#4664=VECTOR('',#10481,1000.);
#4665=VECTOR('',#10482,1000.);
#4666=VECTOR('',#10485,1000.);
#4667=VECTOR('',#10486,1000.);
#4668=VECTOR('',#10487,1000.);
#4669=VECTOR('',#10488,1000.);
#4670=VECTOR('',#10489,1000.);
#4671=VECTOR('',#10492,1000.);
#4672=VECTOR('',#10493,1000.);
#4673=VECTOR('',#10494,1000.);
#4674=VECTOR('',#10499,1000.);
#4675=VECTOR('',#10500,1000.);
#4676=VECTOR('',#10501,1000.);
#4677=VECTOR('',#10506,1000.);
#4678=VECTOR('',#10507,1000.);
#4679=VECTOR('',#10508,1000.);
#4680=VECTOR('',#10513,1000.);
#4681=VECTOR('',#10514,1000.);
#4682=VECTOR('',#10515,1000.);
#4683=VECTOR('',#10520,1000.);
#4684=VECTOR('',#10521,1000.);
#4685=VECTOR('',#10522,1000.);
#4686=VECTOR('',#10525,1000.);
#4687=VECTOR('',#10526,1000.);
#4688=VECTOR('',#10527,1000.);
#4689=VECTOR('',#10528,1000.);
#4690=VECTOR('',#10529,1000.);
#4691=VECTOR('',#10532,1000.);
#4692=VECTOR('',#10533,1000.);
#4693=VECTOR('',#10536,1000.);
#4694=VECTOR('',#10537,1000.);
#4695=VECTOR('',#10538,1000.);
#4696=VECTOR('',#10541,1000.);
#4697=VECTOR('',#10542,1000.);
#4698=VECTOR('',#10543,1000.);
#4699=VECTOR('',#10544,1000.);
#4700=VECTOR('',#10545,1000.);
#4701=VECTOR('',#10546,1000.);
#4702=VECTOR('',#10549,1000.);
#4703=VECTOR('',#10550,1000.);
#4704=VECTOR('',#10551,1000.);
#4705=VECTOR('',#10552,1000.);
#4706=VECTOR('',#10553,1000.);
#4707=VECTOR('',#10554,1000.);
#4708=VECTOR('',#10555,1000.);
#4709=VECTOR('',#10558,1000.);
#4710=VECTOR('',#10559,1000.);
#4711=VECTOR('',#10560,1000.);
#4712=VECTOR('',#10561,1000.);
#4713=VECTOR('',#10562,1000.);
#4714=VECTOR('',#10563,1000.);
#4715=VECTOR('',#10566,1000.);
#4716=VECTOR('',#10567,1000.);
#4717=VECTOR('',#10568,1000.);
#4718=VECTOR('',#10573,1000.);
#4719=VECTOR('',#10574,1000.);
#4720=VECTOR('',#10575,1000.);
#4721=VECTOR('',#10578,1000.);
#4722=VECTOR('',#10579,1000.);
#4723=VECTOR('',#10580,1000.);
#4724=VECTOR('',#10583,1000.);
#4725=VECTOR('',#10584,1000.);
#4726=VECTOR('',#10585,1000.);
#4727=VECTOR('',#10586,1000.);
#4728=VECTOR('',#10587,1000.);
#4729=VECTOR('',#10588,1000.);
#4730=VECTOR('',#10591,1000.);
#4731=VECTOR('',#10592,1000.);
#4732=VECTOR('',#10593,1000.);
#4733=VECTOR('',#10594,1000.);
#4734=VECTOR('',#10595,1000.);
#4735=VECTOR('',#10596,1000.);
#4736=VECTOR('',#10597,1000.);
#4737=VECTOR('',#10600,1000.);
#4738=VECTOR('',#10601,1000.);
#4739=VECTOR('',#10602,1000.);
#4740=VECTOR('',#10603,1000.);
#4741=VECTOR('',#10604,1000.);
#4742=VECTOR('',#10605,1000.);
#4743=VECTOR('',#10608,1000.);
#4744=VECTOR('',#10609,1000.);
#4745=VECTOR('',#10612,1000.);
#4746=VECTOR('',#10615,1000.);
#4747=VECTOR('',#10618,1000.);
#4748=VECTOR('',#10621,1000.);
#4749=VECTOR('',#10622,1000.);
#4750=VECTOR('',#10625,1000.);
#4751=VECTOR('',#10628,1000.);
#4752=VECTOR('',#10629,1000.);
#4753=VECTOR('',#10632,1000.);
#4754=VECTOR('',#10635,1000.);
#4755=VECTOR('',#10644,1000.);
#4756=VECTOR('',#10645,1000.);
#4757=VECTOR('',#10648,1000.);
#4758=VECTOR('',#10649,1000.);
#4759=VECTOR('',#10652,1000.);
#4760=VECTOR('',#10653,1000.);
#4761=VECTOR('',#10656,1000.);
#4762=VECTOR('',#10657,1000.);
#4763=VECTOR('',#10668,1000.);
#4764=VECTOR('',#10669,1000.);
#4765=VECTOR('',#10672,1000.);
#4766=VECTOR('',#10673,1000.);
#4767=VECTOR('',#10684,1000.);
#4768=VECTOR('',#10685,1000.);
#4769=VECTOR('',#10688,1000.);
#4770=VECTOR('',#10689,1000.);
#4771=VECTOR('',#10700,1000.);
#4772=VECTOR('',#10701,1000.);
#4773=VECTOR('',#10704,1000.);
#4774=VECTOR('',#10705,1000.);
#4775=VECTOR('',#10776,1000.);
#4776=VECTOR('',#10777,1000.);
#4777=VECTOR('',#10778,1000.);
#4778=VECTOR('',#10779,1000.);
#4779=VECTOR('',#10784,1000.);
#4780=VECTOR('',#10787,1000.);
#4781=VECTOR('',#10788,1000.);
#4782=VECTOR('',#10789,1000.);
#4783=VECTOR('',#10792,1000.);
#4784=VECTOR('',#10793,1000.);
#4785=VECTOR('',#10796,1000.);
#4786=VECTOR('',#10797,1000.);
#4787=VECTOR('',#10802,1000.);
#4788=VECTOR('',#10805,1000.);
#4789=VECTOR('',#10810,1000.);
#4790=VECTOR('',#10811,1000.);
#4791=VECTOR('',#10812,1000.);
#4792=VECTOR('',#10817,1000.);
#4793=VECTOR('',#10822,1000.);
#4794=VECTOR('',#10823,1000.);
#4795=VECTOR('',#10826,1000.);
#4796=VECTOR('',#10827,1000.);
#4797=VECTOR('',#10828,1000.);
#4798=VECTOR('',#10835,1000.);
#4799=VECTOR('',#10836,1000.);
#4800=VECTOR('',#10843,1000.);
#4801=VECTOR('',#10844,1000.);
#4802=VECTOR('',#10845,1000.);
#4803=VECTOR('',#10846,1000.);
#4804=VECTOR('',#10851,1000.);
#4805=VECTOR('',#10852,1000.);
#4806=VECTOR('',#10853,1000.);
#4807=VECTOR('',#10854,1000.);
#4808=VECTOR('',#10863,1000.);
#4809=VECTOR('',#10866,1000.);
#4810=VECTOR('',#10937,1000.);
#4811=VECTOR('',#10940,1000.);
#4812=VECTOR('',#10943,1000.);
#4813=VECTOR('',#10948,1000.);
#4814=VECTOR('',#10949,1000.);
#4815=VECTOR('',#10952,1000.);
#4816=VECTOR('',#10957,1000.);
#4817=VECTOR('',#10962,1000.);
#4818=VECTOR('',#10967,1000.);
#4819=VECTOR('',#10970,1000.);
#4820=VECTOR('',#10973,1000.);
#4821=VECTOR('',#10978,1000.);
#4822=VECTOR('',#10979,1000.);
#4823=VECTOR('',#10982,1000.);
#4824=VECTOR('',#10987,1000.);
#4825=VECTOR('',#10992,1000.);
#4826=VECTOR('',#10997,1000.);
#4827=VECTOR('',#10998,1000.);
#4828=VECTOR('',#10999,1000.);
#4829=VECTOR('',#11000,1000.);
#4830=VECTOR('',#11001,1000.);
#4831=VECTOR('',#11002,1000.);
#4832=VECTOR('',#11013,1000.);
#4833=VECTOR('',#11014,1000.);
#4834=VECTOR('',#11015,1000.);
#4835=VECTOR('',#11018,1000.);
#4836=VECTOR('',#11019,1000.);
#4837=VECTOR('',#11022,1000.);
#4838=VECTOR('',#11023,1000.);
#4839=VECTOR('',#11026,1000.);
#4840=VECTOR('',#11027,1000.);
#4841=VECTOR('',#11030,1000.);
#4842=VECTOR('',#11031,1000.);
#4843=VECTOR('',#11034,1000.);
#4844=VECTOR('',#11069,1000.);
#4845=VECTOR('',#11070,1000.);
#4846=VECTOR('',#11071,1000.);
#4847=VECTOR('',#11072,1000.);
#4848=VECTOR('',#11073,1000.);
#4849=VECTOR('',#11074,1000.);
#4850=VECTOR('',#11075,1000.);
#4851=VECTOR('',#11076,1000.);
#4852=VECTOR('',#11077,1000.);
#4853=VECTOR('',#11078,1000.);
#4854=VECTOR('',#11079,1000.);
#4855=VECTOR('',#11080,1000.);
#4856=VECTOR('',#11081,1000.);
#4857=VECTOR('',#11082,1000.);
#4858=VECTOR('',#11083,1000.);
#4859=VECTOR('',#11084,1000.);
#4860=VECTOR('',#11087,1000.);
#4861=VECTOR('',#11088,1000.);
#4862=VECTOR('',#11089,1000.);
#4863=VECTOR('',#11092,1000.);
#4864=VECTOR('',#11095,1000.);
#4865=VECTOR('',#11098,1000.);
#4866=VECTOR('',#11101,1000.);
#4867=VECTOR('',#11102,1000.);
#4868=VECTOR('',#11103,1000.);
#4869=VECTOR('',#11108,1000.);
#4870=VECTOR('',#11109,1000.);
#4871=VECTOR('',#11110,1000.);
#4872=VECTOR('',#11111,1000.);
#4873=VECTOR('',#11112,1000.);
#4874=VECTOR('',#11115,1000.);
#4875=VECTOR('',#11116,1000.);
#4876=VECTOR('',#11117,1000.);
#4877=VECTOR('',#11120,1000.);
#4878=VECTOR('',#11121,1000.);
#4879=VECTOR('',#11122,1000.);
#4880=VECTOR('',#11125,1000.);
#4881=VECTOR('',#11126,1000.);
#4882=VECTOR('',#11129,1000.);
#4883=VECTOR('',#11132,1000.);
#4884=VECTOR('',#11135,1000.);
#4885=VECTOR('',#11142,1000.);
#4886=VECTOR('',#11143,1000.);
#4887=VECTOR('',#11144,1000.);
#4888=VECTOR('',#11145,1000.);
#4889=VECTOR('',#11146,1000.);
#4890=VECTOR('',#11147,1000.);
#4891=VECTOR('',#11148,1000.);
#4892=VECTOR('',#11149,1000.);
#4893=VECTOR('',#11150,1000.);
#4894=VECTOR('',#11153,1000.);
#4895=VECTOR('',#11154,1000.);
#4896=VECTOR('',#11157,1000.);
#4897=VECTOR('',#11158,1000.);
#4898=VECTOR('',#11159,1000.);
#4899=VECTOR('',#11162,1000.);
#4900=VECTOR('',#11163,1000.);
#4901=VECTOR('',#11164,1000.);
#4902=VECTOR('',#11167,1000.);
#4903=VECTOR('',#11168,1000.);
#4904=VECTOR('',#11171,1000.);
#4905=VECTOR('',#11172,1000.);
#4906=VECTOR('',#11173,1000.);
#4907=VECTOR('',#11176,1000.);
#4908=VECTOR('',#11177,1000.);
#4909=VECTOR('',#11180,1000.);
#4910=VECTOR('',#11181,1000.);
#4911=VECTOR('',#11182,1000.);
#4912=VECTOR('',#11205,1000.);
#4913=VECTOR('',#11206,1000.);
#4914=VECTOR('',#11209,1000.);
#4915=VECTOR('',#11222,1000.);
#4916=VECTOR('',#11227,1000.);
#4917=VECTOR('',#11230,1000.);
#4918=VECTOR('',#11233,1000.);
#4919=VECTOR('',#11236,1000.);
#4920=VECTOR('',#11239,1000.);
#4921=VECTOR('',#11244,1000.);
#4922=VECTOR('',#11247,1000.);
#4923=VECTOR('',#11350,1000.);
#4924=VECTOR('',#11351,1000.);
#4925=VECTOR('',#11352,1000.);
#4926=VECTOR('',#11355,1000.);
#4927=VECTOR('',#11356,1000.);
#4928=VECTOR('',#11359,1000.);
#4929=VECTOR('',#11360,1000.);
#4930=VECTOR('',#11363,1000.);
#4931=VECTOR('',#11364,1000.);
#4932=VECTOR('',#11367,1000.);
#4933=VECTOR('',#11368,1000.);
#4934=VECTOR('',#11371,1000.);
#4935=VECTOR('',#11376,1000.);
#4936=VECTOR('',#11379,1000.);
#4937=VECTOR('',#11382,1000.);
#4938=VECTOR('',#11385,1000.);
#4939=VECTOR('',#11390,1000.);
#4940=VECTOR('',#11393,1000.);
#4941=VECTOR('',#11400,1000.);
#4942=VECTOR('',#11405,1000.);
#4943=VECTOR('',#11410,1000.);
#4944=VECTOR('',#11415,1000.);
#4945=VECTOR('',#11420,1000.);
#4946=VECTOR('',#11421,1000.);
#4947=VECTOR('',#11422,1000.);
#4948=VECTOR('',#11425,1000.);
#4949=VECTOR('',#11426,1000.);
#4950=VECTOR('',#11429,1000.);
#4951=VECTOR('',#11430,1000.);
#4952=VECTOR('',#11433,1000.);
#4953=VECTOR('',#11434,1000.);
#4954=VECTOR('',#11437,1000.);
#4955=VECTOR('',#11438,1000.);
#4956=VECTOR('',#11441,1000.);
#4957=VECTOR('',#11450,1000.);
#4958=VECTOR('',#11453,1000.);
#4959=VECTOR('',#11458,1000.);
#4960=VECTOR('',#11463,1000.);
#4961=VECTOR('',#11464,1000.);
#4962=VECTOR('',#11465,1000.);
#4963=VECTOR('',#11470,1000.);
#4964=VECTOR('',#11477,1000.);
#4965=VECTOR('',#11482,1000.);
#4966=VECTOR('',#11483,1000.);
#4967=VECTOR('',#11486,1000.);
#4968=VECTOR('',#11489,1000.);
#4969=VECTOR('',#11492,1000.);
#4970=VECTOR('',#11493,1000.);
#4971=VECTOR('',#11494,1000.);
#4972=VECTOR('',#11495,1000.);
#4973=VECTOR('',#11496,1000.);
#4974=VECTOR('',#11499,1000.);
#4975=VECTOR('',#11504,1000.);
#4976=VECTOR('',#11505,1000.);
#4977=VECTOR('',#11508,1000.);
#4978=VECTOR('',#11509,1000.);
#4979=VECTOR('',#11510,1000.);
#4980=VECTOR('',#11513,1000.);
#4981=VECTOR('',#11514,1000.);
#4982=VECTOR('',#11515,1000.);
#4983=VECTOR('',#11516,1000.);
#4984=VECTOR('',#11519,1000.);
#4985=VECTOR('',#11520,1000.);
#4986=VECTOR('',#11521,1000.);
#4987=VECTOR('',#11524,1000.);
#4988=VECTOR('',#11527,1000.);
#4989=VECTOR('',#11528,1000.);
#4990=VECTOR('',#11529,1000.);
#4991=VECTOR('',#11532,1000.);
#4992=VECTOR('',#11535,1000.);
#4993=VECTOR('',#11538,1000.);
#4994=VECTOR('',#11539,1000.);
#4995=VECTOR('',#11540,1000.);
#4996=VECTOR('',#11543,1000.);
#4997=VECTOR('',#11546,1000.);
#4998=VECTOR('',#11547,1000.);
#4999=VECTOR('',#11548,1000.);
#5000=VECTOR('',#11549,1000.);
#5001=VECTOR('',#11550,1000.);
#5002=VECTOR('',#11551,1000.);
#5003=VECTOR('',#11552,1000.);
#5004=VECTOR('',#11553,1000.);
#5005=VECTOR('',#11554,1000.);
#5006=VECTOR('',#11555,1000.);
#5007=VECTOR('',#11556,1000.);
#5008=VECTOR('',#11557,1000.);
#5009=VECTOR('',#11558,1000.);
#5010=VECTOR('',#11559,1000.);
#5011=VECTOR('',#11560,1000.);
#5012=VECTOR('',#11561,1000.);
#5013=VECTOR('',#11562,1000.);
#5014=VECTOR('',#11563,1000.);
#5015=VECTOR('',#11564,1000.);
#5016=VECTOR('',#11565,1000.);
#5017=VECTOR('',#11566,1000.);
#5018=VECTOR('',#11567,1000.);
#5019=VECTOR('',#11568,1000.);
#5020=VECTOR('',#11569,1000.);
#5021=VECTOR('',#11570,1000.);
#5022=VECTOR('',#11571,1000.);
#5023=VECTOR('',#11572,1000.);
#5024=VECTOR('',#11573,1000.);
#5025=VECTOR('',#11574,1000.);
#5026=VECTOR('',#11575,1000.);
#5027=VECTOR('',#11576,1000.);
#5028=VECTOR('',#11577,1000.);
#5029=VECTOR('',#11578,1000.);
#5030=VECTOR('',#11583,1000.);
#5031=VECTOR('',#11584,1000.);
#5032=VECTOR('',#11585,1000.);
#5033=VECTOR('',#11588,1000.);
#5034=VECTOR('',#11589,1000.);
#5035=VECTOR('',#11592,1000.);
#5036=VECTOR('',#11593,1000.);
#5037=VECTOR('',#11596,1000.);
#5038=VECTOR('',#11597,1000.);
#5039=VECTOR('',#11600,1000.);
#5040=VECTOR('',#11601,1000.);
#5041=VECTOR('',#11604,1000.);
#5042=VECTOR('',#11605,1000.);
#5043=VECTOR('',#11608,1000.);
#5044=VECTOR('',#11609,1000.);
#5045=VECTOR('',#11612,1000.);
#5046=VECTOR('',#11613,1000.);
#5047=VECTOR('',#11616,1000.);
#5048=VECTOR('',#11617,1000.);
#5049=VECTOR('',#11620,1000.);
#5050=VECTOR('',#11621,1000.);
#5051=VECTOR('',#11624,1000.);
#5052=VECTOR('',#11625,1000.);
#5053=VECTOR('',#11628,1000.);
#5054=VECTOR('',#11633,1000.);
#5055=VECTOR('',#11634,1000.);
#5056=VECTOR('',#11635,1000.);
#5057=VECTOR('',#11638,1000.);
#5058=VECTOR('',#11639,1000.);
#5059=VECTOR('',#11642,1000.);
#5060=VECTOR('',#11643,1000.);
#5061=VECTOR('',#11646,1000.);
#5062=VECTOR('',#11647,1000.);
#5063=VECTOR('',#11650,1000.);
#5064=VECTOR('',#11651,1000.);
#5065=VECTOR('',#11654,1000.);
#5066=VECTOR('',#11655,1000.);
#5067=VECTOR('',#11658,1000.);
#5068=VECTOR('',#11659,1000.);
#5069=VECTOR('',#11662,1000.);
#5070=VECTOR('',#11663,1000.);
#5071=VECTOR('',#11666,1000.);
#5072=VECTOR('',#11667,1000.);
#5073=VECTOR('',#11670,1000.);
#5074=VECTOR('',#11675,1000.);
#5075=VECTOR('',#11676,1000.);
#5076=VECTOR('',#11677,1000.);
#5077=VECTOR('',#11680,1000.);
#5078=VECTOR('',#11681,1000.);
#5079=VECTOR('',#11684,1000.);
#5080=VECTOR('',#11685,1000.);
#5081=VECTOR('',#11688,1000.);
#5082=VECTOR('',#11689,1000.);
#5083=VECTOR('',#11692,1000.);
#5084=VECTOR('',#11693,1000.);
#5085=VECTOR('',#11696,1000.);
#5086=VECTOR('',#11697,1000.);
#5087=VECTOR('',#11700,1000.);
#5088=VECTOR('',#11701,1000.);
#5089=VECTOR('',#11704,1000.);
#5090=VECTOR('',#11705,1000.);
#5091=VECTOR('',#11708,1000.);
#5092=VECTOR('',#11709,1000.);
#5093=VECTOR('',#11712,1000.);
#5094=VECTOR('',#11713,1000.);
#5095=VECTOR('',#11716,1000.);
#5096=VECTOR('',#11721,1000.);
#5097=VECTOR('',#11722,1000.);
#5098=VECTOR('',#11723,1000.);
#5099=VECTOR('',#11726,1000.);
#5100=VECTOR('',#11731,1000.);
#5101=VECTOR('',#11732,1000.);
#5102=VECTOR('',#11735,1000.);
#5103=VECTOR('',#11740,1000.);
#5104=VECTOR('',#11741,1000.);
#5105=VECTOR('',#11744,1000.);
#5106=VECTOR('',#11745,1000.);
#5107=VECTOR('',#11748,1000.);
#5108=VECTOR('',#11749,1000.);
#5109=VECTOR('',#11752,1000.);
#5110=VECTOR('',#11757,1000.);
#5111=VECTOR('',#11758,1000.);
#5112=VECTOR('',#11761,1000.);
#5113=VECTOR('',#11766,1000.);
#5114=VECTOR('',#11767,1000.);
#5115=VECTOR('',#11770,1000.);
#5116=VECTOR('',#11775,1000.);
#5117=VECTOR('',#11776,1000.);
#5118=VECTOR('',#11779,1000.);
#5119=VECTOR('',#11780,1000.);
#5120=VECTOR('',#11783,1000.);
#5121=VECTOR('',#11784,1000.);
#5122=VECTOR('',#11793,1000.);
#5123=VECTOR('',#11794,1000.);
#5124=VECTOR('',#11795,1000.);
#5125=VECTOR('',#11798,1000.);
#5126=VECTOR('',#11803,1000.);
#5127=VECTOR('',#11804,1000.);
#5128=VECTOR('',#11807,1000.);
#5129=VECTOR('',#11808,1000.);
#5130=VECTOR('',#11811,1000.);
#5131=VECTOR('',#11812,1000.);
#5132=VECTOR('',#11815,1000.);
#5133=VECTOR('',#11820,1000.);
#5134=VECTOR('',#11821,1000.);
#5135=VECTOR('',#11824,1000.);
#5136=VECTOR('',#11829,1000.);
#5137=VECTOR('',#11830,1000.);
#5138=VECTOR('',#11831,1000.);
#5139=VECTOR('',#11834,1000.);
#5140=VECTOR('',#11835,1000.);
#5141=VECTOR('',#11838,1000.);
#5142=VECTOR('',#11843,1000.);
#5143=VECTOR('',#11844,1000.);
#5144=VECTOR('',#11847,1000.);
#5145=VECTOR('',#11848,1000.);
#5146=VECTOR('',#11851,1000.);
#5147=VECTOR('',#11852,1000.);
#5148=VECTOR('',#11855,1000.);
#5149=VECTOR('',#11860,1000.);
#5150=VECTOR('',#11871,1000.);
#5151=VECTOR('',#11872,1000.);
#5152=VECTOR('',#11873,1000.);
#5153=VECTOR('',#11876,1000.);
#5154=VECTOR('',#11881,1000.);
#5155=VECTOR('',#11882,1000.);
#5156=VECTOR('',#11885,1000.);
#5157=VECTOR('',#11890,1000.);
#5158=VECTOR('',#11891,1000.);
#5159=VECTOR('',#11894,1000.);
#5160=VECTOR('',#11899,1000.);
#5161=VECTOR('',#11900,1000.);
#5162=VECTOR('',#11901,1000.);
#5163=VECTOR('',#11904,1000.);
#5164=VECTOR('',#11905,1000.);
#5165=VECTOR('',#11908,1000.);
#5166=VECTOR('',#11909,1000.);
#5167=VECTOR('',#11912,1000.);
#5168=VECTOR('',#11917,1000.);
#5169=VECTOR('',#11918,1000.);
#5170=VECTOR('',#11929,1000.);
#5171=VECTOR('',#11930,1000.);
#5172=VECTOR('',#11931,1000.);
#5173=VECTOR('',#11932,1000.);
#5174=VECTOR('',#11933,1000.);
#5175=VECTOR('',#11936,1000.);
#5176=VECTOR('',#11937,1000.);
#5177=VECTOR('',#11938,1000.);
#5178=VECTOR('',#11941,1000.);
#5179=VECTOR('',#11942,1000.);
#5180=VECTOR('',#11943,1000.);
#5181=VECTOR('',#11944,1000.);
#5182=VECTOR('',#11953,1000.);
#5183=VECTOR('',#11956,1000.);
#5184=VECTOR('',#11957,1000.);
#5185=VECTOR('',#11958,1000.);
#5186=VECTOR('',#11959,1000.);
#5187=VECTOR('',#11960,1000.);
#5188=VECTOR('',#11961,1000.);
#5189=VECTOR('',#11962,1000.);
#5190=VECTOR('',#11967,1000.);
#5191=VECTOR('',#11968,1000.);
#5192=VECTOR('',#11969,1000.);
#5193=VECTOR('',#11970,1000.);
#5194=VECTOR('',#11971,1000.);
#5195=VECTOR('',#11974,1000.);
#5196=VECTOR('',#11975,1000.);
#5197=VECTOR('',#11976,1000.);
#5198=VECTOR('',#11977,1000.);
#5199=VECTOR('',#11978,1000.);
#5200=VECTOR('',#11985,1000.);
#5201=VECTOR('',#11988,1000.);
#5202=VECTOR('',#11991,1000.);
#5203=VECTOR('',#11992,1000.);
#5204=VECTOR('',#11993,1000.);
#5205=VECTOR('',#11994,1000.);
#5206=VECTOR('',#11995,1000.);
#5207=VECTOR('',#11996,1000.);
#5208=VECTOR('',#11997,1000.);
#5209=VECTOR('',#11998,1000.);
#5210=VECTOR('',#11999,1000.);
#5211=VECTOR('',#12000,1000.);
#5212=VECTOR('',#12001,1000.);
#5213=VECTOR('',#12002,1000.);
#5214=VECTOR('',#12003,1000.);
#5215=VECTOR('',#12004,1000.);
#5216=VECTOR('',#12005,1000.);
#5217=VECTOR('',#12006,1000.);
#5218=VECTOR('',#12009,1000.);
#5219=VECTOR('',#12010,1000.);
#5220=VECTOR('',#12011,1000.);
#5221=VECTOR('',#12016,1000.);
#5222=VECTOR('',#12017,1000.);
#5223=VECTOR('',#12018,1000.);
#5224=VECTOR('',#12019,1000.);
#5225=VECTOR('',#12022,1000.);
#5226=VECTOR('',#12023,1000.);
#5227=VECTOR('',#12024,1000.);
#5228=VECTOR('',#12027,1000.);
#5229=VECTOR('',#12030,1000.);
#5230=VECTOR('',#12033,1000.);
#5231=VECTOR('',#12036,1000.);
#5232=VECTOR('',#12043,1000.);
#5233=VECTOR('',#12048,1000.);
#5234=VECTOR('',#12051,1000.);
#5235=VECTOR('',#12056,1000.);
#5236=VECTOR('',#12057,1000.);
#5237=VECTOR('',#12064,1000.);
#5238=VECTOR('',#12073,1000.);
#5239=VECTOR('',#12076,1000.);
#5240=VECTOR('',#12079,1000.);
#5241=VECTOR('',#12084,1000.);
#5242=VECTOR('',#12109,1000.);
#5243=VECTOR('',#12112,1000.);
#5244=VECTOR('',#12129,1000.);
#5245=VECTOR('',#12130,1000.);
#5246=VECTOR('',#12133,1000.);
#5247=VECTOR('',#12134,1000.);
#5248=VECTOR('',#12143,1000.);
#5249=VECTOR('',#12144,1000.);
#5250=VECTOR('',#12147,1000.);
#5251=VECTOR('',#12148,1000.);
#5252=VECTOR('',#12151,1000.);
#5253=VECTOR('',#12152,1000.);
#5254=VECTOR('',#12153,1000.);
#5255=VECTOR('',#12154,1000.);
#5256=VECTOR('',#12155,1000.);
#5257=VECTOR('',#12156,1000.);
#5258=VECTOR('',#12157,1000.);
#5259=VECTOR('',#12160,1000.);
#5260=VECTOR('',#12163,1000.);
#5261=VECTOR('',#12166,1000.);
#5262=VECTOR('',#12169,1000.);
#5263=VECTOR('',#12172,1000.);
#5264=VECTOR('',#12175,1000.);
#5265=EDGE_LOOP('',(#381,#382,#383,#384));
#5266=EDGE_LOOP('',(#385,#386,#387,#388,#389,#390));
#5267=EDGE_LOOP('',(#391,#392,#393,#394,#395,#396));
#5268=EDGE_LOOP('',(#397,#398,#399,#400));
#5269=EDGE_LOOP('',(#401,#402,#403,#404));
#5270=EDGE_LOOP('',(#405));
#5271=EDGE_LOOP('',(#406,#407,#408,#409));
#5272=EDGE_LOOP('',(#410,#411,#412,#413));
#5273=EDGE_LOOP('',(#414,#415,#416,#417));
#5274=EDGE_LOOP('',(#418,#419,#420,#421,#422,#423,#424));
#5275=EDGE_LOOP('',(#425,#426,#427,#428));
#5276=EDGE_LOOP('',(#429,#430,#431,#432));
#5277=EDGE_LOOP('',(#433,#434,#435,#436,#437,#438,#439));
#5278=EDGE_LOOP('',(#440,#441,#442,#443));
#5279=EDGE_LOOP('',(#444,#445,#446,#447));
#5280=EDGE_LOOP('',(#448,#449,#450,#451,#452,#453));
#5281=EDGE_LOOP('',(#454,#455,#456,#457,#458,#459));
#5282=EDGE_LOOP('',(#460,#461,#462,#463));
#5283=EDGE_LOOP('',(#464,#465,#466,#467));
#5284=EDGE_LOOP('',(#468,#469,#470,#471));
#5285=EDGE_LOOP('',(#472,#473,#474,#475));
#5286=EDGE_LOOP('',(#476));
#5287=EDGE_LOOP('',(#477));
#5288=EDGE_LOOP('',(#478));
#5289=EDGE_LOOP('',(#479));
#5290=EDGE_LOOP('',(#480,#481,#482,#483,#484,#485,#486,#487,#488,#489,#490,
#491,#492,#493,#494,#495,#496,#497,#498,#499));
#5291=EDGE_LOOP('',(#500,#501,#502,#503,#504,#505));
#5292=EDGE_LOOP('',(#506,#507,#508,#509,#510,#511));
#5293=EDGE_LOOP('',(#512));
#5294=EDGE_LOOP('',(#513));
#5295=EDGE_LOOP('',(#514,#515,#516,#517,#518,#519,#520,#521,#522,#523,#524,
#525,#526,#527,#528,#529,#530,#531,#532,#533,#534,#535,#536,#537,#538,#539,
#540,#541,#542,#543,#544,#545));
#5296=EDGE_LOOP('',(#546));
#5297=EDGE_LOOP('',(#547,#548,#549,#550,#551,#552));
#5298=EDGE_LOOP('',(#553));
#5299=EDGE_LOOP('',(#554,#555,#556,#557,#558,#559));
#5300=EDGE_LOOP('',(#560));
#5301=EDGE_LOOP('',(#561,#562,#563,#564,#565,#566));
#5302=EDGE_LOOP('',(#567));
#5303=EDGE_LOOP('',(#568,#569,#570,#571,#572,#573));
#5304=EDGE_LOOP('',(#574,#575,#576,#577,#578,#579,#580,#581));
#5305=EDGE_LOOP('',(#582,#583,#584,#585));
#5306=EDGE_LOOP('',(#586,#587,#588,#589));
#5307=EDGE_LOOP('',(#590,#591,#592,#593,#594,#595,#596,#597));
#5308=EDGE_LOOP('',(#598,#599,#600,#601));
#5309=EDGE_LOOP('',(#602,#603,#604,#605));
#5310=EDGE_LOOP('',(#606,#607,#608,#609,#610,#611,#612,#613));
#5311=EDGE_LOOP('',(#614,#615,#616,#617));
#5312=EDGE_LOOP('',(#618));
#5313=EDGE_LOOP('',(#619,#620,#621,#622));
#5314=EDGE_LOOP('',(#623,#624,#625,#626));
#5315=EDGE_LOOP('',(#627,#628,#629,#630,#631,#632,#633,#634));
#5316=EDGE_LOOP('',(#635,#636,#637,#638));
#5317=EDGE_LOOP('',(#639,#640,#641,#642));
#5318=EDGE_LOOP('',(#643,#644,#645,#646,#647,#648,#649,#650));
#5319=EDGE_LOOP('',(#651,#652,#653,#654));
#5320=EDGE_LOOP('',(#655,#656,#657,#658,#659,#660,#661,#662,#663,#664,#665,
#666,#667,#668,#669,#670,#671,#672));
#5321=EDGE_LOOP('',(#673,#674,#675,#676,#677,#678,#679,#680,#681,#682,#683,
#684,#685,#686,#687,#688,#689,#690));
#5322=EDGE_LOOP('',(#691,#692,#693,#694));
#5323=EDGE_LOOP('',(#695,#696,#697,#698,#699,#700));
#5324=EDGE_LOOP('',(#701,#702,#703,#704));
#5325=EDGE_LOOP('',(#705,#706,#707,#708,#709,#710));
#5326=EDGE_LOOP('',(#711,#712,#713,#714));
#5327=EDGE_LOOP('',(#715,#716,#717,#718));
#5328=EDGE_LOOP('',(#719));
#5329=EDGE_LOOP('',(#720));
#5330=EDGE_LOOP('',(#721,#722,#723,#724));
#5331=EDGE_LOOP('',(#725,#726,#727,#728,#729,#730));
#5332=EDGE_LOOP('',(#731,#732,#733,#734,#735,#736));
#5333=EDGE_LOOP('',(#737,#738,#739,#740));
#5334=EDGE_LOOP('',(#741,#742,#743,#744));
#5335=EDGE_LOOP('',(#745));
#5336=EDGE_LOOP('',(#746,#747,#748,#749,#750,#751));
#5337=EDGE_LOOP('',(#752,#753,#754,#755));
#5338=EDGE_LOOP('',(#756,#757,#758,#759));
#5339=EDGE_LOOP('',(#760,#761,#762,#763));
#5340=EDGE_LOOP('',(#764));
#5341=EDGE_LOOP('',(#765,#766,#767,#768,#769,#770));
#5342=EDGE_LOOP('',(#771,#772,#773,#774));
#5343=EDGE_LOOP('',(#775,#776,#777,#778));
#5344=EDGE_LOOP('',(#779,#780,#781,#782));
#5345=EDGE_LOOP('',(#783));
#5346=EDGE_LOOP('',(#784,#785,#786,#787,#788,#789));
#5347=EDGE_LOOP('',(#790,#791,#792,#793));
#5348=EDGE_LOOP('',(#794,#795,#796,#797));
#5349=EDGE_LOOP('',(#798,#799,#800,#801));
#5350=EDGE_LOOP('',(#802));
#5351=EDGE_LOOP('',(#803,#804,#805,#806,#807,#808));
#5352=EDGE_LOOP('',(#809,#810,#811,#812));
#5353=EDGE_LOOP('',(#813));
#5354=EDGE_LOOP('',(#814));
#5355=EDGE_LOOP('',(#815));
#5356=EDGE_LOOP('',(#816));
#5357=EDGE_LOOP('',(#817));
#5358=EDGE_LOOP('',(#818));
#5359=EDGE_LOOP('',(#819));
#5360=EDGE_LOOP('',(#820));
#5361=EDGE_LOOP('',(#821));
#5362=EDGE_LOOP('',(#822));
#5363=EDGE_LOOP('',(#823));
#5364=EDGE_LOOP('',(#824));
#5365=EDGE_LOOP('',(#825));
#5366=EDGE_LOOP('',(#826));
#5367=EDGE_LOOP('',(#827));
#5368=EDGE_LOOP('',(#828));
#5369=EDGE_LOOP('',(#829));
#5370=EDGE_LOOP('',(#830));
#5371=EDGE_LOOP('',(#831));
#5372=EDGE_LOOP('',(#832));
#5373=EDGE_LOOP('',(#833));
#5374=EDGE_LOOP('',(#834));
#5375=EDGE_LOOP('',(#835));
#5376=EDGE_LOOP('',(#836));
#5377=EDGE_LOOP('',(#837));
#5378=EDGE_LOOP('',(#838));
#5379=EDGE_LOOP('',(#839));
#5380=EDGE_LOOP('',(#840));
#5381=EDGE_LOOP('',(#841));
#5382=EDGE_LOOP('',(#842));
#5383=EDGE_LOOP('',(#843));
#5384=EDGE_LOOP('',(#844));
#5385=EDGE_LOOP('',(#845,#846,#847,#848,#849,#850,#851));
#5386=EDGE_LOOP('',(#852,#853,#854,#855));
#5387=EDGE_LOOP('',(#856,#857,#858,#859));
#5388=EDGE_LOOP('',(#860,#861,#862,#863,#864,#865,#866));
#5389=EDGE_LOOP('',(#867,#868,#869,#870));
#5390=EDGE_LOOP('',(#871,#872,#873,#874));
#5391=EDGE_LOOP('',(#875,#876,#877,#878));
#5392=EDGE_LOOP('',(#879));
#5393=EDGE_LOOP('',(#880,#881,#882,#883));
#5394=EDGE_LOOP('',(#884,#885,#886,#887));
#5395=EDGE_LOOP('',(#888,#889,#890,#891,#892,#893));
#5396=EDGE_LOOP('',(#894,#895,#896,#897));
#5397=EDGE_LOOP('',(#898));
#5398=EDGE_LOOP('',(#899));
#5399=EDGE_LOOP('',(#900,#901,#902,#903,#904,#905));
#5400=EDGE_LOOP('',(#906,#907,#908));
#5401=EDGE_LOOP('',(#909,#910,#911));
#5402=EDGE_LOOP('',(#912,#913,#914,#915,#916,#917,#918,#919,#920,#921,#922,
#923,#924,#925,#926,#927,#928,#929,#930,#931,#932,#933));
#5403=EDGE_LOOP('',(#934,#935,#936));
#5404=EDGE_LOOP('',(#937,#938,#939,#940,#941,#942,#943,#944,#945,#946,#947,
#948,#949,#950,#951,#952,#953,#954,#955,#956,#957,#958));
#5405=EDGE_LOOP('',(#959,#960,#961));
#5406=EDGE_LOOP('',(#962,#963,#964,#965));
#5407=EDGE_LOOP('',(#966,#967,#968,#969));
#5408=EDGE_LOOP('',(#970,#971,#972,#973));
#5409=EDGE_LOOP('',(#974,#975,#976,#977));
#5410=EDGE_LOOP('',(#978,#979,#980,#981));
#5411=EDGE_LOOP('',(#982,#983,#984,#985));
#5412=EDGE_LOOP('',(#986,#987,#988,#989));
#5413=EDGE_LOOP('',(#990,#991,#992,#993));
#5414=EDGE_LOOP('',(#994,#995,#996,#997));
#5415=EDGE_LOOP('',(#998,#999,#1000,#1001));
#5416=EDGE_LOOP('',(#1002));
#5417=EDGE_LOOP('',(#1003));
#5418=EDGE_LOOP('',(#1004));
#5419=EDGE_LOOP('',(#1005));
#5420=EDGE_LOOP('',(#1006));
#5421=EDGE_LOOP('',(#1007));
#5422=EDGE_LOOP('',(#1008));
#5423=EDGE_LOOP('',(#1009));
#5424=EDGE_LOOP('',(#1010));
#5425=EDGE_LOOP('',(#1011));
#5426=EDGE_LOOP('',(#1012));
#5427=EDGE_LOOP('',(#1013));
#5428=EDGE_LOOP('',(#1014));
#5429=EDGE_LOOP('',(#1015));
#5430=EDGE_LOOP('',(#1016));
#5431=EDGE_LOOP('',(#1017));
#5432=EDGE_LOOP('',(#1018));
#5433=EDGE_LOOP('',(#1019));
#5434=EDGE_LOOP('',(#1020));
#5435=EDGE_LOOP('',(#1021));
#5436=EDGE_LOOP('',(#1022));
#5437=EDGE_LOOP('',(#1023));
#5438=EDGE_LOOP('',(#1024));
#5439=EDGE_LOOP('',(#1025));
#5440=EDGE_LOOP('',(#1026));
#5441=EDGE_LOOP('',(#1027));
#5442=EDGE_LOOP('',(#1028));
#5443=EDGE_LOOP('',(#1029));
#5444=EDGE_LOOP('',(#1030,#1031,#1032,#1033));
#5445=EDGE_LOOP('',(#1034,#1035,#1036,#1037));
#5446=EDGE_LOOP('',(#1038,#1039,#1040,#1041));
#5447=EDGE_LOOP('',(#1042,#1043,#1044,#1045));
#5448=EDGE_LOOP('',(#1046,#1047,#1048,#1049));
#5449=EDGE_LOOP('',(#1050,#1051,#1052,#1053));
#5450=EDGE_LOOP('',(#1054,#1055,#1056,#1057,#1058,#1059));
#5451=EDGE_LOOP('',(#1060,#1061,#1062,#1063));
#5452=EDGE_LOOP('',(#1064,#1065,#1066,#1067));
#5453=EDGE_LOOP('',(#1068,#1069,#1070,#1071));
#5454=EDGE_LOOP('',(#1072,#1073,#1074,#1075));
#5455=EDGE_LOOP('',(#1076,#1077,#1078,#1079));
#5456=EDGE_LOOP('',(#1080,#1081,#1082,#1083));
#5457=EDGE_LOOP('',(#1084,#1085,#1086,#1087,#1088,#1089));
#5458=EDGE_LOOP('',(#1090,#1091,#1092,#1093,#1094,#1095));
#5459=EDGE_LOOP('',(#1096));
#5460=EDGE_LOOP('',(#1097));
#5461=EDGE_LOOP('',(#1098));
#5462=EDGE_LOOP('',(#1099));
#5463=EDGE_LOOP('',(#1100));
#5464=EDGE_LOOP('',(#1101,#1102,#1103,#1104));
#5465=EDGE_LOOP('',(#1105,#1106,#1107,#1108));
#5466=EDGE_LOOP('',(#1109,#1110,#1111,#1112));
#5467=EDGE_LOOP('',(#1113,#1114,#1115,#1116));
#5468=EDGE_LOOP('',(#1117,#1118,#1119,#1120));
#5469=EDGE_LOOP('',(#1121,#1122,#1123,#1124));
#5470=EDGE_LOOP('',(#1125,#1126,#1127,#1128,#1129,#1130));
#5471=EDGE_LOOP('',(#1131));
#5472=EDGE_LOOP('',(#1132));
#5473=EDGE_LOOP('',(#1133));
#5474=EDGE_LOOP('',(#1134));
#5475=EDGE_LOOP('',(#1135));
#5476=EDGE_LOOP('',(#1136));
#5477=EDGE_LOOP('',(#1137));
#5478=EDGE_LOOP('',(#1138));
#5479=EDGE_LOOP('',(#1139,#1140));
#5480=EDGE_LOOP('',(#1141,#1142));
#5481=EDGE_LOOP('',(#1143,#1144));
#5482=EDGE_LOOP('',(#1145,#1146));
#5483=EDGE_LOOP('',(#1147,#1148));
#5484=EDGE_LOOP('',(#1149,#1150,#1151,#1152,#1153,#1154,#1155,#1156,#1157,
#1158,#1159,#1160,#1161,#1162,#1163,#1164));
#5485=EDGE_LOOP('',(#1165,#1166,#1167,#1168));
#5486=EDGE_LOOP('',(#1169,#1170,#1171,#1172,#1173,#1174,#1175,#1176,#1177,
#1178));
#5487=EDGE_LOOP('',(#1179));
#5488=EDGE_LOOP('',(#1180,#1181,#1182,#1183,#1184,#1185,#1186));
#5489=EDGE_LOOP('',(#1187,#1188,#1189,#1190));
#5490=EDGE_LOOP('',(#1191,#1192,#1193,#1194));
#5491=EDGE_LOOP('',(#1195,#1196,#1197,#1198,#1199,#1200,#1201,#1202,#1203));
#5492=EDGE_LOOP('',(#1204));
#5493=EDGE_LOOP('',(#1205));
#5494=EDGE_LOOP('',(#1206,#1207,#1208,#1209,#1210,#1211,#1212,#1213,#1214,
#1215,#1216,#1217,#1218));
#5495=EDGE_LOOP('',(#1219,#1220,#1221,#1222,#1223,#1224,#1225,#1226,#1227,
#1228,#1229,#1230));
#5496=EDGE_LOOP('',(#1231,#1232,#1233,#1234,#1235,#1236,#1237,#1238,#1239,
#1240,#1241,#1242));
#5497=EDGE_LOOP('',(#1243,#1244,#1245,#1246));
#5498=EDGE_LOOP('',(#1247,#1248));
#5499=EDGE_LOOP('',(#1249,#1250));
#5500=EDGE_LOOP('',(#1251,#1252));
#5501=EDGE_LOOP('',(#1253,#1254));
#5502=EDGE_LOOP('',(#1255,#1256));
#5503=EDGE_LOOP('',(#1257,#1258,#1259,#1260));
#5504=EDGE_LOOP('',(#1261,#1262,#1263,#1264));
#5505=EDGE_LOOP('',(#1265));
#5506=EDGE_LOOP('',(#1266));
#5507=EDGE_LOOP('',(#1267));
#5508=EDGE_LOOP('',(#1268,#1269,#1270,#1271,#1272,#1273,#1274,#1275,#1276,
#1277,#1278,#1279,#1280,#1281,#1282));
#5509=EDGE_LOOP('',(#1283,#1284,#1285,#1286));
#5510=EDGE_LOOP('',(#1287,#1288,#1289,#1290));
#5511=EDGE_LOOP('',(#1291,#1292,#1293,#1294));
#5512=EDGE_LOOP('',(#1295,#1296,#1297,#1298));
#5513=EDGE_LOOP('',(#1299,#1300,#1301,#1302));
#5514=EDGE_LOOP('',(#1303,#1304,#1305,#1306));
#5515=EDGE_LOOP('',(#1307));
#5516=EDGE_LOOP('',(#1308));
#5517=EDGE_LOOP('',(#1309));
#5518=EDGE_LOOP('',(#1310));
#5519=EDGE_LOOP('',(#1311));
#5520=EDGE_LOOP('',(#1312));
#5521=EDGE_LOOP('',(#1313));
#5522=EDGE_LOOP('',(#1314));
#5523=EDGE_LOOP('',(#1315));
#5524=EDGE_LOOP('',(#1316));
#5525=EDGE_LOOP('',(#1317));
#5526=EDGE_LOOP('',(#1318));
#5527=EDGE_LOOP('',(#1319));
#5528=EDGE_LOOP('',(#1320));
#5529=EDGE_LOOP('',(#1321));
#5530=EDGE_LOOP('',(#1322));
#5531=EDGE_LOOP('',(#1323));
#5532=EDGE_LOOP('',(#1324));
#5533=EDGE_LOOP('',(#1325));
#5534=EDGE_LOOP('',(#1326));
#5535=EDGE_LOOP('',(#1327,#1328));
#5536=EDGE_LOOP('',(#1329,#1330,#1331,#1332,#1333,#1334));
#5537=EDGE_LOOP('',(#1335));
#5538=EDGE_LOOP('',(#1336));
#5539=EDGE_LOOP('',(#1337));
#5540=EDGE_LOOP('',(#1338));
#5541=EDGE_LOOP('',(#1339));
#5542=EDGE_LOOP('',(#1340));
#5543=EDGE_LOOP('',(#1341));
#5544=EDGE_LOOP('',(#1342));
#5545=EDGE_LOOP('',(#1343));
#5546=EDGE_LOOP('',(#1344));
#5547=EDGE_LOOP('',(#1345));
#5548=EDGE_LOOP('',(#1346));
#5549=EDGE_LOOP('',(#1347));
#5550=EDGE_LOOP('',(#1348));
#5551=EDGE_LOOP('',(#1349));
#5552=EDGE_LOOP('',(#1350));
#5553=EDGE_LOOP('',(#1351));
#5554=EDGE_LOOP('',(#1352));
#5555=EDGE_LOOP('',(#1353,#1354));
#5556=EDGE_LOOP('',(#1355,#1356,#1357,#1358,#1359,#1360));
#5557=EDGE_LOOP('',(#1361));
#5558=EDGE_LOOP('',(#1362));
#5559=EDGE_LOOP('',(#1363));
#5560=EDGE_LOOP('',(#1364));
#5561=EDGE_LOOP('',(#1365));
#5562=EDGE_LOOP('',(#1366));
#5563=EDGE_LOOP('',(#1367));
#5564=EDGE_LOOP('',(#1368));
#5565=EDGE_LOOP('',(#1369,#1370,#1371,#1372));
#5566=EDGE_LOOP('',(#1373,#1374,#1375,#1376));
#5567=EDGE_LOOP('',(#1377,#1378,#1379,#1380));
#5568=EDGE_LOOP('',(#1381,#1382,#1383,#1384));
#5569=EDGE_LOOP('',(#1385,#1386,#1387,#1388));
#5570=EDGE_LOOP('',(#1389,#1390,#1391,#1392));
#5571=EDGE_LOOP('',(#1393,#1394,#1395,#1396,#1397,#1398));
#5572=EDGE_LOOP('',(#1399,#1400,#1401,#1402));
#5573=EDGE_LOOP('',(#1403,#1404,#1405,#1406));
#5574=EDGE_LOOP('',(#1407,#1408,#1409,#1410));
#5575=EDGE_LOOP('',(#1411,#1412,#1413,#1414));
#5576=EDGE_LOOP('',(#1415,#1416,#1417,#1418));
#5577=EDGE_LOOP('',(#1419,#1420,#1421,#1422));
#5578=EDGE_LOOP('',(#1423,#1424,#1425,#1426));
#5579=EDGE_LOOP('',(#1427,#1428,#1429,#1430));
#5580=EDGE_LOOP('',(#1431,#1432,#1433,#1434));
#5581=EDGE_LOOP('',(#1435,#1436,#1437,#1438));
#5582=EDGE_LOOP('',(#1439,#1440,#1441,#1442));
#5583=EDGE_LOOP('',(#1443,#1444,#1445,#1446));
#5584=EDGE_LOOP('',(#1447,#1448,#1449,#1450));
#5585=EDGE_LOOP('',(#1451,#1452,#1453,#1454));
#5586=EDGE_LOOP('',(#1455,#1456,#1457,#1458));
#5587=EDGE_LOOP('',(#1459,#1460,#1461,#1462));
#5588=EDGE_LOOP('',(#1463,#1464,#1465,#1466));
#5589=EDGE_LOOP('',(#1467,#1468,#1469,#1470));
#5590=EDGE_LOOP('',(#1471,#1472,#1473,#1474));
#5591=EDGE_LOOP('',(#1475,#1476,#1477,#1478));
#5592=EDGE_LOOP('',(#1479,#1480,#1481,#1482));
#5593=EDGE_LOOP('',(#1483,#1484,#1485,#1486));
#5594=EDGE_LOOP('',(#1487,#1488,#1489,#1490));
#5595=EDGE_LOOP('',(#1491,#1492,#1493,#1494,#1495,#1496));
#5596=EDGE_LOOP('',(#1497,#1498,#1499,#1500));
#5597=EDGE_LOOP('',(#1501,#1502,#1503,#1504));
#5598=EDGE_LOOP('',(#1505,#1506,#1507,#1508));
#5599=EDGE_LOOP('',(#1509,#1510,#1511,#1512));
#5600=EDGE_LOOP('',(#1513,#1514,#1515,#1516));
#5601=EDGE_LOOP('',(#1517,#1518,#1519,#1520));
#5602=EDGE_LOOP('',(#1521,#1522,#1523,#1524,#1525,#1526));
#5603=EDGE_LOOP('',(#1527,#1528,#1529,#1530,#1531,#1532));
#5604=EDGE_LOOP('',(#1533));
#5605=EDGE_LOOP('',(#1534,#1535,#1536,#1537,#1538,#1539,#1540,#1541));
#5606=EDGE_LOOP('',(#1542,#1543,#1544,#1545,#1546,#1547,#1548,#1549));
#5607=EDGE_LOOP('',(#1550,#1551,#1552,#1553,#1554,#1555,#1556,#1557,#1558,
#1559,#1560,#1561,#1562,#1563,#1564,#1565));
#5608=EDGE_LOOP('',(#1566,#1567,#1568,#1569,#1570,#1571,#1572,#1573,#1574,
#1575,#1576));
#5609=EDGE_LOOP('',(#1577,#1578,#1579,#1580,#1581,#1582,#1583,#1584,#1585,
#1586));
#5610=EDGE_LOOP('',(#1587,#1588,#1589,#1590,#1591,#1592,#1593,#1594,#1595,
#1596,#1597,#1598));
#5611=EDGE_LOOP('',(#1599,#1600,#1601,#1602,#1603,#1604));
#5612=EDGE_LOOP('',(#1605,#1606,#1607,#1608,#1609,#1610));
#5613=EDGE_LOOP('',(#1611,#1612,#1613,#1614));
#5614=EDGE_LOOP('',(#1615,#1616,#1617,#1618));
#5615=EDGE_LOOP('',(#1619,#1620,#1621,#1622));
#5616=EDGE_LOOP('',(#1623,#1624,#1625,#1626));
#5617=EDGE_LOOP('',(#1627,#1628,#1629,#1630));
#5618=EDGE_LOOP('',(#1631,#1632,#1633,#1634));
#5619=EDGE_LOOP('',(#1635,#1636,#1637,#1638));
#5620=EDGE_LOOP('',(#1639,#1640,#1641,#1642));
#5621=EDGE_LOOP('',(#1643,#1644,#1645,#1646));
#5622=EDGE_LOOP('',(#1647,#1648,#1649,#1650));
#5623=EDGE_LOOP('',(#1651,#1652,#1653,#1654));
#5624=EDGE_LOOP('',(#1655,#1656,#1657,#1658));
#5625=EDGE_LOOP('',(#1659,#1660,#1661,#1662,#1663,#1664,#1665,#1666,#1667,
#1668,#1669,#1670));
#5626=EDGE_LOOP('',(#1671,#1672,#1673,#1674));
#5627=EDGE_LOOP('',(#1675,#1676,#1677,#1678));
#5628=EDGE_LOOP('',(#1679,#1680,#1681,#1682));
#5629=EDGE_LOOP('',(#1683,#1684,#1685,#1686));
#5630=EDGE_LOOP('',(#1687,#1688,#1689,#1690));
#5631=EDGE_LOOP('',(#1691,#1692,#1693,#1694));
#5632=EDGE_LOOP('',(#1695,#1696,#1697,#1698));
#5633=EDGE_LOOP('',(#1699,#1700,#1701,#1702));
#5634=EDGE_LOOP('',(#1703,#1704,#1705,#1706));
#5635=EDGE_LOOP('',(#1707,#1708,#1709,#1710));
#5636=EDGE_LOOP('',(#1711,#1712,#1713,#1714,#1715,#1716,#1717,#1718,#1719,
#1720));
#5637=EDGE_LOOP('',(#1721,#1722,#1723,#1724));
#5638=EDGE_LOOP('',(#1725,#1726,#1727,#1728));
#5639=EDGE_LOOP('',(#1729,#1730,#1731,#1732));
#5640=EDGE_LOOP('',(#1733,#1734,#1735,#1736));
#5641=EDGE_LOOP('',(#1737,#1738,#1739,#1740));
#5642=EDGE_LOOP('',(#1741,#1742,#1743,#1744));
#5643=EDGE_LOOP('',(#1745,#1746,#1747,#1748));
#5644=EDGE_LOOP('',(#1749,#1750,#1751,#1752));
#5645=EDGE_LOOP('',(#1753,#1754,#1755,#1756));
#5646=EDGE_LOOP('',(#1757,#1758,#1759,#1760));
#5647=EDGE_LOOP('',(#1761,#1762,#1763,#1764));
#5648=EDGE_LOOP('',(#1765,#1766,#1767,#1768,#1769,#1770,#1771,#1772,#1773,
#1774,#1775));
#5649=EDGE_LOOP('',(#1776,#1777,#1778,#1779));
#5650=EDGE_LOOP('',(#1780,#1781,#1782,#1783));
#5651=EDGE_LOOP('',(#1784,#1785,#1786,#1787));
#5652=EDGE_LOOP('',(#1788,#1789,#1790,#1791));
#5653=EDGE_LOOP('',(#1792,#1793,#1794,#1795));
#5654=EDGE_LOOP('',(#1796,#1797,#1798,#1799));
#5655=EDGE_LOOP('',(#1800,#1801,#1802,#1803));
#5656=EDGE_LOOP('',(#1804,#1805,#1806,#1807));
#5657=EDGE_LOOP('',(#1808,#1809,#1810,#1811));
#5658=EDGE_LOOP('',(#1812,#1813,#1814,#1815));
#5659=EDGE_LOOP('',(#1816,#1817,#1818,#1819));
#5660=EDGE_LOOP('',(#1820,#1821,#1822,#1823));
#5661=EDGE_LOOP('',(#1824,#1825,#1826,#1827));
#5662=EDGE_LOOP('',(#1828,#1829,#1830,#1831));
#5663=EDGE_LOOP('',(#1832,#1833,#1834,#1835));
#5664=EDGE_LOOP('',(#1836,#1837,#1838,#1839));
#5665=EDGE_LOOP('',(#1840,#1841,#1842,#1843,#1844,#1845,#1846,#1847,#1848,
#1849,#1850,#1851,#1852,#1853,#1854,#1855));
#5666=EDGE_LOOP('',(#1856,#1857,#1858,#1859));
#5667=EDGE_LOOP('',(#1860,#1861,#1862,#1863));
#5668=EDGE_LOOP('',(#1864,#1865,#1866,#1867));
#5669=EDGE_LOOP('',(#1868,#1869,#1870,#1871));
#5670=EDGE_LOOP('',(#1872,#1873,#1874,#1875));
#5671=EDGE_LOOP('',(#1876,#1877,#1878,#1879));
#5672=EDGE_LOOP('',(#1880,#1881,#1882,#1883));
#5673=EDGE_LOOP('',(#1884,#1885,#1886,#1887));
#5674=EDGE_LOOP('',(#1888,#1889,#1890,#1891,#1892,#1893,#1894,#1895));
#5675=EDGE_LOOP('',(#1896,#1897,#1898,#1899));
#5676=EDGE_LOOP('',(#1900,#1901,#1902,#1903));
#5677=EDGE_LOOP('',(#1904,#1905,#1906,#1907));
#5678=EDGE_LOOP('',(#1908,#1909,#1910,#1911));
#5679=EDGE_LOOP('',(#1912,#1913,#1914,#1915));
#5680=EDGE_LOOP('',(#1916,#1917,#1918,#1919));
#5681=EDGE_LOOP('',(#1920,#1921,#1922,#1923));
#5682=EDGE_LOOP('',(#1924,#1925,#1926,#1927));
#5683=EDGE_LOOP('',(#1928,#1929,#1930,#1931,#1932,#1933,#1934,#1935));
#5684=EDGE_LOOP('',(#1936));
#5685=EDGE_LOOP('',(#1937));
#5686=EDGE_LOOP('',(#1938));
#5687=EDGE_LOOP('',(#1939,#1940,#1941,#1942));
#5688=EDGE_LOOP('',(#1943,#1944,#1945,#1946));
#5689=EDGE_LOOP('',(#1947,#1948,#1949,#1950));
#5690=EDGE_LOOP('',(#1951,#1952,#1953,#1954));
#5691=EDGE_LOOP('',(#1955,#1956,#1957,#1958));
#5692=EDGE_LOOP('',(#1959,#1960,#1961,#1962));
#5693=EDGE_LOOP('',(#1963,#1964,#1965,#1966,#1967,#1968));
#5694=EDGE_LOOP('',(#1969,#1970,#1971,#1972));
#5695=EDGE_LOOP('',(#1973,#1974,#1975,#1976));
#5696=EDGE_LOOP('',(#1977,#1978,#1979,#1980));
#5697=EDGE_LOOP('',(#1981,#1982,#1983,#1984));
#5698=EDGE_LOOP('',(#1985,#1986,#1987,#1988));
#5699=EDGE_LOOP('',(#1989,#1990,#1991,#1992));
#5700=EDGE_LOOP('',(#1993,#1994,#1995,#1996,#1997,#1998));
#5701=EDGE_LOOP('',(#1999,#2000,#2001,#2002,#2003));
#5702=EDGE_LOOP('',(#2004,#2005,#2006,#2007));
#5703=EDGE_LOOP('',(#2008,#2009,#2010,#2011,#2012));
#5704=EDGE_LOOP('',(#2013));
#5705=EDGE_LOOP('',(#2014));
#5706=EDGE_LOOP('',(#2015));
#5707=EDGE_LOOP('',(#2016,#2017,#2018,#2019,#2020,#2021,#2022,#2023,#2024,
#2025,#2026,#2027));
#5708=EDGE_LOOP('',(#2028,#2029,#2030,#2031,#2032,#2033));
#5709=EDGE_LOOP('',(#2034,#2035,#2036,#2037,#2038,#2039));
#5710=EDGE_LOOP('',(#2040));
#5711=EDGE_LOOP('',(#2041,#2042,#2043,#2044));
#5712=EDGE_LOOP('',(#2045,#2046,#2047,#2048,#2049,#2050,#2051,#2052,#2053,
#2054,#2055,#2056,#2057,#2058,#2059,#2060,#2061,#2062));
#5713=EDGE_LOOP('',(#2063,#2064,#2065,#2066));
#5714=EDGE_LOOP('',(#2067,#2068,#2069,#2070,#2071,#2072));
#5715=EDGE_LOOP('',(#2073,#2074,#2075,#2076));
#5716=EDGE_LOOP('',(#2077,#2078,#2079,#2080,#2081,#2082,#2083,#2084));
#5717=EDGE_LOOP('',(#2085,#2086,#2087,#2088,#2089,#2090));
#5718=EDGE_LOOP('',(#2091,#2092,#2093,#2094,#2095,#2096));
#5719=EDGE_LOOP('',(#2097));
#5720=EDGE_LOOP('',(#2098,#2099,#2100,#2101));
#5721=EDGE_LOOP('',(#2102,#2103,#2104,#2105,#2106,#2107));
#5722=EDGE_LOOP('',(#2108,#2109,#2110,#2111));
#5723=EDGE_LOOP('',(#2112,#2113,#2114,#2115,#2116,#2117));
#5724=EDGE_LOOP('',(#2118,#2119,#2120,#2121));
#5725=EDGE_LOOP('',(#2122));
#5726=EDGE_LOOP('',(#2123));
#5727=EDGE_LOOP('',(#2124,#2125,#2126,#2127,#2128,#2129));
#5728=EDGE_LOOP('',(#2130,#2131,#2132,#2133,#2134,#2135));
#5729=EDGE_LOOP('',(#2136,#2137,#2138,#2139,#2140,#2141,#2142,#2143));
#5730=EDGE_LOOP('',(#2144,#2145,#2146,#2147));
#5731=EDGE_LOOP('',(#2148,#2149,#2150));
#5732=EDGE_LOOP('',(#2151,#2152,#2153,#2154));
#5733=EDGE_LOOP('',(#2155,#2156,#2157));
#5734=EDGE_LOOP('',(#2158));
#5735=EDGE_LOOP('',(#2159));
#5736=EDGE_LOOP('',(#2160));
#5737=EDGE_LOOP('',(#2161));
#5738=EDGE_LOOP('',(#2162));
#5739=EDGE_LOOP('',(#2163));
#5740=EDGE_LOOP('',(#2164));
#5741=EDGE_LOOP('',(#2165));
#5742=EDGE_LOOP('',(#2166));
#5743=EDGE_LOOP('',(#2167));
#5744=EDGE_LOOP('',(#2168));
#5745=EDGE_LOOP('',(#2169));
#5746=EDGE_LOOP('',(#2170,#2171,#2172,#2173));
#5747=EDGE_LOOP('',(#2174));
#5748=EDGE_LOOP('',(#2175));
#5749=EDGE_LOOP('',(#2176));
#5750=EDGE_LOOP('',(#2177));
#5751=EDGE_LOOP('',(#2178));
#5752=EDGE_LOOP('',(#2179,#2180));
#5753=EDGE_LOOP('',(#2181));
#5754=EDGE_LOOP('',(#2182));
#5755=EDGE_LOOP('',(#2183,#2184,#2185,#2186));
#5756=EDGE_LOOP('',(#2187,#2188,#2189,#2190));
#5757=EDGE_LOOP('',(#2191,#2192,#2193,#2194));
#5758=EDGE_LOOP('',(#2195,#2196,#2197,#2198));
#5759=EDGE_LOOP('',(#2199,#2200,#2201,#2202));
#5760=EDGE_LOOP('',(#2203,#2204,#2205,#2206));
#5761=EDGE_LOOP('',(#2207,#2208,#2209,#2210,#2211,#2212,#2213,#2214,#2215,
#2216,#2217,#2218));
#5762=EDGE_LOOP('',(#2219,#2220,#2221,#2222));
#5763=EDGE_LOOP('',(#2223,#2224,#2225,#2226));
#5764=EDGE_LOOP('',(#2227,#2228,#2229,#2230));
#5765=EDGE_LOOP('',(#2231,#2232,#2233,#2234));
#5766=EDGE_LOOP('',(#2235,#2236,#2237,#2238));
#5767=EDGE_LOOP('',(#2239,#2240,#2241,#2242));
#5768=EDGE_LOOP('',(#2243,#2244,#2245,#2246));
#5769=EDGE_LOOP('',(#2247,#2248,#2249,#2250));
#5770=FACE_BOUND('',#5265,.T.);
#5771=FACE_BOUND('',#5266,.T.);
#5772=FACE_BOUND('',#5267,.T.);
#5773=FACE_BOUND('',#5268,.T.);
#5774=FACE_BOUND('',#5269,.T.);
#5775=FACE_BOUND('',#5270,.T.);
#5776=FACE_BOUND('',#5271,.T.);
#5777=FACE_BOUND('',#5272,.T.);
#5778=FACE_BOUND('',#5273,.T.);
#5779=FACE_BOUND('',#5274,.T.);
#5780=FACE_BOUND('',#5275,.T.);
#5781=FACE_BOUND('',#5276,.T.);
#5782=FACE_BOUND('',#5277,.T.);
#5783=FACE_BOUND('',#5278,.T.);
#5784=FACE_BOUND('',#5279,.T.);
#5785=FACE_BOUND('',#5280,.T.);
#5786=FACE_BOUND('',#5281,.T.);
#5787=FACE_BOUND('',#5282,.T.);
#5788=FACE_BOUND('',#5283,.T.);
#5789=FACE_BOUND('',#5284,.T.);
#5790=FACE_BOUND('',#5285,.T.);
#5791=FACE_BOUND('',#5286,.T.);
#5792=FACE_BOUND('',#5287,.T.);
#5793=FACE_BOUND('',#5288,.T.);
#5794=FACE_BOUND('',#5289,.T.);
#5795=FACE_BOUND('',#5290,.T.);
#5796=FACE_BOUND('',#5291,.T.);
#5797=FACE_BOUND('',#5292,.T.);
#5798=FACE_BOUND('',#5293,.T.);
#5799=FACE_BOUND('',#5294,.T.);
#5800=FACE_BOUND('',#5295,.T.);
#5801=FACE_BOUND('',#5296,.T.);
#5802=FACE_BOUND('',#5297,.T.);
#5803=FACE_BOUND('',#5298,.T.);
#5804=FACE_BOUND('',#5299,.T.);
#5805=FACE_BOUND('',#5300,.T.);
#5806=FACE_BOUND('',#5301,.T.);
#5807=FACE_BOUND('',#5302,.T.);
#5808=FACE_BOUND('',#5303,.T.);
#5809=FACE_BOUND('',#5304,.T.);
#5810=FACE_BOUND('',#5305,.T.);
#5811=FACE_BOUND('',#5306,.T.);
#5812=FACE_BOUND('',#5307,.T.);
#5813=FACE_BOUND('',#5308,.T.);
#5814=FACE_BOUND('',#5309,.T.);
#5815=FACE_BOUND('',#5310,.T.);
#5816=FACE_BOUND('',#5311,.T.);
#5817=FACE_BOUND('',#5312,.T.);
#5818=FACE_BOUND('',#5313,.T.);
#5819=FACE_BOUND('',#5314,.T.);
#5820=FACE_BOUND('',#5315,.T.);
#5821=FACE_BOUND('',#5316,.T.);
#5822=FACE_BOUND('',#5317,.T.);
#5823=FACE_BOUND('',#5318,.T.);
#5824=FACE_BOUND('',#5319,.T.);
#5825=FACE_BOUND('',#5320,.T.);
#5826=FACE_BOUND('',#5321,.T.);
#5827=FACE_BOUND('',#5322,.T.);
#5828=FACE_BOUND('',#5323,.T.);
#5829=FACE_BOUND('',#5324,.T.);
#5830=FACE_BOUND('',#5325,.T.);
#5831=FACE_BOUND('',#5326,.T.);
#5832=FACE_BOUND('',#5327,.T.);
#5833=FACE_BOUND('',#5328,.T.);
#5834=FACE_BOUND('',#5329,.T.);
#5835=FACE_BOUND('',#5330,.T.);
#5836=FACE_BOUND('',#5331,.T.);
#5837=FACE_BOUND('',#5332,.T.);
#5838=FACE_BOUND('',#5333,.T.);
#5839=FACE_BOUND('',#5334,.T.);
#5840=FACE_BOUND('',#5335,.T.);
#5841=FACE_BOUND('',#5336,.T.);
#5842=FACE_BOUND('',#5337,.T.);
#5843=FACE_BOUND('',#5338,.T.);
#5844=FACE_BOUND('',#5339,.T.);
#5845=FACE_BOUND('',#5340,.T.);
#5846=FACE_BOUND('',#5341,.T.);
#5847=FACE_BOUND('',#5342,.T.);
#5848=FACE_BOUND('',#5343,.T.);
#5849=FACE_BOUND('',#5344,.T.);
#5850=FACE_BOUND('',#5345,.T.);
#5851=FACE_BOUND('',#5346,.T.);
#5852=FACE_BOUND('',#5347,.T.);
#5853=FACE_BOUND('',#5348,.T.);
#5854=FACE_BOUND('',#5349,.T.);
#5855=FACE_BOUND('',#5350,.T.);
#5856=FACE_BOUND('',#5351,.T.);
#5857=FACE_BOUND('',#5352,.T.);
#5858=FACE_BOUND('',#5353,.T.);
#5859=FACE_BOUND('',#5354,.T.);
#5860=FACE_BOUND('',#5355,.T.);
#5861=FACE_BOUND('',#5356,.T.);
#5862=FACE_BOUND('',#5357,.T.);
#5863=FACE_BOUND('',#5358,.T.);
#5864=FACE_BOUND('',#5359,.T.);
#5865=FACE_BOUND('',#5360,.T.);
#5866=FACE_BOUND('',#5361,.T.);
#5867=FACE_BOUND('',#5362,.T.);
#5868=FACE_BOUND('',#5363,.T.);
#5869=FACE_BOUND('',#5364,.T.);
#5870=FACE_BOUND('',#5365,.T.);
#5871=FACE_BOUND('',#5366,.T.);
#5872=FACE_BOUND('',#5367,.T.);
#5873=FACE_BOUND('',#5368,.T.);
#5874=FACE_BOUND('',#5369,.T.);
#5875=FACE_BOUND('',#5370,.T.);
#5876=FACE_BOUND('',#5371,.T.);
#5877=FACE_BOUND('',#5372,.T.);
#5878=FACE_BOUND('',#5373,.T.);
#5879=FACE_BOUND('',#5374,.T.);
#5880=FACE_BOUND('',#5375,.T.);
#5881=FACE_BOUND('',#5376,.T.);
#5882=FACE_BOUND('',#5377,.T.);
#5883=FACE_BOUND('',#5378,.T.);
#5884=FACE_BOUND('',#5379,.T.);
#5885=FACE_BOUND('',#5380,.T.);
#5886=FACE_BOUND('',#5381,.T.);
#5887=FACE_BOUND('',#5382,.T.);
#5888=FACE_BOUND('',#5383,.T.);
#5889=FACE_BOUND('',#5384,.T.);
#5890=FACE_BOUND('',#5385,.T.);
#5891=FACE_BOUND('',#5386,.T.);
#5892=FACE_BOUND('',#5387,.T.);
#5893=FACE_BOUND('',#5388,.T.);
#5894=FACE_BOUND('',#5389,.T.);
#5895=FACE_BOUND('',#5390,.T.);
#5896=FACE_BOUND('',#5391,.T.);
#5897=FACE_BOUND('',#5392,.T.);
#5898=FACE_BOUND('',#5393,.T.);
#5899=FACE_BOUND('',#5394,.T.);
#5900=FACE_BOUND('',#5395,.T.);
#5901=FACE_BOUND('',#5396,.T.);
#5902=FACE_BOUND('',#5397,.T.);
#5903=FACE_BOUND('',#5398,.T.);
#5904=FACE_BOUND('',#5399,.T.);
#5905=FACE_BOUND('',#5400,.T.);
#5906=FACE_BOUND('',#5401,.T.);
#5907=FACE_BOUND('',#5402,.T.);
#5908=FACE_BOUND('',#5403,.T.);
#5909=FACE_BOUND('',#5404,.T.);
#5910=FACE_BOUND('',#5405,.T.);
#5911=FACE_BOUND('',#5406,.T.);
#5912=FACE_BOUND('',#5407,.T.);
#5913=FACE_BOUND('',#5408,.T.);
#5914=FACE_BOUND('',#5409,.T.);
#5915=FACE_BOUND('',#5410,.T.);
#5916=FACE_BOUND('',#5411,.T.);
#5917=FACE_BOUND('',#5412,.T.);
#5918=FACE_BOUND('',#5413,.T.);
#5919=FACE_BOUND('',#5414,.T.);
#5920=FACE_BOUND('',#5415,.T.);
#5921=FACE_BOUND('',#5416,.T.);
#5922=FACE_BOUND('',#5417,.T.);
#5923=FACE_BOUND('',#5418,.T.);
#5924=FACE_BOUND('',#5419,.T.);
#5925=FACE_BOUND('',#5420,.T.);
#5926=FACE_BOUND('',#67,.T.);
#5927=FACE_BOUND('',#5421,.T.);
#5928=FACE_BOUND('',#5422,.T.);
#5929=FACE_BOUND('',#5423,.T.);
#5930=FACE_BOUND('',#68,.T.);
#5931=FACE_BOUND('',#5424,.T.);
#5932=FACE_BOUND('',#5425,.T.);
#5933=FACE_BOUND('',#5426,.T.);
#5934=FACE_BOUND('',#5427,.T.);
#5935=FACE_BOUND('',#5428,.T.);
#5936=FACE_BOUND('',#5429,.T.);
#5937=FACE_BOUND('',#5430,.T.);
#5938=FACE_BOUND('',#5431,.T.);
#5939=FACE_BOUND('',#5432,.T.);
#5940=FACE_BOUND('',#5433,.T.);
#5941=FACE_BOUND('',#5434,.T.);
#5942=FACE_BOUND('',#5435,.T.);
#5943=FACE_BOUND('',#5436,.T.);
#5944=FACE_BOUND('',#5437,.T.);
#5945=FACE_BOUND('',#5438,.T.);
#5946=FACE_BOUND('',#5439,.T.);
#5947=FACE_BOUND('',#5440,.T.);
#5948=FACE_BOUND('',#5441,.T.);
#5949=FACE_BOUND('',#5442,.T.);
#5950=FACE_BOUND('',#5443,.T.);
#5951=FACE_BOUND('',#5444,.T.);
#5952=FACE_BOUND('',#5445,.T.);
#5953=FACE_BOUND('',#5446,.T.);
#5954=FACE_BOUND('',#5447,.T.);
#5955=FACE_BOUND('',#5448,.T.);
#5956=FACE_BOUND('',#5449,.T.);
#5957=FACE_BOUND('',#5450,.T.);
#5958=FACE_BOUND('',#5451,.T.);
#5959=FACE_BOUND('',#5452,.T.);
#5960=FACE_BOUND('',#5453,.T.);
#5961=FACE_BOUND('',#5454,.T.);
#5962=FACE_BOUND('',#5455,.T.);
#5963=FACE_BOUND('',#5456,.T.);
#5964=FACE_BOUND('',#5457,.T.);
#5965=FACE_BOUND('',#5458,.T.);
#5966=FACE_BOUND('',#5459,.T.);
#5967=FACE_BOUND('',#5460,.T.);
#5968=FACE_BOUND('',#5461,.T.);
#5969=FACE_BOUND('',#5462,.T.);
#5970=FACE_BOUND('',#5463,.T.);
#5971=FACE_BOUND('',#5464,.T.);
#5972=FACE_BOUND('',#5465,.T.);
#5973=FACE_BOUND('',#5466,.T.);
#5974=FACE_BOUND('',#5467,.T.);
#5975=FACE_BOUND('',#5468,.T.);
#5976=FACE_BOUND('',#5469,.T.);
#5977=FACE_BOUND('',#5470,.T.);
#5978=FACE_BOUND('',#5471,.T.);
#5979=FACE_BOUND('',#5472,.T.);
#5980=FACE_BOUND('',#5473,.T.);
#5981=FACE_BOUND('',#5474,.T.);
#5982=FACE_BOUND('',#5475,.T.);
#5983=FACE_BOUND('',#5476,.T.);
#5984=FACE_BOUND('',#5477,.T.);
#5985=FACE_BOUND('',#5478,.T.);
#5986=FACE_BOUND('',#5479,.T.);
#5987=FACE_BOUND('',#5480,.T.);
#5988=FACE_BOUND('',#5481,.T.);
#5989=FACE_BOUND('',#5482,.T.);
#5990=FACE_BOUND('',#5483,.T.);
#5991=FACE_BOUND('',#5484,.T.);
#5992=FACE_BOUND('',#5485,.T.);
#5993=FACE_BOUND('',#5486,.T.);
#5994=FACE_BOUND('',#5487,.T.);
#5995=FACE_BOUND('',#5488,.T.);
#5996=FACE_BOUND('',#5489,.T.);
#5997=FACE_BOUND('',#5490,.T.);
#5998=FACE_BOUND('',#5491,.T.);
#5999=FACE_BOUND('',#5492,.T.);
#6000=FACE_BOUND('',#5493,.T.);
#6001=FACE_BOUND('',#5494,.T.);
#6002=FACE_BOUND('',#5495,.T.);
#6003=FACE_BOUND('',#5496,.T.);
#6004=FACE_BOUND('',#5497,.T.);
#6005=FACE_BOUND('',#5498,.T.);
#6006=FACE_BOUND('',#5499,.T.);
#6007=FACE_BOUND('',#5500,.T.);
#6008=FACE_BOUND('',#5501,.T.);
#6009=FACE_BOUND('',#5502,.T.);
#6010=FACE_BOUND('',#5503,.T.);
#6011=FACE_BOUND('',#5504,.T.);
#6012=FACE_BOUND('',#5505,.T.);
#6013=FACE_BOUND('',#5506,.T.);
#6014=FACE_BOUND('',#5507,.T.);
#6015=FACE_BOUND('',#5508,.T.);
#6016=FACE_BOUND('',#5509,.T.);
#6017=FACE_BOUND('',#5510,.T.);
#6018=FACE_BOUND('',#5511,.T.);
#6019=FACE_BOUND('',#5512,.T.);
#6020=FACE_BOUND('',#5513,.T.);
#6021=FACE_BOUND('',#5514,.T.);
#6022=FACE_BOUND('',#5515,.T.);
#6023=FACE_BOUND('',#5516,.T.);
#6024=FACE_BOUND('',#5517,.T.);
#6025=FACE_BOUND('',#5518,.T.);
#6026=FACE_BOUND('',#5519,.T.);
#6027=FACE_BOUND('',#5520,.T.);
#6028=FACE_BOUND('',#5521,.T.);
#6029=FACE_BOUND('',#5522,.T.);
#6030=FACE_BOUND('',#5523,.T.);
#6031=FACE_BOUND('',#5524,.T.);
#6032=FACE_BOUND('',#5525,.T.);
#6033=FACE_BOUND('',#5526,.T.);
#6034=FACE_BOUND('',#5527,.T.);
#6035=FACE_BOUND('',#5528,.T.);
#6036=FACE_BOUND('',#5529,.T.);
#6037=FACE_BOUND('',#5530,.T.);
#6038=FACE_BOUND('',#5531,.T.);
#6039=FACE_BOUND('',#5532,.T.);
#6040=FACE_BOUND('',#5533,.T.);
#6041=FACE_BOUND('',#5534,.T.);
#6042=FACE_BOUND('',#5535,.T.);
#6043=FACE_BOUND('',#5536,.T.);
#6044=FACE_BOUND('',#5537,.T.);
#6045=FACE_BOUND('',#5538,.T.);
#6046=FACE_BOUND('',#5539,.T.);
#6047=FACE_BOUND('',#5540,.T.);
#6048=FACE_BOUND('',#5541,.T.);
#6049=FACE_BOUND('',#5542,.T.);
#6050=FACE_BOUND('',#5543,.T.);
#6051=FACE_BOUND('',#5544,.T.);
#6052=FACE_BOUND('',#5545,.T.);
#6053=FACE_BOUND('',#5546,.T.);
#6054=FACE_BOUND('',#5547,.T.);
#6055=FACE_BOUND('',#5548,.T.);
#6056=FACE_BOUND('',#5549,.T.);
#6057=FACE_BOUND('',#5550,.T.);
#6058=FACE_BOUND('',#5551,.T.);
#6059=FACE_BOUND('',#5552,.T.);
#6060=FACE_BOUND('',#5553,.T.);
#6061=FACE_BOUND('',#5554,.T.);
#6062=FACE_BOUND('',#5555,.T.);
#6063=FACE_BOUND('',#5556,.T.);
#6064=FACE_BOUND('',#5557,.T.);
#6065=FACE_BOUND('',#5558,.T.);
#6066=FACE_BOUND('',#5559,.T.);
#6067=FACE_BOUND('',#5560,.T.);
#6068=FACE_BOUND('',#5561,.T.);
#6069=FACE_BOUND('',#5562,.T.);
#6070=FACE_BOUND('',#5563,.T.);
#6071=FACE_BOUND('',#5564,.T.);
#6072=FACE_BOUND('',#5565,.T.);
#6073=FACE_BOUND('',#5566,.T.);
#6074=FACE_BOUND('',#5567,.T.);
#6075=FACE_BOUND('',#5568,.T.);
#6076=FACE_BOUND('',#5569,.T.);
#6077=FACE_BOUND('',#5570,.T.);
#6078=FACE_BOUND('',#5571,.T.);
#6079=FACE_BOUND('',#5572,.T.);
#6080=FACE_BOUND('',#5573,.T.);
#6081=FACE_BOUND('',#5574,.T.);
#6082=FACE_BOUND('',#5575,.T.);
#6083=FACE_BOUND('',#5576,.T.);
#6084=FACE_BOUND('',#5577,.T.);
#6085=FACE_BOUND('',#5578,.T.);
#6086=FACE_BOUND('',#5579,.T.);
#6087=FACE_BOUND('',#5580,.T.);
#6088=FACE_BOUND('',#5581,.T.);
#6089=FACE_BOUND('',#5582,.T.);
#6090=FACE_BOUND('',#5583,.T.);
#6091=FACE_BOUND('',#5584,.T.);
#6092=FACE_BOUND('',#5585,.T.);
#6093=FACE_BOUND('',#5586,.T.);
#6094=FACE_BOUND('',#5587,.T.);
#6095=FACE_BOUND('',#5588,.T.);
#6096=FACE_BOUND('',#5589,.T.);
#6097=FACE_BOUND('',#5590,.T.);
#6098=FACE_BOUND('',#5591,.T.);
#6099=FACE_BOUND('',#5592,.T.);
#6100=FACE_BOUND('',#5593,.T.);
#6101=FACE_BOUND('',#5594,.T.);
#6102=FACE_BOUND('',#5595,.T.);
#6103=FACE_BOUND('',#5596,.T.);
#6104=FACE_BOUND('',#5597,.T.);
#6105=FACE_BOUND('',#5598,.T.);
#6106=FACE_BOUND('',#5599,.T.);
#6107=FACE_BOUND('',#5600,.T.);
#6108=FACE_BOUND('',#5601,.T.);
#6109=FACE_BOUND('',#5602,.T.);
#6110=FACE_BOUND('',#5603,.T.);
#6111=FACE_BOUND('',#5604,.T.);
#6112=FACE_BOUND('',#5605,.T.);
#6113=FACE_BOUND('',#5606,.T.);
#6114=FACE_BOUND('',#5607,.T.);
#6115=FACE_BOUND('',#5608,.T.);
#6116=FACE_BOUND('',#5609,.T.);
#6117=FACE_BOUND('',#5610,.T.);
#6118=FACE_BOUND('',#5611,.T.);
#6119=FACE_BOUND('',#5612,.T.);
#6120=FACE_BOUND('',#5613,.T.);
#6121=FACE_BOUND('',#5614,.T.);
#6122=FACE_BOUND('',#5615,.T.);
#6123=FACE_BOUND('',#5616,.T.);
#6124=FACE_BOUND('',#5617,.T.);
#6125=FACE_BOUND('',#5618,.T.);
#6126=FACE_BOUND('',#5619,.T.);
#6127=FACE_BOUND('',#5620,.T.);
#6128=FACE_BOUND('',#5621,.T.);
#6129=FACE_BOUND('',#5622,.T.);
#6130=FACE_BOUND('',#5623,.T.);
#6131=FACE_BOUND('',#5624,.T.);
#6132=FACE_BOUND('',#5625,.T.);
#6133=FACE_BOUND('',#5626,.T.);
#6134=FACE_BOUND('',#5627,.T.);
#6135=FACE_BOUND('',#5628,.T.);
#6136=FACE_BOUND('',#5629,.T.);
#6137=FACE_BOUND('',#5630,.T.);
#6138=FACE_BOUND('',#5631,.T.);
#6139=FACE_BOUND('',#5632,.T.);
#6140=FACE_BOUND('',#5633,.T.);
#6141=FACE_BOUND('',#5634,.T.);
#6142=FACE_BOUND('',#5635,.T.);
#6143=FACE_BOUND('',#5636,.T.);
#6144=FACE_BOUND('',#5637,.T.);
#6145=FACE_BOUND('',#5638,.T.);
#6146=FACE_BOUND('',#5639,.T.);
#6147=FACE_BOUND('',#5640,.T.);
#6148=FACE_BOUND('',#5641,.T.);
#6149=FACE_BOUND('',#5642,.T.);
#6150=FACE_BOUND('',#5643,.T.);
#6151=FACE_BOUND('',#5644,.T.);
#6152=FACE_BOUND('',#5645,.T.);
#6153=FACE_BOUND('',#5646,.T.);
#6154=FACE_BOUND('',#5647,.T.);
#6155=FACE_BOUND('',#5648,.T.);
#6156=FACE_BOUND('',#5649,.T.);
#6157=FACE_BOUND('',#5650,.T.);
#6158=FACE_BOUND('',#5651,.T.);
#6159=FACE_BOUND('',#5652,.T.);
#6160=FACE_BOUND('',#5653,.T.);
#6161=FACE_BOUND('',#5654,.T.);
#6162=FACE_BOUND('',#5655,.T.);
#6163=FACE_BOUND('',#5656,.T.);
#6164=FACE_BOUND('',#5657,.T.);
#6165=FACE_BOUND('',#5658,.T.);
#6166=FACE_BOUND('',#5659,.T.);
#6167=FACE_BOUND('',#5660,.T.);
#6168=FACE_BOUND('',#5661,.T.);
#6169=FACE_BOUND('',#5662,.T.);
#6170=FACE_BOUND('',#5663,.T.);
#6171=FACE_BOUND('',#5664,.T.);
#6172=FACE_BOUND('',#5665,.T.);
#6173=FACE_BOUND('',#5666,.T.);
#6174=FACE_BOUND('',#5667,.T.);
#6175=FACE_BOUND('',#5668,.T.);
#6176=FACE_BOUND('',#5669,.T.);
#6177=FACE_BOUND('',#5670,.T.);
#6178=FACE_BOUND('',#5671,.T.);
#6179=FACE_BOUND('',#5672,.T.);
#6180=FACE_BOUND('',#5673,.T.);
#6181=FACE_BOUND('',#5674,.T.);
#6182=FACE_BOUND('',#5675,.T.);
#6183=FACE_BOUND('',#5676,.T.);
#6184=FACE_BOUND('',#5677,.T.);
#6185=FACE_BOUND('',#5678,.T.);
#6186=FACE_BOUND('',#5679,.T.);
#6187=FACE_BOUND('',#5680,.T.);
#6188=FACE_BOUND('',#5681,.T.);
#6189=FACE_BOUND('',#5682,.T.);
#6190=FACE_BOUND('',#5683,.T.);
#6191=FACE_BOUND('',#5684,.T.);
#6192=FACE_BOUND('',#5685,.T.);
#6193=FACE_BOUND('',#5686,.T.);
#6194=FACE_BOUND('',#5687,.T.);
#6195=FACE_BOUND('',#5688,.T.);
#6196=FACE_BOUND('',#5689,.T.);
#6197=FACE_BOUND('',#5690,.T.);
#6198=FACE_BOUND('',#5691,.T.);
#6199=FACE_BOUND('',#5692,.T.);
#6200=FACE_BOUND('',#5693,.T.);
#6201=FACE_BOUND('',#5694,.T.);
#6202=FACE_BOUND('',#5695,.T.);
#6203=FACE_BOUND('',#5696,.T.);
#6204=FACE_BOUND('',#5697,.T.);
#6205=FACE_BOUND('',#5698,.T.);
#6206=FACE_BOUND('',#5699,.T.);
#6207=FACE_BOUND('',#5700,.T.);
#6208=FACE_BOUND('',#5701,.T.);
#6209=FACE_BOUND('',#5702,.T.);
#6210=FACE_BOUND('',#5703,.T.);
#6211=FACE_BOUND('',#5704,.T.);
#6212=FACE_BOUND('',#5705,.T.);
#6213=FACE_BOUND('',#5706,.T.);
#6214=FACE_BOUND('',#5707,.T.);
#6215=FACE_BOUND('',#5708,.T.);
#6216=FACE_BOUND('',#5709,.T.);
#6217=FACE_BOUND('',#5710,.T.);
#6218=FACE_BOUND('',#5711,.T.);
#6219=FACE_BOUND('',#5712,.T.);
#6220=FACE_BOUND('',#5713,.T.);
#6221=FACE_BOUND('',#5714,.T.);
#6222=FACE_BOUND('',#5715,.T.);
#6223=FACE_BOUND('',#5716,.T.);
#6224=FACE_BOUND('',#5717,.T.);
#6225=FACE_BOUND('',#5718,.T.);
#6226=FACE_BOUND('',#5719,.T.);
#6227=FACE_BOUND('',#5720,.T.);
#6228=FACE_BOUND('',#5721,.T.);
#6229=FACE_BOUND('',#5722,.T.);
#6230=FACE_BOUND('',#5723,.T.);
#6231=FACE_BOUND('',#5724,.T.);
#6232=FACE_BOUND('',#5725,.T.);
#6233=FACE_BOUND('',#5726,.T.);
#6234=FACE_BOUND('',#5727,.T.);
#6235=FACE_BOUND('',#5728,.T.);
#6236=FACE_BOUND('',#5729,.T.);
#6237=FACE_BOUND('',#5730,.T.);
#6238=FACE_BOUND('',#5731,.T.);
#6239=FACE_BOUND('',#5732,.T.);
#6240=FACE_BOUND('',#5733,.T.);
#6241=FACE_BOUND('',#5734,.T.);
#6242=FACE_BOUND('',#5735,.T.);
#6243=FACE_BOUND('',#5736,.T.);
#6244=FACE_BOUND('',#5737,.T.);
#6245=FACE_BOUND('',#5738,.T.);
#6246=FACE_BOUND('',#5739,.T.);
#6247=FACE_BOUND('',#5740,.T.);
#6248=FACE_BOUND('',#5741,.T.);
#6249=FACE_BOUND('',#5742,.T.);
#6250=FACE_BOUND('',#5743,.T.);
#6251=FACE_BOUND('',#5744,.T.);
#6252=FACE_BOUND('',#5745,.T.);
#6253=FACE_BOUND('',#5746,.T.);
#6254=FACE_BOUND('',#5747,.T.);
#6255=FACE_BOUND('',#5748,.T.);
#6256=FACE_BOUND('',#5749,.T.);
#6257=FACE_BOUND('',#5750,.T.);
#6258=FACE_BOUND('',#69,.T.);
#6259=FACE_BOUND('',#5751,.T.);
#6260=FACE_BOUND('',#5752,.T.);
#6261=FACE_BOUND('',#5753,.T.);
#6262=FACE_BOUND('',#5754,.T.);
#6263=FACE_BOUND('',#5755,.T.);
#6264=FACE_BOUND('',#5756,.T.);
#6265=FACE_BOUND('',#5757,.T.);
#6266=FACE_BOUND('',#5758,.T.);
#6267=FACE_BOUND('',#5759,.T.);
#6268=FACE_BOUND('',#5760,.T.);
#6269=FACE_BOUND('',#5761,.T.);
#6270=FACE_BOUND('',#5762,.T.);
#6271=FACE_BOUND('',#5763,.T.);
#6272=FACE_BOUND('',#5764,.T.);
#6273=FACE_BOUND('',#5765,.T.);
#6274=FACE_BOUND('',#5766,.T.);
#6275=FACE_BOUND('',#5767,.T.);
#6276=FACE_BOUND('',#5768,.T.);
#6277=FACE_BOUND('',#5769,.T.);
#6278=PLANE('',#9683);
#6279=PLANE('',#9684);
#6280=PLANE('',#9685);
#6281=PLANE('',#9686);
#6282=PLANE('',#9687);
#6283=PLANE('',#9688);
#6284=PLANE('',#9690);
#6285=PLANE('',#9691);
#6286=PLANE('',#9692);
#6287=PLANE('',#9693);
#6288=PLANE('',#9694);
#6289=PLANE('',#9695);
#6290=PLANE('',#9702);
#6291=PLANE('',#9703);
#6292=PLANE('',#9704);
#6293=PLANE('',#9705);
#6294=PLANE('',#9706);
#6295=PLANE('',#9707);
#6296=PLANE('',#9708);
#6297=PLANE('',#9713);
#6298=PLANE('',#9728);
#6299=PLANE('',#9730);
#6300=PLANE('',#9732);
#6301=PLANE('',#9734);
#6302=PLANE('',#9736);
#6303=PLANE('',#9737);
#6304=PLANE('',#9738);
#6305=PLANE('',#9739);
#6306=PLANE('',#9740);
#6307=PLANE('',#9741);
#6308=PLANE('',#9742);
#6309=PLANE('',#9743);
#6310=PLANE('',#9745);
#6311=PLANE('',#9746);
#6312=PLANE('',#9747);
#6313=PLANE('',#9748);
#6314=PLANE('',#9749);
#6315=PLANE('',#9750);
#6316=PLANE('',#9751);
#6317=PLANE('',#9752);
#6318=PLANE('',#9753);
#6319=PLANE('',#9754);
#6320=PLANE('',#9755);
#6321=PLANE('',#9756);
#6322=PLANE('',#9757);
#6323=PLANE('',#9758);
#6324=PLANE('',#9761);
#6325=PLANE('',#9762);
#6326=PLANE('',#9763);
#6327=PLANE('',#9764);
#6328=PLANE('',#9765);
#6329=PLANE('',#9769);
#6330=PLANE('',#9770);
#6331=PLANE('',#9771);
#6332=PLANE('',#9775);
#6333=PLANE('',#9776);
#6334=PLANE('',#9777);
#6335=PLANE('',#9781);
#6336=PLANE('',#9782);
#6337=PLANE('',#9783);
#6338=PLANE('',#9789);
#6339=PLANE('',#9793);
#6340=PLANE('',#9797);
#6341=PLANE('',#9801);
#6342=PLANE('',#9807);
#6343=PLANE('',#9812);
#6344=PLANE('',#9817);
#6345=PLANE('',#9818);
#6346=PLANE('',#9819);
#6347=PLANE('',#9820);
#6348=PLANE('',#9821);
#6349=PLANE('',#9822);
#6350=PLANE('',#9826);
#6351=PLANE('',#9831);
#6352=PLANE('',#9832);
#6353=PLANE('',#9833);
#6354=PLANE('',#9836);
#6355=PLANE('',#9839);
#6356=PLANE('',#9844);
#6357=PLANE('',#9845);
#6358=PLANE('',#9846);
#6359=PLANE('',#9847);
#6360=PLANE('',#9848);
#6361=PLANE('',#9849);
#6362=PLANE('',#9850);
#6363=PLANE('',#9851);
#6364=PLANE('',#9852);
#6365=PLANE('',#9853);
#6366=PLANE('',#9862);
#6367=PLANE('',#9869);
#6368=PLANE('',#9876);
#6369=PLANE('',#9879);
#6370=PLANE('',#9884);
#6371=PLANE('',#9889);
#6372=PLANE('',#9890);
#6373=PLANE('',#9895);
#6374=PLANE('',#9900);
#6375=PLANE('',#9901);
#6376=PLANE('',#9902);
#6377=PLANE('',#9907);
#6378=PLANE('',#9908);
#6379=PLANE('',#9909);
#6380=PLANE('',#9910);
#6381=PLANE('',#9911);
#6382=PLANE('',#9912);
#6383=PLANE('',#9913);
#6384=PLANE('',#9929);
#6385=PLANE('',#9930);
#6386=PLANE('',#9931);
#6387=PLANE('',#9936);
#6388=PLANE('',#9937);
#6389=PLANE('',#9938);
#6390=PLANE('',#9939);
#6391=PLANE('',#9945);
#6392=PLANE('',#9946);
#6393=PLANE('',#9949);
#6394=PLANE('',#9952);
#6395=PLANE('',#9963);
#6396=PLANE('',#9964);
#6397=PLANE('',#9965);
#6398=PLANE('',#9975);
#6399=PLANE('',#9976);
#6400=PLANE('',#9978);
#6401=PLANE('',#9979);
#6402=PLANE('',#9983);
#6403=PLANE('',#9987);
#6404=PLANE('',#9992);
#6405=PLANE('',#9996);
#6406=PLANE('',#10002);
#6407=PLANE('',#10005);
#6408=PLANE('',#10007);
#6409=PLANE('',#10012);
#6410=PLANE('',#10016);
#6411=PLANE('',#10022);
#6412=PLANE('',#10025);
#6413=PLANE('',#10027);
#6414=PLANE('',#10030);
#6415=PLANE('',#10031);
#6416=PLANE('',#10032);
#6417=PLANE('',#10033);
#6418=PLANE('',#10034);
#6419=PLANE('',#10035);
#6420=PLANE('',#10036);
#6421=PLANE('',#10038);
#6422=PLANE('',#10040);
#6423=PLANE('',#10043);
#6424=PLANE('',#10046);
#6425=PLANE('',#10047);
#6426=PLANE('',#10048);
#6427=PLANE('',#10049);
#6428=PLANE('',#10050);
#6429=PLANE('',#10051);
#6430=PLANE('',#10052);
#6431=PLANE('',#10053);
#6432=PLANE('',#10054);
#6433=PLANE('',#10055);
#6434=PLANE('',#10056);
#6435=PLANE('',#10057);
#6436=PLANE('',#10058);
#6437=PLANE('',#10059);
#6438=PLANE('',#10060);
#6439=PLANE('',#10068);
#6440=PLANE('',#10075);
#6441=PLANE('',#10076);
#6442=PLANE('',#10092);
#6443=PLANE('',#10093);
#6444=PLANE('',#10094);
#6445=PLANE('',#10095);
#6446=PLANE('',#10096);
#6447=PLANE('',#10097);
#6448=PLANE('',#10098);
#6449=PLANE('',#10099);
#6450=PLANE('',#10100);
#6451=PLANE('',#10101);
#6452=PLANE('',#10102);
#6453=PLANE('',#10103);
#6454=PLANE('',#10104);
#6455=PLANE('',#10105);
#6456=PLANE('',#10106);
#6457=PLANE('',#10107);
#6458=PLANE('',#10108);
#6459=PLANE('',#10109);
#6460=PLANE('',#10110);
#6461=PLANE('',#10111);
#6462=PLANE('',#10112);
#6463=PLANE('',#10113);
#6464=PLANE('',#10114);
#6465=PLANE('',#10115);
#6466=PLANE('',#10116);
#6467=PLANE('',#10117);
#6468=PLANE('',#10118);
#6469=PLANE('',#10119);
#6470=PLANE('',#10120);
#6471=PLANE('',#10121);
#6472=PLANE('',#10122);
#6473=PLANE('',#10123);
#6474=PLANE('',#10124);
#6475=PLANE('',#10125);
#6476=PLANE('',#10126);
#6477=PLANE('',#10127);
#6478=PLANE('',#10128);
#6479=PLANE('',#10129);
#6480=PLANE('',#10132);
#6481=PLANE('',#10135);
#6482=PLANE('',#10136);
#6483=PLANE('',#10137);
#6484=PLANE('',#10140);
#6485=PLANE('',#10143);
#6486=PLANE('',#10146);
#6487=PLANE('',#10147);
#6488=PLANE('',#10148);
#6489=PLANE('',#10151);
#6490=PLANE('',#10152);
#6491=PLANE('',#10155);
#6492=PLANE('',#10156);
#6493=PLANE('',#10157);
#6494=PLANE('',#10160);
#6495=PLANE('',#10161);
#6496=PLANE('',#10162);
#6497=PLANE('',#10163);
#6498=PLANE('',#10164);
#6499=PLANE('',#10167);
#6500=PLANE('',#10168);
#6501=PLANE('',#10169);
#6502=PLANE('',#10172);
#6503=PLANE('',#10173);
#6504=PLANE('',#10176);
#6505=PLANE('',#10177);
#6506=PLANE('',#10180);
#6507=PLANE('',#10183);
#6508=PLANE('',#10184);
#6509=PLANE('',#10185);
#6510=PLANE('',#10186);
#6511=PLANE('',#10187);
#6512=PLANE('',#10188);
#6513=PLANE('',#10191);
#6514=PLANE('',#10194);
#6515=PLANE('',#10196);
#6516=PLANE('',#10197);
#6517=PLANE('',#10198);
#6518=PLANE('',#10199);
#6519=PLANE('',#10205);
#6520=PLANE('',#10206);
#6521=PLANE('',#10211);
#6522=PLANE('',#10212);
#6523=PLANE('',#10213);
#6524=PLANE('',#10215);
#6525=PLANE('',#10221);
#6526=PLANE('',#10223);
#6527=PLANE('',#10227);
#6528=PLANE('',#10228);
#6529=PLANE('',#10230);
#6530=PLANE('',#10231);
#6531=PLANE('',#10236);
#6532=PLANE('',#10237);
#6533=PLANE('',#10238);
#6534=PLANE('',#10239);
#6535=PLANE('',#10242);
#6536=PLANE('',#10247);
#6537=PLANE('',#10250);
#6538=PLANE('',#10258);
#6539=PLANE('',#10259);
#6540=PLANE('',#10260);
#6541=PLANE('',#10263);
#6542=PLANE('',#10264);
#6543=PLANE('',#10265);
#6544=PLANE('',#10266);
#6545=PLANE('',#10267);
#6546=PLANE('',#10268);
#6547=PLANE('',#10269);
#6548=PLANE('',#10270);
#6549=PLANE('',#10271);
#6550=PLANE('',#10272);
#6551=PLANE('',#10273);
#6552=PLANE('',#10274);
#6553=STYLED_ITEM('',(#6941),#9276);
#6554=STYLED_ITEM('',(#6942),#9277);
#6555=STYLED_ITEM('',(#6943),#9278);
#6556=STYLED_ITEM('',(#6944),#9279);
#6557=STYLED_ITEM('',(#6945),#9280);
#6558=STYLED_ITEM('',(#6946),#9281);
#6559=STYLED_ITEM('',(#6947),#9282);
#6560=STYLED_ITEM('',(#6948),#9283);
#6561=STYLED_ITEM('',(#6949),#9284);
#6562=STYLED_ITEM('',(#6950),#9285);
#6563=STYLED_ITEM('',(#6951),#9286);
#6564=STYLED_ITEM('',(#6952),#9287);
#6565=STYLED_ITEM('',(#6953),#9288);
#6566=STYLED_ITEM('',(#6954),#9289);
#6567=STYLED_ITEM('',(#6955),#9290);
#6568=STYLED_ITEM('',(#6956),#9291);
#6569=STYLED_ITEM('',(#6957),#9292);
#6570=STYLED_ITEM('',(#6958),#9293);
#6571=STYLED_ITEM('',(#6959),#9294);
#6572=STYLED_ITEM('',(#6960),#9295);
#6573=STYLED_ITEM('',(#6961),#9296);
#6574=STYLED_ITEM('',(#6962),#9297);
#6575=STYLED_ITEM('',(#6963),#9298);
#6576=STYLED_ITEM('',(#6964),#9299);
#6577=STYLED_ITEM('',(#6965),#9300);
#6578=STYLED_ITEM('',(#6966),#9301);
#6579=STYLED_ITEM('',(#6967),#9302);
#6580=STYLED_ITEM('',(#6968),#9303);
#6581=STYLED_ITEM('',(#6969),#9304);
#6582=STYLED_ITEM('',(#6970),#9305);
#6583=STYLED_ITEM('',(#6971),#9306);
#6584=STYLED_ITEM('',(#6972),#9307);
#6585=STYLED_ITEM('',(#6973),#9308);
#6586=STYLED_ITEM('',(#6974),#9309);
#6587=STYLED_ITEM('',(#6975),#9310);
#6588=STYLED_ITEM('',(#6976),#9311);
#6589=STYLED_ITEM('',(#6977),#9312);
#6590=STYLED_ITEM('',(#6978),#9313);
#6591=STYLED_ITEM('',(#6979),#9314);
#6592=STYLED_ITEM('',(#6980),#9315);
#6593=STYLED_ITEM('',(#6981),#9316);
#6594=STYLED_ITEM('',(#6982),#9317);
#6595=STYLED_ITEM('',(#6983),#9318);
#6596=STYLED_ITEM('',(#6984),#9319);
#6597=STYLED_ITEM('',(#6985),#9320);
#6598=STYLED_ITEM('',(#6986),#9321);
#6599=STYLED_ITEM('',(#6987),#9322);
#6600=STYLED_ITEM('',(#6988),#9323);
#6601=STYLED_ITEM('',(#6989),#9324);
#6602=STYLED_ITEM('',(#6990),#9325);
#6603=STYLED_ITEM('',(#6991),#9326);
#6604=STYLED_ITEM('',(#6992),#9327);
#6605=STYLED_ITEM('',(#6993),#9328);
#6606=STYLED_ITEM('',(#6994),#9329);
#6607=STYLED_ITEM('',(#6995),#9330);
#6608=STYLED_ITEM('',(#6996),#9331);
#6609=STYLED_ITEM('',(#6997),#9332);
#6610=STYLED_ITEM('',(#6998),#9333);
#6611=STYLED_ITEM('',(#6999),#9334);
#6612=STYLED_ITEM('',(#7000),#9335);
#6613=STYLED_ITEM('',(#7001),#9336);
#6614=STYLED_ITEM('',(#7002),#9337);
#6615=STYLED_ITEM('',(#7003),#9338);
#6616=STYLED_ITEM('',(#7004),#9339);
#6617=STYLED_ITEM('',(#7005),#9340);
#6618=STYLED_ITEM('',(#7006),#9341);
#6619=STYLED_ITEM('',(#7007),#9342);
#6620=STYLED_ITEM('',(#7008),#9343);
#6621=STYLED_ITEM('',(#7009),#9344);
#6622=STYLED_ITEM('',(#7010),#9345);
#6623=STYLED_ITEM('',(#7011),#9346);
#6624=STYLED_ITEM('',(#7012),#9347);
#6625=STYLED_ITEM('',(#7013),#9348);
#6626=STYLED_ITEM('',(#7014),#9349);
#6627=STYLED_ITEM('',(#7015),#9350);
#6628=STYLED_ITEM('',(#7016),#9351);
#6629=STYLED_ITEM('',(#7017),#9352);
#6630=STYLED_ITEM('',(#7018),#9353);
#6631=STYLED_ITEM('',(#7019),#9354);
#6632=STYLED_ITEM('',(#7020),#9355);
#6633=STYLED_ITEM('',(#7021),#9356);
#6634=STYLED_ITEM('',(#7022),#9357);
#6635=STYLED_ITEM('',(#7023),#9358);
#6636=STYLED_ITEM('',(#7024),#9359);
#6637=STYLED_ITEM('',(#7025),#9360);
#6638=STYLED_ITEM('',(#7026),#9361);
#6639=STYLED_ITEM('',(#7027),#9362);
#6640=STYLED_ITEM('',(#7028),#9363);
#6641=STYLED_ITEM('',(#7029),#9364);
#6642=STYLED_ITEM('',(#7030),#9365);
#6643=STYLED_ITEM('',(#7031),#9366);
#6644=STYLED_ITEM('',(#7032),#9367);
#6645=STYLED_ITEM('',(#7033),#9368);
#6646=STYLED_ITEM('',(#7034),#9369);
#6647=STYLED_ITEM('',(#7035),#9370);
#6648=STYLED_ITEM('',(#7036),#9371);
#6649=STYLED_ITEM('',(#7037),#9372);
#6650=STYLED_ITEM('',(#7038),#9373);
#6651=STYLED_ITEM('',(#7039),#9374);
#6652=STYLED_ITEM('',(#7040),#9375);
#6653=STYLED_ITEM('',(#7041),#9376);
#6654=STYLED_ITEM('',(#7042),#9377);
#6655=STYLED_ITEM('',(#7043),#9378);
#6656=STYLED_ITEM('',(#7044),#9379);
#6657=STYLED_ITEM('',(#7045),#9380);
#6658=STYLED_ITEM('',(#7046),#9381);
#6659=STYLED_ITEM('',(#7047),#9382);
#6660=STYLED_ITEM('',(#7048),#9383);
#6661=STYLED_ITEM('',(#7049),#9384);
#6662=STYLED_ITEM('',(#7050),#9385);
#6663=STYLED_ITEM('',(#7051),#9386);
#6664=STYLED_ITEM('',(#7052),#9387);
#6665=STYLED_ITEM('',(#7053),#9388);
#6666=STYLED_ITEM('',(#7054),#9389);
#6667=STYLED_ITEM('',(#7055),#9390);
#6668=STYLED_ITEM('',(#7056),#9391);
#6669=STYLED_ITEM('',(#7057),#9392);
#6670=STYLED_ITEM('',(#7058),#9393);
#6671=STYLED_ITEM('',(#7059),#9394);
#6672=STYLED_ITEM('',(#7060),#9395);
#6673=STYLED_ITEM('',(#7061),#9396);
#6674=STYLED_ITEM('',(#7062),#9397);
#6675=STYLED_ITEM('',(#7063),#9398);
#6676=STYLED_ITEM('',(#7064),#9399);
#6677=STYLED_ITEM('',(#7065),#9400);
#6678=STYLED_ITEM('',(#7066),#9401);
#6679=STYLED_ITEM('',(#7067),#9402);
#6680=STYLED_ITEM('',(#7068),#9403);
#6681=STYLED_ITEM('',(#7069),#9404);
#6682=STYLED_ITEM('',(#7070),#9405);
#6683=STYLED_ITEM('',(#7071),#9406);
#6684=STYLED_ITEM('',(#7072),#9407);
#6685=STYLED_ITEM('',(#7073),#9408);
#6686=STYLED_ITEM('',(#7074),#9409);
#6687=STYLED_ITEM('',(#7075),#9410);
#6688=STYLED_ITEM('',(#7076),#9411);
#6689=STYLED_ITEM('',(#7077),#9412);
#6690=STYLED_ITEM('',(#7078),#9413);
#6691=STYLED_ITEM('',(#7079),#9414);
#6692=STYLED_ITEM('',(#7080),#9415);
#6693=STYLED_ITEM('',(#7081),#9416);
#6694=STYLED_ITEM('',(#7082),#9417);
#6695=STYLED_ITEM('',(#7083),#9418);
#6696=STYLED_ITEM('',(#7084),#9419);
#6697=STYLED_ITEM('',(#7085),#9420);
#6698=STYLED_ITEM('',(#7086),#9421);
#6699=STYLED_ITEM('',(#7087),#9422);
#6700=STYLED_ITEM('',(#7088),#9423);
#6701=STYLED_ITEM('',(#7089),#9424);
#6702=STYLED_ITEM('',(#7090),#9425);
#6703=STYLED_ITEM('',(#7091),#9426);
#6704=STYLED_ITEM('',(#7092),#9427);
#6705=STYLED_ITEM('',(#7093),#9428);
#6706=STYLED_ITEM('',(#7094),#9429);
#6707=STYLED_ITEM('',(#7095),#9430);
#6708=STYLED_ITEM('',(#7096),#9431);
#6709=STYLED_ITEM('',(#7097),#9432);
#6710=STYLED_ITEM('',(#7098),#9433);
#6711=STYLED_ITEM('',(#7099),#9434);
#6712=STYLED_ITEM('',(#7100),#9435);
#6713=STYLED_ITEM('',(#7101),#9436);
#6714=STYLED_ITEM('',(#7102),#9437);
#6715=STYLED_ITEM('',(#7103),#9438);
#6716=STYLED_ITEM('',(#7104),#9439);
#6717=STYLED_ITEM('',(#7105),#9440);
#6718=STYLED_ITEM('',(#7106),#9441);
#6719=STYLED_ITEM('',(#7107),#9442);
#6720=STYLED_ITEM('',(#7108),#9443);
#6721=STYLED_ITEM('',(#7109),#9444);
#6722=STYLED_ITEM('',(#7110),#9445);
#6723=STYLED_ITEM('',(#7111),#9446);
#6724=STYLED_ITEM('',(#7112),#9447);
#6725=STYLED_ITEM('',(#7113),#9448);
#6726=STYLED_ITEM('',(#7114),#9449);
#6727=STYLED_ITEM('',(#7115),#9450);
#6728=STYLED_ITEM('',(#7116),#9451);
#6729=STYLED_ITEM('',(#7117),#9452);
#6730=STYLED_ITEM('',(#7118),#9453);
#6731=STYLED_ITEM('',(#7119),#9454);
#6732=STYLED_ITEM('',(#7120),#9455);
#6733=STYLED_ITEM('',(#7121),#9456);
#6734=STYLED_ITEM('',(#7122),#9457);
#6735=STYLED_ITEM('',(#7123),#9458);
#6736=STYLED_ITEM('',(#7124),#9459);
#6737=STYLED_ITEM('',(#7125),#9460);
#6738=STYLED_ITEM('',(#7126),#9461);
#6739=STYLED_ITEM('',(#7127),#9462);
#6740=STYLED_ITEM('',(#7128),#9463);
#6741=STYLED_ITEM('',(#7129),#9464);
#6742=STYLED_ITEM('',(#7130),#9465);
#6743=STYLED_ITEM('',(#7131),#9466);
#6744=STYLED_ITEM('',(#7132),#9467);
#6745=STYLED_ITEM('',(#7133),#9468);
#6746=STYLED_ITEM('',(#7134),#9469);
#6747=STYLED_ITEM('',(#7135),#9470);
#6748=STYLED_ITEM('',(#7136),#9471);
#6749=STYLED_ITEM('',(#7137),#9472);
#6750=STYLED_ITEM('',(#7138),#9473);
#6751=STYLED_ITEM('',(#7139),#9474);
#6752=STYLED_ITEM('',(#7140),#9475);
#6753=STYLED_ITEM('',(#7141),#9476);
#6754=STYLED_ITEM('',(#7142),#9477);
#6755=STYLED_ITEM('',(#7143),#9478);
#6756=STYLED_ITEM('',(#7144),#9479);
#6757=STYLED_ITEM('',(#7145),#9480);
#6758=STYLED_ITEM('',(#7146),#9481);
#6759=STYLED_ITEM('',(#7147),#9482);
#6760=STYLED_ITEM('',(#7148),#9483);
#6761=STYLED_ITEM('',(#7149),#9484);
#6762=STYLED_ITEM('',(#7150),#9485);
#6763=STYLED_ITEM('',(#7151),#9486);
#6764=STYLED_ITEM('',(#7152),#9487);
#6765=STYLED_ITEM('',(#7153),#9488);
#6766=STYLED_ITEM('',(#7154),#9489);
#6767=STYLED_ITEM('',(#7155),#9490);
#6768=STYLED_ITEM('',(#7156),#9491);
#6769=STYLED_ITEM('',(#7157),#9492);
#6770=STYLED_ITEM('',(#7158),#9493);
#6771=STYLED_ITEM('',(#7159),#9494);
#6772=STYLED_ITEM('',(#7160),#9495);
#6773=STYLED_ITEM('',(#7161),#9496);
#6774=STYLED_ITEM('',(#7162),#9497);
#6775=STYLED_ITEM('',(#7163),#9498);
#6776=STYLED_ITEM('',(#7164),#9499);
#6777=STYLED_ITEM('',(#7165),#9500);
#6778=STYLED_ITEM('',(#7166),#9501);
#6779=STYLED_ITEM('',(#7167),#9502);
#6780=STYLED_ITEM('',(#7168),#9503);
#6781=STYLED_ITEM('',(#7169),#9504);
#6782=STYLED_ITEM('',(#7170),#9505);
#6783=STYLED_ITEM('',(#7171),#9506);
#6784=STYLED_ITEM('',(#7172),#9507);
#6785=STYLED_ITEM('',(#7173),#9508);
#6786=STYLED_ITEM('',(#7174),#9509);
#6787=STYLED_ITEM('',(#7175),#9510);
#6788=STYLED_ITEM('',(#7176),#9511);
#6789=STYLED_ITEM('',(#7177),#9512);
#6790=STYLED_ITEM('',(#7178),#9513);
#6791=STYLED_ITEM('',(#7179),#9514);
#6792=STYLED_ITEM('',(#7180),#9515);
#6793=STYLED_ITEM('',(#7181),#9516);
#6794=STYLED_ITEM('',(#7182),#9517);
#6795=STYLED_ITEM('',(#7183),#9518);
#6796=STYLED_ITEM('',(#7184),#9519);
#6797=STYLED_ITEM('',(#7185),#9520);
#6798=STYLED_ITEM('',(#7186),#9521);
#6799=STYLED_ITEM('',(#7187),#9522);
#6800=STYLED_ITEM('',(#7188),#9523);
#6801=STYLED_ITEM('',(#7189),#9524);
#6802=STYLED_ITEM('',(#7190),#9525);
#6803=STYLED_ITEM('',(#7191),#9526);
#6804=STYLED_ITEM('',(#7192),#9527);
#6805=STYLED_ITEM('',(#7193),#9528);
#6806=STYLED_ITEM('',(#7194),#9529);
#6807=STYLED_ITEM('',(#7195),#9530);
#6808=STYLED_ITEM('',(#7196),#9531);
#6809=STYLED_ITEM('',(#7197),#9532);
#6810=STYLED_ITEM('',(#7198),#9533);
#6811=STYLED_ITEM('',(#7199),#9534);
#6812=STYLED_ITEM('',(#7200),#9535);
#6813=STYLED_ITEM('',(#7201),#9536);
#6814=STYLED_ITEM('',(#7202),#9537);
#6815=STYLED_ITEM('',(#7203),#9538);
#6816=STYLED_ITEM('',(#7204),#9539);
#6817=STYLED_ITEM('',(#7205),#9540);
#6818=STYLED_ITEM('',(#7206),#9541);
#6819=STYLED_ITEM('',(#7207),#9542);
#6820=STYLED_ITEM('',(#7208),#9543);
#6821=STYLED_ITEM('',(#7209),#9544);
#6822=STYLED_ITEM('',(#7210),#9545);
#6823=STYLED_ITEM('',(#7211),#9546);
#6824=STYLED_ITEM('',(#7212),#9547);
#6825=STYLED_ITEM('',(#7213),#9548);
#6826=STYLED_ITEM('',(#7214),#9549);
#6827=STYLED_ITEM('',(#7215),#9550);
#6828=STYLED_ITEM('',(#7216),#9551);
#6829=STYLED_ITEM('',(#7217),#9552);
#6830=STYLED_ITEM('',(#7218),#9553);
#6831=STYLED_ITEM('',(#7219),#9554);
#6832=STYLED_ITEM('',(#7220),#9555);
#6833=STYLED_ITEM('',(#7221),#9556);
#6834=STYLED_ITEM('',(#7222),#9557);
#6835=STYLED_ITEM('',(#7223),#9558);
#6836=STYLED_ITEM('',(#7224),#9559);
#6837=STYLED_ITEM('',(#7225),#9560);
#6838=STYLED_ITEM('',(#7226),#9561);
#6839=STYLED_ITEM('',(#7227),#9562);
#6840=STYLED_ITEM('',(#7228),#9563);
#6841=STYLED_ITEM('',(#7229),#9564);
#6842=STYLED_ITEM('',(#7230),#9565);
#6843=STYLED_ITEM('',(#7231),#9566);
#6844=STYLED_ITEM('',(#7232),#9567);
#6845=STYLED_ITEM('',(#7233),#9568);
#6846=STYLED_ITEM('',(#7234),#9569);
#6847=STYLED_ITEM('',(#7235),#9570);
#6848=STYLED_ITEM('',(#7236),#9571);
#6849=STYLED_ITEM('',(#7237),#9572);
#6850=STYLED_ITEM('',(#7238),#9573);
#6851=STYLED_ITEM('',(#7239),#9574);
#6852=STYLED_ITEM('',(#7240),#9575);
#6853=STYLED_ITEM('',(#7241),#9576);
#6854=STYLED_ITEM('',(#7242),#9577);
#6855=STYLED_ITEM('',(#7243),#9578);
#6856=STYLED_ITEM('',(#7244),#9579);
#6857=STYLED_ITEM('',(#7245),#9580);
#6858=STYLED_ITEM('',(#7246),#9581);
#6859=STYLED_ITEM('',(#7247),#9582);
#6860=STYLED_ITEM('',(#7248),#9583);
#6861=STYLED_ITEM('',(#7249),#9584);
#6862=STYLED_ITEM('',(#7250),#9585);
#6863=STYLED_ITEM('',(#7251),#9586);
#6864=STYLED_ITEM('',(#7252),#9587);
#6865=STYLED_ITEM('',(#7253),#9588);
#6866=STYLED_ITEM('',(#7254),#9589);
#6867=STYLED_ITEM('',(#7255),#9590);
#6868=STYLED_ITEM('',(#7256),#9591);
#6869=STYLED_ITEM('',(#7257),#9592);
#6870=STYLED_ITEM('',(#7258),#9593);
#6871=STYLED_ITEM('',(#7259),#9594);
#6872=STYLED_ITEM('',(#7260),#9595);
#6873=STYLED_ITEM('',(#7261),#9596);
#6874=STYLED_ITEM('',(#7262),#9597);
#6875=STYLED_ITEM('',(#7263),#9598);
#6876=STYLED_ITEM('',(#7264),#9599);
#6877=STYLED_ITEM('',(#7265),#9600);
#6878=STYLED_ITEM('',(#7266),#9601);
#6879=STYLED_ITEM('',(#7267),#9602);
#6880=STYLED_ITEM('',(#7268),#9603);
#6881=STYLED_ITEM('',(#7269),#9604);
#6882=STYLED_ITEM('',(#7270),#9605);
#6883=STYLED_ITEM('',(#7271),#9606);
#6884=STYLED_ITEM('',(#7272),#9607);
#6885=STYLED_ITEM('',(#7273),#9608);
#6886=STYLED_ITEM('',(#7274),#9609);
#6887=STYLED_ITEM('',(#7275),#9610);
#6888=STYLED_ITEM('',(#7276),#9611);
#6889=STYLED_ITEM('',(#7277),#9612);
#6890=STYLED_ITEM('',(#7278),#9613);
#6891=STYLED_ITEM('',(#7279),#9614);
#6892=STYLED_ITEM('',(#7280),#9615);
#6893=STYLED_ITEM('',(#7281),#9616);
#6894=STYLED_ITEM('',(#7282),#9617);
#6895=STYLED_ITEM('',(#7283),#9618);
#6896=STYLED_ITEM('',(#7284),#9619);
#6897=STYLED_ITEM('',(#7285),#9620);
#6898=STYLED_ITEM('',(#7286),#9621);
#6899=STYLED_ITEM('',(#7287),#9622);
#6900=STYLED_ITEM('',(#7288),#9623);
#6901=STYLED_ITEM('',(#7289),#9624);
#6902=STYLED_ITEM('',(#7290),#9625);
#6903=STYLED_ITEM('',(#7291),#9626);
#6904=STYLED_ITEM('',(#7292),#9627);
#6905=STYLED_ITEM('',(#7293),#9628);
#6906=STYLED_ITEM('',(#7294),#9629);
#6907=STYLED_ITEM('',(#7295),#9630);
#6908=STYLED_ITEM('',(#7296),#9631);
#6909=STYLED_ITEM('',(#7297),#9632);
#6910=STYLED_ITEM('',(#7298),#9633);
#6911=STYLED_ITEM('',(#7299),#9634);
#6912=STYLED_ITEM('',(#7300),#9635);
#6913=STYLED_ITEM('',(#7301),#9636);
#6914=STYLED_ITEM('',(#7302),#9637);
#6915=STYLED_ITEM('',(#7303),#9638);
#6916=STYLED_ITEM('',(#7304),#9639);
#6917=STYLED_ITEM('',(#7305),#9640);
#6918=STYLED_ITEM('',(#7306),#9641);
#6919=STYLED_ITEM('',(#7307),#9642);
#6920=STYLED_ITEM('',(#7308),#9643);
#6921=STYLED_ITEM('',(#7309),#9644);
#6922=STYLED_ITEM('',(#7310),#9645);
#6923=STYLED_ITEM('',(#7311),#9646);
#6924=STYLED_ITEM('',(#7312),#9647);
#6925=STYLED_ITEM('',(#7313),#9648);
#6926=STYLED_ITEM('',(#7314),#9649);
#6927=STYLED_ITEM('',(#7315),#9650);
#6928=STYLED_ITEM('',(#7316),#9651);
#6929=STYLED_ITEM('',(#7317),#9652);
#6930=STYLED_ITEM('',(#7318),#9653);
#6931=STYLED_ITEM('',(#7319),#9654);
#6932=STYLED_ITEM('',(#7320),#9655);
#6933=STYLED_ITEM('',(#7321),#9656);
#6934=STYLED_ITEM('',(#7322),#9657);
#6935=STYLED_ITEM('',(#7323),#9658);
#6936=STYLED_ITEM('',(#7324),#9659);
#6937=STYLED_ITEM('',(#7325),#9660);
#6938=STYLED_ITEM('',(#7326),#9661);
#6939=STYLED_ITEM('',(#7327),#9662);
#6940=STYLED_ITEM('',(#7328),#9663);
#6941=PRESENTATION_STYLE_ASSIGNMENT((#7329));
#6942=PRESENTATION_STYLE_ASSIGNMENT((#7330));
#6943=PRESENTATION_STYLE_ASSIGNMENT((#7331));
#6944=PRESENTATION_STYLE_ASSIGNMENT((#7332));
#6945=PRESENTATION_STYLE_ASSIGNMENT((#7333));
#6946=PRESENTATION_STYLE_ASSIGNMENT((#7334));
#6947=PRESENTATION_STYLE_ASSIGNMENT((#7335));
#6948=PRESENTATION_STYLE_ASSIGNMENT((#7336));
#6949=PRESENTATION_STYLE_ASSIGNMENT((#7337));
#6950=PRESENTATION_STYLE_ASSIGNMENT((#7338));
#6951=PRESENTATION_STYLE_ASSIGNMENT((#7339));
#6952=PRESENTATION_STYLE_ASSIGNMENT((#7340));
#6953=PRESENTATION_STYLE_ASSIGNMENT((#7341));
#6954=PRESENTATION_STYLE_ASSIGNMENT((#7342));
#6955=PRESENTATION_STYLE_ASSIGNMENT((#7343));
#6956=PRESENTATION_STYLE_ASSIGNMENT((#7344));
#6957=PRESENTATION_STYLE_ASSIGNMENT((#7345));
#6958=PRESENTATION_STYLE_ASSIGNMENT((#7346));
#6959=PRESENTATION_STYLE_ASSIGNMENT((#7347));
#6960=PRESENTATION_STYLE_ASSIGNMENT((#7348));
#6961=PRESENTATION_STYLE_ASSIGNMENT((#7349));
#6962=PRESENTATION_STYLE_ASSIGNMENT((#7350));
#6963=PRESENTATION_STYLE_ASSIGNMENT((#7351));
#6964=PRESENTATION_STYLE_ASSIGNMENT((#7352));
#6965=PRESENTATION_STYLE_ASSIGNMENT((#7353));
#6966=PRESENTATION_STYLE_ASSIGNMENT((#7354));
#6967=PRESENTATION_STYLE_ASSIGNMENT((#7355));
#6968=PRESENTATION_STYLE_ASSIGNMENT((#7356));
#6969=PRESENTATION_STYLE_ASSIGNMENT((#7357));
#6970=PRESENTATION_STYLE_ASSIGNMENT((#7358));
#6971=PRESENTATION_STYLE_ASSIGNMENT((#7359));
#6972=PRESENTATION_STYLE_ASSIGNMENT((#7360));
#6973=PRESENTATION_STYLE_ASSIGNMENT((#7361));
#6974=PRESENTATION_STYLE_ASSIGNMENT((#7362));
#6975=PRESENTATION_STYLE_ASSIGNMENT((#7363));
#6976=PRESENTATION_STYLE_ASSIGNMENT((#7364));
#6977=PRESENTATION_STYLE_ASSIGNMENT((#7365));
#6978=PRESENTATION_STYLE_ASSIGNMENT((#7366));
#6979=PRESENTATION_STYLE_ASSIGNMENT((#7367));
#6980=PRESENTATION_STYLE_ASSIGNMENT((#7368));
#6981=PRESENTATION_STYLE_ASSIGNMENT((#7369));
#6982=PRESENTATION_STYLE_ASSIGNMENT((#7370));
#6983=PRESENTATION_STYLE_ASSIGNMENT((#7371));
#6984=PRESENTATION_STYLE_ASSIGNMENT((#7372));
#6985=PRESENTATION_STYLE_ASSIGNMENT((#7373));
#6986=PRESENTATION_STYLE_ASSIGNMENT((#7374));
#6987=PRESENTATION_STYLE_ASSIGNMENT((#7375));
#6988=PRESENTATION_STYLE_ASSIGNMENT((#7376));
#6989=PRESENTATION_STYLE_ASSIGNMENT((#7377));
#6990=PRESENTATION_STYLE_ASSIGNMENT((#7378));
#6991=PRESENTATION_STYLE_ASSIGNMENT((#7379));
#6992=PRESENTATION_STYLE_ASSIGNMENT((#7380));
#6993=PRESENTATION_STYLE_ASSIGNMENT((#7381));
#6994=PRESENTATION_STYLE_ASSIGNMENT((#7382));
#6995=PRESENTATION_STYLE_ASSIGNMENT((#7383));
#6996=PRESENTATION_STYLE_ASSIGNMENT((#7384));
#6997=PRESENTATION_STYLE_ASSIGNMENT((#7385));
#6998=PRESENTATION_STYLE_ASSIGNMENT((#7386));
#6999=PRESENTATION_STYLE_ASSIGNMENT((#7387));
#7000=PRESENTATION_STYLE_ASSIGNMENT((#7388));
#7001=PRESENTATION_STYLE_ASSIGNMENT((#7389));
#7002=PRESENTATION_STYLE_ASSIGNMENT((#7390));
#7003=PRESENTATION_STYLE_ASSIGNMENT((#7391));
#7004=PRESENTATION_STYLE_ASSIGNMENT((#7392));
#7005=PRESENTATION_STYLE_ASSIGNMENT((#7393));
#7006=PRESENTATION_STYLE_ASSIGNMENT((#7394));
#7007=PRESENTATION_STYLE_ASSIGNMENT((#7395));
#7008=PRESENTATION_STYLE_ASSIGNMENT((#7396));
#7009=PRESENTATION_STYLE_ASSIGNMENT((#7397));
#7010=PRESENTATION_STYLE_ASSIGNMENT((#7398));
#7011=PRESENTATION_STYLE_ASSIGNMENT((#7399));
#7012=PRESENTATION_STYLE_ASSIGNMENT((#7400));
#7013=PRESENTATION_STYLE_ASSIGNMENT((#7401));
#7014=PRESENTATION_STYLE_ASSIGNMENT((#7402));
#7015=PRESENTATION_STYLE_ASSIGNMENT((#7403));
#7016=PRESENTATION_STYLE_ASSIGNMENT((#7404));
#7017=PRESENTATION_STYLE_ASSIGNMENT((#7405));
#7018=PRESENTATION_STYLE_ASSIGNMENT((#7406));
#7019=PRESENTATION_STYLE_ASSIGNMENT((#7407));
#7020=PRESENTATION_STYLE_ASSIGNMENT((#7408));
#7021=PRESENTATION_STYLE_ASSIGNMENT((#7409));
#7022=PRESENTATION_STYLE_ASSIGNMENT((#7410));
#7023=PRESENTATION_STYLE_ASSIGNMENT((#7411));
#7024=PRESENTATION_STYLE_ASSIGNMENT((#7412));
#7025=PRESENTATION_STYLE_ASSIGNMENT((#7413));
#7026=PRESENTATION_STYLE_ASSIGNMENT((#7414));
#7027=PRESENTATION_STYLE_ASSIGNMENT((#7415));
#7028=PRESENTATION_STYLE_ASSIGNMENT((#7416));
#7029=PRESENTATION_STYLE_ASSIGNMENT((#7417));
#7030=PRESENTATION_STYLE_ASSIGNMENT((#7418));
#7031=PRESENTATION_STYLE_ASSIGNMENT((#7419));
#7032=PRESENTATION_STYLE_ASSIGNMENT((#7420));
#7033=PRESENTATION_STYLE_ASSIGNMENT((#7421));
#7034=PRESENTATION_STYLE_ASSIGNMENT((#7422));
#7035=PRESENTATION_STYLE_ASSIGNMENT((#7423));
#7036=PRESENTATION_STYLE_ASSIGNMENT((#7424));
#7037=PRESENTATION_STYLE_ASSIGNMENT((#7425));
#7038=PRESENTATION_STYLE_ASSIGNMENT((#7426));
#7039=PRESENTATION_STYLE_ASSIGNMENT((#7427));
#7040=PRESENTATION_STYLE_ASSIGNMENT((#7428));
#7041=PRESENTATION_STYLE_ASSIGNMENT((#7429));
#7042=PRESENTATION_STYLE_ASSIGNMENT((#7430));
#7043=PRESENTATION_STYLE_ASSIGNMENT((#7431));
#7044=PRESENTATION_STYLE_ASSIGNMENT((#7432));
#7045=PRESENTATION_STYLE_ASSIGNMENT((#7433));
#7046=PRESENTATION_STYLE_ASSIGNMENT((#7434));
#7047=PRESENTATION_STYLE_ASSIGNMENT((#7435));
#7048=PRESENTATION_STYLE_ASSIGNMENT((#7436));
#7049=PRESENTATION_STYLE_ASSIGNMENT((#7437));
#7050=PRESENTATION_STYLE_ASSIGNMENT((#7438));
#7051=PRESENTATION_STYLE_ASSIGNMENT((#7439));
#7052=PRESENTATION_STYLE_ASSIGNMENT((#7440));
#7053=PRESENTATION_STYLE_ASSIGNMENT((#7441));
#7054=PRESENTATION_STYLE_ASSIGNMENT((#7442));
#7055=PRESENTATION_STYLE_ASSIGNMENT((#7443));
#7056=PRESENTATION_STYLE_ASSIGNMENT((#7444));
#7057=PRESENTATION_STYLE_ASSIGNMENT((#7445));
#7058=PRESENTATION_STYLE_ASSIGNMENT((#7446));
#7059=PRESENTATION_STYLE_ASSIGNMENT((#7447));
#7060=PRESENTATION_STYLE_ASSIGNMENT((#7448));
#7061=PRESENTATION_STYLE_ASSIGNMENT((#7449));
#7062=PRESENTATION_STYLE_ASSIGNMENT((#7450));
#7063=PRESENTATION_STYLE_ASSIGNMENT((#7451));
#7064=PRESENTATION_STYLE_ASSIGNMENT((#7452));
#7065=PRESENTATION_STYLE_ASSIGNMENT((#7453));
#7066=PRESENTATION_STYLE_ASSIGNMENT((#7454));
#7067=PRESENTATION_STYLE_ASSIGNMENT((#7455));
#7068=PRESENTATION_STYLE_ASSIGNMENT((#7456));
#7069=PRESENTATION_STYLE_ASSIGNMENT((#7457));
#7070=PRESENTATION_STYLE_ASSIGNMENT((#7458));
#7071=PRESENTATION_STYLE_ASSIGNMENT((#7459));
#7072=PRESENTATION_STYLE_ASSIGNMENT((#7460));
#7073=PRESENTATION_STYLE_ASSIGNMENT((#7461));
#7074=PRESENTATION_STYLE_ASSIGNMENT((#7462));
#7075=PRESENTATION_STYLE_ASSIGNMENT((#7463));
#7076=PRESENTATION_STYLE_ASSIGNMENT((#7464));
#7077=PRESENTATION_STYLE_ASSIGNMENT((#7465));
#7078=PRESENTATION_STYLE_ASSIGNMENT((#7466));
#7079=PRESENTATION_STYLE_ASSIGNMENT((#7467));
#7080=PRESENTATION_STYLE_ASSIGNMENT((#7468));
#7081=PRESENTATION_STYLE_ASSIGNMENT((#7469));
#7082=PRESENTATION_STYLE_ASSIGNMENT((#7470));
#7083=PRESENTATION_STYLE_ASSIGNMENT((#7471));
#7084=PRESENTATION_STYLE_ASSIGNMENT((#7472));
#7085=PRESENTATION_STYLE_ASSIGNMENT((#7473));
#7086=PRESENTATION_STYLE_ASSIGNMENT((#7474));
#7087=PRESENTATION_STYLE_ASSIGNMENT((#7475));
#7088=PRESENTATION_STYLE_ASSIGNMENT((#7476));
#7089=PRESENTATION_STYLE_ASSIGNMENT((#7477));
#7090=PRESENTATION_STYLE_ASSIGNMENT((#7478));
#7091=PRESENTATION_STYLE_ASSIGNMENT((#7479));
#7092=PRESENTATION_STYLE_ASSIGNMENT((#7480));
#7093=PRESENTATION_STYLE_ASSIGNMENT((#7481));
#7094=PRESENTATION_STYLE_ASSIGNMENT((#7482));
#7095=PRESENTATION_STYLE_ASSIGNMENT((#7483));
#7096=PRESENTATION_STYLE_ASSIGNMENT((#7484));
#7097=PRESENTATION_STYLE_ASSIGNMENT((#7485));
#7098=PRESENTATION_STYLE_ASSIGNMENT((#7486));
#7099=PRESENTATION_STYLE_ASSIGNMENT((#7487));
#7100=PRESENTATION_STYLE_ASSIGNMENT((#7488));
#7101=PRESENTATION_STYLE_ASSIGNMENT((#7489));
#7102=PRESENTATION_STYLE_ASSIGNMENT((#7490));
#7103=PRESENTATION_STYLE_ASSIGNMENT((#7491));
#7104=PRESENTATION_STYLE_ASSIGNMENT((#7492));
#7105=PRESENTATION_STYLE_ASSIGNMENT((#7493));
#7106=PRESENTATION_STYLE_ASSIGNMENT((#7494));
#7107=PRESENTATION_STYLE_ASSIGNMENT((#7495));
#7108=PRESENTATION_STYLE_ASSIGNMENT((#7496));
#7109=PRESENTATION_STYLE_ASSIGNMENT((#7497));
#7110=PRESENTATION_STYLE_ASSIGNMENT((#7498));
#7111=PRESENTATION_STYLE_ASSIGNMENT((#7499));
#7112=PRESENTATION_STYLE_ASSIGNMENT((#7500));
#7113=PRESENTATION_STYLE_ASSIGNMENT((#7501));
#7114=PRESENTATION_STYLE_ASSIGNMENT((#7502));
#7115=PRESENTATION_STYLE_ASSIGNMENT((#7503));
#7116=PRESENTATION_STYLE_ASSIGNMENT((#7504));
#7117=PRESENTATION_STYLE_ASSIGNMENT((#7505));
#7118=PRESENTATION_STYLE_ASSIGNMENT((#7506));
#7119=PRESENTATION_STYLE_ASSIGNMENT((#7507));
#7120=PRESENTATION_STYLE_ASSIGNMENT((#7508));
#7121=PRESENTATION_STYLE_ASSIGNMENT((#7509));
#7122=PRESENTATION_STYLE_ASSIGNMENT((#7510));
#7123=PRESENTATION_STYLE_ASSIGNMENT((#7511));
#7124=PRESENTATION_STYLE_ASSIGNMENT((#7512));
#7125=PRESENTATION_STYLE_ASSIGNMENT((#7513));
#7126=PRESENTATION_STYLE_ASSIGNMENT((#7514));
#7127=PRESENTATION_STYLE_ASSIGNMENT((#7515));
#7128=PRESENTATION_STYLE_ASSIGNMENT((#7516));
#7129=PRESENTATION_STYLE_ASSIGNMENT((#7517));
#7130=PRESENTATION_STYLE_ASSIGNMENT((#7518));
#7131=PRESENTATION_STYLE_ASSIGNMENT((#7519));
#7132=PRESENTATION_STYLE_ASSIGNMENT((#7520));
#7133=PRESENTATION_STYLE_ASSIGNMENT((#7521));
#7134=PRESENTATION_STYLE_ASSIGNMENT((#7522));
#7135=PRESENTATION_STYLE_ASSIGNMENT((#7523));
#7136=PRESENTATION_STYLE_ASSIGNMENT((#7524));
#7137=PRESENTATION_STYLE_ASSIGNMENT((#7525));
#7138=PRESENTATION_STYLE_ASSIGNMENT((#7526));
#7139=PRESENTATION_STYLE_ASSIGNMENT((#7527));
#7140=PRESENTATION_STYLE_ASSIGNMENT((#7528));
#7141=PRESENTATION_STYLE_ASSIGNMENT((#7529));
#7142=PRESENTATION_STYLE_ASSIGNMENT((#7530));
#7143=PRESENTATION_STYLE_ASSIGNMENT((#7531));
#7144=PRESENTATION_STYLE_ASSIGNMENT((#7532));
#7145=PRESENTATION_STYLE_ASSIGNMENT((#7533));
#7146=PRESENTATION_STYLE_ASSIGNMENT((#7534));
#7147=PRESENTATION_STYLE_ASSIGNMENT((#7535));
#7148=PRESENTATION_STYLE_ASSIGNMENT((#7536));
#7149=PRESENTATION_STYLE_ASSIGNMENT((#7537));
#7150=PRESENTATION_STYLE_ASSIGNMENT((#7538));
#7151=PRESENTATION_STYLE_ASSIGNMENT((#7539));
#7152=PRESENTATION_STYLE_ASSIGNMENT((#7540));
#7153=PRESENTATION_STYLE_ASSIGNMENT((#7541));
#7154=PRESENTATION_STYLE_ASSIGNMENT((#7542));
#7155=PRESENTATION_STYLE_ASSIGNMENT((#7543));
#7156=PRESENTATION_STYLE_ASSIGNMENT((#7544));
#7157=PRESENTATION_STYLE_ASSIGNMENT((#7545));
#7158=PRESENTATION_STYLE_ASSIGNMENT((#7546));
#7159=PRESENTATION_STYLE_ASSIGNMENT((#7547));
#7160=PRESENTATION_STYLE_ASSIGNMENT((#7548));
#7161=PRESENTATION_STYLE_ASSIGNMENT((#7549));
#7162=PRESENTATION_STYLE_ASSIGNMENT((#7550));
#7163=PRESENTATION_STYLE_ASSIGNMENT((#7551));
#7164=PRESENTATION_STYLE_ASSIGNMENT((#7552));
#7165=PRESENTATION_STYLE_ASSIGNMENT((#7553));
#7166=PRESENTATION_STYLE_ASSIGNMENT((#7554));
#7167=PRESENTATION_STYLE_ASSIGNMENT((#7555));
#7168=PRESENTATION_STYLE_ASSIGNMENT((#7556));
#7169=PRESENTATION_STYLE_ASSIGNMENT((#7557));
#7170=PRESENTATION_STYLE_ASSIGNMENT((#7558));
#7171=PRESENTATION_STYLE_ASSIGNMENT((#7559));
#7172=PRESENTATION_STYLE_ASSIGNMENT((#7560));
#7173=PRESENTATION_STYLE_ASSIGNMENT((#7561));
#7174=PRESENTATION_STYLE_ASSIGNMENT((#7562));
#7175=PRESENTATION_STYLE_ASSIGNMENT((#7563));
#7176=PRESENTATION_STYLE_ASSIGNMENT((#7564));
#7177=PRESENTATION_STYLE_ASSIGNMENT((#7565));
#7178=PRESENTATION_STYLE_ASSIGNMENT((#7566));
#7179=PRESENTATION_STYLE_ASSIGNMENT((#7567));
#7180=PRESENTATION_STYLE_ASSIGNMENT((#7568));
#7181=PRESENTATION_STYLE_ASSIGNMENT((#7569));
#7182=PRESENTATION_STYLE_ASSIGNMENT((#7570));
#7183=PRESENTATION_STYLE_ASSIGNMENT((#7571));
#7184=PRESENTATION_STYLE_ASSIGNMENT((#7572));
#7185=PRESENTATION_STYLE_ASSIGNMENT((#7573));
#7186=PRESENTATION_STYLE_ASSIGNMENT((#7574));
#7187=PRESENTATION_STYLE_ASSIGNMENT((#7575));
#7188=PRESENTATION_STYLE_ASSIGNMENT((#7576));
#7189=PRESENTATION_STYLE_ASSIGNMENT((#7577));
#7190=PRESENTATION_STYLE_ASSIGNMENT((#7578));
#7191=PRESENTATION_STYLE_ASSIGNMENT((#7579));
#7192=PRESENTATION_STYLE_ASSIGNMENT((#7580));
#7193=PRESENTATION_STYLE_ASSIGNMENT((#7581));
#7194=PRESENTATION_STYLE_ASSIGNMENT((#7582));
#7195=PRESENTATION_STYLE_ASSIGNMENT((#7583));
#7196=PRESENTATION_STYLE_ASSIGNMENT((#7584));
#7197=PRESENTATION_STYLE_ASSIGNMENT((#7585));
#7198=PRESENTATION_STYLE_ASSIGNMENT((#7586));
#7199=PRESENTATION_STYLE_ASSIGNMENT((#7587));
#7200=PRESENTATION_STYLE_ASSIGNMENT((#7588));
#7201=PRESENTATION_STYLE_ASSIGNMENT((#7589));
#7202=PRESENTATION_STYLE_ASSIGNMENT((#7590));
#7203=PRESENTATION_STYLE_ASSIGNMENT((#7591));
#7204=PRESENTATION_STYLE_ASSIGNMENT((#7592));
#7205=PRESENTATION_STYLE_ASSIGNMENT((#7593));
#7206=PRESENTATION_STYLE_ASSIGNMENT((#7594));
#7207=PRESENTATION_STYLE_ASSIGNMENT((#7595));
#7208=PRESENTATION_STYLE_ASSIGNMENT((#7596));
#7209=PRESENTATION_STYLE_ASSIGNMENT((#7597));
#7210=PRESENTATION_STYLE_ASSIGNMENT((#7598));
#7211=PRESENTATION_STYLE_ASSIGNMENT((#7599));
#7212=PRESENTATION_STYLE_ASSIGNMENT((#7600));
#7213=PRESENTATION_STYLE_ASSIGNMENT((#7601));
#7214=PRESENTATION_STYLE_ASSIGNMENT((#7602));
#7215=PRESENTATION_STYLE_ASSIGNMENT((#7603));
#7216=PRESENTATION_STYLE_ASSIGNMENT((#7604));
#7217=PRESENTATION_STYLE_ASSIGNMENT((#7605));
#7218=PRESENTATION_STYLE_ASSIGNMENT((#7606));
#7219=PRESENTATION_STYLE_ASSIGNMENT((#7607));
#7220=PRESENTATION_STYLE_ASSIGNMENT((#7608));
#7221=PRESENTATION_STYLE_ASSIGNMENT((#7609));
#7222=PRESENTATION_STYLE_ASSIGNMENT((#7610));
#7223=PRESENTATION_STYLE_ASSIGNMENT((#7611));
#7224=PRESENTATION_STYLE_ASSIGNMENT((#7612));
#7225=PRESENTATION_STYLE_ASSIGNMENT((#7613));
#7226=PRESENTATION_STYLE_ASSIGNMENT((#7614));
#7227=PRESENTATION_STYLE_ASSIGNMENT((#7615));
#7228=PRESENTATION_STYLE_ASSIGNMENT((#7616));
#7229=PRESENTATION_STYLE_ASSIGNMENT((#7617));
#7230=PRESENTATION_STYLE_ASSIGNMENT((#7618));
#7231=PRESENTATION_STYLE_ASSIGNMENT((#7619));
#7232=PRESENTATION_STYLE_ASSIGNMENT((#7620));
#7233=PRESENTATION_STYLE_ASSIGNMENT((#7621));
#7234=PRESENTATION_STYLE_ASSIGNMENT((#7622));
#7235=PRESENTATION_STYLE_ASSIGNMENT((#7623));
#7236=PRESENTATION_STYLE_ASSIGNMENT((#7624));
#7237=PRESENTATION_STYLE_ASSIGNMENT((#7625));
#7238=PRESENTATION_STYLE_ASSIGNMENT((#7626));
#7239=PRESENTATION_STYLE_ASSIGNMENT((#7627));
#7240=PRESENTATION_STYLE_ASSIGNMENT((#7628));
#7241=PRESENTATION_STYLE_ASSIGNMENT((#7629));
#7242=PRESENTATION_STYLE_ASSIGNMENT((#7630));
#7243=PRESENTATION_STYLE_ASSIGNMENT((#7631));
#7244=PRESENTATION_STYLE_ASSIGNMENT((#7632));
#7245=PRESENTATION_STYLE_ASSIGNMENT((#7633));
#7246=PRESENTATION_STYLE_ASSIGNMENT((#7634));
#7247=PRESENTATION_STYLE_ASSIGNMENT((#7635));
#7248=PRESENTATION_STYLE_ASSIGNMENT((#7636));
#7249=PRESENTATION_STYLE_ASSIGNMENT((#7637));
#7250=PRESENTATION_STYLE_ASSIGNMENT((#7638));
#7251=PRESENTATION_STYLE_ASSIGNMENT((#7639));
#7252=PRESENTATION_STYLE_ASSIGNMENT((#7640));
#7253=PRESENTATION_STYLE_ASSIGNMENT((#7641));
#7254=PRESENTATION_STYLE_ASSIGNMENT((#7642));
#7255=PRESENTATION_STYLE_ASSIGNMENT((#7643));
#7256=PRESENTATION_STYLE_ASSIGNMENT((#7644));
#7257=PRESENTATION_STYLE_ASSIGNMENT((#7645));
#7258=PRESENTATION_STYLE_ASSIGNMENT((#7646));
#7259=PRESENTATION_STYLE_ASSIGNMENT((#7647));
#7260=PRESENTATION_STYLE_ASSIGNMENT((#7648));
#7261=PRESENTATION_STYLE_ASSIGNMENT((#7649));
#7262=PRESENTATION_STYLE_ASSIGNMENT((#7650));
#7263=PRESENTATION_STYLE_ASSIGNMENT((#7651));
#7264=PRESENTATION_STYLE_ASSIGNMENT((#7652));
#7265=PRESENTATION_STYLE_ASSIGNMENT((#7653));
#7266=PRESENTATION_STYLE_ASSIGNMENT((#7654));
#7267=PRESENTATION_STYLE_ASSIGNMENT((#7655));
#7268=PRESENTATION_STYLE_ASSIGNMENT((#7656));
#7269=PRESENTATION_STYLE_ASSIGNMENT((#7657));
#7270=PRESENTATION_STYLE_ASSIGNMENT((#7658));
#7271=PRESENTATION_STYLE_ASSIGNMENT((#7659));
#7272=PRESENTATION_STYLE_ASSIGNMENT((#7660));
#7273=PRESENTATION_STYLE_ASSIGNMENT((#7661));
#7274=PRESENTATION_STYLE_ASSIGNMENT((#7662));
#7275=PRESENTATION_STYLE_ASSIGNMENT((#7663));
#7276=PRESENTATION_STYLE_ASSIGNMENT((#7664));
#7277=PRESENTATION_STYLE_ASSIGNMENT((#7665));
#7278=PRESENTATION_STYLE_ASSIGNMENT((#7666));
#7279=PRESENTATION_STYLE_ASSIGNMENT((#7667));
#7280=PRESENTATION_STYLE_ASSIGNMENT((#7668));
#7281=PRESENTATION_STYLE_ASSIGNMENT((#7669));
#7282=PRESENTATION_STYLE_ASSIGNMENT((#7670));
#7283=PRESENTATION_STYLE_ASSIGNMENT((#7671));
#7284=PRESENTATION_STYLE_ASSIGNMENT((#7672));
#7285=PRESENTATION_STYLE_ASSIGNMENT((#7673));
#7286=PRESENTATION_STYLE_ASSIGNMENT((#7674));
#7287=PRESENTATION_STYLE_ASSIGNMENT((#7675));
#7288=PRESENTATION_STYLE_ASSIGNMENT((#7676));
#7289=PRESENTATION_STYLE_ASSIGNMENT((#7677));
#7290=PRESENTATION_STYLE_ASSIGNMENT((#7678));
#7291=PRESENTATION_STYLE_ASSIGNMENT((#7679));
#7292=PRESENTATION_STYLE_ASSIGNMENT((#7680));
#7293=PRESENTATION_STYLE_ASSIGNMENT((#7681));
#7294=PRESENTATION_STYLE_ASSIGNMENT((#7682));
#7295=PRESENTATION_STYLE_ASSIGNMENT((#7683));
#7296=PRESENTATION_STYLE_ASSIGNMENT((#7684));
#7297=PRESENTATION_STYLE_ASSIGNMENT((#7685));
#7298=PRESENTATION_STYLE_ASSIGNMENT((#7686));
#7299=PRESENTATION_STYLE_ASSIGNMENT((#7687));
#7300=PRESENTATION_STYLE_ASSIGNMENT((#7688));
#7301=PRESENTATION_STYLE_ASSIGNMENT((#7689));
#7302=PRESENTATION_STYLE_ASSIGNMENT((#7690));
#7303=PRESENTATION_STYLE_ASSIGNMENT((#7691));
#7304=PRESENTATION_STYLE_ASSIGNMENT((#7692));
#7305=PRESENTATION_STYLE_ASSIGNMENT((#7693));
#7306=PRESENTATION_STYLE_ASSIGNMENT((#7694));
#7307=PRESENTATION_STYLE_ASSIGNMENT((#7695));
#7308=PRESENTATION_STYLE_ASSIGNMENT((#7696));
#7309=PRESENTATION_STYLE_ASSIGNMENT((#7697));
#7310=PRESENTATION_STYLE_ASSIGNMENT((#7698));
#7311=PRESENTATION_STYLE_ASSIGNMENT((#7699));
#7312=PRESENTATION_STYLE_ASSIGNMENT((#7700));
#7313=PRESENTATION_STYLE_ASSIGNMENT((#7701));
#7314=PRESENTATION_STYLE_ASSIGNMENT((#7702));
#7315=PRESENTATION_STYLE_ASSIGNMENT((#7703));
#7316=PRESENTATION_STYLE_ASSIGNMENT((#7704));
#7317=PRESENTATION_STYLE_ASSIGNMENT((#7705));
#7318=PRESENTATION_STYLE_ASSIGNMENT((#7706));
#7319=PRESENTATION_STYLE_ASSIGNMENT((#7707));
#7320=PRESENTATION_STYLE_ASSIGNMENT((#7708));
#7321=PRESENTATION_STYLE_ASSIGNMENT((#7709));
#7322=PRESENTATION_STYLE_ASSIGNMENT((#7710));
#7323=PRESENTATION_STYLE_ASSIGNMENT((#7711));
#7324=PRESENTATION_STYLE_ASSIGNMENT((#7712));
#7325=PRESENTATION_STYLE_ASSIGNMENT((#7713));
#7326=PRESENTATION_STYLE_ASSIGNMENT((#7714));
#7327=PRESENTATION_STYLE_ASSIGNMENT((#7715));
#7328=PRESENTATION_STYLE_ASSIGNMENT((#7716));
#7329=SURFACE_STYLE_USAGE(.BOTH.,#7717);
#7330=SURFACE_STYLE_USAGE(.BOTH.,#7718);
#7331=SURFACE_STYLE_USAGE(.BOTH.,#7719);
#7332=SURFACE_STYLE_USAGE(.BOTH.,#7720);
#7333=SURFACE_STYLE_USAGE(.BOTH.,#7721);
#7334=SURFACE_STYLE_USAGE(.BOTH.,#7722);
#7335=SURFACE_STYLE_USAGE(.BOTH.,#7723);
#7336=SURFACE_STYLE_USAGE(.BOTH.,#7724);
#7337=SURFACE_STYLE_USAGE(.BOTH.,#7725);
#7338=SURFACE_STYLE_USAGE(.BOTH.,#7726);
#7339=SURFACE_STYLE_USAGE(.BOTH.,#7727);
#7340=SURFACE_STYLE_USAGE(.BOTH.,#7728);
#7341=SURFACE_STYLE_USAGE(.BOTH.,#7729);
#7342=SURFACE_STYLE_USAGE(.BOTH.,#7730);
#7343=SURFACE_STYLE_USAGE(.BOTH.,#7731);
#7344=SURFACE_STYLE_USAGE(.BOTH.,#7732);
#7345=SURFACE_STYLE_USAGE(.BOTH.,#7733);
#7346=SURFACE_STYLE_USAGE(.BOTH.,#7734);
#7347=SURFACE_STYLE_USAGE(.BOTH.,#7735);
#7348=SURFACE_STYLE_USAGE(.BOTH.,#7736);
#7349=SURFACE_STYLE_USAGE(.BOTH.,#7737);
#7350=SURFACE_STYLE_USAGE(.BOTH.,#7738);
#7351=SURFACE_STYLE_USAGE(.BOTH.,#7739);
#7352=SURFACE_STYLE_USAGE(.BOTH.,#7740);
#7353=SURFACE_STYLE_USAGE(.BOTH.,#7741);
#7354=SURFACE_STYLE_USAGE(.BOTH.,#7742);
#7355=SURFACE_STYLE_USAGE(.BOTH.,#7743);
#7356=SURFACE_STYLE_USAGE(.BOTH.,#7744);
#7357=SURFACE_STYLE_USAGE(.BOTH.,#7745);
#7358=SURFACE_STYLE_USAGE(.BOTH.,#7746);
#7359=SURFACE_STYLE_USAGE(.BOTH.,#7747);
#7360=SURFACE_STYLE_USAGE(.BOTH.,#7748);
#7361=SURFACE_STYLE_USAGE(.BOTH.,#7749);
#7362=SURFACE_STYLE_USAGE(.BOTH.,#7750);
#7363=SURFACE_STYLE_USAGE(.BOTH.,#7751);
#7364=SURFACE_STYLE_USAGE(.BOTH.,#7752);
#7365=SURFACE_STYLE_USAGE(.BOTH.,#7753);
#7366=SURFACE_STYLE_USAGE(.BOTH.,#7754);
#7367=SURFACE_STYLE_USAGE(.BOTH.,#7755);
#7368=SURFACE_STYLE_USAGE(.BOTH.,#7756);
#7369=SURFACE_STYLE_USAGE(.BOTH.,#7757);
#7370=SURFACE_STYLE_USAGE(.BOTH.,#7758);
#7371=SURFACE_STYLE_USAGE(.BOTH.,#7759);
#7372=SURFACE_STYLE_USAGE(.BOTH.,#7760);
#7373=SURFACE_STYLE_USAGE(.BOTH.,#7761);
#7374=SURFACE_STYLE_USAGE(.BOTH.,#7762);
#7375=SURFACE_STYLE_USAGE(.BOTH.,#7763);
#7376=SURFACE_STYLE_USAGE(.BOTH.,#7764);
#7377=SURFACE_STYLE_USAGE(.BOTH.,#7765);
#7378=SURFACE_STYLE_USAGE(.BOTH.,#7766);
#7379=SURFACE_STYLE_USAGE(.BOTH.,#7767);
#7380=SURFACE_STYLE_USAGE(.BOTH.,#7768);
#7381=SURFACE_STYLE_USAGE(.BOTH.,#7769);
#7382=SURFACE_STYLE_USAGE(.BOTH.,#7770);
#7383=SURFACE_STYLE_USAGE(.BOTH.,#7771);
#7384=SURFACE_STYLE_USAGE(.BOTH.,#7772);
#7385=SURFACE_STYLE_USAGE(.BOTH.,#7773);
#7386=SURFACE_STYLE_USAGE(.BOTH.,#7774);
#7387=SURFACE_STYLE_USAGE(.BOTH.,#7775);
#7388=SURFACE_STYLE_USAGE(.BOTH.,#7776);
#7389=SURFACE_STYLE_USAGE(.BOTH.,#7777);
#7390=SURFACE_STYLE_USAGE(.BOTH.,#7778);
#7391=SURFACE_STYLE_USAGE(.BOTH.,#7779);
#7392=SURFACE_STYLE_USAGE(.BOTH.,#7780);
#7393=SURFACE_STYLE_USAGE(.BOTH.,#7781);
#7394=SURFACE_STYLE_USAGE(.BOTH.,#7782);
#7395=SURFACE_STYLE_USAGE(.BOTH.,#7783);
#7396=SURFACE_STYLE_USAGE(.BOTH.,#7784);
#7397=SURFACE_STYLE_USAGE(.BOTH.,#7785);
#7398=SURFACE_STYLE_USAGE(.BOTH.,#7786);
#7399=SURFACE_STYLE_USAGE(.BOTH.,#7787);
#7400=SURFACE_STYLE_USAGE(.BOTH.,#7788);
#7401=SURFACE_STYLE_USAGE(.BOTH.,#7789);
#7402=SURFACE_STYLE_USAGE(.BOTH.,#7790);
#7403=SURFACE_STYLE_USAGE(.BOTH.,#7791);
#7404=SURFACE_STYLE_USAGE(.BOTH.,#7792);
#7405=SURFACE_STYLE_USAGE(.BOTH.,#7793);
#7406=SURFACE_STYLE_USAGE(.BOTH.,#7794);
#7407=SURFACE_STYLE_USAGE(.BOTH.,#7795);
#7408=SURFACE_STYLE_USAGE(.BOTH.,#7796);
#7409=SURFACE_STYLE_USAGE(.BOTH.,#7797);
#7410=SURFACE_STYLE_USAGE(.BOTH.,#7798);
#7411=SURFACE_STYLE_USAGE(.BOTH.,#7799);
#7412=SURFACE_STYLE_USAGE(.BOTH.,#7800);
#7413=SURFACE_STYLE_USAGE(.BOTH.,#7801);
#7414=SURFACE_STYLE_USAGE(.BOTH.,#7802);
#7415=SURFACE_STYLE_USAGE(.BOTH.,#7803);
#7416=SURFACE_STYLE_USAGE(.BOTH.,#7804);
#7417=SURFACE_STYLE_USAGE(.BOTH.,#7805);
#7418=SURFACE_STYLE_USAGE(.BOTH.,#7806);
#7419=SURFACE_STYLE_USAGE(.BOTH.,#7807);
#7420=SURFACE_STYLE_USAGE(.BOTH.,#7808);
#7421=SURFACE_STYLE_USAGE(.BOTH.,#7809);
#7422=SURFACE_STYLE_USAGE(.BOTH.,#7810);
#7423=SURFACE_STYLE_USAGE(.BOTH.,#7811);
#7424=SURFACE_STYLE_USAGE(.BOTH.,#7812);
#7425=SURFACE_STYLE_USAGE(.BOTH.,#7813);
#7426=SURFACE_STYLE_USAGE(.BOTH.,#7814);
#7427=SURFACE_STYLE_USAGE(.BOTH.,#7815);
#7428=SURFACE_STYLE_USAGE(.BOTH.,#7816);
#7429=SURFACE_STYLE_USAGE(.BOTH.,#7817);
#7430=SURFACE_STYLE_USAGE(.BOTH.,#7818);
#7431=SURFACE_STYLE_USAGE(.BOTH.,#7819);
#7432=SURFACE_STYLE_USAGE(.BOTH.,#7820);
#7433=SURFACE_STYLE_USAGE(.BOTH.,#7821);
#7434=SURFACE_STYLE_USAGE(.BOTH.,#7822);
#7435=SURFACE_STYLE_USAGE(.BOTH.,#7823);
#7436=SURFACE_STYLE_USAGE(.BOTH.,#7824);
#7437=SURFACE_STYLE_USAGE(.BOTH.,#7825);
#7438=SURFACE_STYLE_USAGE(.BOTH.,#7826);
#7439=SURFACE_STYLE_USAGE(.BOTH.,#7827);
#7440=SURFACE_STYLE_USAGE(.BOTH.,#7828);
#7441=SURFACE_STYLE_USAGE(.BOTH.,#7829);
#7442=SURFACE_STYLE_USAGE(.BOTH.,#7830);
#7443=SURFACE_STYLE_USAGE(.BOTH.,#7831);
#7444=SURFACE_STYLE_USAGE(.BOTH.,#7832);
#7445=SURFACE_STYLE_USAGE(.BOTH.,#7833);
#7446=SURFACE_STYLE_USAGE(.BOTH.,#7834);
#7447=SURFACE_STYLE_USAGE(.BOTH.,#7835);
#7448=SURFACE_STYLE_USAGE(.BOTH.,#7836);
#7449=SURFACE_STYLE_USAGE(.BOTH.,#7837);
#7450=SURFACE_STYLE_USAGE(.BOTH.,#7838);
#7451=SURFACE_STYLE_USAGE(.BOTH.,#7839);
#7452=SURFACE_STYLE_USAGE(.BOTH.,#7840);
#7453=SURFACE_STYLE_USAGE(.BOTH.,#7841);
#7454=SURFACE_STYLE_USAGE(.BOTH.,#7842);
#7455=SURFACE_STYLE_USAGE(.BOTH.,#7843);
#7456=SURFACE_STYLE_USAGE(.BOTH.,#7844);
#7457=SURFACE_STYLE_USAGE(.BOTH.,#7845);
#7458=SURFACE_STYLE_USAGE(.BOTH.,#7846);
#7459=SURFACE_STYLE_USAGE(.BOTH.,#7847);
#7460=SURFACE_STYLE_USAGE(.BOTH.,#7848);
#7461=SURFACE_STYLE_USAGE(.BOTH.,#7849);
#7462=SURFACE_STYLE_USAGE(.BOTH.,#7850);
#7463=SURFACE_STYLE_USAGE(.BOTH.,#7851);
#7464=SURFACE_STYLE_USAGE(.BOTH.,#7852);
#7465=SURFACE_STYLE_USAGE(.BOTH.,#7853);
#7466=SURFACE_STYLE_USAGE(.BOTH.,#7854);
#7467=SURFACE_STYLE_USAGE(.BOTH.,#7855);
#7468=SURFACE_STYLE_USAGE(.BOTH.,#7856);
#7469=SURFACE_STYLE_USAGE(.BOTH.,#7857);
#7470=SURFACE_STYLE_USAGE(.BOTH.,#7858);
#7471=SURFACE_STYLE_USAGE(.BOTH.,#7859);
#7472=SURFACE_STYLE_USAGE(.BOTH.,#7860);
#7473=SURFACE_STYLE_USAGE(.BOTH.,#7861);
#7474=SURFACE_STYLE_USAGE(.BOTH.,#7862);
#7475=SURFACE_STYLE_USAGE(.BOTH.,#7863);
#7476=SURFACE_STYLE_USAGE(.BOTH.,#7864);
#7477=SURFACE_STYLE_USAGE(.BOTH.,#7865);
#7478=SURFACE_STYLE_USAGE(.BOTH.,#7866);
#7479=SURFACE_STYLE_USAGE(.BOTH.,#7867);
#7480=SURFACE_STYLE_USAGE(.BOTH.,#7868);
#7481=SURFACE_STYLE_USAGE(.BOTH.,#7869);
#7482=SURFACE_STYLE_USAGE(.BOTH.,#7870);
#7483=SURFACE_STYLE_USAGE(.BOTH.,#7871);
#7484=SURFACE_STYLE_USAGE(.BOTH.,#7872);
#7485=SURFACE_STYLE_USAGE(.BOTH.,#7873);
#7486=SURFACE_STYLE_USAGE(.BOTH.,#7874);
#7487=SURFACE_STYLE_USAGE(.BOTH.,#7875);
#7488=SURFACE_STYLE_USAGE(.BOTH.,#7876);
#7489=SURFACE_STYLE_USAGE(.BOTH.,#7877);
#7490=SURFACE_STYLE_USAGE(.BOTH.,#7878);
#7491=SURFACE_STYLE_USAGE(.BOTH.,#7879);
#7492=SURFACE_STYLE_USAGE(.BOTH.,#7880);
#7493=SURFACE_STYLE_USAGE(.BOTH.,#7881);
#7494=SURFACE_STYLE_USAGE(.BOTH.,#7882);
#7495=SURFACE_STYLE_USAGE(.BOTH.,#7883);
#7496=SURFACE_STYLE_USAGE(.BOTH.,#7884);
#7497=SURFACE_STYLE_USAGE(.BOTH.,#7885);
#7498=SURFACE_STYLE_USAGE(.BOTH.,#7886);
#7499=SURFACE_STYLE_USAGE(.BOTH.,#7887);
#7500=SURFACE_STYLE_USAGE(.BOTH.,#7888);
#7501=SURFACE_STYLE_USAGE(.BOTH.,#7889);
#7502=SURFACE_STYLE_USAGE(.BOTH.,#7890);
#7503=SURFACE_STYLE_USAGE(.BOTH.,#7891);
#7504=SURFACE_STYLE_USAGE(.BOTH.,#7892);
#7505=SURFACE_STYLE_USAGE(.BOTH.,#7893);
#7506=SURFACE_STYLE_USAGE(.BOTH.,#7894);
#7507=SURFACE_STYLE_USAGE(.BOTH.,#7895);
#7508=SURFACE_STYLE_USAGE(.BOTH.,#7896);
#7509=SURFACE_STYLE_USAGE(.BOTH.,#7897);
#7510=SURFACE_STYLE_USAGE(.BOTH.,#7898);
#7511=SURFACE_STYLE_USAGE(.BOTH.,#7899);
#7512=SURFACE_STYLE_USAGE(.BOTH.,#7900);
#7513=SURFACE_STYLE_USAGE(.BOTH.,#7901);
#7514=SURFACE_STYLE_USAGE(.BOTH.,#7902);
#7515=SURFACE_STYLE_USAGE(.BOTH.,#7903);
#7516=SURFACE_STYLE_USAGE(.BOTH.,#7904);
#7517=SURFACE_STYLE_USAGE(.BOTH.,#7905);
#7518=SURFACE_STYLE_USAGE(.BOTH.,#7906);
#7519=SURFACE_STYLE_USAGE(.BOTH.,#7907);
#7520=SURFACE_STYLE_USAGE(.BOTH.,#7908);
#7521=SURFACE_STYLE_USAGE(.BOTH.,#7909);
#7522=SURFACE_STYLE_USAGE(.BOTH.,#7910);
#7523=SURFACE_STYLE_USAGE(.BOTH.,#7911);
#7524=SURFACE_STYLE_USAGE(.BOTH.,#7912);
#7525=SURFACE_STYLE_USAGE(.BOTH.,#7913);
#7526=SURFACE_STYLE_USAGE(.BOTH.,#7914);
#7527=SURFACE_STYLE_USAGE(.BOTH.,#7915);
#7528=SURFACE_STYLE_USAGE(.BOTH.,#7916);
#7529=SURFACE_STYLE_USAGE(.BOTH.,#7917);
#7530=SURFACE_STYLE_USAGE(.BOTH.,#7918);
#7531=SURFACE_STYLE_USAGE(.BOTH.,#7919);
#7532=SURFACE_STYLE_USAGE(.BOTH.,#7920);
#7533=SURFACE_STYLE_USAGE(.BOTH.,#7921);
#7534=SURFACE_STYLE_USAGE(.BOTH.,#7922);
#7535=SURFACE_STYLE_USAGE(.BOTH.,#7923);
#7536=SURFACE_STYLE_USAGE(.BOTH.,#7924);
#7537=SURFACE_STYLE_USAGE(.BOTH.,#7925);
#7538=SURFACE_STYLE_USAGE(.BOTH.,#7926);
#7539=SURFACE_STYLE_USAGE(.BOTH.,#7927);
#7540=SURFACE_STYLE_USAGE(.BOTH.,#7928);
#7541=SURFACE_STYLE_USAGE(.BOTH.,#7929);
#7542=SURFACE_STYLE_USAGE(.BOTH.,#7930);
#7543=SURFACE_STYLE_USAGE(.BOTH.,#7931);
#7544=SURFACE_STYLE_USAGE(.BOTH.,#7932);
#7545=SURFACE_STYLE_USAGE(.BOTH.,#7933);
#7546=SURFACE_STYLE_USAGE(.BOTH.,#7934);
#7547=SURFACE_STYLE_USAGE(.BOTH.,#7935);
#7548=SURFACE_STYLE_USAGE(.BOTH.,#7936);
#7549=SURFACE_STYLE_USAGE(.BOTH.,#7937);
#7550=SURFACE_STYLE_USAGE(.BOTH.,#7938);
#7551=SURFACE_STYLE_USAGE(.BOTH.,#7939);
#7552=SURFACE_STYLE_USAGE(.BOTH.,#7940);
#7553=SURFACE_STYLE_USAGE(.BOTH.,#7941);
#7554=SURFACE_STYLE_USAGE(.BOTH.,#7942);
#7555=SURFACE_STYLE_USAGE(.BOTH.,#7943);
#7556=SURFACE_STYLE_USAGE(.BOTH.,#7944);
#7557=SURFACE_STYLE_USAGE(.BOTH.,#7945);
#7558=SURFACE_STYLE_USAGE(.BOTH.,#7946);
#7559=SURFACE_STYLE_USAGE(.BOTH.,#7947);
#7560=SURFACE_STYLE_USAGE(.BOTH.,#7948);
#7561=SURFACE_STYLE_USAGE(.BOTH.,#7949);
#7562=SURFACE_STYLE_USAGE(.BOTH.,#7950);
#7563=SURFACE_STYLE_USAGE(.BOTH.,#7951);
#7564=SURFACE_STYLE_USAGE(.BOTH.,#7952);
#7565=SURFACE_STYLE_USAGE(.BOTH.,#7953);
#7566=SURFACE_STYLE_USAGE(.BOTH.,#7954);
#7567=SURFACE_STYLE_USAGE(.BOTH.,#7955);
#7568=SURFACE_STYLE_USAGE(.BOTH.,#7956);
#7569=SURFACE_STYLE_USAGE(.BOTH.,#7957);
#7570=SURFACE_STYLE_USAGE(.BOTH.,#7958);
#7571=SURFACE_STYLE_USAGE(.BOTH.,#7959);
#7572=SURFACE_STYLE_USAGE(.BOTH.,#7960);
#7573=SURFACE_STYLE_USAGE(.BOTH.,#7961);
#7574=SURFACE_STYLE_USAGE(.BOTH.,#7962);
#7575=SURFACE_STYLE_USAGE(.BOTH.,#7963);
#7576=SURFACE_STYLE_USAGE(.BOTH.,#7964);
#7577=SURFACE_STYLE_USAGE(.BOTH.,#7965);
#7578=SURFACE_STYLE_USAGE(.BOTH.,#7966);
#7579=SURFACE_STYLE_USAGE(.BOTH.,#7967);
#7580=SURFACE_STYLE_USAGE(.BOTH.,#7968);
#7581=SURFACE_STYLE_USAGE(.BOTH.,#7969);
#7582=SURFACE_STYLE_USAGE(.BOTH.,#7970);
#7583=SURFACE_STYLE_USAGE(.BOTH.,#7971);
#7584=SURFACE_STYLE_USAGE(.BOTH.,#7972);
#7585=SURFACE_STYLE_USAGE(.BOTH.,#7973);
#7586=SURFACE_STYLE_USAGE(.BOTH.,#7974);
#7587=SURFACE_STYLE_USAGE(.BOTH.,#7975);
#7588=SURFACE_STYLE_USAGE(.BOTH.,#7976);
#7589=SURFACE_STYLE_USAGE(.BOTH.,#7977);
#7590=SURFACE_STYLE_USAGE(.BOTH.,#7978);
#7591=SURFACE_STYLE_USAGE(.BOTH.,#7979);
#7592=SURFACE_STYLE_USAGE(.BOTH.,#7980);
#7593=SURFACE_STYLE_USAGE(.BOTH.,#7981);
#7594=SURFACE_STYLE_USAGE(.BOTH.,#7982);
#7595=SURFACE_STYLE_USAGE(.BOTH.,#7983);
#7596=SURFACE_STYLE_USAGE(.BOTH.,#7984);
#7597=SURFACE_STYLE_USAGE(.BOTH.,#7985);
#7598=SURFACE_STYLE_USAGE(.BOTH.,#7986);
#7599=SURFACE_STYLE_USAGE(.BOTH.,#7987);
#7600=SURFACE_STYLE_USAGE(.BOTH.,#7988);
#7601=SURFACE_STYLE_USAGE(.BOTH.,#7989);
#7602=SURFACE_STYLE_USAGE(.BOTH.,#7990);
#7603=SURFACE_STYLE_USAGE(.BOTH.,#7991);
#7604=SURFACE_STYLE_USAGE(.BOTH.,#7992);
#7605=SURFACE_STYLE_USAGE(.BOTH.,#7993);
#7606=SURFACE_STYLE_USAGE(.BOTH.,#7994);
#7607=SURFACE_STYLE_USAGE(.BOTH.,#7995);
#7608=SURFACE_STYLE_USAGE(.BOTH.,#7996);
#7609=SURFACE_STYLE_USAGE(.BOTH.,#7997);
#7610=SURFACE_STYLE_USAGE(.BOTH.,#7998);
#7611=SURFACE_STYLE_USAGE(.BOTH.,#7999);
#7612=SURFACE_STYLE_USAGE(.BOTH.,#8000);
#7613=SURFACE_STYLE_USAGE(.BOTH.,#8001);
#7614=SURFACE_STYLE_USAGE(.BOTH.,#8002);
#7615=SURFACE_STYLE_USAGE(.BOTH.,#8003);
#7616=SURFACE_STYLE_USAGE(.BOTH.,#8004);
#7617=SURFACE_STYLE_USAGE(.BOTH.,#8005);
#7618=SURFACE_STYLE_USAGE(.BOTH.,#8006);
#7619=SURFACE_STYLE_USAGE(.BOTH.,#8007);
#7620=SURFACE_STYLE_USAGE(.BOTH.,#8008);
#7621=SURFACE_STYLE_USAGE(.BOTH.,#8009);
#7622=SURFACE_STYLE_USAGE(.BOTH.,#8010);
#7623=SURFACE_STYLE_USAGE(.BOTH.,#8011);
#7624=SURFACE_STYLE_USAGE(.BOTH.,#8012);
#7625=SURFACE_STYLE_USAGE(.BOTH.,#8013);
#7626=SURFACE_STYLE_USAGE(.BOTH.,#8014);
#7627=SURFACE_STYLE_USAGE(.BOTH.,#8015);
#7628=SURFACE_STYLE_USAGE(.BOTH.,#8016);
#7629=SURFACE_STYLE_USAGE(.BOTH.,#8017);
#7630=SURFACE_STYLE_USAGE(.BOTH.,#8018);
#7631=SURFACE_STYLE_USAGE(.BOTH.,#8019);
#7632=SURFACE_STYLE_USAGE(.BOTH.,#8020);
#7633=SURFACE_STYLE_USAGE(.BOTH.,#8021);
#7634=SURFACE_STYLE_USAGE(.BOTH.,#8022);
#7635=SURFACE_STYLE_USAGE(.BOTH.,#8023);
#7636=SURFACE_STYLE_USAGE(.BOTH.,#8024);
#7637=SURFACE_STYLE_USAGE(.BOTH.,#8025);
#7638=SURFACE_STYLE_USAGE(.BOTH.,#8026);
#7639=SURFACE_STYLE_USAGE(.BOTH.,#8027);
#7640=SURFACE_STYLE_USAGE(.BOTH.,#8028);
#7641=SURFACE_STYLE_USAGE(.BOTH.,#8029);
#7642=SURFACE_STYLE_USAGE(.BOTH.,#8030);
#7643=SURFACE_STYLE_USAGE(.BOTH.,#8031);
#7644=SURFACE_STYLE_USAGE(.BOTH.,#8032);
#7645=SURFACE_STYLE_USAGE(.BOTH.,#8033);
#7646=SURFACE_STYLE_USAGE(.BOTH.,#8034);
#7647=SURFACE_STYLE_USAGE(.BOTH.,#8035);
#7648=SURFACE_STYLE_USAGE(.BOTH.,#8036);
#7649=SURFACE_STYLE_USAGE(.BOTH.,#8037);
#7650=SURFACE_STYLE_USAGE(.BOTH.,#8038);
#7651=SURFACE_STYLE_USAGE(.BOTH.,#8039);
#7652=SURFACE_STYLE_USAGE(.BOTH.,#8040);
#7653=SURFACE_STYLE_USAGE(.BOTH.,#8041);
#7654=SURFACE_STYLE_USAGE(.BOTH.,#8042);
#7655=SURFACE_STYLE_USAGE(.BOTH.,#8043);
#7656=SURFACE_STYLE_USAGE(.BOTH.,#8044);
#7657=SURFACE_STYLE_USAGE(.BOTH.,#8045);
#7658=SURFACE_STYLE_USAGE(.BOTH.,#8046);
#7659=SURFACE_STYLE_USAGE(.BOTH.,#8047);
#7660=SURFACE_STYLE_USAGE(.BOTH.,#8048);
#7661=SURFACE_STYLE_USAGE(.BOTH.,#8049);
#7662=SURFACE_STYLE_USAGE(.BOTH.,#8050);
#7663=SURFACE_STYLE_USAGE(.BOTH.,#8051);
#7664=SURFACE_STYLE_USAGE(.BOTH.,#8052);
#7665=SURFACE_STYLE_USAGE(.BOTH.,#8053);
#7666=SURFACE_STYLE_USAGE(.BOTH.,#8054);
#7667=SURFACE_STYLE_USAGE(.BOTH.,#8055);
#7668=SURFACE_STYLE_USAGE(.BOTH.,#8056);
#7669=SURFACE_STYLE_USAGE(.BOTH.,#8057);
#7670=SURFACE_STYLE_USAGE(.BOTH.,#8058);
#7671=SURFACE_STYLE_USAGE(.BOTH.,#8059);
#7672=SURFACE_STYLE_USAGE(.BOTH.,#8060);
#7673=SURFACE_STYLE_USAGE(.BOTH.,#8061);
#7674=SURFACE_STYLE_USAGE(.BOTH.,#8062);
#7675=SURFACE_STYLE_USAGE(.BOTH.,#8063);
#7676=SURFACE_STYLE_USAGE(.BOTH.,#8064);
#7677=SURFACE_STYLE_USAGE(.BOTH.,#8065);
#7678=SURFACE_STYLE_USAGE(.BOTH.,#8066);
#7679=SURFACE_STYLE_USAGE(.BOTH.,#8067);
#7680=SURFACE_STYLE_USAGE(.BOTH.,#8068);
#7681=SURFACE_STYLE_USAGE(.BOTH.,#8069);
#7682=SURFACE_STYLE_USAGE(.BOTH.,#8070);
#7683=SURFACE_STYLE_USAGE(.BOTH.,#8071);
#7684=SURFACE_STYLE_USAGE(.BOTH.,#8072);
#7685=SURFACE_STYLE_USAGE(.BOTH.,#8073);
#7686=SURFACE_STYLE_USAGE(.BOTH.,#8074);
#7687=SURFACE_STYLE_USAGE(.BOTH.,#8075);
#7688=SURFACE_STYLE_USAGE(.BOTH.,#8076);
#7689=SURFACE_STYLE_USAGE(.BOTH.,#8077);
#7690=SURFACE_STYLE_USAGE(.BOTH.,#8078);
#7691=SURFACE_STYLE_USAGE(.BOTH.,#8079);
#7692=SURFACE_STYLE_USAGE(.BOTH.,#8080);
#7693=SURFACE_STYLE_USAGE(.BOTH.,#8081);
#7694=SURFACE_STYLE_USAGE(.BOTH.,#8082);
#7695=SURFACE_STYLE_USAGE(.BOTH.,#8083);
#7696=SURFACE_STYLE_USAGE(.BOTH.,#8084);
#7697=SURFACE_STYLE_USAGE(.BOTH.,#8085);
#7698=SURFACE_STYLE_USAGE(.BOTH.,#8086);
#7699=SURFACE_STYLE_USAGE(.BOTH.,#8087);
#7700=SURFACE_STYLE_USAGE(.BOTH.,#8088);
#7701=SURFACE_STYLE_USAGE(.BOTH.,#8089);
#7702=SURFACE_STYLE_USAGE(.BOTH.,#8090);
#7703=SURFACE_STYLE_USAGE(.BOTH.,#8091);
#7704=SURFACE_STYLE_USAGE(.BOTH.,#8092);
#7705=SURFACE_STYLE_USAGE(.BOTH.,#8093);
#7706=SURFACE_STYLE_USAGE(.BOTH.,#8094);
#7707=SURFACE_STYLE_USAGE(.BOTH.,#8095);
#7708=SURFACE_STYLE_USAGE(.BOTH.,#8096);
#7709=SURFACE_STYLE_USAGE(.BOTH.,#8097);
#7710=SURFACE_STYLE_USAGE(.BOTH.,#8098);
#7711=SURFACE_STYLE_USAGE(.BOTH.,#8099);
#7712=SURFACE_STYLE_USAGE(.BOTH.,#8100);
#7713=SURFACE_STYLE_USAGE(.BOTH.,#8101);
#7714=SURFACE_STYLE_USAGE(.BOTH.,#8102);
#7715=SURFACE_STYLE_USAGE(.BOTH.,#8103);
#7716=SURFACE_STYLE_USAGE(.BOTH.,#8104);
#7717=SURFACE_SIDE_STYLE('',(#8105));
#7718=SURFACE_SIDE_STYLE('',(#8106));
#7719=SURFACE_SIDE_STYLE('',(#8107));
#7720=SURFACE_SIDE_STYLE('',(#8108));
#7721=SURFACE_SIDE_STYLE('',(#8109));
#7722=SURFACE_SIDE_STYLE('',(#8110));
#7723=SURFACE_SIDE_STYLE('',(#8111));
#7724=SURFACE_SIDE_STYLE('',(#8112));
#7725=SURFACE_SIDE_STYLE('',(#8113));
#7726=SURFACE_SIDE_STYLE('',(#8114));
#7727=SURFACE_SIDE_STYLE('',(#8115));
#7728=SURFACE_SIDE_STYLE('',(#8116));
#7729=SURFACE_SIDE_STYLE('',(#8117));
#7730=SURFACE_SIDE_STYLE('',(#8118));
#7731=SURFACE_SIDE_STYLE('',(#8119));
#7732=SURFACE_SIDE_STYLE('',(#8120));
#7733=SURFACE_SIDE_STYLE('',(#8121));
#7734=SURFACE_SIDE_STYLE('',(#8122));
#7735=SURFACE_SIDE_STYLE('',(#8123));
#7736=SURFACE_SIDE_STYLE('',(#8124));
#7737=SURFACE_SIDE_STYLE('',(#8125));
#7738=SURFACE_SIDE_STYLE('',(#8126));
#7739=SURFACE_SIDE_STYLE('',(#8127));
#7740=SURFACE_SIDE_STYLE('',(#8128));
#7741=SURFACE_SIDE_STYLE('',(#8129));
#7742=SURFACE_SIDE_STYLE('',(#8130));
#7743=SURFACE_SIDE_STYLE('',(#8131));
#7744=SURFACE_SIDE_STYLE('',(#8132));
#7745=SURFACE_SIDE_STYLE('',(#8133));
#7746=SURFACE_SIDE_STYLE('',(#8134));
#7747=SURFACE_SIDE_STYLE('',(#8135));
#7748=SURFACE_SIDE_STYLE('',(#8136));
#7749=SURFACE_SIDE_STYLE('',(#8137));
#7750=SURFACE_SIDE_STYLE('',(#8138));
#7751=SURFACE_SIDE_STYLE('',(#8139));
#7752=SURFACE_SIDE_STYLE('',(#8140));
#7753=SURFACE_SIDE_STYLE('',(#8141));
#7754=SURFACE_SIDE_STYLE('',(#8142));
#7755=SURFACE_SIDE_STYLE('',(#8143));
#7756=SURFACE_SIDE_STYLE('',(#8144));
#7757=SURFACE_SIDE_STYLE('',(#8145));
#7758=SURFACE_SIDE_STYLE('',(#8146));
#7759=SURFACE_SIDE_STYLE('',(#8147));
#7760=SURFACE_SIDE_STYLE('',(#8148));
#7761=SURFACE_SIDE_STYLE('',(#8149));
#7762=SURFACE_SIDE_STYLE('',(#8150));
#7763=SURFACE_SIDE_STYLE('',(#8151));
#7764=SURFACE_SIDE_STYLE('',(#8152));
#7765=SURFACE_SIDE_STYLE('',(#8153));
#7766=SURFACE_SIDE_STYLE('',(#8154));
#7767=SURFACE_SIDE_STYLE('',(#8155));
#7768=SURFACE_SIDE_STYLE('',(#8156));
#7769=SURFACE_SIDE_STYLE('',(#8157));
#7770=SURFACE_SIDE_STYLE('',(#8158));
#7771=SURFACE_SIDE_STYLE('',(#8159));
#7772=SURFACE_SIDE_STYLE('',(#8160));
#7773=SURFACE_SIDE_STYLE('',(#8161));
#7774=SURFACE_SIDE_STYLE('',(#8162));
#7775=SURFACE_SIDE_STYLE('',(#8163));
#7776=SURFACE_SIDE_STYLE('',(#8164));
#7777=SURFACE_SIDE_STYLE('',(#8165));
#7778=SURFACE_SIDE_STYLE('',(#8166));
#7779=SURFACE_SIDE_STYLE('',(#8167));
#7780=SURFACE_SIDE_STYLE('',(#8168));
#7781=SURFACE_SIDE_STYLE('',(#8169));
#7782=SURFACE_SIDE_STYLE('',(#8170));
#7783=SURFACE_SIDE_STYLE('',(#8171));
#7784=SURFACE_SIDE_STYLE('',(#8172));
#7785=SURFACE_SIDE_STYLE('',(#8173));
#7786=SURFACE_SIDE_STYLE('',(#8174));
#7787=SURFACE_SIDE_STYLE('',(#8175));
#7788=SURFACE_SIDE_STYLE('',(#8176));
#7789=SURFACE_SIDE_STYLE('',(#8177));
#7790=SURFACE_SIDE_STYLE('',(#8178));
#7791=SURFACE_SIDE_STYLE('',(#8179));
#7792=SURFACE_SIDE_STYLE('',(#8180));
#7793=SURFACE_SIDE_STYLE('',(#8181));
#7794=SURFACE_SIDE_STYLE('',(#8182));
#7795=SURFACE_SIDE_STYLE('',(#8183));
#7796=SURFACE_SIDE_STYLE('',(#8184));
#7797=SURFACE_SIDE_STYLE('',(#8185));
#7798=SURFACE_SIDE_STYLE('',(#8186));
#7799=SURFACE_SIDE_STYLE('',(#8187));
#7800=SURFACE_SIDE_STYLE('',(#8188));
#7801=SURFACE_SIDE_STYLE('',(#8189));
#7802=SURFACE_SIDE_STYLE('',(#8190));
#7803=SURFACE_SIDE_STYLE('',(#8191));
#7804=SURFACE_SIDE_STYLE('',(#8192));
#7805=SURFACE_SIDE_STYLE('',(#8193));
#7806=SURFACE_SIDE_STYLE('',(#8194));
#7807=SURFACE_SIDE_STYLE('',(#8195));
#7808=SURFACE_SIDE_STYLE('',(#8196));
#7809=SURFACE_SIDE_STYLE('',(#8197));
#7810=SURFACE_SIDE_STYLE('',(#8198));
#7811=SURFACE_SIDE_STYLE('',(#8199));
#7812=SURFACE_SIDE_STYLE('',(#8200));
#7813=SURFACE_SIDE_STYLE('',(#8201));
#7814=SURFACE_SIDE_STYLE('',(#8202));
#7815=SURFACE_SIDE_STYLE('',(#8203));
#7816=SURFACE_SIDE_STYLE('',(#8204));
#7817=SURFACE_SIDE_STYLE('',(#8205));
#7818=SURFACE_SIDE_STYLE('',(#8206));
#7819=SURFACE_SIDE_STYLE('',(#8207));
#7820=SURFACE_SIDE_STYLE('',(#8208));
#7821=SURFACE_SIDE_STYLE('',(#8209));
#7822=SURFACE_SIDE_STYLE('',(#8210));
#7823=SURFACE_SIDE_STYLE('',(#8211));
#7824=SURFACE_SIDE_STYLE('',(#8212));
#7825=SURFACE_SIDE_STYLE('',(#8213));
#7826=SURFACE_SIDE_STYLE('',(#8214));
#7827=SURFACE_SIDE_STYLE('',(#8215));
#7828=SURFACE_SIDE_STYLE('',(#8216));
#7829=SURFACE_SIDE_STYLE('',(#8217));
#7830=SURFACE_SIDE_STYLE('',(#8218));
#7831=SURFACE_SIDE_STYLE('',(#8219));
#7832=SURFACE_SIDE_STYLE('',(#8220));
#7833=SURFACE_SIDE_STYLE('',(#8221));
#7834=SURFACE_SIDE_STYLE('',(#8222));
#7835=SURFACE_SIDE_STYLE('',(#8223));
#7836=SURFACE_SIDE_STYLE('',(#8224));
#7837=SURFACE_SIDE_STYLE('',(#8225));
#7838=SURFACE_SIDE_STYLE('',(#8226));
#7839=SURFACE_SIDE_STYLE('',(#8227));
#7840=SURFACE_SIDE_STYLE('',(#8228));
#7841=SURFACE_SIDE_STYLE('',(#8229));
#7842=SURFACE_SIDE_STYLE('',(#8230));
#7843=SURFACE_SIDE_STYLE('',(#8231));
#7844=SURFACE_SIDE_STYLE('',(#8232));
#7845=SURFACE_SIDE_STYLE('',(#8233));
#7846=SURFACE_SIDE_STYLE('',(#8234));
#7847=SURFACE_SIDE_STYLE('',(#8235));
#7848=SURFACE_SIDE_STYLE('',(#8236));
#7849=SURFACE_SIDE_STYLE('',(#8237));
#7850=SURFACE_SIDE_STYLE('',(#8238));
#7851=SURFACE_SIDE_STYLE('',(#8239));
#7852=SURFACE_SIDE_STYLE('',(#8240));
#7853=SURFACE_SIDE_STYLE('',(#8241));
#7854=SURFACE_SIDE_STYLE('',(#8242));
#7855=SURFACE_SIDE_STYLE('',(#8243));
#7856=SURFACE_SIDE_STYLE('',(#8244));
#7857=SURFACE_SIDE_STYLE('',(#8245));
#7858=SURFACE_SIDE_STYLE('',(#8246));
#7859=SURFACE_SIDE_STYLE('',(#8247));
#7860=SURFACE_SIDE_STYLE('',(#8248));
#7861=SURFACE_SIDE_STYLE('',(#8249));
#7862=SURFACE_SIDE_STYLE('',(#8250));
#7863=SURFACE_SIDE_STYLE('',(#8251));
#7864=SURFACE_SIDE_STYLE('',(#8252));
#7865=SURFACE_SIDE_STYLE('',(#8253));
#7866=SURFACE_SIDE_STYLE('',(#8254));
#7867=SURFACE_SIDE_STYLE('',(#8255));
#7868=SURFACE_SIDE_STYLE('',(#8256));
#7869=SURFACE_SIDE_STYLE('',(#8257));
#7870=SURFACE_SIDE_STYLE('',(#8258));
#7871=SURFACE_SIDE_STYLE('',(#8259));
#7872=SURFACE_SIDE_STYLE('',(#8260));
#7873=SURFACE_SIDE_STYLE('',(#8261));
#7874=SURFACE_SIDE_STYLE('',(#8262));
#7875=SURFACE_SIDE_STYLE('',(#8263));
#7876=SURFACE_SIDE_STYLE('',(#8264));
#7877=SURFACE_SIDE_STYLE('',(#8265));
#7878=SURFACE_SIDE_STYLE('',(#8266));
#7879=SURFACE_SIDE_STYLE('',(#8267));
#7880=SURFACE_SIDE_STYLE('',(#8268));
#7881=SURFACE_SIDE_STYLE('',(#8269));
#7882=SURFACE_SIDE_STYLE('',(#8270));
#7883=SURFACE_SIDE_STYLE('',(#8271));
#7884=SURFACE_SIDE_STYLE('',(#8272));
#7885=SURFACE_SIDE_STYLE('',(#8273));
#7886=SURFACE_SIDE_STYLE('',(#8274));
#7887=SURFACE_SIDE_STYLE('',(#8275));
#7888=SURFACE_SIDE_STYLE('',(#8276));
#7889=SURFACE_SIDE_STYLE('',(#8277));
#7890=SURFACE_SIDE_STYLE('',(#8278));
#7891=SURFACE_SIDE_STYLE('',(#8279));
#7892=SURFACE_SIDE_STYLE('',(#8280));
#7893=SURFACE_SIDE_STYLE('',(#8281));
#7894=SURFACE_SIDE_STYLE('',(#8282));
#7895=SURFACE_SIDE_STYLE('',(#8283));
#7896=SURFACE_SIDE_STYLE('',(#8284));
#7897=SURFACE_SIDE_STYLE('',(#8285));
#7898=SURFACE_SIDE_STYLE('',(#8286));
#7899=SURFACE_SIDE_STYLE('',(#8287));
#7900=SURFACE_SIDE_STYLE('',(#8288));
#7901=SURFACE_SIDE_STYLE('',(#8289));
#7902=SURFACE_SIDE_STYLE('',(#8290));
#7903=SURFACE_SIDE_STYLE('',(#8291));
#7904=SURFACE_SIDE_STYLE('',(#8292));
#7905=SURFACE_SIDE_STYLE('',(#8293));
#7906=SURFACE_SIDE_STYLE('',(#8294));
#7907=SURFACE_SIDE_STYLE('',(#8295));
#7908=SURFACE_SIDE_STYLE('',(#8296));
#7909=SURFACE_SIDE_STYLE('',(#8297));
#7910=SURFACE_SIDE_STYLE('',(#8298));
#7911=SURFACE_SIDE_STYLE('',(#8299));
#7912=SURFACE_SIDE_STYLE('',(#8300));
#7913=SURFACE_SIDE_STYLE('',(#8301));
#7914=SURFACE_SIDE_STYLE('',(#8302));
#7915=SURFACE_SIDE_STYLE('',(#8303));
#7916=SURFACE_SIDE_STYLE('',(#8304));
#7917=SURFACE_SIDE_STYLE('',(#8305));
#7918=SURFACE_SIDE_STYLE('',(#8306));
#7919=SURFACE_SIDE_STYLE('',(#8307));
#7920=SURFACE_SIDE_STYLE('',(#8308));
#7921=SURFACE_SIDE_STYLE('',(#8309));
#7922=SURFACE_SIDE_STYLE('',(#8310));
#7923=SURFACE_SIDE_STYLE('',(#8311));
#7924=SURFACE_SIDE_STYLE('',(#8312));
#7925=SURFACE_SIDE_STYLE('',(#8313));
#7926=SURFACE_SIDE_STYLE('',(#8314));
#7927=SURFACE_SIDE_STYLE('',(#8315));
#7928=SURFACE_SIDE_STYLE('',(#8316));
#7929=SURFACE_SIDE_STYLE('',(#8317));
#7930=SURFACE_SIDE_STYLE('',(#8318));
#7931=SURFACE_SIDE_STYLE('',(#8319));
#7932=SURFACE_SIDE_STYLE('',(#8320));
#7933=SURFACE_SIDE_STYLE('',(#8321));
#7934=SURFACE_SIDE_STYLE('',(#8322));
#7935=SURFACE_SIDE_STYLE('',(#8323));
#7936=SURFACE_SIDE_STYLE('',(#8324));
#7937=SURFACE_SIDE_STYLE('',(#8325));
#7938=SURFACE_SIDE_STYLE('',(#8326));
#7939=SURFACE_SIDE_STYLE('',(#8327));
#7940=SURFACE_SIDE_STYLE('',(#8328));
#7941=SURFACE_SIDE_STYLE('',(#8329));
#7942=SURFACE_SIDE_STYLE('',(#8330));
#7943=SURFACE_SIDE_STYLE('',(#8331));
#7944=SURFACE_SIDE_STYLE('',(#8332));
#7945=SURFACE_SIDE_STYLE('',(#8333));
#7946=SURFACE_SIDE_STYLE('',(#8334));
#7947=SURFACE_SIDE_STYLE('',(#8335));
#7948=SURFACE_SIDE_STYLE('',(#8336));
#7949=SURFACE_SIDE_STYLE('',(#8337));
#7950=SURFACE_SIDE_STYLE('',(#8338));
#7951=SURFACE_SIDE_STYLE('',(#8339));
#7952=SURFACE_SIDE_STYLE('',(#8340));
#7953=SURFACE_SIDE_STYLE('',(#8341));
#7954=SURFACE_SIDE_STYLE('',(#8342));
#7955=SURFACE_SIDE_STYLE('',(#8343));
#7956=SURFACE_SIDE_STYLE('',(#8344));
#7957=SURFACE_SIDE_STYLE('',(#8345));
#7958=SURFACE_SIDE_STYLE('',(#8346));
#7959=SURFACE_SIDE_STYLE('',(#8347));
#7960=SURFACE_SIDE_STYLE('',(#8348));
#7961=SURFACE_SIDE_STYLE('',(#8349));
#7962=SURFACE_SIDE_STYLE('',(#8350));
#7963=SURFACE_SIDE_STYLE('',(#8351));
#7964=SURFACE_SIDE_STYLE('',(#8352));
#7965=SURFACE_SIDE_STYLE('',(#8353));
#7966=SURFACE_SIDE_STYLE('',(#8354));
#7967=SURFACE_SIDE_STYLE('',(#8355));
#7968=SURFACE_SIDE_STYLE('',(#8356));
#7969=SURFACE_SIDE_STYLE('',(#8357));
#7970=SURFACE_SIDE_STYLE('',(#8358));
#7971=SURFACE_SIDE_STYLE('',(#8359));
#7972=SURFACE_SIDE_STYLE('',(#8360));
#7973=SURFACE_SIDE_STYLE('',(#8361));
#7974=SURFACE_SIDE_STYLE('',(#8362));
#7975=SURFACE_SIDE_STYLE('',(#8363));
#7976=SURFACE_SIDE_STYLE('',(#8364));
#7977=SURFACE_SIDE_STYLE('',(#8365));
#7978=SURFACE_SIDE_STYLE('',(#8366));
#7979=SURFACE_SIDE_STYLE('',(#8367));
#7980=SURFACE_SIDE_STYLE('',(#8368));
#7981=SURFACE_SIDE_STYLE('',(#8369));
#7982=SURFACE_SIDE_STYLE('',(#8370));
#7983=SURFACE_SIDE_STYLE('',(#8371));
#7984=SURFACE_SIDE_STYLE('',(#8372));
#7985=SURFACE_SIDE_STYLE('',(#8373));
#7986=SURFACE_SIDE_STYLE('',(#8374));
#7987=SURFACE_SIDE_STYLE('',(#8375));
#7988=SURFACE_SIDE_STYLE('',(#8376));
#7989=SURFACE_SIDE_STYLE('',(#8377));
#7990=SURFACE_SIDE_STYLE('',(#8378));
#7991=SURFACE_SIDE_STYLE('',(#8379));
#7992=SURFACE_SIDE_STYLE('',(#8380));
#7993=SURFACE_SIDE_STYLE('',(#8381));
#7994=SURFACE_SIDE_STYLE('',(#8382));
#7995=SURFACE_SIDE_STYLE('',(#8383));
#7996=SURFACE_SIDE_STYLE('',(#8384));
#7997=SURFACE_SIDE_STYLE('',(#8385));
#7998=SURFACE_SIDE_STYLE('',(#8386));
#7999=SURFACE_SIDE_STYLE('',(#8387));
#8000=SURFACE_SIDE_STYLE('',(#8388));
#8001=SURFACE_SIDE_STYLE('',(#8389));
#8002=SURFACE_SIDE_STYLE('',(#8390));
#8003=SURFACE_SIDE_STYLE('',(#8391));
#8004=SURFACE_SIDE_STYLE('',(#8392));
#8005=SURFACE_SIDE_STYLE('',(#8393));
#8006=SURFACE_SIDE_STYLE('',(#8394));
#8007=SURFACE_SIDE_STYLE('',(#8395));
#8008=SURFACE_SIDE_STYLE('',(#8396));
#8009=SURFACE_SIDE_STYLE('',(#8397));
#8010=SURFACE_SIDE_STYLE('',(#8398));
#8011=SURFACE_SIDE_STYLE('',(#8399));
#8012=SURFACE_SIDE_STYLE('',(#8400));
#8013=SURFACE_SIDE_STYLE('',(#8401));
#8014=SURFACE_SIDE_STYLE('',(#8402));
#8015=SURFACE_SIDE_STYLE('',(#8403));
#8016=SURFACE_SIDE_STYLE('',(#8404));
#8017=SURFACE_SIDE_STYLE('',(#8405));
#8018=SURFACE_SIDE_STYLE('',(#8406));
#8019=SURFACE_SIDE_STYLE('',(#8407));
#8020=SURFACE_SIDE_STYLE('',(#8408));
#8021=SURFACE_SIDE_STYLE('',(#8409));
#8022=SURFACE_SIDE_STYLE('',(#8410));
#8023=SURFACE_SIDE_STYLE('',(#8411));
#8024=SURFACE_SIDE_STYLE('',(#8412));
#8025=SURFACE_SIDE_STYLE('',(#8413));
#8026=SURFACE_SIDE_STYLE('',(#8414));
#8027=SURFACE_SIDE_STYLE('',(#8415));
#8028=SURFACE_SIDE_STYLE('',(#8416));
#8029=SURFACE_SIDE_STYLE('',(#8417));
#8030=SURFACE_SIDE_STYLE('',(#8418));
#8031=SURFACE_SIDE_STYLE('',(#8419));
#8032=SURFACE_SIDE_STYLE('',(#8420));
#8033=SURFACE_SIDE_STYLE('',(#8421));
#8034=SURFACE_SIDE_STYLE('',(#8422));
#8035=SURFACE_SIDE_STYLE('',(#8423));
#8036=SURFACE_SIDE_STYLE('',(#8424));
#8037=SURFACE_SIDE_STYLE('',(#8425));
#8038=SURFACE_SIDE_STYLE('',(#8426));
#8039=SURFACE_SIDE_STYLE('',(#8427));
#8040=SURFACE_SIDE_STYLE('',(#8428));
#8041=SURFACE_SIDE_STYLE('',(#8429));
#8042=SURFACE_SIDE_STYLE('',(#8430));
#8043=SURFACE_SIDE_STYLE('',(#8431));
#8044=SURFACE_SIDE_STYLE('',(#8432));
#8045=SURFACE_SIDE_STYLE('',(#8433));
#8046=SURFACE_SIDE_STYLE('',(#8434));
#8047=SURFACE_SIDE_STYLE('',(#8435));
#8048=SURFACE_SIDE_STYLE('',(#8436));
#8049=SURFACE_SIDE_STYLE('',(#8437));
#8050=SURFACE_SIDE_STYLE('',(#8438));
#8051=SURFACE_SIDE_STYLE('',(#8439));
#8052=SURFACE_SIDE_STYLE('',(#8440));
#8053=SURFACE_SIDE_STYLE('',(#8441));
#8054=SURFACE_SIDE_STYLE('',(#8442));
#8055=SURFACE_SIDE_STYLE('',(#8443));
#8056=SURFACE_SIDE_STYLE('',(#8444));
#8057=SURFACE_SIDE_STYLE('',(#8445));
#8058=SURFACE_SIDE_STYLE('',(#8446));
#8059=SURFACE_SIDE_STYLE('',(#8447));
#8060=SURFACE_SIDE_STYLE('',(#8448));
#8061=SURFACE_SIDE_STYLE('',(#8449));
#8062=SURFACE_SIDE_STYLE('',(#8450));
#8063=SURFACE_SIDE_STYLE('',(#8451));
#8064=SURFACE_SIDE_STYLE('',(#8452));
#8065=SURFACE_SIDE_STYLE('',(#8453));
#8066=SURFACE_SIDE_STYLE('',(#8454));
#8067=SURFACE_SIDE_STYLE('',(#8455));
#8068=SURFACE_SIDE_STYLE('',(#8456));
#8069=SURFACE_SIDE_STYLE('',(#8457));
#8070=SURFACE_SIDE_STYLE('',(#8458));
#8071=SURFACE_SIDE_STYLE('',(#8459));
#8072=SURFACE_SIDE_STYLE('',(#8460));
#8073=SURFACE_SIDE_STYLE('',(#8461));
#8074=SURFACE_SIDE_STYLE('',(#8462));
#8075=SURFACE_SIDE_STYLE('',(#8463));
#8076=SURFACE_SIDE_STYLE('',(#8464));
#8077=SURFACE_SIDE_STYLE('',(#8465));
#8078=SURFACE_SIDE_STYLE('',(#8466));
#8079=SURFACE_SIDE_STYLE('',(#8467));
#8080=SURFACE_SIDE_STYLE('',(#8468));
#8081=SURFACE_SIDE_STYLE('',(#8469));
#8082=SURFACE_SIDE_STYLE('',(#8470));
#8083=SURFACE_SIDE_STYLE('',(#8471));
#8084=SURFACE_SIDE_STYLE('',(#8472));
#8085=SURFACE_SIDE_STYLE('',(#8473));
#8086=SURFACE_SIDE_STYLE('',(#8474));
#8087=SURFACE_SIDE_STYLE('',(#8475));
#8088=SURFACE_SIDE_STYLE('',(#8476));
#8089=SURFACE_SIDE_STYLE('',(#8477));
#8090=SURFACE_SIDE_STYLE('',(#8478));
#8091=SURFACE_SIDE_STYLE('',(#8479));
#8092=SURFACE_SIDE_STYLE('',(#8480));
#8093=SURFACE_SIDE_STYLE('',(#8481));
#8094=SURFACE_SIDE_STYLE('',(#8482));
#8095=SURFACE_SIDE_STYLE('',(#8483));
#8096=SURFACE_SIDE_STYLE('',(#8484));
#8097=SURFACE_SIDE_STYLE('',(#8485));
#8098=SURFACE_SIDE_STYLE('',(#8486));
#8099=SURFACE_SIDE_STYLE('',(#8487));
#8100=SURFACE_SIDE_STYLE('',(#8488));
#8101=SURFACE_SIDE_STYLE('',(#8489));
#8102=SURFACE_SIDE_STYLE('',(#8490));
#8103=SURFACE_SIDE_STYLE('',(#8491));
#8104=SURFACE_SIDE_STYLE('',(#8492));
#8105=SURFACE_STYLE_FILL_AREA(#8493);
#8106=SURFACE_STYLE_FILL_AREA(#8494);
#8107=SURFACE_STYLE_FILL_AREA(#8495);
#8108=SURFACE_STYLE_FILL_AREA(#8496);
#8109=SURFACE_STYLE_FILL_AREA(#8497);
#8110=SURFACE_STYLE_FILL_AREA(#8498);
#8111=SURFACE_STYLE_FILL_AREA(#8499);
#8112=SURFACE_STYLE_FILL_AREA(#8500);
#8113=SURFACE_STYLE_FILL_AREA(#8501);
#8114=SURFACE_STYLE_FILL_AREA(#8502);
#8115=SURFACE_STYLE_FILL_AREA(#8503);
#8116=SURFACE_STYLE_FILL_AREA(#8504);
#8117=SURFACE_STYLE_FILL_AREA(#8505);
#8118=SURFACE_STYLE_FILL_AREA(#8506);
#8119=SURFACE_STYLE_FILL_AREA(#8507);
#8120=SURFACE_STYLE_FILL_AREA(#8508);
#8121=SURFACE_STYLE_FILL_AREA(#8509);
#8122=SURFACE_STYLE_FILL_AREA(#8510);
#8123=SURFACE_STYLE_FILL_AREA(#8511);
#8124=SURFACE_STYLE_FILL_AREA(#8512);
#8125=SURFACE_STYLE_FILL_AREA(#8513);
#8126=SURFACE_STYLE_FILL_AREA(#8514);
#8127=SURFACE_STYLE_FILL_AREA(#8515);
#8128=SURFACE_STYLE_FILL_AREA(#8516);
#8129=SURFACE_STYLE_FILL_AREA(#8517);
#8130=SURFACE_STYLE_FILL_AREA(#8518);
#8131=SURFACE_STYLE_FILL_AREA(#8519);
#8132=SURFACE_STYLE_FILL_AREA(#8520);
#8133=SURFACE_STYLE_FILL_AREA(#8521);
#8134=SURFACE_STYLE_FILL_AREA(#8522);
#8135=SURFACE_STYLE_FILL_AREA(#8523);
#8136=SURFACE_STYLE_FILL_AREA(#8524);
#8137=SURFACE_STYLE_FILL_AREA(#8525);
#8138=SURFACE_STYLE_FILL_AREA(#8526);
#8139=SURFACE_STYLE_FILL_AREA(#8527);
#8140=SURFACE_STYLE_FILL_AREA(#8528);
#8141=SURFACE_STYLE_FILL_AREA(#8529);
#8142=SURFACE_STYLE_FILL_AREA(#8530);
#8143=SURFACE_STYLE_FILL_AREA(#8531);
#8144=SURFACE_STYLE_FILL_AREA(#8532);
#8145=SURFACE_STYLE_FILL_AREA(#8533);
#8146=SURFACE_STYLE_FILL_AREA(#8534);
#8147=SURFACE_STYLE_FILL_AREA(#8535);
#8148=SURFACE_STYLE_FILL_AREA(#8536);
#8149=SURFACE_STYLE_FILL_AREA(#8537);
#8150=SURFACE_STYLE_FILL_AREA(#8538);
#8151=SURFACE_STYLE_FILL_AREA(#8539);
#8152=SURFACE_STYLE_FILL_AREA(#8540);
#8153=SURFACE_STYLE_FILL_AREA(#8541);
#8154=SURFACE_STYLE_FILL_AREA(#8542);
#8155=SURFACE_STYLE_FILL_AREA(#8543);
#8156=SURFACE_STYLE_FILL_AREA(#8544);
#8157=SURFACE_STYLE_FILL_AREA(#8545);
#8158=SURFACE_STYLE_FILL_AREA(#8546);
#8159=SURFACE_STYLE_FILL_AREA(#8547);
#8160=SURFACE_STYLE_FILL_AREA(#8548);
#8161=SURFACE_STYLE_FILL_AREA(#8549);
#8162=SURFACE_STYLE_FILL_AREA(#8550);
#8163=SURFACE_STYLE_FILL_AREA(#8551);
#8164=SURFACE_STYLE_FILL_AREA(#8552);
#8165=SURFACE_STYLE_FILL_AREA(#8553);
#8166=SURFACE_STYLE_FILL_AREA(#8554);
#8167=SURFACE_STYLE_FILL_AREA(#8555);
#8168=SURFACE_STYLE_FILL_AREA(#8556);
#8169=SURFACE_STYLE_FILL_AREA(#8557);
#8170=SURFACE_STYLE_FILL_AREA(#8558);
#8171=SURFACE_STYLE_FILL_AREA(#8559);
#8172=SURFACE_STYLE_FILL_AREA(#8560);
#8173=SURFACE_STYLE_FILL_AREA(#8561);
#8174=SURFACE_STYLE_FILL_AREA(#8562);
#8175=SURFACE_STYLE_FILL_AREA(#8563);
#8176=SURFACE_STYLE_FILL_AREA(#8564);
#8177=SURFACE_STYLE_FILL_AREA(#8565);
#8178=SURFACE_STYLE_FILL_AREA(#8566);
#8179=SURFACE_STYLE_FILL_AREA(#8567);
#8180=SURFACE_STYLE_FILL_AREA(#8568);
#8181=SURFACE_STYLE_FILL_AREA(#8569);
#8182=SURFACE_STYLE_FILL_AREA(#8570);
#8183=SURFACE_STYLE_FILL_AREA(#8571);
#8184=SURFACE_STYLE_FILL_AREA(#8572);
#8185=SURFACE_STYLE_FILL_AREA(#8573);
#8186=SURFACE_STYLE_FILL_AREA(#8574);
#8187=SURFACE_STYLE_FILL_AREA(#8575);
#8188=SURFACE_STYLE_FILL_AREA(#8576);
#8189=SURFACE_STYLE_FILL_AREA(#8577);
#8190=SURFACE_STYLE_FILL_AREA(#8578);
#8191=SURFACE_STYLE_FILL_AREA(#8579);
#8192=SURFACE_STYLE_FILL_AREA(#8580);
#8193=SURFACE_STYLE_FILL_AREA(#8581);
#8194=SURFACE_STYLE_FILL_AREA(#8582);
#8195=SURFACE_STYLE_FILL_AREA(#8583);
#8196=SURFACE_STYLE_FILL_AREA(#8584);
#8197=SURFACE_STYLE_FILL_AREA(#8585);
#8198=SURFACE_STYLE_FILL_AREA(#8586);
#8199=SURFACE_STYLE_FILL_AREA(#8587);
#8200=SURFACE_STYLE_FILL_AREA(#8588);
#8201=SURFACE_STYLE_FILL_AREA(#8589);
#8202=SURFACE_STYLE_FILL_AREA(#8590);
#8203=SURFACE_STYLE_FILL_AREA(#8591);
#8204=SURFACE_STYLE_FILL_AREA(#8592);
#8205=SURFACE_STYLE_FILL_AREA(#8593);
#8206=SURFACE_STYLE_FILL_AREA(#8594);
#8207=SURFACE_STYLE_FILL_AREA(#8595);
#8208=SURFACE_STYLE_FILL_AREA(#8596);
#8209=SURFACE_STYLE_FILL_AREA(#8597);
#8210=SURFACE_STYLE_FILL_AREA(#8598);
#8211=SURFACE_STYLE_FILL_AREA(#8599);
#8212=SURFACE_STYLE_FILL_AREA(#8600);
#8213=SURFACE_STYLE_FILL_AREA(#8601);
#8214=SURFACE_STYLE_FILL_AREA(#8602);
#8215=SURFACE_STYLE_FILL_AREA(#8603);
#8216=SURFACE_STYLE_FILL_AREA(#8604);
#8217=SURFACE_STYLE_FILL_AREA(#8605);
#8218=SURFACE_STYLE_FILL_AREA(#8606);
#8219=SURFACE_STYLE_FILL_AREA(#8607);
#8220=SURFACE_STYLE_FILL_AREA(#8608);
#8221=SURFACE_STYLE_FILL_AREA(#8609);
#8222=SURFACE_STYLE_FILL_AREA(#8610);
#8223=SURFACE_STYLE_FILL_AREA(#8611);
#8224=SURFACE_STYLE_FILL_AREA(#8612);
#8225=SURFACE_STYLE_FILL_AREA(#8613);
#8226=SURFACE_STYLE_FILL_AREA(#8614);
#8227=SURFACE_STYLE_FILL_AREA(#8615);
#8228=SURFACE_STYLE_FILL_AREA(#8616);
#8229=SURFACE_STYLE_FILL_AREA(#8617);
#8230=SURFACE_STYLE_FILL_AREA(#8618);
#8231=SURFACE_STYLE_FILL_AREA(#8619);
#8232=SURFACE_STYLE_FILL_AREA(#8620);
#8233=SURFACE_STYLE_FILL_AREA(#8621);
#8234=SURFACE_STYLE_FILL_AREA(#8622);
#8235=SURFACE_STYLE_FILL_AREA(#8623);
#8236=SURFACE_STYLE_FILL_AREA(#8624);
#8237=SURFACE_STYLE_FILL_AREA(#8625);
#8238=SURFACE_STYLE_FILL_AREA(#8626);
#8239=SURFACE_STYLE_FILL_AREA(#8627);
#8240=SURFACE_STYLE_FILL_AREA(#8628);
#8241=SURFACE_STYLE_FILL_AREA(#8629);
#8242=SURFACE_STYLE_FILL_AREA(#8630);
#8243=SURFACE_STYLE_FILL_AREA(#8631);
#8244=SURFACE_STYLE_FILL_AREA(#8632);
#8245=SURFACE_STYLE_FILL_AREA(#8633);
#8246=SURFACE_STYLE_FILL_AREA(#8634);
#8247=SURFACE_STYLE_FILL_AREA(#8635);
#8248=SURFACE_STYLE_FILL_AREA(#8636);
#8249=SURFACE_STYLE_FILL_AREA(#8637);
#8250=SURFACE_STYLE_FILL_AREA(#8638);
#8251=SURFACE_STYLE_FILL_AREA(#8639);
#8252=SURFACE_STYLE_FILL_AREA(#8640);
#8253=SURFACE_STYLE_FILL_AREA(#8641);
#8254=SURFACE_STYLE_FILL_AREA(#8642);
#8255=SURFACE_STYLE_FILL_AREA(#8643);
#8256=SURFACE_STYLE_FILL_AREA(#8644);
#8257=SURFACE_STYLE_FILL_AREA(#8645);
#8258=SURFACE_STYLE_FILL_AREA(#8646);
#8259=SURFACE_STYLE_FILL_AREA(#8647);
#8260=SURFACE_STYLE_FILL_AREA(#8648);
#8261=SURFACE_STYLE_FILL_AREA(#8649);
#8262=SURFACE_STYLE_FILL_AREA(#8650);
#8263=SURFACE_STYLE_FILL_AREA(#8651);
#8264=SURFACE_STYLE_FILL_AREA(#8652);
#8265=SURFACE_STYLE_FILL_AREA(#8653);
#8266=SURFACE_STYLE_FILL_AREA(#8654);
#8267=SURFACE_STYLE_FILL_AREA(#8655);
#8268=SURFACE_STYLE_FILL_AREA(#8656);
#8269=SURFACE_STYLE_FILL_AREA(#8657);
#8270=SURFACE_STYLE_FILL_AREA(#8658);
#8271=SURFACE_STYLE_FILL_AREA(#8659);
#8272=SURFACE_STYLE_FILL_AREA(#8660);
#8273=SURFACE_STYLE_FILL_AREA(#8661);
#8274=SURFACE_STYLE_FILL_AREA(#8662);
#8275=SURFACE_STYLE_FILL_AREA(#8663);
#8276=SURFACE_STYLE_FILL_AREA(#8664);
#8277=SURFACE_STYLE_FILL_AREA(#8665);
#8278=SURFACE_STYLE_FILL_AREA(#8666);
#8279=SURFACE_STYLE_FILL_AREA(#8667);
#8280=SURFACE_STYLE_FILL_AREA(#8668);
#8281=SURFACE_STYLE_FILL_AREA(#8669);
#8282=SURFACE_STYLE_FILL_AREA(#8670);
#8283=SURFACE_STYLE_FILL_AREA(#8671);
#8284=SURFACE_STYLE_FILL_AREA(#8672);
#8285=SURFACE_STYLE_FILL_AREA(#8673);
#8286=SURFACE_STYLE_FILL_AREA(#8674);
#8287=SURFACE_STYLE_FILL_AREA(#8675);
#8288=SURFACE_STYLE_FILL_AREA(#8676);
#8289=SURFACE_STYLE_FILL_AREA(#8677);
#8290=SURFACE_STYLE_FILL_AREA(#8678);
#8291=SURFACE_STYLE_FILL_AREA(#8679);
#8292=SURFACE_STYLE_FILL_AREA(#8680);
#8293=SURFACE_STYLE_FILL_AREA(#8681);
#8294=SURFACE_STYLE_FILL_AREA(#8682);
#8295=SURFACE_STYLE_FILL_AREA(#8683);
#8296=SURFACE_STYLE_FILL_AREA(#8684);
#8297=SURFACE_STYLE_FILL_AREA(#8685);
#8298=SURFACE_STYLE_FILL_AREA(#8686);
#8299=SURFACE_STYLE_FILL_AREA(#8687);
#8300=SURFACE_STYLE_FILL_AREA(#8688);
#8301=SURFACE_STYLE_FILL_AREA(#8689);
#8302=SURFACE_STYLE_FILL_AREA(#8690);
#8303=SURFACE_STYLE_FILL_AREA(#8691);
#8304=SURFACE_STYLE_FILL_AREA(#8692);
#8305=SURFACE_STYLE_FILL_AREA(#8693);
#8306=SURFACE_STYLE_FILL_AREA(#8694);
#8307=SURFACE_STYLE_FILL_AREA(#8695);
#8308=SURFACE_STYLE_FILL_AREA(#8696);
#8309=SURFACE_STYLE_FILL_AREA(#8697);
#8310=SURFACE_STYLE_FILL_AREA(#8698);
#8311=SURFACE_STYLE_FILL_AREA(#8699);
#8312=SURFACE_STYLE_FILL_AREA(#8700);
#8313=SURFACE_STYLE_FILL_AREA(#8701);
#8314=SURFACE_STYLE_FILL_AREA(#8702);
#8315=SURFACE_STYLE_FILL_AREA(#8703);
#8316=SURFACE_STYLE_FILL_AREA(#8704);
#8317=SURFACE_STYLE_FILL_AREA(#8705);
#8318=SURFACE_STYLE_FILL_AREA(#8706);
#8319=SURFACE_STYLE_FILL_AREA(#8707);
#8320=SURFACE_STYLE_FILL_AREA(#8708);
#8321=SURFACE_STYLE_FILL_AREA(#8709);
#8322=SURFACE_STYLE_FILL_AREA(#8710);
#8323=SURFACE_STYLE_FILL_AREA(#8711);
#8324=SURFACE_STYLE_FILL_AREA(#8712);
#8325=SURFACE_STYLE_FILL_AREA(#8713);
#8326=SURFACE_STYLE_FILL_AREA(#8714);
#8327=SURFACE_STYLE_FILL_AREA(#8715);
#8328=SURFACE_STYLE_FILL_AREA(#8716);
#8329=SURFACE_STYLE_FILL_AREA(#8717);
#8330=SURFACE_STYLE_FILL_AREA(#8718);
#8331=SURFACE_STYLE_FILL_AREA(#8719);
#8332=SURFACE_STYLE_FILL_AREA(#8720);
#8333=SURFACE_STYLE_FILL_AREA(#8721);
#8334=SURFACE_STYLE_FILL_AREA(#8722);
#8335=SURFACE_STYLE_FILL_AREA(#8723);
#8336=SURFACE_STYLE_FILL_AREA(#8724);
#8337=SURFACE_STYLE_FILL_AREA(#8725);
#8338=SURFACE_STYLE_FILL_AREA(#8726);
#8339=SURFACE_STYLE_FILL_AREA(#8727);
#8340=SURFACE_STYLE_FILL_AREA(#8728);
#8341=SURFACE_STYLE_FILL_AREA(#8729);
#8342=SURFACE_STYLE_FILL_AREA(#8730);
#8343=SURFACE_STYLE_FILL_AREA(#8731);
#8344=SURFACE_STYLE_FILL_AREA(#8732);
#8345=SURFACE_STYLE_FILL_AREA(#8733);
#8346=SURFACE_STYLE_FILL_AREA(#8734);
#8347=SURFACE_STYLE_FILL_AREA(#8735);
#8348=SURFACE_STYLE_FILL_AREA(#8736);
#8349=SURFACE_STYLE_FILL_AREA(#8737);
#8350=SURFACE_STYLE_FILL_AREA(#8738);
#8351=SURFACE_STYLE_FILL_AREA(#8739);
#8352=SURFACE_STYLE_FILL_AREA(#8740);
#8353=SURFACE_STYLE_FILL_AREA(#8741);
#8354=SURFACE_STYLE_FILL_AREA(#8742);
#8355=SURFACE_STYLE_FILL_AREA(#8743);
#8356=SURFACE_STYLE_FILL_AREA(#8744);
#8357=SURFACE_STYLE_FILL_AREA(#8745);
#8358=SURFACE_STYLE_FILL_AREA(#8746);
#8359=SURFACE_STYLE_FILL_AREA(#8747);
#8360=SURFACE_STYLE_FILL_AREA(#8748);
#8361=SURFACE_STYLE_FILL_AREA(#8749);
#8362=SURFACE_STYLE_FILL_AREA(#8750);
#8363=SURFACE_STYLE_FILL_AREA(#8751);
#8364=SURFACE_STYLE_FILL_AREA(#8752);
#8365=SURFACE_STYLE_FILL_AREA(#8753);
#8366=SURFACE_STYLE_FILL_AREA(#8754);
#8367=SURFACE_STYLE_FILL_AREA(#8755);
#8368=SURFACE_STYLE_FILL_AREA(#8756);
#8369=SURFACE_STYLE_FILL_AREA(#8757);
#8370=SURFACE_STYLE_FILL_AREA(#8758);
#8371=SURFACE_STYLE_FILL_AREA(#8759);
#8372=SURFACE_STYLE_FILL_AREA(#8760);
#8373=SURFACE_STYLE_FILL_AREA(#8761);
#8374=SURFACE_STYLE_FILL_AREA(#8762);
#8375=SURFACE_STYLE_FILL_AREA(#8763);
#8376=SURFACE_STYLE_FILL_AREA(#8764);
#8377=SURFACE_STYLE_FILL_AREA(#8765);
#8378=SURFACE_STYLE_FILL_AREA(#8766);
#8379=SURFACE_STYLE_FILL_AREA(#8767);
#8380=SURFACE_STYLE_FILL_AREA(#8768);
#8381=SURFACE_STYLE_FILL_AREA(#8769);
#8382=SURFACE_STYLE_FILL_AREA(#8770);
#8383=SURFACE_STYLE_FILL_AREA(#8771);
#8384=SURFACE_STYLE_FILL_AREA(#8772);
#8385=SURFACE_STYLE_FILL_AREA(#8773);
#8386=SURFACE_STYLE_FILL_AREA(#8774);
#8387=SURFACE_STYLE_FILL_AREA(#8775);
#8388=SURFACE_STYLE_FILL_AREA(#8776);
#8389=SURFACE_STYLE_FILL_AREA(#8777);
#8390=SURFACE_STYLE_FILL_AREA(#8778);
#8391=SURFACE_STYLE_FILL_AREA(#8779);
#8392=SURFACE_STYLE_FILL_AREA(#8780);
#8393=SURFACE_STYLE_FILL_AREA(#8781);
#8394=SURFACE_STYLE_FILL_AREA(#8782);
#8395=SURFACE_STYLE_FILL_AREA(#8783);
#8396=SURFACE_STYLE_FILL_AREA(#8784);
#8397=SURFACE_STYLE_FILL_AREA(#8785);
#8398=SURFACE_STYLE_FILL_AREA(#8786);
#8399=SURFACE_STYLE_FILL_AREA(#8787);
#8400=SURFACE_STYLE_FILL_AREA(#8788);
#8401=SURFACE_STYLE_FILL_AREA(#8789);
#8402=SURFACE_STYLE_FILL_AREA(#8790);
#8403=SURFACE_STYLE_FILL_AREA(#8791);
#8404=SURFACE_STYLE_FILL_AREA(#8792);
#8405=SURFACE_STYLE_FILL_AREA(#8793);
#8406=SURFACE_STYLE_FILL_AREA(#8794);
#8407=SURFACE_STYLE_FILL_AREA(#8795);
#8408=SURFACE_STYLE_FILL_AREA(#8796);
#8409=SURFACE_STYLE_FILL_AREA(#8797);
#8410=SURFACE_STYLE_FILL_AREA(#8798);
#8411=SURFACE_STYLE_FILL_AREA(#8799);
#8412=SURFACE_STYLE_FILL_AREA(#8800);
#8413=SURFACE_STYLE_FILL_AREA(#8801);
#8414=SURFACE_STYLE_FILL_AREA(#8802);
#8415=SURFACE_STYLE_FILL_AREA(#8803);
#8416=SURFACE_STYLE_FILL_AREA(#8804);
#8417=SURFACE_STYLE_FILL_AREA(#8805);
#8418=SURFACE_STYLE_FILL_AREA(#8806);
#8419=SURFACE_STYLE_FILL_AREA(#8807);
#8420=SURFACE_STYLE_FILL_AREA(#8808);
#8421=SURFACE_STYLE_FILL_AREA(#8809);
#8422=SURFACE_STYLE_FILL_AREA(#8810);
#8423=SURFACE_STYLE_FILL_AREA(#8811);
#8424=SURFACE_STYLE_FILL_AREA(#8812);
#8425=SURFACE_STYLE_FILL_AREA(#8813);
#8426=SURFACE_STYLE_FILL_AREA(#8814);
#8427=SURFACE_STYLE_FILL_AREA(#8815);
#8428=SURFACE_STYLE_FILL_AREA(#8816);
#8429=SURFACE_STYLE_FILL_AREA(#8817);
#8430=SURFACE_STYLE_FILL_AREA(#8818);
#8431=SURFACE_STYLE_FILL_AREA(#8819);
#8432=SURFACE_STYLE_FILL_AREA(#8820);
#8433=SURFACE_STYLE_FILL_AREA(#8821);
#8434=SURFACE_STYLE_FILL_AREA(#8822);
#8435=SURFACE_STYLE_FILL_AREA(#8823);
#8436=SURFACE_STYLE_FILL_AREA(#8824);
#8437=SURFACE_STYLE_FILL_AREA(#8825);
#8438=SURFACE_STYLE_FILL_AREA(#8826);
#8439=SURFACE_STYLE_FILL_AREA(#8827);
#8440=SURFACE_STYLE_FILL_AREA(#8828);
#8441=SURFACE_STYLE_FILL_AREA(#8829);
#8442=SURFACE_STYLE_FILL_AREA(#8830);
#8443=SURFACE_STYLE_FILL_AREA(#8831);
#8444=SURFACE_STYLE_FILL_AREA(#8832);
#8445=SURFACE_STYLE_FILL_AREA(#8833);
#8446=SURFACE_STYLE_FILL_AREA(#8834);
#8447=SURFACE_STYLE_FILL_AREA(#8835);
#8448=SURFACE_STYLE_FILL_AREA(#8836);
#8449=SURFACE_STYLE_FILL_AREA(#8837);
#8450=SURFACE_STYLE_FILL_AREA(#8838);
#8451=SURFACE_STYLE_FILL_AREA(#8839);
#8452=SURFACE_STYLE_FILL_AREA(#8840);
#8453=SURFACE_STYLE_FILL_AREA(#8841);
#8454=SURFACE_STYLE_FILL_AREA(#8842);
#8455=SURFACE_STYLE_FILL_AREA(#8843);
#8456=SURFACE_STYLE_FILL_AREA(#8844);
#8457=SURFACE_STYLE_FILL_AREA(#8845);
#8458=SURFACE_STYLE_FILL_AREA(#8846);
#8459=SURFACE_STYLE_FILL_AREA(#8847);
#8460=SURFACE_STYLE_FILL_AREA(#8848);
#8461=SURFACE_STYLE_FILL_AREA(#8849);
#8462=SURFACE_STYLE_FILL_AREA(#8850);
#8463=SURFACE_STYLE_FILL_AREA(#8851);
#8464=SURFACE_STYLE_FILL_AREA(#8852);
#8465=SURFACE_STYLE_FILL_AREA(#8853);
#8466=SURFACE_STYLE_FILL_AREA(#8854);
#8467=SURFACE_STYLE_FILL_AREA(#8855);
#8468=SURFACE_STYLE_FILL_AREA(#8856);
#8469=SURFACE_STYLE_FILL_AREA(#8857);
#8470=SURFACE_STYLE_FILL_AREA(#8858);
#8471=SURFACE_STYLE_FILL_AREA(#8859);
#8472=SURFACE_STYLE_FILL_AREA(#8860);
#8473=SURFACE_STYLE_FILL_AREA(#8861);
#8474=SURFACE_STYLE_FILL_AREA(#8862);
#8475=SURFACE_STYLE_FILL_AREA(#8863);
#8476=SURFACE_STYLE_FILL_AREA(#8864);
#8477=SURFACE_STYLE_FILL_AREA(#8865);
#8478=SURFACE_STYLE_FILL_AREA(#8866);
#8479=SURFACE_STYLE_FILL_AREA(#8867);
#8480=SURFACE_STYLE_FILL_AREA(#8868);
#8481=SURFACE_STYLE_FILL_AREA(#8869);
#8482=SURFACE_STYLE_FILL_AREA(#8870);
#8483=SURFACE_STYLE_FILL_AREA(#8871);
#8484=SURFACE_STYLE_FILL_AREA(#8872);
#8485=SURFACE_STYLE_FILL_AREA(#8873);
#8486=SURFACE_STYLE_FILL_AREA(#8874);
#8487=SURFACE_STYLE_FILL_AREA(#8875);
#8488=SURFACE_STYLE_FILL_AREA(#8876);
#8489=SURFACE_STYLE_FILL_AREA(#8877);
#8490=SURFACE_STYLE_FILL_AREA(#8878);
#8491=SURFACE_STYLE_FILL_AREA(#8879);
#8492=SURFACE_STYLE_FILL_AREA(#8880);
#8493=FILL_AREA_STYLE('',(#8881));
#8494=FILL_AREA_STYLE('',(#8882));
#8495=FILL_AREA_STYLE('',(#8883));
#8496=FILL_AREA_STYLE('',(#8884));
#8497=FILL_AREA_STYLE('',(#8885));
#8498=FILL_AREA_STYLE('',(#8886));
#8499=FILL_AREA_STYLE('',(#8887));
#8500=FILL_AREA_STYLE('',(#8888));
#8501=FILL_AREA_STYLE('',(#8889));
#8502=FILL_AREA_STYLE('',(#8890));
#8503=FILL_AREA_STYLE('',(#8891));
#8504=FILL_AREA_STYLE('',(#8892));
#8505=FILL_AREA_STYLE('',(#8893));
#8506=FILL_AREA_STYLE('',(#8894));
#8507=FILL_AREA_STYLE('',(#8895));
#8508=FILL_AREA_STYLE('',(#8896));
#8509=FILL_AREA_STYLE('',(#8897));
#8510=FILL_AREA_STYLE('',(#8898));
#8511=FILL_AREA_STYLE('',(#8899));
#8512=FILL_AREA_STYLE('',(#8900));
#8513=FILL_AREA_STYLE('',(#8901));
#8514=FILL_AREA_STYLE('',(#8902));
#8515=FILL_AREA_STYLE('',(#8903));
#8516=FILL_AREA_STYLE('',(#8904));
#8517=FILL_AREA_STYLE('',(#8905));
#8518=FILL_AREA_STYLE('',(#8906));
#8519=FILL_AREA_STYLE('',(#8907));
#8520=FILL_AREA_STYLE('',(#8908));
#8521=FILL_AREA_STYLE('',(#8909));
#8522=FILL_AREA_STYLE('',(#8910));
#8523=FILL_AREA_STYLE('',(#8911));
#8524=FILL_AREA_STYLE('',(#8912));
#8525=FILL_AREA_STYLE('',(#8913));
#8526=FILL_AREA_STYLE('',(#8914));
#8527=FILL_AREA_STYLE('',(#8915));
#8528=FILL_AREA_STYLE('',(#8916));
#8529=FILL_AREA_STYLE('',(#8917));
#8530=FILL_AREA_STYLE('',(#8918));
#8531=FILL_AREA_STYLE('',(#8919));
#8532=FILL_AREA_STYLE('',(#8920));
#8533=FILL_AREA_STYLE('',(#8921));
#8534=FILL_AREA_STYLE('',(#8922));
#8535=FILL_AREA_STYLE('',(#8923));
#8536=FILL_AREA_STYLE('',(#8924));
#8537=FILL_AREA_STYLE('',(#8925));
#8538=FILL_AREA_STYLE('',(#8926));
#8539=FILL_AREA_STYLE('',(#8927));
#8540=FILL_AREA_STYLE('',(#8928));
#8541=FILL_AREA_STYLE('',(#8929));
#8542=FILL_AREA_STYLE('',(#8930));
#8543=FILL_AREA_STYLE('',(#8931));
#8544=FILL_AREA_STYLE('',(#8932));
#8545=FILL_AREA_STYLE('',(#8933));
#8546=FILL_AREA_STYLE('',(#8934));
#8547=FILL_AREA_STYLE('',(#8935));
#8548=FILL_AREA_STYLE('',(#8936));
#8549=FILL_AREA_STYLE('',(#8937));
#8550=FILL_AREA_STYLE('',(#8938));
#8551=FILL_AREA_STYLE('',(#8939));
#8552=FILL_AREA_STYLE('',(#8940));
#8553=FILL_AREA_STYLE('',(#8941));
#8554=FILL_AREA_STYLE('',(#8942));
#8555=FILL_AREA_STYLE('',(#8943));
#8556=FILL_AREA_STYLE('',(#8944));
#8557=FILL_AREA_STYLE('',(#8945));
#8558=FILL_AREA_STYLE('',(#8946));
#8559=FILL_AREA_STYLE('',(#8947));
#8560=FILL_AREA_STYLE('',(#8948));
#8561=FILL_AREA_STYLE('',(#8949));
#8562=FILL_AREA_STYLE('',(#8950));
#8563=FILL_AREA_STYLE('',(#8951));
#8564=FILL_AREA_STYLE('',(#8952));
#8565=FILL_AREA_STYLE('',(#8953));
#8566=FILL_AREA_STYLE('',(#8954));
#8567=FILL_AREA_STYLE('',(#8955));
#8568=FILL_AREA_STYLE('',(#8956));
#8569=FILL_AREA_STYLE('',(#8957));
#8570=FILL_AREA_STYLE('',(#8958));
#8571=FILL_AREA_STYLE('',(#8959));
#8572=FILL_AREA_STYLE('',(#8960));
#8573=FILL_AREA_STYLE('',(#8961));
#8574=FILL_AREA_STYLE('',(#8962));
#8575=FILL_AREA_STYLE('',(#8963));
#8576=FILL_AREA_STYLE('',(#8964));
#8577=FILL_AREA_STYLE('',(#8965));
#8578=FILL_AREA_STYLE('',(#8966));
#8579=FILL_AREA_STYLE('',(#8967));
#8580=FILL_AREA_STYLE('',(#8968));
#8581=FILL_AREA_STYLE('',(#8969));
#8582=FILL_AREA_STYLE('',(#8970));
#8583=FILL_AREA_STYLE('',(#8971));
#8584=FILL_AREA_STYLE('',(#8972));
#8585=FILL_AREA_STYLE('',(#8973));
#8586=FILL_AREA_STYLE('',(#8974));
#8587=FILL_AREA_STYLE('',(#8975));
#8588=FILL_AREA_STYLE('',(#8976));
#8589=FILL_AREA_STYLE('',(#8977));
#8590=FILL_AREA_STYLE('',(#8978));
#8591=FILL_AREA_STYLE('',(#8979));
#8592=FILL_AREA_STYLE('',(#8980));
#8593=FILL_AREA_STYLE('',(#8981));
#8594=FILL_AREA_STYLE('',(#8982));
#8595=FILL_AREA_STYLE('',(#8983));
#8596=FILL_AREA_STYLE('',(#8984));
#8597=FILL_AREA_STYLE('',(#8985));
#8598=FILL_AREA_STYLE('',(#8986));
#8599=FILL_AREA_STYLE('',(#8987));
#8600=FILL_AREA_STYLE('',(#8988));
#8601=FILL_AREA_STYLE('',(#8989));
#8602=FILL_AREA_STYLE('',(#8990));
#8603=FILL_AREA_STYLE('',(#8991));
#8604=FILL_AREA_STYLE('',(#8992));
#8605=FILL_AREA_STYLE('',(#8993));
#8606=FILL_AREA_STYLE('',(#8994));
#8607=FILL_AREA_STYLE('',(#8995));
#8608=FILL_AREA_STYLE('',(#8996));
#8609=FILL_AREA_STYLE('',(#8997));
#8610=FILL_AREA_STYLE('',(#8998));
#8611=FILL_AREA_STYLE('',(#8999));
#8612=FILL_AREA_STYLE('',(#9000));
#8613=FILL_AREA_STYLE('',(#9001));
#8614=FILL_AREA_STYLE('',(#9002));
#8615=FILL_AREA_STYLE('',(#9003));
#8616=FILL_AREA_STYLE('',(#9004));
#8617=FILL_AREA_STYLE('',(#9005));
#8618=FILL_AREA_STYLE('',(#9006));
#8619=FILL_AREA_STYLE('',(#9007));
#8620=FILL_AREA_STYLE('',(#9008));
#8621=FILL_AREA_STYLE('',(#9009));
#8622=FILL_AREA_STYLE('',(#9010));
#8623=FILL_AREA_STYLE('',(#9011));
#8624=FILL_AREA_STYLE('',(#9012));
#8625=FILL_AREA_STYLE('',(#9013));
#8626=FILL_AREA_STYLE('',(#9014));
#8627=FILL_AREA_STYLE('',(#9015));
#8628=FILL_AREA_STYLE('',(#9016));
#8629=FILL_AREA_STYLE('',(#9017));
#8630=FILL_AREA_STYLE('',(#9018));
#8631=FILL_AREA_STYLE('',(#9019));
#8632=FILL_AREA_STYLE('',(#9020));
#8633=FILL_AREA_STYLE('',(#9021));
#8634=FILL_AREA_STYLE('',(#9022));
#8635=FILL_AREA_STYLE('',(#9023));
#8636=FILL_AREA_STYLE('',(#9024));
#8637=FILL_AREA_STYLE('',(#9025));
#8638=FILL_AREA_STYLE('',(#9026));
#8639=FILL_AREA_STYLE('',(#9027));
#8640=FILL_AREA_STYLE('',(#9028));
#8641=FILL_AREA_STYLE('',(#9029));
#8642=FILL_AREA_STYLE('',(#9030));
#8643=FILL_AREA_STYLE('',(#9031));
#8644=FILL_AREA_STYLE('',(#9032));
#8645=FILL_AREA_STYLE('',(#9033));
#8646=FILL_AREA_STYLE('',(#9034));
#8647=FILL_AREA_STYLE('',(#9035));
#8648=FILL_AREA_STYLE('',(#9036));
#8649=FILL_AREA_STYLE('',(#9037));
#8650=FILL_AREA_STYLE('',(#9038));
#8651=FILL_AREA_STYLE('',(#9039));
#8652=FILL_AREA_STYLE('',(#9040));
#8653=FILL_AREA_STYLE('',(#9041));
#8654=FILL_AREA_STYLE('',(#9042));
#8655=FILL_AREA_STYLE('',(#9043));
#8656=FILL_AREA_STYLE('',(#9044));
#8657=FILL_AREA_STYLE('',(#9045));
#8658=FILL_AREA_STYLE('',(#9046));
#8659=FILL_AREA_STYLE('',(#9047));
#8660=FILL_AREA_STYLE('',(#9048));
#8661=FILL_AREA_STYLE('',(#9049));
#8662=FILL_AREA_STYLE('',(#9050));
#8663=FILL_AREA_STYLE('',(#9051));
#8664=FILL_AREA_STYLE('',(#9052));
#8665=FILL_AREA_STYLE('',(#9053));
#8666=FILL_AREA_STYLE('',(#9054));
#8667=FILL_AREA_STYLE('',(#9055));
#8668=FILL_AREA_STYLE('',(#9056));
#8669=FILL_AREA_STYLE('',(#9057));
#8670=FILL_AREA_STYLE('',(#9058));
#8671=FILL_AREA_STYLE('',(#9059));
#8672=FILL_AREA_STYLE('',(#9060));
#8673=FILL_AREA_STYLE('',(#9061));
#8674=FILL_AREA_STYLE('',(#9062));
#8675=FILL_AREA_STYLE('',(#9063));
#8676=FILL_AREA_STYLE('',(#9064));
#8677=FILL_AREA_STYLE('',(#9065));
#8678=FILL_AREA_STYLE('',(#9066));
#8679=FILL_AREA_STYLE('',(#9067));
#8680=FILL_AREA_STYLE('',(#9068));
#8681=FILL_AREA_STYLE('',(#9069));
#8682=FILL_AREA_STYLE('',(#9070));
#8683=FILL_AREA_STYLE('',(#9071));
#8684=FILL_AREA_STYLE('',(#9072));
#8685=FILL_AREA_STYLE('',(#9073));
#8686=FILL_AREA_STYLE('',(#9074));
#8687=FILL_AREA_STYLE('',(#9075));
#8688=FILL_AREA_STYLE('',(#9076));
#8689=FILL_AREA_STYLE('',(#9077));
#8690=FILL_AREA_STYLE('',(#9078));
#8691=FILL_AREA_STYLE('',(#9079));
#8692=FILL_AREA_STYLE('',(#9080));
#8693=FILL_AREA_STYLE('',(#9081));
#8694=FILL_AREA_STYLE('',(#9082));
#8695=FILL_AREA_STYLE('',(#9083));
#8696=FILL_AREA_STYLE('',(#9084));
#8697=FILL_AREA_STYLE('',(#9085));
#8698=FILL_AREA_STYLE('',(#9086));
#8699=FILL_AREA_STYLE('',(#9087));
#8700=FILL_AREA_STYLE('',(#9088));
#8701=FILL_AREA_STYLE('',(#9089));
#8702=FILL_AREA_STYLE('',(#9090));
#8703=FILL_AREA_STYLE('',(#9091));
#8704=FILL_AREA_STYLE('',(#9092));
#8705=FILL_AREA_STYLE('',(#9093));
#8706=FILL_AREA_STYLE('',(#9094));
#8707=FILL_AREA_STYLE('',(#9095));
#8708=FILL_AREA_STYLE('',(#9096));
#8709=FILL_AREA_STYLE('',(#9097));
#8710=FILL_AREA_STYLE('',(#9098));
#8711=FILL_AREA_STYLE('',(#9099));
#8712=FILL_AREA_STYLE('',(#9100));
#8713=FILL_AREA_STYLE('',(#9101));
#8714=FILL_AREA_STYLE('',(#9102));
#8715=FILL_AREA_STYLE('',(#9103));
#8716=FILL_AREA_STYLE('',(#9104));
#8717=FILL_AREA_STYLE('',(#9105));
#8718=FILL_AREA_STYLE('',(#9106));
#8719=FILL_AREA_STYLE('',(#9107));
#8720=FILL_AREA_STYLE('',(#9108));
#8721=FILL_AREA_STYLE('',(#9109));
#8722=FILL_AREA_STYLE('',(#9110));
#8723=FILL_AREA_STYLE('',(#9111));
#8724=FILL_AREA_STYLE('',(#9112));
#8725=FILL_AREA_STYLE('',(#9113));
#8726=FILL_AREA_STYLE('',(#9114));
#8727=FILL_AREA_STYLE('',(#9115));
#8728=FILL_AREA_STYLE('',(#9116));
#8729=FILL_AREA_STYLE('',(#9117));
#8730=FILL_AREA_STYLE('',(#9118));
#8731=FILL_AREA_STYLE('',(#9119));
#8732=FILL_AREA_STYLE('',(#9120));
#8733=FILL_AREA_STYLE('',(#9121));
#8734=FILL_AREA_STYLE('',(#9122));
#8735=FILL_AREA_STYLE('',(#9123));
#8736=FILL_AREA_STYLE('',(#9124));
#8737=FILL_AREA_STYLE('',(#9125));
#8738=FILL_AREA_STYLE('',(#9126));
#8739=FILL_AREA_STYLE('',(#9127));
#8740=FILL_AREA_STYLE('',(#9128));
#8741=FILL_AREA_STYLE('',(#9129));
#8742=FILL_AREA_STYLE('',(#9130));
#8743=FILL_AREA_STYLE('',(#9131));
#8744=FILL_AREA_STYLE('',(#9132));
#8745=FILL_AREA_STYLE('',(#9133));
#8746=FILL_AREA_STYLE('',(#9134));
#8747=FILL_AREA_STYLE('',(#9135));
#8748=FILL_AREA_STYLE('',(#9136));
#8749=FILL_AREA_STYLE('',(#9137));
#8750=FILL_AREA_STYLE('',(#9138));
#8751=FILL_AREA_STYLE('',(#9139));
#8752=FILL_AREA_STYLE('',(#9140));
#8753=FILL_AREA_STYLE('',(#9141));
#8754=FILL_AREA_STYLE('',(#9142));
#8755=FILL_AREA_STYLE('',(#9143));
#8756=FILL_AREA_STYLE('',(#9144));
#8757=FILL_AREA_STYLE('',(#9145));
#8758=FILL_AREA_STYLE('',(#9146));
#8759=FILL_AREA_STYLE('',(#9147));
#8760=FILL_AREA_STYLE('',(#9148));
#8761=FILL_AREA_STYLE('',(#9149));
#8762=FILL_AREA_STYLE('',(#9150));
#8763=FILL_AREA_STYLE('',(#9151));
#8764=FILL_AREA_STYLE('',(#9152));
#8765=FILL_AREA_STYLE('',(#9153));
#8766=FILL_AREA_STYLE('',(#9154));
#8767=FILL_AREA_STYLE('',(#9155));
#8768=FILL_AREA_STYLE('',(#9156));
#8769=FILL_AREA_STYLE('',(#9157));
#8770=FILL_AREA_STYLE('',(#9158));
#8771=FILL_AREA_STYLE('',(#9159));
#8772=FILL_AREA_STYLE('',(#9160));
#8773=FILL_AREA_STYLE('',(#9161));
#8774=FILL_AREA_STYLE('',(#9162));
#8775=FILL_AREA_STYLE('',(#9163));
#8776=FILL_AREA_STYLE('',(#9164));
#8777=FILL_AREA_STYLE('',(#9165));
#8778=FILL_AREA_STYLE('',(#9166));
#8779=FILL_AREA_STYLE('',(#9167));
#8780=FILL_AREA_STYLE('',(#9168));
#8781=FILL_AREA_STYLE('',(#9169));
#8782=FILL_AREA_STYLE('',(#9170));
#8783=FILL_AREA_STYLE('',(#9171));
#8784=FILL_AREA_STYLE('',(#9172));
#8785=FILL_AREA_STYLE('',(#9173));
#8786=FILL_AREA_STYLE('',(#9174));
#8787=FILL_AREA_STYLE('',(#9175));
#8788=FILL_AREA_STYLE('',(#9176));
#8789=FILL_AREA_STYLE('',(#9177));
#8790=FILL_AREA_STYLE('',(#9178));
#8791=FILL_AREA_STYLE('',(#9179));
#8792=FILL_AREA_STYLE('',(#9180));
#8793=FILL_AREA_STYLE('',(#9181));
#8794=FILL_AREA_STYLE('',(#9182));
#8795=FILL_AREA_STYLE('',(#9183));
#8796=FILL_AREA_STYLE('',(#9184));
#8797=FILL_AREA_STYLE('',(#9185));
#8798=FILL_AREA_STYLE('',(#9186));
#8799=FILL_AREA_STYLE('',(#9187));
#8800=FILL_AREA_STYLE('',(#9188));
#8801=FILL_AREA_STYLE('',(#9189));
#8802=FILL_AREA_STYLE('',(#9190));
#8803=FILL_AREA_STYLE('',(#9191));
#8804=FILL_AREA_STYLE('',(#9192));
#8805=FILL_AREA_STYLE('',(#9193));
#8806=FILL_AREA_STYLE('',(#9194));
#8807=FILL_AREA_STYLE('',(#9195));
#8808=FILL_AREA_STYLE('',(#9196));
#8809=FILL_AREA_STYLE('',(#9197));
#8810=FILL_AREA_STYLE('',(#9198));
#8811=FILL_AREA_STYLE('',(#9199));
#8812=FILL_AREA_STYLE('',(#9200));
#8813=FILL_AREA_STYLE('',(#9201));
#8814=FILL_AREA_STYLE('',(#9202));
#8815=FILL_AREA_STYLE('',(#9203));
#8816=FILL_AREA_STYLE('',(#9204));
#8817=FILL_AREA_STYLE('',(#9205));
#8818=FILL_AREA_STYLE('',(#9206));
#8819=FILL_AREA_STYLE('',(#9207));
#8820=FILL_AREA_STYLE('',(#9208));
#8821=FILL_AREA_STYLE('',(#9209));
#8822=FILL_AREA_STYLE('',(#9210));
#8823=FILL_AREA_STYLE('',(#9211));
#8824=FILL_AREA_STYLE('',(#9212));
#8825=FILL_AREA_STYLE('',(#9213));
#8826=FILL_AREA_STYLE('',(#9214));
#8827=FILL_AREA_STYLE('',(#9215));
#8828=FILL_AREA_STYLE('',(#9216));
#8829=FILL_AREA_STYLE('',(#9217));
#8830=FILL_AREA_STYLE('',(#9218));
#8831=FILL_AREA_STYLE('',(#9219));
#8832=FILL_AREA_STYLE('',(#9220));
#8833=FILL_AREA_STYLE('',(#9221));
#8834=FILL_AREA_STYLE('',(#9222));
#8835=FILL_AREA_STYLE('',(#9223));
#8836=FILL_AREA_STYLE('',(#9224));
#8837=FILL_AREA_STYLE('',(#9225));
#8838=FILL_AREA_STYLE('',(#9226));
#8839=FILL_AREA_STYLE('',(#9227));
#8840=FILL_AREA_STYLE('',(#9228));
#8841=FILL_AREA_STYLE('',(#9229));
#8842=FILL_AREA_STYLE('',(#9230));
#8843=FILL_AREA_STYLE('',(#9231));
#8844=FILL_AREA_STYLE('',(#9232));
#8845=FILL_AREA_STYLE('',(#9233));
#8846=FILL_AREA_STYLE('',(#9234));
#8847=FILL_AREA_STYLE('',(#9235));
#8848=FILL_AREA_STYLE('',(#9236));
#8849=FILL_AREA_STYLE('',(#9237));
#8850=FILL_AREA_STYLE('',(#9238));
#8851=FILL_AREA_STYLE('',(#9239));
#8852=FILL_AREA_STYLE('',(#9240));
#8853=FILL_AREA_STYLE('',(#9241));
#8854=FILL_AREA_STYLE('',(#9242));
#8855=FILL_AREA_STYLE('',(#9243));
#8856=FILL_AREA_STYLE('',(#9244));
#8857=FILL_AREA_STYLE('',(#9245));
#8858=FILL_AREA_STYLE('',(#9246));
#8859=FILL_AREA_STYLE('',(#9247));
#8860=FILL_AREA_STYLE('',(#9248));
#8861=FILL_AREA_STYLE('',(#9249));
#8862=FILL_AREA_STYLE('',(#9250));
#8863=FILL_AREA_STYLE('',(#9251));
#8864=FILL_AREA_STYLE('',(#9252));
#8865=FILL_AREA_STYLE('',(#9253));
#8866=FILL_AREA_STYLE('',(#9254));
#8867=FILL_AREA_STYLE('',(#9255));
#8868=FILL_AREA_STYLE('',(#9256));
#8869=FILL_AREA_STYLE('',(#9257));
#8870=FILL_AREA_STYLE('',(#9258));
#8871=FILL_AREA_STYLE('',(#9259));
#8872=FILL_AREA_STYLE('',(#9260));
#8873=FILL_AREA_STYLE('',(#9261));
#8874=FILL_AREA_STYLE('',(#9262));
#8875=FILL_AREA_STYLE('',(#9263));
#8876=FILL_AREA_STYLE('',(#9264));
#8877=FILL_AREA_STYLE('',(#9265));
#8878=FILL_AREA_STYLE('',(#9266));
#8879=FILL_AREA_STYLE('',(#9267));
#8880=FILL_AREA_STYLE('',(#9268));
#8881=FILL_AREA_STYLE_COLOUR('',#9269);
#8882=FILL_AREA_STYLE_COLOUR('',#9269);
#8883=FILL_AREA_STYLE_COLOUR('',#9269);
#8884=FILL_AREA_STYLE_COLOUR('',#9269);
#8885=FILL_AREA_STYLE_COLOUR('',#9269);
#8886=FILL_AREA_STYLE_COLOUR('',#9269);
#8887=FILL_AREA_STYLE_COLOUR('',#9269);
#8888=FILL_AREA_STYLE_COLOUR('',#9269);
#8889=FILL_AREA_STYLE_COLOUR('',#9269);
#8890=FILL_AREA_STYLE_COLOUR('',#9269);
#8891=FILL_AREA_STYLE_COLOUR('',#9269);
#8892=FILL_AREA_STYLE_COLOUR('',#9269);
#8893=FILL_AREA_STYLE_COLOUR('',#9269);
#8894=FILL_AREA_STYLE_COLOUR('',#9269);
#8895=FILL_AREA_STYLE_COLOUR('',#9269);
#8896=FILL_AREA_STYLE_COLOUR('',#9269);
#8897=FILL_AREA_STYLE_COLOUR('',#9269);
#8898=FILL_AREA_STYLE_COLOUR('',#9269);
#8899=FILL_AREA_STYLE_COLOUR('',#9269);
#8900=FILL_AREA_STYLE_COLOUR('',#9269);
#8901=FILL_AREA_STYLE_COLOUR('',#9269);
#8902=FILL_AREA_STYLE_COLOUR('',#9269);
#8903=FILL_AREA_STYLE_COLOUR('',#9269);
#8904=FILL_AREA_STYLE_COLOUR('',#9269);
#8905=FILL_AREA_STYLE_COLOUR('',#9269);
#8906=FILL_AREA_STYLE_COLOUR('',#9269);
#8907=FILL_AREA_STYLE_COLOUR('',#9269);
#8908=FILL_AREA_STYLE_COLOUR('',#9269);
#8909=FILL_AREA_STYLE_COLOUR('',#9269);
#8910=FILL_AREA_STYLE_COLOUR('',#9269);
#8911=FILL_AREA_STYLE_COLOUR('',#9269);
#8912=FILL_AREA_STYLE_COLOUR('',#9269);
#8913=FILL_AREA_STYLE_COLOUR('',#9269);
#8914=FILL_AREA_STYLE_COLOUR('',#9269);
#8915=FILL_AREA_STYLE_COLOUR('',#9269);
#8916=FILL_AREA_STYLE_COLOUR('',#9269);
#8917=FILL_AREA_STYLE_COLOUR('',#9269);
#8918=FILL_AREA_STYLE_COLOUR('',#9269);
#8919=FILL_AREA_STYLE_COLOUR('',#9269);
#8920=FILL_AREA_STYLE_COLOUR('',#9269);
#8921=FILL_AREA_STYLE_COLOUR('',#9269);
#8922=FILL_AREA_STYLE_COLOUR('',#9269);
#8923=FILL_AREA_STYLE_COLOUR('',#9269);
#8924=FILL_AREA_STYLE_COLOUR('',#9269);
#8925=FILL_AREA_STYLE_COLOUR('',#9269);
#8926=FILL_AREA_STYLE_COLOUR('',#9269);
#8927=FILL_AREA_STYLE_COLOUR('',#9269);
#8928=FILL_AREA_STYLE_COLOUR('',#9269);
#8929=FILL_AREA_STYLE_COLOUR('',#9269);
#8930=FILL_AREA_STYLE_COLOUR('',#9269);
#8931=FILL_AREA_STYLE_COLOUR('',#9269);
#8932=FILL_AREA_STYLE_COLOUR('',#9269);
#8933=FILL_AREA_STYLE_COLOUR('',#9269);
#8934=FILL_AREA_STYLE_COLOUR('',#9269);
#8935=FILL_AREA_STYLE_COLOUR('',#9269);
#8936=FILL_AREA_STYLE_COLOUR('',#9269);
#8937=FILL_AREA_STYLE_COLOUR('',#9269);
#8938=FILL_AREA_STYLE_COLOUR('',#9269);
#8939=FILL_AREA_STYLE_COLOUR('',#9269);
#8940=FILL_AREA_STYLE_COLOUR('',#9269);
#8941=FILL_AREA_STYLE_COLOUR('',#9269);
#8942=FILL_AREA_STYLE_COLOUR('',#9269);
#8943=FILL_AREA_STYLE_COLOUR('',#9269);
#8944=FILL_AREA_STYLE_COLOUR('',#9269);
#8945=FILL_AREA_STYLE_COLOUR('',#9269);
#8946=FILL_AREA_STYLE_COLOUR('',#9269);
#8947=FILL_AREA_STYLE_COLOUR('',#9269);
#8948=FILL_AREA_STYLE_COLOUR('',#9269);
#8949=FILL_AREA_STYLE_COLOUR('',#9269);
#8950=FILL_AREA_STYLE_COLOUR('',#9269);
#8951=FILL_AREA_STYLE_COLOUR('',#9269);
#8952=FILL_AREA_STYLE_COLOUR('',#9269);
#8953=FILL_AREA_STYLE_COLOUR('',#9269);
#8954=FILL_AREA_STYLE_COLOUR('',#9269);
#8955=FILL_AREA_STYLE_COLOUR('',#9269);
#8956=FILL_AREA_STYLE_COLOUR('',#9269);
#8957=FILL_AREA_STYLE_COLOUR('',#9269);
#8958=FILL_AREA_STYLE_COLOUR('',#9269);
#8959=FILL_AREA_STYLE_COLOUR('',#9269);
#8960=FILL_AREA_STYLE_COLOUR('',#9269);
#8961=FILL_AREA_STYLE_COLOUR('',#9269);
#8962=FILL_AREA_STYLE_COLOUR('',#9269);
#8963=FILL_AREA_STYLE_COLOUR('',#9269);
#8964=FILL_AREA_STYLE_COLOUR('',#9269);
#8965=FILL_AREA_STYLE_COLOUR('',#9269);
#8966=FILL_AREA_STYLE_COLOUR('',#9269);
#8967=FILL_AREA_STYLE_COLOUR('',#9270);
#8968=FILL_AREA_STYLE_COLOUR('',#9270);
#8969=FILL_AREA_STYLE_COLOUR('',#9270);
#8970=FILL_AREA_STYLE_COLOUR('',#9270);
#8971=FILL_AREA_STYLE_COLOUR('',#9270);
#8972=FILL_AREA_STYLE_COLOUR('',#9270);
#8973=FILL_AREA_STYLE_COLOUR('',#9269);
#8974=FILL_AREA_STYLE_COLOUR('',#9270);
#8975=FILL_AREA_STYLE_COLOUR('',#9270);
#8976=FILL_AREA_STYLE_COLOUR('',#9270);
#8977=FILL_AREA_STYLE_COLOUR('',#9269);
#8978=FILL_AREA_STYLE_COLOUR('',#9269);
#8979=FILL_AREA_STYLE_COLOUR('',#9269);
#8980=FILL_AREA_STYLE_COLOUR('',#9269);
#8981=FILL_AREA_STYLE_COLOUR('',#9269);
#8982=FILL_AREA_STYLE_COLOUR('',#9269);
#8983=FILL_AREA_STYLE_COLOUR('',#9269);
#8984=FILL_AREA_STYLE_COLOUR('',#9269);
#8985=FILL_AREA_STYLE_COLOUR('',#9269);
#8986=FILL_AREA_STYLE_COLOUR('',#9269);
#8987=FILL_AREA_STYLE_COLOUR('',#9269);
#8988=FILL_AREA_STYLE_COLOUR('',#9269);
#8989=FILL_AREA_STYLE_COLOUR('',#9269);
#8990=FILL_AREA_STYLE_COLOUR('',#9269);
#8991=FILL_AREA_STYLE_COLOUR('',#9269);
#8992=FILL_AREA_STYLE_COLOUR('',#9269);
#8993=FILL_AREA_STYLE_COLOUR('',#9269);
#8994=FILL_AREA_STYLE_COLOUR('',#9269);
#8995=FILL_AREA_STYLE_COLOUR('',#9269);
#8996=FILL_AREA_STYLE_COLOUR('',#9269);
#8997=FILL_AREA_STYLE_COLOUR('',#9269);
#8998=FILL_AREA_STYLE_COLOUR('',#9269);
#8999=FILL_AREA_STYLE_COLOUR('',#9269);
#9000=FILL_AREA_STYLE_COLOUR('',#9269);
#9001=FILL_AREA_STYLE_COLOUR('',#9269);
#9002=FILL_AREA_STYLE_COLOUR('',#9269);
#9003=FILL_AREA_STYLE_COLOUR('',#9269);
#9004=FILL_AREA_STYLE_COLOUR('',#9269);
#9005=FILL_AREA_STYLE_COLOUR('',#9269);
#9006=FILL_AREA_STYLE_COLOUR('',#9269);
#9007=FILL_AREA_STYLE_COLOUR('',#9269);
#9008=FILL_AREA_STYLE_COLOUR('',#9269);
#9009=FILL_AREA_STYLE_COLOUR('',#9269);
#9010=FILL_AREA_STYLE_COLOUR('',#9269);
#9011=FILL_AREA_STYLE_COLOUR('',#9269);
#9012=FILL_AREA_STYLE_COLOUR('',#9269);
#9013=FILL_AREA_STYLE_COLOUR('',#9269);
#9014=FILL_AREA_STYLE_COLOUR('',#9269);
#9015=FILL_AREA_STYLE_COLOUR('',#9269);
#9016=FILL_AREA_STYLE_COLOUR('',#9269);
#9017=FILL_AREA_STYLE_COLOUR('',#9269);
#9018=FILL_AREA_STYLE_COLOUR('',#9269);
#9019=FILL_AREA_STYLE_COLOUR('',#9270);
#9020=FILL_AREA_STYLE_COLOUR('',#9270);
#9021=FILL_AREA_STYLE_COLOUR('',#9270);
#9022=FILL_AREA_STYLE_COLOUR('',#9270);
#9023=FILL_AREA_STYLE_COLOUR('',#9270);
#9024=FILL_AREA_STYLE_COLOUR('',#9270);
#9025=FILL_AREA_STYLE_COLOUR('',#9270);
#9026=FILL_AREA_STYLE_COLOUR('',#9270);
#9027=FILL_AREA_STYLE_COLOUR('',#9270);
#9028=FILL_AREA_STYLE_COLOUR('',#9270);
#9029=FILL_AREA_STYLE_COLOUR('',#9269);
#9030=FILL_AREA_STYLE_COLOUR('',#9269);
#9031=FILL_AREA_STYLE_COLOUR('',#9269);
#9032=FILL_AREA_STYLE_COLOUR('',#9269);
#9033=FILL_AREA_STYLE_COLOUR('',#9271);
#9034=FILL_AREA_STYLE_COLOUR('',#9271);
#9035=FILL_AREA_STYLE_COLOUR('',#9271);
#9036=FILL_AREA_STYLE_COLOUR('',#9271);
#9037=FILL_AREA_STYLE_COLOUR('',#9271);
#9038=FILL_AREA_STYLE_COLOUR('',#9272);
#9039=FILL_AREA_STYLE_COLOUR('',#9272);
#9040=FILL_AREA_STYLE_COLOUR('',#9272);
#9041=FILL_AREA_STYLE_COLOUR('',#9272);
#9042=FILL_AREA_STYLE_COLOUR('',#9272);
#9043=FILL_AREA_STYLE_COLOUR('',#9272);
#9044=FILL_AREA_STYLE_COLOUR('',#9272);
#9045=FILL_AREA_STYLE_COLOUR('',#9272);
#9046=FILL_AREA_STYLE_COLOUR('',#9272);
#9047=FILL_AREA_STYLE_COLOUR('',#9272);
#9048=FILL_AREA_STYLE_COLOUR('',#9272);
#9049=FILL_AREA_STYLE_COLOUR('',#9271);
#9050=FILL_AREA_STYLE_COLOUR('',#9271);
#9051=FILL_AREA_STYLE_COLOUR('',#9271);
#9052=FILL_AREA_STYLE_COLOUR('',#9271);
#9053=FILL_AREA_STYLE_COLOUR('',#9271);
#9054=FILL_AREA_STYLE_COLOUR('',#9272);
#9055=FILL_AREA_STYLE_COLOUR('',#9272);
#9056=FILL_AREA_STYLE_COLOUR('',#9272);
#9057=FILL_AREA_STYLE_COLOUR('',#9272);
#9058=FILL_AREA_STYLE_COLOUR('',#9272);
#9059=FILL_AREA_STYLE_COLOUR('',#9272);
#9060=FILL_AREA_STYLE_COLOUR('',#9272);
#9061=FILL_AREA_STYLE_COLOUR('',#9272);
#9062=FILL_AREA_STYLE_COLOUR('',#9272);
#9063=FILL_AREA_STYLE_COLOUR('',#9272);
#9064=FILL_AREA_STYLE_COLOUR('',#9272);
#9065=FILL_AREA_STYLE_COLOUR('',#9272);
#9066=FILL_AREA_STYLE_COLOUR('',#9272);
#9067=FILL_AREA_STYLE_COLOUR('',#9272);
#9068=FILL_AREA_STYLE_COLOUR('',#9272);
#9069=FILL_AREA_STYLE_COLOUR('',#9272);
#9070=FILL_AREA_STYLE_COLOUR('',#9272);
#9071=FILL_AREA_STYLE_COLOUR('',#9272);
#9072=FILL_AREA_STYLE_COLOUR('',#9272);
#9073=FILL_AREA_STYLE_COLOUR('',#9271);
#9074=FILL_AREA_STYLE_COLOUR('',#9271);
#9075=FILL_AREA_STYLE_COLOUR('',#9271);
#9076=FILL_AREA_STYLE_COLOUR('',#9271);
#9077=FILL_AREA_STYLE_COLOUR('',#9271);
#9078=FILL_AREA_STYLE_COLOUR('',#9271);
#9079=FILL_AREA_STYLE_COLOUR('',#9272);
#9080=FILL_AREA_STYLE_COLOUR('',#9272);
#9081=FILL_AREA_STYLE_COLOUR('',#9272);
#9082=FILL_AREA_STYLE_COLOUR('',#9272);
#9083=FILL_AREA_STYLE_COLOUR('',#9272);
#9084=FILL_AREA_STYLE_COLOUR('',#9271);
#9085=FILL_AREA_STYLE_COLOUR('',#9271);
#9086=FILL_AREA_STYLE_COLOUR('',#9271);
#9087=FILL_AREA_STYLE_COLOUR('',#9271);
#9088=FILL_AREA_STYLE_COLOUR('',#9271);
#9089=FILL_AREA_STYLE_COLOUR('',#9271);
#9090=FILL_AREA_STYLE_COLOUR('',#9271);
#9091=FILL_AREA_STYLE_COLOUR('',#9271);
#9092=FILL_AREA_STYLE_COLOUR('',#9271);
#9093=FILL_AREA_STYLE_COLOUR('',#9271);
#9094=FILL_AREA_STYLE_COLOUR('',#9271);
#9095=FILL_AREA_STYLE_COLOUR('',#9271);
#9096=FILL_AREA_STYLE_COLOUR('',#9271);
#9097=FILL_AREA_STYLE_COLOUR('',#9272);
#9098=FILL_AREA_STYLE_COLOUR('',#9272);
#9099=FILL_AREA_STYLE_COLOUR('',#9272);
#9100=FILL_AREA_STYLE_COLOUR('',#9272);
#9101=FILL_AREA_STYLE_COLOUR('',#9272);
#9102=FILL_AREA_STYLE_COLOUR('',#9272);
#9103=FILL_AREA_STYLE_COLOUR('',#9272);
#9104=FILL_AREA_STYLE_COLOUR('',#9272);
#9105=FILL_AREA_STYLE_COLOUR('',#9272);
#9106=FILL_AREA_STYLE_COLOUR('',#9272);
#9107=FILL_AREA_STYLE_COLOUR('',#9272);
#9108=FILL_AREA_STYLE_COLOUR('',#9272);
#9109=FILL_AREA_STYLE_COLOUR('',#9272);
#9110=FILL_AREA_STYLE_COLOUR('',#9272);
#9111=FILL_AREA_STYLE_COLOUR('',#9272);
#9112=FILL_AREA_STYLE_COLOUR('',#9272);
#9113=FILL_AREA_STYLE_COLOUR('',#9272);
#9114=FILL_AREA_STYLE_COLOUR('',#9271);
#9115=FILL_AREA_STYLE_COLOUR('',#9271);
#9116=FILL_AREA_STYLE_COLOUR('',#9271);
#9117=FILL_AREA_STYLE_COLOUR('',#9271);
#9118=FILL_AREA_STYLE_COLOUR('',#9271);
#9119=FILL_AREA_STYLE_COLOUR('',#9271);
#9120=FILL_AREA_STYLE_COLOUR('',#9271);
#9121=FILL_AREA_STYLE_COLOUR('',#9273);
#9122=FILL_AREA_STYLE_COLOUR('',#9273);
#9123=FILL_AREA_STYLE_COLOUR('',#9273);
#9124=FILL_AREA_STYLE_COLOUR('',#9273);
#9125=FILL_AREA_STYLE_COLOUR('',#9273);
#9126=FILL_AREA_STYLE_COLOUR('',#9273);
#9127=FILL_AREA_STYLE_COLOUR('',#9273);
#9128=FILL_AREA_STYLE_COLOUR('',#9273);
#9129=FILL_AREA_STYLE_COLOUR('',#20);
#9130=FILL_AREA_STYLE_COLOUR('',#20);
#9131=FILL_AREA_STYLE_COLOUR('',#20);
#9132=FILL_AREA_STYLE_COLOUR('',#20);
#9133=FILL_AREA_STYLE_COLOUR('',#20);
#9134=FILL_AREA_STYLE_COLOUR('',#20);
#9135=FILL_AREA_STYLE_COLOUR('',#20);
#9136=FILL_AREA_STYLE_COLOUR('',#20);
#9137=FILL_AREA_STYLE_COLOUR('',#20);
#9138=FILL_AREA_STYLE_COLOUR('',#20);
#9139=FILL_AREA_STYLE_COLOUR('',#20);
#9140=FILL_AREA_STYLE_COLOUR('',#20);
#9141=FILL_AREA_STYLE_COLOUR('',#20);
#9142=FILL_AREA_STYLE_COLOUR('',#20);
#9143=FILL_AREA_STYLE_COLOUR('',#20);
#9144=FILL_AREA_STYLE_COLOUR('',#20);
#9145=FILL_AREA_STYLE_COLOUR('',#20);
#9146=FILL_AREA_STYLE_COLOUR('',#20);
#9147=FILL_AREA_STYLE_COLOUR('',#20);
#9148=FILL_AREA_STYLE_COLOUR('',#20);
#9149=FILL_AREA_STYLE_COLOUR('',#20);
#9150=FILL_AREA_STYLE_COLOUR('',#20);
#9151=FILL_AREA_STYLE_COLOUR('',#20);
#9152=FILL_AREA_STYLE_COLOUR('',#20);
#9153=FILL_AREA_STYLE_COLOUR('',#20);
#9154=FILL_AREA_STYLE_COLOUR('',#20);
#9155=FILL_AREA_STYLE_COLOUR('',#20);
#9156=FILL_AREA_STYLE_COLOUR('',#20);
#9157=FILL_AREA_STYLE_COLOUR('',#20);
#9158=FILL_AREA_STYLE_COLOUR('',#20);
#9159=FILL_AREA_STYLE_COLOUR('',#20);
#9160=FILL_AREA_STYLE_COLOUR('',#20);
#9161=FILL_AREA_STYLE_COLOUR('',#20);
#9162=FILL_AREA_STYLE_COLOUR('',#20);
#9163=FILL_AREA_STYLE_COLOUR('',#20);
#9164=FILL_AREA_STYLE_COLOUR('',#20);
#9165=FILL_AREA_STYLE_COLOUR('',#20);
#9166=FILL_AREA_STYLE_COLOUR('',#20);
#9167=FILL_AREA_STYLE_COLOUR('',#20);
#9168=FILL_AREA_STYLE_COLOUR('',#20);
#9169=FILL_AREA_STYLE_COLOUR('',#20);
#9170=FILL_AREA_STYLE_COLOUR('',#20);
#9171=FILL_AREA_STYLE_COLOUR('',#20);
#9172=FILL_AREA_STYLE_COLOUR('',#20);
#9173=FILL_AREA_STYLE_COLOUR('',#20);
#9174=FILL_AREA_STYLE_COLOUR('',#20);
#9175=FILL_AREA_STYLE_COLOUR('',#20);
#9176=FILL_AREA_STYLE_COLOUR('',#20);
#9177=FILL_AREA_STYLE_COLOUR('',#20);
#9178=FILL_AREA_STYLE_COLOUR('',#20);
#9179=FILL_AREA_STYLE_COLOUR('',#20);
#9180=FILL_AREA_STYLE_COLOUR('',#20);
#9181=FILL_AREA_STYLE_COLOUR('',#20);
#9182=FILL_AREA_STYLE_COLOUR('',#20);
#9183=FILL_AREA_STYLE_COLOUR('',#20);
#9184=FILL_AREA_STYLE_COLOUR('',#20);
#9185=FILL_AREA_STYLE_COLOUR('',#20);
#9186=FILL_AREA_STYLE_COLOUR('',#20);
#9187=FILL_AREA_STYLE_COLOUR('',#20);
#9188=FILL_AREA_STYLE_COLOUR('',#20);
#9189=FILL_AREA_STYLE_COLOUR('',#20);
#9190=FILL_AREA_STYLE_COLOUR('',#20);
#9191=FILL_AREA_STYLE_COLOUR('',#20);
#9192=FILL_AREA_STYLE_COLOUR('',#20);
#9193=FILL_AREA_STYLE_COLOUR('',#20);
#9194=FILL_AREA_STYLE_COLOUR('',#20);
#9195=FILL_AREA_STYLE_COLOUR('',#20);
#9196=FILL_AREA_STYLE_COLOUR('',#20);
#9197=FILL_AREA_STYLE_COLOUR('',#20);
#9198=FILL_AREA_STYLE_COLOUR('',#20);
#9199=FILL_AREA_STYLE_COLOUR('',#20);
#9200=FILL_AREA_STYLE_COLOUR('',#20);
#9201=FILL_AREA_STYLE_COLOUR('',#20);
#9202=FILL_AREA_STYLE_COLOUR('',#20);
#9203=FILL_AREA_STYLE_COLOUR('',#20);
#9204=FILL_AREA_STYLE_COLOUR('',#20);
#9205=FILL_AREA_STYLE_COLOUR('',#20);
#9206=FILL_AREA_STYLE_COLOUR('',#20);
#9207=FILL_AREA_STYLE_COLOUR('',#20);
#9208=FILL_AREA_STYLE_COLOUR('',#9274);
#9209=FILL_AREA_STYLE_COLOUR('',#20);
#9210=FILL_AREA_STYLE_COLOUR('',#20);
#9211=FILL_AREA_STYLE_COLOUR('',#20);
#9212=FILL_AREA_STYLE_COLOUR('',#20);
#9213=FILL_AREA_STYLE_COLOUR('',#20);
#9214=FILL_AREA_STYLE_COLOUR('',#20);
#9215=FILL_AREA_STYLE_COLOUR('',#9274);
#9216=FILL_AREA_STYLE_COLOUR('',#9269);
#9217=FILL_AREA_STYLE_COLOUR('',#9269);
#9218=FILL_AREA_STYLE_COLOUR('',#9269);
#9219=FILL_AREA_STYLE_COLOUR('',#9269);
#9220=FILL_AREA_STYLE_COLOUR('',#9269);
#9221=FILL_AREA_STYLE_COLOUR('',#9269);
#9222=FILL_AREA_STYLE_COLOUR('',#9269);
#9223=FILL_AREA_STYLE_COLOUR('',#9275);
#9224=FILL_AREA_STYLE_COLOUR('',#9269);
#9225=FILL_AREA_STYLE_COLOUR('',#9269);
#9226=FILL_AREA_STYLE_COLOUR('',#9269);
#9227=FILL_AREA_STYLE_COLOUR('',#9269);
#9228=FILL_AREA_STYLE_COLOUR('',#9269);
#9229=FILL_AREA_STYLE_COLOUR('',#9269);
#9230=FILL_AREA_STYLE_COLOUR('',#9269);
#9231=FILL_AREA_STYLE_COLOUR('',#9269);
#9232=FILL_AREA_STYLE_COLOUR('',#9269);
#9233=FILL_AREA_STYLE_COLOUR('',#9269);
#9234=FILL_AREA_STYLE_COLOUR('',#9269);
#9235=FILL_AREA_STYLE_COLOUR('',#9269);
#9236=FILL_AREA_STYLE_COLOUR('',#9269);
#9237=FILL_AREA_STYLE_COLOUR('',#9269);
#9238=FILL_AREA_STYLE_COLOUR('',#9269);
#9239=FILL_AREA_STYLE_COLOUR('',#9269);
#9240=FILL_AREA_STYLE_COLOUR('',#9269);
#9241=FILL_AREA_STYLE_COLOUR('',#9269);
#9242=FILL_AREA_STYLE_COLOUR('',#9269);
#9243=FILL_AREA_STYLE_COLOUR('',#9269);
#9244=FILL_AREA_STYLE_COLOUR('',#9269);
#9245=FILL_AREA_STYLE_COLOUR('',#9269);
#9246=FILL_AREA_STYLE_COLOUR('',#9269);
#9247=FILL_AREA_STYLE_COLOUR('',#9269);
#9248=FILL_AREA_STYLE_COLOUR('',#9269);
#9249=FILL_AREA_STYLE_COLOUR('',#9269);
#9250=FILL_AREA_STYLE_COLOUR('',#9269);
#9251=FILL_AREA_STYLE_COLOUR('',#9269);
#9252=FILL_AREA_STYLE_COLOUR('',#9269);
#9253=FILL_AREA_STYLE_COLOUR('',#9269);
#9254=FILL_AREA_STYLE_COLOUR('',#9275);
#9255=FILL_AREA_STYLE_COLOUR('',#9275);
#9256=FILL_AREA_STYLE_COLOUR('',#9275);
#9257=FILL_AREA_STYLE_COLOUR('',#9275);
#9258=FILL_AREA_STYLE_COLOUR('',#9275);
#9259=FILL_AREA_STYLE_COLOUR('',#9275);
#9260=FILL_AREA_STYLE_COLOUR('',#9275);
#9261=FILL_AREA_STYLE_COLOUR('',#9275);
#9262=FILL_AREA_STYLE_COLOUR('',#9275);
#9263=FILL_AREA_STYLE_COLOUR('',#9275);
#9264=FILL_AREA_STYLE_COLOUR('',#9275);
#9265=FILL_AREA_STYLE_COLOUR('',#9275);
#9266=FILL_AREA_STYLE_COLOUR('',#9275);
#9267=FILL_AREA_STYLE_COLOUR('',#9275);
#9268=FILL_AREA_STYLE_COLOUR('',#9269);
#9269=COLOUR_RGB('',0.501960813999176,0.501960813999176,0.);
#9270=COLOUR_RGB('',0.75300002098083,0.75300002098083,0.75300002098083);
#9271=COLOUR_RGB('',0.50199997425079,0.50199997425079,0.50199997425079);
#9272=COLOUR_RGB('',0.117647059261799,0.117647059261799,0.117647059261799);
#9273=COLOUR_RGB('',0.,0.23899999260902,0.41600000858307);
#9274=COLOUR_RGB('',0.,0.62000000476837,0.87800002098083);
#9275=COLOUR_RGB('',0.66699999570847,0.66699999570847,0.66699999570847);
#9276=ADVANCED_FACE('',(#5770),#6278,.F.);
#9277=ADVANCED_FACE('',(#5771),#6279,.F.);
#9278=ADVANCED_FACE('',(#5772),#6280,.F.);
#9279=ADVANCED_FACE('',(#5773),#6281,.F.);
#9280=ADVANCED_FACE('',(#5774),#6282,.F.);
#9281=ADVANCED_FACE('',(#5775,#5776),#6283,.F.);
#9282=ADVANCED_FACE('',(#5777),#6284,.F.);
#9283=ADVANCED_FACE('',(#5778),#6285,.F.);
#9284=ADVANCED_FACE('',(#5779),#6286,.T.);
#9285=ADVANCED_FACE('',(#5780),#6287,.T.);
#9286=ADVANCED_FACE('',(#5781),#6288,.T.);
#9287=ADVANCED_FACE('',(#5782),#6289,.T.);
#9288=ADVANCED_FACE('',(#5783),#88,.F.);
#9289=ADVANCED_FACE('',(#5784),#89,.F.);
#9290=ADVANCED_FACE('',(#5785),#6290,.F.);
#9291=ADVANCED_FACE('',(#5786),#6291,.F.);
#9292=ADVANCED_FACE('',(#5787),#6292,.T.);
#9293=ADVANCED_FACE('',(#5788),#6293,.T.);
#9294=ADVANCED_FACE('',(#5789),#6294,.T.);
#9295=ADVANCED_FACE('',(#5790),#6295,.T.);
#9296=ADVANCED_FACE('',(#5791,#5792,#5793,#5794,#5795),#6296,.F.);
#9297=ADVANCED_FACE('',(#5796,#5797,#5798,#5799,#5800),#6297,.F.);
#9298=ADVANCED_FACE('',(#5801,#5802),#6298,.F.);
#9299=ADVANCED_FACE('',(#5803,#5804),#6299,.F.);
#9300=ADVANCED_FACE('',(#5805,#5806),#6300,.F.);
#9301=ADVANCED_FACE('',(#5807,#5808),#6301,.F.);
#9302=ADVANCED_FACE('',(#5809),#6302,.F.);
#9303=ADVANCED_FACE('',(#5810),#6303,.F.);
#9304=ADVANCED_FACE('',(#5811),#6304,.F.);
#9305=ADVANCED_FACE('',(#5812),#6305,.F.);
#9306=ADVANCED_FACE('',(#5813,#5814),#6306,.F.);
#9307=ADVANCED_FACE('',(#5815),#6307,.F.);
#9308=ADVANCED_FACE('',(#5816),#6308,.F.);
#9309=ADVANCED_FACE('',(#5817,#5818),#6309,.F.);
#9310=ADVANCED_FACE('',(#5819),#6310,.F.);
#9311=ADVANCED_FACE('',(#5820),#6311,.F.);
#9312=ADVANCED_FACE('',(#5821,#5822),#6312,.F.);
#9313=ADVANCED_FACE('',(#5823),#6313,.F.);
#9314=ADVANCED_FACE('',(#5824),#6314,.F.);
#9315=ADVANCED_FACE('',(#5825),#6315,.T.);
#9316=ADVANCED_FACE('',(#5826),#6316,.F.);
#9317=ADVANCED_FACE('',(#5827),#6317,.T.);
#9318=ADVANCED_FACE('',(#5828),#6318,.F.);
#9319=ADVANCED_FACE('',(#5829),#6319,.T.);
#9320=ADVANCED_FACE('',(#5830),#6320,.F.);
#9321=ADVANCED_FACE('',(#5831),#6321,.T.);
#9322=ADVANCED_FACE('',(#5832),#6322,.T.);
#9323=ADVANCED_FACE('',(#5833,#5834,#5835),#6323,.F.);
#9324=ADVANCED_FACE('',(#5836),#6324,.F.);
#9325=ADVANCED_FACE('',(#5837),#6325,.F.);
#9326=ADVANCED_FACE('',(#5838),#6326,.F.);
#9327=ADVANCED_FACE('',(#5839),#6327,.F.);
#9328=ADVANCED_FACE('',(#5840,#5841),#6328,.T.);
#9329=ADVANCED_FACE('',(#5842),#90,.F.);
#9330=ADVANCED_FACE('',(#5843),#6329,.F.);
#9331=ADVANCED_FACE('',(#5844),#6330,.F.);
#9332=ADVANCED_FACE('',(#5845,#5846),#6331,.T.);
#9333=ADVANCED_FACE('',(#5847),#91,.F.);
#9334=ADVANCED_FACE('',(#5848),#6332,.F.);
#9335=ADVANCED_FACE('',(#5849),#6333,.F.);
#9336=ADVANCED_FACE('',(#5850,#5851),#6334,.T.);
#9337=ADVANCED_FACE('',(#5852),#92,.F.);
#9338=ADVANCED_FACE('',(#5853),#6335,.F.);
#9339=ADVANCED_FACE('',(#5854),#6336,.F.);
#9340=ADVANCED_FACE('',(#5855,#5856),#6337,.T.);
#9341=ADVANCED_FACE('',(#5857),#93,.F.);
#9342=ADVANCED_FACE('',(#5858,#5859),#94,.F.);
#9343=ADVANCED_FACE('',(#5860,#5861),#6338,.T.);
#9344=ADVANCED_FACE('',(#5862,#5863),#95,.F.);
#9345=ADVANCED_FACE('',(#5864,#5865),#6339,.T.);
#9346=ADVANCED_FACE('',(#5866,#5867),#96,.F.);
#9347=ADVANCED_FACE('',(#5868,#5869),#6340,.T.);
#9348=ADVANCED_FACE('',(#5870,#5871),#97,.F.);
#9349=ADVANCED_FACE('',(#5872,#5873),#6341,.T.);
#9350=ADVANCED_FACE('',(#5874,#5875),#98,.F.);
#9351=ADVANCED_FACE('',(#5876,#5877),#99,.F.);
#9352=ADVANCED_FACE('',(#5878,#5879),#6342,.T.);
#9353=ADVANCED_FACE('',(#5880,#5881),#100,.F.);
#9354=ADVANCED_FACE('',(#5882,#5883),#101,.F.);
#9355=ADVANCED_FACE('',(#5884,#5885),#6343,.T.);
#9356=ADVANCED_FACE('',(#5886,#5887),#102,.F.);
#9357=ADVANCED_FACE('',(#5888,#5889),#103,.F.);
#9358=ADVANCED_FACE('',(#5890),#6344,.F.);
#9359=ADVANCED_FACE('',(#5891),#6345,.T.);
#9360=ADVANCED_FACE('',(#5892),#6346,.T.);
#9361=ADVANCED_FACE('',(#5893),#6347,.F.);
#9362=ADVANCED_FACE('',(#5894),#6348,.F.);
#9363=ADVANCED_FACE('',(#5895),#6349,.F.);
#9364=ADVANCED_FACE('',(#5896),#104,.T.);
#9365=ADVANCED_FACE('',(#5897,#5898),#6350,.F.);
#9366=ADVANCED_FACE('',(#5899),#105,.T.);
#9367=ADVANCED_FACE('',(#5900),#6351,.F.);
#9368=ADVANCED_FACE('',(#5901),#6352,.F.);
#9369=ADVANCED_FACE('',(#5902,#5903,#5904),#6353,.F.);
#9370=ADVANCED_FACE('',(#5905,#5906,#5907),#6354,.T.);
#9371=ADVANCED_FACE('',(#5908,#5909,#5910),#6355,.F.);
#9372=ADVANCED_FACE('',(#5911),#106,.T.);
#9373=ADVANCED_FACE('',(#5912),#107,.T.);
#9374=ADVANCED_FACE('',(#5913),#6356,.F.);
#9375=ADVANCED_FACE('',(#5914),#6357,.F.);
#9376=ADVANCED_FACE('',(#5915),#6358,.F.);
#9377=ADVANCED_FACE('',(#5916),#6359,.F.);
#9378=ADVANCED_FACE('',(#5917),#6360,.F.);
#9379=ADVANCED_FACE('',(#5918),#6361,.F.);
#9380=ADVANCED_FACE('',(#5919),#6362,.F.);
#9381=ADVANCED_FACE('',(#5920),#6363,.F.);
#9382=ADVANCED_FACE('',(#5921),#6364,.F.);
#9383=ADVANCED_FACE('',(#5922),#6365,.T.);
#9384=ADVANCED_FACE('',(#5923,#5924),#108,.F.);
#9385=ADVANCED_FACE('',(#5925,#5926),#70,.F.);
#9386=ADVANCED_FACE('',(#5927,#5928),#109,.F.);
#9387=ADVANCED_FACE('',(#5929,#5930),#71,.F.);
#9388=ADVANCED_FACE('',(#5931,#5932),#110,.F.);
#9389=ADVANCED_FACE('',(#5933),#6366,.T.);
#9390=ADVANCED_FACE('',(#5934,#5935),#111,.F.);
#9391=ADVANCED_FACE('',(#5936,#5937),#72,.F.);
#9392=ADVANCED_FACE('',(#5938,#5939),#112,.F.);
#9393=ADVANCED_FACE('',(#5940),#6367,.T.);
#9394=ADVANCED_FACE('',(#5941,#5942),#113,.F.);
#9395=ADVANCED_FACE('',(#5943,#5944),#73,.F.);
#9396=ADVANCED_FACE('',(#5945,#5946),#114,.F.);
#9397=ADVANCED_FACE('',(#5947),#6368,.T.);
#9398=ADVANCED_FACE('',(#5948,#5949),#115,.F.);
#9399=ADVANCED_FACE('',(#5950),#6369,.T.);
#9400=ADVANCED_FACE('',(#5951),#116,.F.);
#9401=ADVANCED_FACE('',(#5952),#117,.F.);
#9402=ADVANCED_FACE('',(#5953),#6370,.F.);
#9403=ADVANCED_FACE('',(#5954),#118,.F.);
#9404=ADVANCED_FACE('',(#5955),#119,.F.);
#9405=ADVANCED_FACE('',(#5956),#6371,.F.);
#9406=ADVANCED_FACE('',(#5957),#6372,.T.);
#9407=ADVANCED_FACE('',(#5958),#120,.F.);
#9408=ADVANCED_FACE('',(#5959),#121,.F.);
#9409=ADVANCED_FACE('',(#5960),#6373,.F.);
#9410=ADVANCED_FACE('',(#5961),#122,.F.);
#9411=ADVANCED_FACE('',(#5962),#123,.F.);
#9412=ADVANCED_FACE('',(#5963),#6374,.F.);
#9413=ADVANCED_FACE('',(#5964),#6375,.T.);
#9414=ADVANCED_FACE('',(#5965,#5966),#6376,.F.);
#9415=ADVANCED_FACE('',(#5967,#5968),#66,.T.);
#9416=ADVANCED_FACE('',(#5969,#5970),#124,.T.);
#9417=ADVANCED_FACE('',(#5971),#6377,.F.);
#9418=ADVANCED_FACE('',(#5972),#6378,.F.);
#9419=ADVANCED_FACE('',(#5973),#6379,.F.);
#9420=ADVANCED_FACE('',(#5974),#6380,.F.);
#9421=ADVANCED_FACE('',(#5975),#6381,.F.);
#9422=ADVANCED_FACE('',(#5976),#6382,.F.);
#9423=ADVANCED_FACE('',(#5977),#6383,.T.);
#9424=ADVANCED_FACE('',(#5978,#5979),#125,.F.);
#9425=ADVANCED_FACE('',(#5980,#5981),#126,.F.);
#9426=ADVANCED_FACE('',(#5982,#5983),#127,.F.);
#9427=ADVANCED_FACE('',(#5984,#5985),#128,.F.);
#9428=ADVANCED_FACE('',(#5986),#74,.F.);
#9429=ADVANCED_FACE('',(#5987),#75,.F.);
#9430=ADVANCED_FACE('',(#5988),#76,.F.);
#9431=ADVANCED_FACE('',(#5989),#77,.F.);
#9432=ADVANCED_FACE('',(#5990),#78,.F.);
#9433=ADVANCED_FACE('',(#5991),#6384,.F.);
#9434=ADVANCED_FACE('',(#5992),#6385,.T.);
#9435=ADVANCED_FACE('',(#5993,#5994),#6386,.T.);
#9436=ADVANCED_FACE('',(#5995),#6387,.T.);
#9437=ADVANCED_FACE('',(#5996),#6388,.T.);
#9438=ADVANCED_FACE('',(#5997),#6389,.T.);
#9439=ADVANCED_FACE('',(#5998,#5999,#6000),#6390,.T.);
#9440=ADVANCED_FACE('',(#6001),#6391,.T.);
#9441=ADVANCED_FACE('',(#6002),#6392,.F.);
#9442=ADVANCED_FACE('',(#6003),#6393,.F.);
#9443=ADVANCED_FACE('',(#6004),#6394,.F.);
#9444=ADVANCED_FACE('',(#6005),#79,.F.);
#9445=ADVANCED_FACE('',(#6006),#80,.F.);
#9446=ADVANCED_FACE('',(#6007),#81,.F.);
#9447=ADVANCED_FACE('',(#6008),#82,.F.);
#9448=ADVANCED_FACE('',(#6009),#83,.F.);
#9449=ADVANCED_FACE('',(#6010),#6395,.F.);
#9450=ADVANCED_FACE('',(#6011),#6396,.F.);
#9451=ADVANCED_FACE('',(#6012,#6013,#6014,#6015),#6397,.F.);
#9452=ADVANCED_FACE('',(#6016),#6398,.T.);
#9453=ADVANCED_FACE('',(#6017),#6399,.T.);
#9454=ADVANCED_FACE('',(#6018),#129,.F.);
#9455=ADVANCED_FACE('',(#6019),#6400,.T.);
#9456=ADVANCED_FACE('',(#6020),#6401,.T.);
#9457=ADVANCED_FACE('',(#6021),#130,.F.);
#9458=ADVANCED_FACE('',(#6022,#6023),#131,.F.);
#9459=ADVANCED_FACE('',(#6024,#6025),#6402,.T.);
#9460=ADVANCED_FACE('',(#6026,#6027),#132,.F.);
#9461=ADVANCED_FACE('',(#6028,#6029),#6403,.T.);
#9462=ADVANCED_FACE('',(#6030,#6031),#133,.F.);
#9463=ADVANCED_FACE('',(#6032,#6033),#134,.F.);
#9464=ADVANCED_FACE('',(#6034,#6035),#6404,.T.);
#9465=ADVANCED_FACE('',(#6036,#6037),#135,.F.);
#9466=ADVANCED_FACE('',(#6038,#6039),#6405,.T.);
#9467=ADVANCED_FACE('',(#6040,#6041),#136,.F.);
#9468=ADVANCED_FACE('',(#6042),#84,.F.);
#9469=ADVANCED_FACE('',(#6043,#6044),#6406,.F.);
#9470=ADVANCED_FACE('',(#6045,#6046),#137,.T.);
#9471=ADVANCED_FACE('',(#6047,#6048),#6407,.F.);
#9472=ADVANCED_FACE('',(#6049),#6408,.F.);
#9473=ADVANCED_FACE('',(#6050,#6051),#138,.T.);
#9474=ADVANCED_FACE('',(#6052,#6053),#139,.F.);
#9475=ADVANCED_FACE('',(#6054,#6055),#6409,.T.);
#9476=ADVANCED_FACE('',(#6056,#6057),#140,.F.);
#9477=ADVANCED_FACE('',(#6058,#6059),#6410,.T.);
#9478=ADVANCED_FACE('',(#6060,#6061),#141,.F.);
#9479=ADVANCED_FACE('',(#6062),#85,.F.);
#9480=ADVANCED_FACE('',(#6063,#6064),#6411,.F.);
#9481=ADVANCED_FACE('',(#6065,#6066),#142,.T.);
#9482=ADVANCED_FACE('',(#6067,#6068),#6412,.F.);
#9483=ADVANCED_FACE('',(#6069),#6413,.F.);
#9484=ADVANCED_FACE('',(#6070,#6071),#143,.T.);
#9485=ADVANCED_FACE('',(#6072),#6414,.F.);
#9486=ADVANCED_FACE('',(#6073),#6415,.F.);
#9487=ADVANCED_FACE('',(#6074),#6416,.F.);
#9488=ADVANCED_FACE('',(#6075),#6417,.F.);
#9489=ADVANCED_FACE('',(#6076),#6418,.F.);
#9490=ADVANCED_FACE('',(#6077),#6419,.F.);
#9491=ADVANCED_FACE('',(#6078),#6420,.T.);
#9492=ADVANCED_FACE('',(#6079),#144,.F.);
#9493=ADVANCED_FACE('',(#6080),#6421,.T.);
#9494=ADVANCED_FACE('',(#6081),#145,.T.);
#9495=ADVANCED_FACE('',(#6082),#6422,.T.);
#9496=ADVANCED_FACE('',(#6083),#146,.F.);
#9497=ADVANCED_FACE('',(#6084),#147,.F.);
#9498=ADVANCED_FACE('',(#6085),#6423,.T.);
#9499=ADVANCED_FACE('',(#6086),#148,.T.);
#9500=ADVANCED_FACE('',(#6087),#149,.T.);
#9501=ADVANCED_FACE('',(#6088),#6424,.T.);
#9502=ADVANCED_FACE('',(#6089),#6425,.T.);
#9503=ADVANCED_FACE('',(#6090),#6426,.T.);
#9504=ADVANCED_FACE('',(#6091),#6427,.T.);
#9505=ADVANCED_FACE('',(#6092),#6428,.T.);
#9506=ADVANCED_FACE('',(#6093),#6429,.T.);
#9507=ADVANCED_FACE('',(#6094),#6430,.T.);
#9508=ADVANCED_FACE('',(#6095),#6431,.T.);
#9509=ADVANCED_FACE('',(#6096),#6432,.F.);
#9510=ADVANCED_FACE('',(#6097),#6433,.F.);
#9511=ADVANCED_FACE('',(#6098),#6434,.F.);
#9512=ADVANCED_FACE('',(#6099),#6435,.F.);
#9513=ADVANCED_FACE('',(#6100),#6436,.F.);
#9514=ADVANCED_FACE('',(#6101),#6437,.F.);
#9515=ADVANCED_FACE('',(#6102),#6438,.T.);
#9516=ADVANCED_FACE('',(#6103),#150,.T.);
#9517=ADVANCED_FACE('',(#6104),#151,.T.);
#9518=ADVANCED_FACE('',(#6105),#6439,.F.);
#9519=ADVANCED_FACE('',(#6106),#152,.T.);
#9520=ADVANCED_FACE('',(#6107),#153,.T.);
#9521=ADVANCED_FACE('',(#6108),#6440,.F.);
#9522=ADVANCED_FACE('',(#6109,#6110,#6111,#6112,#6113,#6114,#6115,#6116,
#6117,#6118),#6441,.T.);
#9523=ADVANCED_FACE('',(#6119),#6442,.F.);
#9524=ADVANCED_FACE('',(#6120),#6443,.F.);
#9525=ADVANCED_FACE('',(#6121),#6444,.F.);
#9526=ADVANCED_FACE('',(#6122),#6445,.F.);
#9527=ADVANCED_FACE('',(#6123),#6446,.F.);
#9528=ADVANCED_FACE('',(#6124),#6447,.F.);
#9529=ADVANCED_FACE('',(#6125),#6448,.F.);
#9530=ADVANCED_FACE('',(#6126),#6449,.F.);
#9531=ADVANCED_FACE('',(#6127),#6450,.F.);
#9532=ADVANCED_FACE('',(#6128),#6451,.F.);
#9533=ADVANCED_FACE('',(#6129),#6452,.F.);
#9534=ADVANCED_FACE('',(#6130),#6453,.F.);
#9535=ADVANCED_FACE('',(#6131),#6454,.F.);
#9536=ADVANCED_FACE('',(#6132),#6455,.T.);
#9537=ADVANCED_FACE('',(#6133),#6456,.F.);
#9538=ADVANCED_FACE('',(#6134),#6457,.F.);
#9539=ADVANCED_FACE('',(#6135),#6458,.F.);
#9540=ADVANCED_FACE('',(#6136),#6459,.F.);
#9541=ADVANCED_FACE('',(#6137),#6460,.F.);
#9542=ADVANCED_FACE('',(#6138),#6461,.F.);
#9543=ADVANCED_FACE('',(#6139),#6462,.F.);
#9544=ADVANCED_FACE('',(#6140),#6463,.F.);
#9545=ADVANCED_FACE('',(#6141),#6464,.F.);
#9546=ADVANCED_FACE('',(#6142),#6465,.F.);
#9547=ADVANCED_FACE('',(#6143),#6466,.T.);
#9548=ADVANCED_FACE('',(#6144),#6467,.F.);
#9549=ADVANCED_FACE('',(#6145),#6468,.F.);
#9550=ADVANCED_FACE('',(#6146),#6469,.F.);
#9551=ADVANCED_FACE('',(#6147),#6470,.F.);
#9552=ADVANCED_FACE('',(#6148),#6471,.F.);
#9553=ADVANCED_FACE('',(#6149),#6472,.F.);
#9554=ADVANCED_FACE('',(#6150),#6473,.F.);
#9555=ADVANCED_FACE('',(#6151),#6474,.F.);
#9556=ADVANCED_FACE('',(#6152),#6475,.F.);
#9557=ADVANCED_FACE('',(#6153),#6476,.F.);
#9558=ADVANCED_FACE('',(#6154),#6477,.F.);
#9559=ADVANCED_FACE('',(#6155),#6478,.T.);
#9560=ADVANCED_FACE('',(#6156),#6479,.F.);
#9561=ADVANCED_FACE('',(#6157),#154,.F.);
#9562=ADVANCED_FACE('',(#6158),#6480,.F.);
#9563=ADVANCED_FACE('',(#6159),#155,.T.);
#9564=ADVANCED_FACE('',(#6160),#6481,.F.);
#9565=ADVANCED_FACE('',(#6161),#6482,.F.);
#9566=ADVANCED_FACE('',(#6162),#6483,.F.);
#9567=ADVANCED_FACE('',(#6163),#156,.F.);
#9568=ADVANCED_FACE('',(#6164),#6484,.F.);
#9569=ADVANCED_FACE('',(#6165),#157,.F.);
#9570=ADVANCED_FACE('',(#6166),#6485,.F.);
#9571=ADVANCED_FACE('',(#6167),#158,.T.);
#9572=ADVANCED_FACE('',(#6168),#6486,.F.);
#9573=ADVANCED_FACE('',(#6169),#6487,.F.);
#9574=ADVANCED_FACE('',(#6170),#6488,.F.);
#9575=ADVANCED_FACE('',(#6171),#159,.F.);
#9576=ADVANCED_FACE('',(#6172),#6489,.T.);
#9577=ADVANCED_FACE('',(#6173),#6490,.F.);
#9578=ADVANCED_FACE('',(#6174),#160,.F.);
#9579=ADVANCED_FACE('',(#6175),#6491,.F.);
#9580=ADVANCED_FACE('',(#6176),#6492,.F.);
#9581=ADVANCED_FACE('',(#6177),#6493,.F.);
#9582=ADVANCED_FACE('',(#6178),#161,.T.);
#9583=ADVANCED_FACE('',(#6179),#6494,.F.);
#9584=ADVANCED_FACE('',(#6180),#6495,.F.);
#9585=ADVANCED_FACE('',(#6181),#6496,.T.);
#9586=ADVANCED_FACE('',(#6182),#6497,.F.);
#9587=ADVANCED_FACE('',(#6183),#6498,.F.);
#9588=ADVANCED_FACE('',(#6184),#162,.F.);
#9589=ADVANCED_FACE('',(#6185),#6499,.F.);
#9590=ADVANCED_FACE('',(#6186),#6500,.F.);
#9591=ADVANCED_FACE('',(#6187),#6501,.F.);
#9592=ADVANCED_FACE('',(#6188),#163,.T.);
#9593=ADVANCED_FACE('',(#6189),#6502,.F.);
#9594=ADVANCED_FACE('',(#6190),#6503,.T.);
#9595=ADVANCED_FACE('',(#6191,#6192),#164,.F.);
#9596=ADVANCED_FACE('',(#6193),#6504,.T.);
#9597=ADVANCED_FACE('',(#6194),#6505,.F.);
#9598=ADVANCED_FACE('',(#6195),#165,.F.);
#9599=ADVANCED_FACE('',(#6196),#6506,.F.);
#9600=ADVANCED_FACE('',(#6197),#166,.T.);
#9601=ADVANCED_FACE('',(#6198),#6507,.F.);
#9602=ADVANCED_FACE('',(#6199),#6508,.F.);
#9603=ADVANCED_FACE('',(#6200),#6509,.T.);
#9604=ADVANCED_FACE('',(#6201),#6510,.F.);
#9605=ADVANCED_FACE('',(#6202),#6511,.F.);
#9606=ADVANCED_FACE('',(#6203),#6512,.F.);
#9607=ADVANCED_FACE('',(#6204),#167,.F.);
#9608=ADVANCED_FACE('',(#6205),#6513,.F.);
#9609=ADVANCED_FACE('',(#6206),#168,.T.);
#9610=ADVANCED_FACE('',(#6207),#6514,.T.);
#9611=ADVANCED_FACE('',(#6208),#6515,.F.);
#9612=ADVANCED_FACE('',(#6209),#6516,.F.);
#9613=ADVANCED_FACE('',(#6210),#6517,.F.);
#9614=ADVANCED_FACE('',(#6211,#6212,#6213,#6214),#6518,.T.);
#9615=ADVANCED_FACE('',(#6215),#6519,.F.);
#9616=ADVANCED_FACE('',(#6216),#6520,.F.);
#9617=ADVANCED_FACE('',(#6217,#6218),#169,.F.);
#9618=ADVANCED_FACE('',(#6219),#6521,.F.);
#9619=ADVANCED_FACE('',(#6220),#6522,.T.);
#9620=ADVANCED_FACE('',(#6221),#6523,.T.);
#9621=ADVANCED_FACE('',(#6222),#6524,.T.);
#9622=ADVANCED_FACE('',(#6223),#170,.F.);
#9623=ADVANCED_FACE('',(#6224),#171,.F.);
#9624=ADVANCED_FACE('',(#6225),#6525,.F.);
#9625=ADVANCED_FACE('',(#6226,#6227),#6526,.F.);
#9626=ADVANCED_FACE('',(#6228),#172,.F.);
#9627=ADVANCED_FACE('',(#6229),#6527,.F.);
#9628=ADVANCED_FACE('',(#6230),#6528,.F.);
#9629=ADVANCED_FACE('',(#6231),#6529,.F.);
#9630=ADVANCED_FACE('',(#6232,#6233,#6234),#6530,.T.);
#9631=ADVANCED_FACE('',(#6235),#173,.F.);
#9632=ADVANCED_FACE('',(#6236),#174,.F.);
#9633=ADVANCED_FACE('',(#6237),#6531,.T.);
#9634=ADVANCED_FACE('',(#6238),#6532,.T.);
#9635=ADVANCED_FACE('',(#6239),#6533,.T.);
#9636=ADVANCED_FACE('',(#6240),#6534,.T.);
#9637=ADVANCED_FACE('',(#6241,#6242),#175,.F.);
#9638=ADVANCED_FACE('',(#6243,#6244),#6535,.T.);
#9639=ADVANCED_FACE('',(#6245,#6246),#176,.F.);
#9640=ADVANCED_FACE('',(#6247,#6248),#177,.F.);
#9641=ADVANCED_FACE('',(#6249,#6250),#6536,.T.);
#9642=ADVANCED_FACE('',(#6251,#6252),#178,.F.);
#9643=ADVANCED_FACE('',(#6253),#6537,.T.);
#9644=ADVANCED_FACE('',(#6254,#6255),#86,.F.);
#9645=ADVANCED_FACE('',(#6256,#6257),#179,.F.);
#9646=ADVANCED_FACE('',(#6258,#6259),#87,.F.);
#9647=ADVANCED_FACE('',(#6260,#6261),#180,.F.);
#9648=ADVANCED_FACE('',(#6262),#6538,.T.);
#9649=ADVANCED_FACE('',(#6263),#6539,.F.);
#9650=ADVANCED_FACE('',(#6264),#6540,.F.);
#9651=ADVANCED_FACE('',(#6265),#181,.F.);
#9652=ADVANCED_FACE('',(#6266),#6541,.T.);
#9653=ADVANCED_FACE('',(#6267),#6542,.F.);
#9654=ADVANCED_FACE('',(#6268),#6543,.F.);
#9655=ADVANCED_FACE('',(#6269),#6544,.T.);
#9656=ADVANCED_FACE('',(#6270),#6545,.F.);
#9657=ADVANCED_FACE('',(#6271),#6546,.F.);
#9658=ADVANCED_FACE('',(#6272),#6547,.F.);
#9659=ADVANCED_FACE('',(#6273),#6548,.F.);
#9660=ADVANCED_FACE('',(#6274),#6549,.F.);
#9661=ADVANCED_FACE('',(#6275),#6550,.F.);
#9662=ADVANCED_FACE('',(#6276),#6551,.F.);
#9663=ADVANCED_FACE('',(#6277),#6552,.T.);
#9664=CLOSED_SHELL('',(#9276,#9277,#9278,#9279,#9280,#9281,#9282,#9283,
#9284,#9285,#9286,#9287,#9288,#9289,#9290,#9291,#9292,#9293,#9294,#9295,
#9296,#9297,#9298,#9299,#9300,#9301,#9302,#9303,#9304,#9305,#9306,#9307,
#9308,#9309,#9310,#9311,#9312,#9313,#9314,#9315,#9316,#9317,#9318,#9319,
#9320,#9321,#9322,#9323,#9324,#9325,#9326,#9327,#9328,#9329,#9330,#9331,
#9332,#9333,#9334,#9335,#9336,#9337,#9338,#9339,#9340,#9341,#9342,#9343,
#9344,#9345,#9346,#9347,#9348,#9349,#9350,#9351,#9352,#9353,#9354,#9355,
#9356,#9357,#9358,#9359,#9360,#9361,#9362,#9363,#9364,#9365,#9366,#9367,
#9368,#9369,#9370,#9371,#9372,#9373,#9374,#9375,#9376,#9377,#9378,#9379,
#9380,#9381,#9382,#9383,#9384,#9385,#9386,#9387,#9388,#9389,#9390,#9391,
#9392,#9393,#9394,#9395,#9396,#9397,#9398,#9399,#9400,#9401,#9402,#9403,
#9404,#9405,#9406,#9407,#9408,#9409,#9410,#9411,#9412,#9413,#9414,#9415,
#9416,#9417,#9418,#9419,#9420,#9421,#9422,#9423,#9424,#9425,#9426,#9427));
#9665=CLOSED_SHELL('',(#9428,#9429,#9430,#9431,#9432,#9433,#9434,#9435,
#9436,#9437,#9438,#9439,#9440,#9441,#9442,#9443,#9444,#9445,#9446,#9447,
#9448,#9449,#9450,#9451,#9452,#9453,#9454,#9455,#9456,#9457,#9458,#9459,
#9460,#9461,#9462,#9463,#9464,#9465,#9466,#9467,#9468,#9469,#9470,#9471,
#9472,#9473,#9474,#9475,#9476,#9477,#9478,#9479,#9480,#9481,#9482,#9483,
#9484,#9485,#9486,#9487,#9488,#9489,#9490,#9491,#9492,#9493,#9494,#9495,
#9496,#9497,#9498,#9499,#9500,#9501,#9502,#9503,#9504,#9505,#9506,#9507,
#9508,#9509,#9510,#9511,#9512,#9513,#9514,#9515));
#9666=CLOSED_SHELL('',(#9516,#9517,#9518,#9519,#9520,#9521,#9522,#9523,
#9524,#9525,#9526,#9527,#9528,#9529,#9530,#9531,#9532,#9533,#9534,#9535,
#9536,#9537,#9538,#9539,#9540,#9541,#9542,#9543,#9544,#9545,#9546,#9547,
#9548,#9549,#9550,#9551,#9552,#9553,#9554,#9555,#9556,#9557,#9558,#9559,
#9560,#9561,#9562,#9563,#9564,#9565,#9566,#9567,#9568,#9569,#9570,#9571,
#9572,#9573,#9574,#9575,#9576,#9577,#9578,#9579,#9580,#9581,#9582,#9583,
#9584,#9585,#9586,#9587,#9588,#9589,#9590,#9591,#9592,#9593,#9594,#9595,
#9596,#9597,#9598,#9599,#9600,#9601,#9602,#9603,#9604,#9605,#9606,#9607,
#9608,#9609,#9610));
#9667=CLOSED_SHELL('',(#9611,#9612,#9613,#9614,#9615,#9616,#9617,#9618,
#9619,#9620,#9621,#9622,#9623,#9624,#9625,#9626,#9627,#9628,#9629,#9630,
#9631,#9632,#9633,#9634,#9635,#9636,#9637,#9638,#9639,#9640,#9641,#9642,
#9643,#9644,#9645,#9646,#9647,#9648,#9649,#9650,#9651,#9652,#9653,#9654,
#9655,#9656,#9657,#9658,#9659,#9660,#9661,#9662,#9663));
#9668=MANIFOLD_SOLID_BREP('SCHUNK- 5516672 Gehaeuse-KGG 140-60',#9664);
#9669=MANIFOLD_SOLID_BREP('SCHUNK-bracket L5_MSS_22_01',#9665);
#9670=MANIFOLD_SOLID_BREP('SCHUNK-9905502 Typenschild 9x24x0.3',#9666);
#9671=MANIFOLD_SOLID_BREP('SCHUNK-Finger KGG 140-60',#9667);
#9672=SHAPE_DEFINITION_REPRESENTATION(#14228,#9677);
#9673=SHAPE_DEFINITION_REPRESENTATION(#14229,#9678);
#9674=SHAPE_DEFINITION_REPRESENTATION(#14231,#9679);
#9675=SHAPE_DEFINITION_REPRESENTATION(#14233,#9680);
#9676=SHAPE_DEFINITION_REPRESENTATION(#14235,#9681);
#9677=SHAPE_REPRESENTATION('SCHUNK-0303070 KGG 140-60 ,011L5_MSS_22_01',
(#9682,#9918,#10061,#10195,#10275,#10276),#14215);
#9678=SHAPE_REPRESENTATION('SCHUNK- 5516672 Gehaeuse-KGG 140-60',(#9682),
#14216);
#9679=SHAPE_REPRESENTATION('SCHUNK-bracket L5_MSS_22_01',(#9682),#14217);
#9680=SHAPE_REPRESENTATION('SCHUNK-9905502 Typenschild 9x24x0.3',(#9682),
#14218);
#9681=SHAPE_REPRESENTATION('SCHUNK-Finger KGG 140-60',(#9682),#14219);
#9682=AXIS2_PLACEMENT_3D('',#12184,#10277,#10278);
#9683=AXIS2_PLACEMENT_3D('',#12185,#10279,#10280);
#9684=AXIS2_PLACEMENT_3D('',#12194,#10285,#10286);
#9685=AXIS2_PLACEMENT_3D('',#12207,#10293,#10294);
#9686=AXIS2_PLACEMENT_3D('',#12220,#10301,#10302);
#9687=AXIS2_PLACEMENT_3D('',#12226,#10306,#10307);
#9688=AXIS2_PLACEMENT_3D('',#12235,#10312,#10313);
#9689=AXIS2_PLACEMENT_3D('',#12236,#10314,#10315);
#9690=AXIS2_PLACEMENT_3D('',#12243,#10319,#10320);
#9691=AXIS2_PLACEMENT_3D('',#12249,#10324,#10325);
#9692=AXIS2_PLACEMENT_3D('',#12255,#10329,#10330);
#9693=AXIS2_PLACEMENT_3D('',#12267,#10337,#10338);
#9694=AXIS2_PLACEMENT_3D('',#12273,#10342,#10343);
#9695=AXIS2_PLACEMENT_3D('',#12282,#10348,#10349);
#9696=AXIS2_PLACEMENT_3D('',#12291,#10355,#10356);
#9697=AXIS2_PLACEMENT_3D('',#12295,#10358,#10359);
#9698=AXIS2_PLACEMENT_3D('',#12296,#10360,#10361);
#9699=AXIS2_PLACEMENT_3D('',#12297,#10362,#10363);
#9700=AXIS2_PLACEMENT_3D('',#12298,#10364,#10365);
#9701=AXIS2_PLACEMENT_3D('',#12303,#10367,#10368);
#9702=AXIS2_PLACEMENT_3D('',#12306,#10370,#10371);
#9703=AXIS2_PLACEMENT_3D('',#12319,#10378,#10379);
#9704=AXIS2_PLACEMENT_3D('',#12332,#10386,#10387);
#9705=AXIS2_PLACEMENT_3D('',#12341,#10392,#10393);
#9706=AXIS2_PLACEMENT_3D('',#12350,#10398,#10399);
#9707=AXIS2_PLACEMENT_3D('',#12359,#10404,#10405);
#9708=AXIS2_PLACEMENT_3D('',#12368,#10410,#10411);
#9709=AXIS2_PLACEMENT_3D('',#12369,#10412,#10413);
#9710=AXIS2_PLACEMENT_3D('',#12371,#10414,#10415);
#9711=AXIS2_PLACEMENT_3D('',#12373,#10416,#10417);
#9712=AXIS2_PLACEMENT_3D('',#12375,#10418,#10419);
#9713=AXIS2_PLACEMENT_3D('',#12405,#10436,#10437);
#9714=AXIS2_PLACEMENT_3D('',#12406,#10438,#10439);
#9715=AXIS2_PLACEMENT_3D('',#12409,#10440,#10441);
#9716=AXIS2_PLACEMENT_3D('',#12413,#10443,#10444);
#9717=AXIS2_PLACEMENT_3D('',#12415,#10445,#10446);
#9718=AXIS2_PLACEMENT_3D('',#12418,#10448,#10449);
#9719=AXIS2_PLACEMENT_3D('',#12421,#10450,#10451);
#9720=AXIS2_PLACEMENT_3D('',#12425,#10453,#10454);
#9721=AXIS2_PLACEMENT_3D('',#12427,#10455,#10456);
#9722=AXIS2_PLACEMENT_3D('',#12430,#10458,#10459);
#9723=AXIS2_PLACEMENT_3D('',#12432,#10460,#10461);
#9724=AXIS2_PLACEMENT_3D('',#12443,#10467,#10468);
#9725=AXIS2_PLACEMENT_3D('',#12455,#10474,#10475);
#9726=AXIS2_PLACEMENT_3D('',#12471,#10483,#10484);
#9727=AXIS2_PLACEMENT_3D('',#12483,#10490,#10491);
#9728=AXIS2_PLACEMENT_3D('',#12490,#10495,#10496);
#9729=AXIS2_PLACEMENT_3D('',#12491,#10497,#10498);
#9730=AXIS2_PLACEMENT_3D('',#12497,#10502,#10503);
#9731=AXIS2_PLACEMENT_3D('',#12498,#10504,#10505);
#9732=AXIS2_PLACEMENT_3D('',#12504,#10509,#10510);
#9733=AXIS2_PLACEMENT_3D('',#12505,#10511,#10512);
#9734=AXIS2_PLACEMENT_3D('',#12511,#10516,#10517);
#9735=AXIS2_PLACEMENT_3D('',#12512,#10518,#10519);
#9736=AXIS2_PLACEMENT_3D('',#12518,#10523,#10524);
#9737=AXIS2_PLACEMENT_3D('',#12527,#10530,#10531);
#9738=AXIS2_PLACEMENT_3D('',#12530,#10534,#10535);
#9739=AXIS2_PLACEMENT_3D('',#12536,#10539,#10540);
#9740=AXIS2_PLACEMENT_3D('',#12547,#10547,#10548);
#9741=AXIS2_PLACEMENT_3D('',#12561,#10556,#10557);
#9742=AXIS2_PLACEMENT_3D('',#12572,#10564,#10565);
#9743=AXIS2_PLACEMENT_3D('',#12578,#10569,#10570);
#9744=AXIS2_PLACEMENT_3D('',#12579,#10571,#10572);
#9745=AXIS2_PLACEMENT_3D('',#12586,#10576,#10577);
#9746=AXIS2_PLACEMENT_3D('',#12592,#10581,#10582);
#9747=AXIS2_PLACEMENT_3D('',#12603,#10589,#10590);
#9748=AXIS2_PLACEMENT_3D('',#12617,#10598,#10599);
#9749=AXIS2_PLACEMENT_3D('',#12628,#10606,#10607);
#9750=AXIS2_PLACEMENT_3D('',#12631,#10610,#10611);
#9751=AXIS2_PLACEMENT_3D('',#12633,#10613,#10614);
#9752=AXIS2_PLACEMENT_3D('',#12635,#10616,#10617);
#9753=AXIS2_PLACEMENT_3D('',#12637,#10619,#10620);
#9754=AXIS2_PLACEMENT_3D('',#12641,#10623,#10624);
#9755=AXIS2_PLACEMENT_3D('',#12643,#10626,#10627);
#9756=AXIS2_PLACEMENT_3D('',#12647,#10630,#10631);
#9757=AXIS2_PLACEMENT_3D('',#12649,#10633,#10634);
#9758=AXIS2_PLACEMENT_3D('',#12651,#10636,#10637);
#9759=AXIS2_PLACEMENT_3D('',#12652,#10638,#10639);
#9760=AXIS2_PLACEMENT_3D('',#12654,#10640,#10641);
#9761=AXIS2_PLACEMENT_3D('',#12656,#10642,#10643);
#9762=AXIS2_PLACEMENT_3D('',#12660,#10646,#10647);
#9763=AXIS2_PLACEMENT_3D('',#12664,#10650,#10651);
#9764=AXIS2_PLACEMENT_3D('',#12668,#10654,#10655);
#9765=AXIS2_PLACEMENT_3D('',#12672,#10658,#10659);
#9766=AXIS2_PLACEMENT_3D('',#12673,#10660,#10661);
#9767=AXIS2_PLACEMENT_3D('',#12675,#10662,#10663);
#9768=AXIS2_PLACEMENT_3D('',#12676,#10664,#10665);
#9769=AXIS2_PLACEMENT_3D('',#12677,#10666,#10667);
#9770=AXIS2_PLACEMENT_3D('',#12681,#10670,#10671);
#9771=AXIS2_PLACEMENT_3D('',#12685,#10674,#10675);
#9772=AXIS2_PLACEMENT_3D('',#12686,#10676,#10677);
#9773=AXIS2_PLACEMENT_3D('',#12688,#10678,#10679);
#9774=AXIS2_PLACEMENT_3D('',#12689,#10680,#10681);
#9775=AXIS2_PLACEMENT_3D('',#12690,#10682,#10683);
#9776=AXIS2_PLACEMENT_3D('',#12694,#10686,#10687);
#9777=AXIS2_PLACEMENT_3D('',#12698,#10690,#10691);
#9778=AXIS2_PLACEMENT_3D('',#12699,#10692,#10693);
#9779=AXIS2_PLACEMENT_3D('',#12701,#10694,#10695);
#9780=AXIS2_PLACEMENT_3D('',#12702,#10696,#10697);
#9781=AXIS2_PLACEMENT_3D('',#12703,#10698,#10699);
#9782=AXIS2_PLACEMENT_3D('',#12707,#10702,#10703);
#9783=AXIS2_PLACEMENT_3D('',#12711,#10706,#10707);
#9784=AXIS2_PLACEMENT_3D('',#12712,#10708,#10709);
#9785=AXIS2_PLACEMENT_3D('',#12714,#10710,#10711);
#9786=AXIS2_PLACEMENT_3D('',#12715,#10712,#10713);
#9787=AXIS2_PLACEMENT_3D('',#12716,#10714,#10715);
#9788=AXIS2_PLACEMENT_3D('',#12717,#10716,#10717);
#9789=AXIS2_PLACEMENT_3D('',#12719,#10718,#10719);
#9790=AXIS2_PLACEMENT_3D('',#12720,#10720,#10721);
#9791=AXIS2_PLACEMENT_3D('',#12722,#10722,#10723);
#9792=AXIS2_PLACEMENT_3D('',#12723,#10724,#10725);
#9793=AXIS2_PLACEMENT_3D('',#12725,#10726,#10727);
#9794=AXIS2_PLACEMENT_3D('',#12726,#10728,#10729);
#9795=AXIS2_PLACEMENT_3D('',#12728,#10730,#10731);
#9796=AXIS2_PLACEMENT_3D('',#12729,#10732,#10733);
#9797=AXIS2_PLACEMENT_3D('',#12731,#10734,#10735);
#9798=AXIS2_PLACEMENT_3D('',#12732,#10736,#10737);
#9799=AXIS2_PLACEMENT_3D('',#12734,#10738,#10739);
#9800=AXIS2_PLACEMENT_3D('',#12735,#10740,#10741);
#9801=AXIS2_PLACEMENT_3D('',#12737,#10742,#10743);
#9802=AXIS2_PLACEMENT_3D('',#12738,#10744,#10745);
#9803=AXIS2_PLACEMENT_3D('',#12740,#10746,#10747);
#9804=AXIS2_PLACEMENT_3D('',#12741,#10748,#10749);
#9805=AXIS2_PLACEMENT_3D('',#12743,#10750,#10751);
#9806=AXIS2_PLACEMENT_3D('',#12744,#10752,#10753);
#9807=AXIS2_PLACEMENT_3D('',#12746,#10754,#10755);
#9808=AXIS2_PLACEMENT_3D('',#12747,#10756,#10757);
#9809=AXIS2_PLACEMENT_3D('',#12748,#10758,#10759);
#9810=AXIS2_PLACEMENT_3D('',#12750,#10760,#10761);
#9811=AXIS2_PLACEMENT_3D('',#12751,#10762,#10763);
#9812=AXIS2_PLACEMENT_3D('',#12753,#10764,#10765);
#9813=AXIS2_PLACEMENT_3D('',#12754,#10766,#10767);
#9814=AXIS2_PLACEMENT_3D('',#12755,#10768,#10769);
#9815=AXIS2_PLACEMENT_3D('',#12757,#10770,#10771);
#9816=AXIS2_PLACEMENT_3D('',#12758,#10772,#10773);
#9817=AXIS2_PLACEMENT_3D('',#12760,#10774,#10775);
#9818=AXIS2_PLACEMENT_3D('',#12767,#10780,#10781);
#9819=AXIS2_PLACEMENT_3D('',#12768,#10782,#10783);
#9820=AXIS2_PLACEMENT_3D('',#12770,#10785,#10786);
#9821=AXIS2_PLACEMENT_3D('',#12776,#10790,#10791);
#9822=AXIS2_PLACEMENT_3D('',#12779,#10794,#10795);
#9823=AXIS2_PLACEMENT_3D('',#12782,#10798,#10799);
#9824=AXIS2_PLACEMENT_3D('',#12783,#10800,#10801);
#9825=AXIS2_PLACEMENT_3D('',#12788,#10803,#10804);
#9826=AXIS2_PLACEMENT_3D('',#12791,#10806,#10807);
#9827=AXIS2_PLACEMENT_3D('',#12792,#10808,#10809);
#9828=AXIS2_PLACEMENT_3D('',#12799,#10813,#10814);
#9829=AXIS2_PLACEMENT_3D('',#12800,#10815,#10816);
#9830=AXIS2_PLACEMENT_3D('',#12804,#10818,#10819);
#9831=AXIS2_PLACEMENT_3D('',#12805,#10820,#10821);
#9832=AXIS2_PLACEMENT_3D('',#12808,#10824,#10825);
#9833=AXIS2_PLACEMENT_3D('',#12814,#10829,#10830);
#9834=AXIS2_PLACEMENT_3D('',#12815,#10831,#10832);
#9835=AXIS2_PLACEMENT_3D('',#12817,#10833,#10834);
#9836=AXIS2_PLACEMENT_3D('',#12821,#10837,#10838);
#9837=AXIS2_PLACEMENT_3D('',#12822,#10839,#10840);
#9838=AXIS2_PLACEMENT_3D('',#12823,#10841,#10842);
#9839=AXIS2_PLACEMENT_3D('',#12828,#10847,#10848);
#9840=AXIS2_PLACEMENT_3D('',#12829,#10849,#10850);
#9841=AXIS2_PLACEMENT_3D('',#12834,#10855,#10856);
#9842=AXIS2_PLACEMENT_3D('',#12835,#10857,#10858);
#9843=AXIS2_PLACEMENT_3D('',#12836,#10859,#10860);
#9844=AXIS2_PLACEMENT_3D('',#12837,#10861,#10862);
#9845=AXIS2_PLACEMENT_3D('',#12839,#10864,#10865);
#9846=AXIS2_PLACEMENT_3D('',#12841,#10867,#10868);
#9847=AXIS2_PLACEMENT_3D('',#12842,#10869,#10870);
#9848=AXIS2_PLACEMENT_3D('',#12843,#10871,#10872);
#9849=AXIS2_PLACEMENT_3D('',#12844,#10873,#10874);
#9850=AXIS2_PLACEMENT_3D('',#12845,#10875,#10876);
#9851=AXIS2_PLACEMENT_3D('',#12846,#10877,#10878);
#9852=AXIS2_PLACEMENT_3D('',#12847,#10879,#10880);
#9853=AXIS2_PLACEMENT_3D('',#12848,#10881,#10882);
#9854=AXIS2_PLACEMENT_3D('',#12849,#10883,#10884);
#9855=AXIS2_PLACEMENT_3D('',#12850,#10885,#10886);
#9856=AXIS2_PLACEMENT_3D('',#12852,#10887,#10888);
#9857=AXIS2_PLACEMENT_3D('',#12854,#10889,#10890);
#9858=AXIS2_PLACEMENT_3D('',#12855,#10891,#10892);
#9859=AXIS2_PLACEMENT_3D('',#12857,#10893,#10894);
#9860=AXIS2_PLACEMENT_3D('',#12859,#10895,#10896);
#9861=AXIS2_PLACEMENT_3D('',#12860,#10897,#10898);
#9862=AXIS2_PLACEMENT_3D('',#12862,#10899,#10900);
#9863=AXIS2_PLACEMENT_3D('',#12863,#10901,#10902);
#9864=AXIS2_PLACEMENT_3D('',#12865,#10903,#10904);
#9865=AXIS2_PLACEMENT_3D('',#12866,#10905,#10906);
#9866=AXIS2_PLACEMENT_3D('',#12868,#10907,#10908);
#9867=AXIS2_PLACEMENT_3D('',#12869,#10909,#10910);
#9868=AXIS2_PLACEMENT_3D('',#12870,#10911,#10912);
#9869=AXIS2_PLACEMENT_3D('',#12872,#10913,#10914);
#9870=AXIS2_PLACEMENT_3D('',#12873,#10915,#10916);
#9871=AXIS2_PLACEMENT_3D('',#12875,#10917,#10918);
#9872=AXIS2_PLACEMENT_3D('',#12876,#10919,#10920);
#9873=AXIS2_PLACEMENT_3D('',#12878,#10921,#10922);
#9874=AXIS2_PLACEMENT_3D('',#12879,#10923,#10924);
#9875=AXIS2_PLACEMENT_3D('',#12880,#10925,#10926);
#9876=AXIS2_PLACEMENT_3D('',#12882,#10927,#10928);
#9877=AXIS2_PLACEMENT_3D('',#12883,#10929,#10930);
#9878=AXIS2_PLACEMENT_3D('',#12884,#10931,#10932);
#9879=AXIS2_PLACEMENT_3D('',#12886,#10933,#10934);
#9880=AXIS2_PLACEMENT_3D('',#12887,#10935,#10936);
#9881=AXIS2_PLACEMENT_3D('',#12890,#10938,#10939);
#9882=AXIS2_PLACEMENT_3D('',#12893,#10941,#10942);
#9883=AXIS2_PLACEMENT_3D('',#12896,#10944,#10945);
#9884=AXIS2_PLACEMENT_3D('',#12897,#10946,#10947);
#9885=AXIS2_PLACEMENT_3D('',#12901,#10950,#10951);
#9886=AXIS2_PLACEMENT_3D('',#12904,#10953,#10954);
#9887=AXIS2_PLACEMENT_3D('',#12905,#10955,#10956);
#9888=AXIS2_PLACEMENT_3D('',#12908,#10958,#10959);
#9889=AXIS2_PLACEMENT_3D('',#12909,#10960,#10961);
#9890=AXIS2_PLACEMENT_3D('',#12911,#10963,#10964);
#9891=AXIS2_PLACEMENT_3D('',#12912,#10965,#10966);
#9892=AXIS2_PLACEMENT_3D('',#12915,#10968,#10969);
#9893=AXIS2_PLACEMENT_3D('',#12918,#10971,#10972);
#9894=AXIS2_PLACEMENT_3D('',#12921,#10974,#10975);
#9895=AXIS2_PLACEMENT_3D('',#12922,#10976,#10977);
#9896=AXIS2_PLACEMENT_3D('',#12926,#10980,#10981);
#9897=AXIS2_PLACEMENT_3D('',#12929,#10983,#10984);
#9898=AXIS2_PLACEMENT_3D('',#12930,#10985,#10986);
#9899=AXIS2_PLACEMENT_3D('',#12933,#10988,#10989);
#9900=AXIS2_PLACEMENT_3D('',#12934,#10990,#10991);
#9901=AXIS2_PLACEMENT_3D('',#12936,#10993,#10994);
#9902=AXIS2_PLACEMENT_3D('',#12937,#10995,#10996);
#9903=AXIS2_PLACEMENT_3D('',#12950,#11003,#11004);
#9904=AXIS2_PLACEMENT_3D('',#12952,#11005,#11006);
#9905=AXIS2_PLACEMENT_3D('',#12953,#11007,#11008);
#9906=AXIS2_PLACEMENT_3D('',#12955,#11009,#11010);
#9907=AXIS2_PLACEMENT_3D('',#12956,#11011,#11012);
#9908=AXIS2_PLACEMENT_3D('',#12962,#11016,#11017);
#9909=AXIS2_PLACEMENT_3D('',#12966,#11020,#11021);
#9910=AXIS2_PLACEMENT_3D('',#12970,#11024,#11025);
#9911=AXIS2_PLACEMENT_3D('',#12974,#11028,#11029);
#9912=AXIS2_PLACEMENT_3D('',#12978,#11032,#11033);
#9913=AXIS2_PLACEMENT_3D('',#12980,#11035,#11036);
#9914=AXIS2_PLACEMENT_3D('',#12981,#11037,#11038);
#9915=AXIS2_PLACEMENT_3D('',#12982,#11039,#11040);
#9916=AXIS2_PLACEMENT_3D('',#12983,#11041,#11042);
#9917=AXIS2_PLACEMENT_3D('',#12984,#11043,#11044);
#9918=AXIS2_PLACEMENT_3D('',#12985,#11045,#11046);
#9919=AXIS2_PLACEMENT_3D('',#12986,#11047,#11048);
#9920=AXIS2_PLACEMENT_3D('',#12987,#11049,#11050);
#9921=AXIS2_PLACEMENT_3D('',#12994,#11051,#11052);
#9922=AXIS2_PLACEMENT_3D('',#12995,#11053,#11054);
#9923=AXIS2_PLACEMENT_3D('',#13001,#11055,#11056);
#9924=AXIS2_PLACEMENT_3D('',#13002,#11057,#11058);
#9925=AXIS2_PLACEMENT_3D('',#13008,#11059,#11060);
#9926=AXIS2_PLACEMENT_3D('',#13009,#11061,#11062);
#9927=AXIS2_PLACEMENT_3D('',#13015,#11063,#11064);
#9928=AXIS2_PLACEMENT_3D('',#13016,#11065,#11066);
#9929=AXIS2_PLACEMENT_3D('',#13022,#11067,#11068);
#9930=AXIS2_PLACEMENT_3D('',#13055,#11085,#11086);
#9931=AXIS2_PLACEMENT_3D('',#13061,#11090,#11091);
#9932=AXIS2_PLACEMENT_3D('',#13065,#11093,#11094);
#9933=AXIS2_PLACEMENT_3D('',#13069,#11096,#11097);
#9934=AXIS2_PLACEMENT_3D('',#13073,#11099,#11100);
#9935=AXIS2_PLACEMENT_3D('',#13079,#11104,#11105);
#9936=AXIS2_PLACEMENT_3D('',#13081,#11106,#11107);
#9937=AXIS2_PLACEMENT_3D('',#13090,#11113,#11114);
#9938=AXIS2_PLACEMENT_3D('',#13096,#11118,#11119);
#9939=AXIS2_PLACEMENT_3D('',#13102,#11123,#11124);
#9940=AXIS2_PLACEMENT_3D('',#13107,#11127,#11128);
#9941=AXIS2_PLACEMENT_3D('',#13111,#11130,#11131);
#9942=AXIS2_PLACEMENT_3D('',#13115,#11133,#11134);
#9943=AXIS2_PLACEMENT_3D('',#13118,#11136,#11137);
#9944=AXIS2_PLACEMENT_3D('',#13120,#11138,#11139);
#9945=AXIS2_PLACEMENT_3D('',#13122,#11140,#11141);
#9946=AXIS2_PLACEMENT_3D('',#13137,#11151,#11152);
#9947=AXIS2_PLACEMENT_3D('',#13143,#11155,#11156);
#9948=AXIS2_PLACEMENT_3D('',#13151,#11160,#11161);
#9949=AXIS2_PLACEMENT_3D('',#13157,#11165,#11166);
#9950=AXIS2_PLACEMENT_3D('',#13162,#11169,#11170);
#9951=AXIS2_PLACEMENT_3D('',#13170,#11174,#11175);
#9952=AXIS2_PLACEMENT_3D('',#13175,#11178,#11179);
#9953=AXIS2_PLACEMENT_3D('',#13181,#11183,#11184);
#9954=AXIS2_PLACEMENT_3D('',#13182,#11185,#11186);
#9955=AXIS2_PLACEMENT_3D('',#13189,#11187,#11188);
#9956=AXIS2_PLACEMENT_3D('',#13190,#11189,#11190);
#9957=AXIS2_PLACEMENT_3D('',#13196,#11191,#11192);
#9958=AXIS2_PLACEMENT_3D('',#13197,#11193,#11194);
#9959=AXIS2_PLACEMENT_3D('',#13203,#11195,#11196);
#9960=AXIS2_PLACEMENT_3D('',#13204,#11197,#11198);
#9961=AXIS2_PLACEMENT_3D('',#13210,#11199,#11200);
#9962=AXIS2_PLACEMENT_3D('',#13211,#11201,#11202);
#9963=AXIS2_PLACEMENT_3D('',#13217,#11203,#11204);
#9964=AXIS2_PLACEMENT_3D('',#13220,#11207,#11208);
#9965=AXIS2_PLACEMENT_3D('',#13222,#11210,#11211);
#9966=AXIS2_PLACEMENT_3D('',#13223,#11212,#11213);
#9967=AXIS2_PLACEMENT_3D('',#13225,#11214,#11215);
#9968=AXIS2_PLACEMENT_3D('',#13227,#11216,#11217);
#9969=AXIS2_PLACEMENT_3D('',#13229,#11218,#11219);
#9970=AXIS2_PLACEMENT_3D('',#13230,#11220,#11221);
#9971=AXIS2_PLACEMENT_3D('',#13234,#11223,#11224);
#9972=AXIS2_PLACEMENT_3D('',#13235,#11225,#11226);
#9973=AXIS2_PLACEMENT_3D('',#13239,#11228,#11229);
#9974=AXIS2_PLACEMENT_3D('',#13243,#11231,#11232);
#9975=AXIS2_PLACEMENT_3D('',#13245,#11234,#11235);
#9976=AXIS2_PLACEMENT_3D('',#13247,#11237,#11238);
#9977=AXIS2_PLACEMENT_3D('',#13249,#11240,#11241);
#9978=AXIS2_PLACEMENT_3D('',#13250,#11242,#11243);
#9979=AXIS2_PLACEMENT_3D('',#13252,#11245,#11246);
#9980=AXIS2_PLACEMENT_3D('',#13254,#11248,#11249);
#9981=AXIS2_PLACEMENT_3D('',#13255,#11250,#11251);
#9982=AXIS2_PLACEMENT_3D('',#13256,#11252,#11253);
#9983=AXIS2_PLACEMENT_3D('',#13258,#11254,#11255);
#9984=AXIS2_PLACEMENT_3D('',#13259,#11256,#11257);
#9985=AXIS2_PLACEMENT_3D('',#13261,#11258,#11259);
#9986=AXIS2_PLACEMENT_3D('',#13262,#11260,#11261);
#9987=AXIS2_PLACEMENT_3D('',#13264,#11262,#11263);
#9988=AXIS2_PLACEMENT_3D('',#13265,#11264,#11265);
#9989=AXIS2_PLACEMENT_3D('',#13267,#11266,#11267);
#9990=AXIS2_PLACEMENT_3D('',#13268,#11268,#11269);
#9991=AXIS2_PLACEMENT_3D('',#13269,#11270,#11271);
#9992=AXIS2_PLACEMENT_3D('',#13271,#11272,#11273);
#9993=AXIS2_PLACEMENT_3D('',#13272,#11274,#11275);
#9994=AXIS2_PLACEMENT_3D('',#13274,#11276,#11277);
#9995=AXIS2_PLACEMENT_3D('',#13275,#11278,#11279);
#9996=AXIS2_PLACEMENT_3D('',#13277,#11280,#11281);
#9997=AXIS2_PLACEMENT_3D('',#13278,#11282,#11283);
#9998=AXIS2_PLACEMENT_3D('',#13280,#11284,#11285);
#9999=AXIS2_PLACEMENT_3D('',#13282,#11286,#11287);
#10000=AXIS2_PLACEMENT_3D('',#13283,#11288,#11289);
#10001=AXIS2_PLACEMENT_3D('',#13284,#11290,#11291);
#10002=AXIS2_PLACEMENT_3D('',#13289,#11292,#11293);
#10003=AXIS2_PLACEMENT_3D('',#13290,#11294,#11295);
#10004=AXIS2_PLACEMENT_3D('',#13292,#11296,#11297);
#10005=AXIS2_PLACEMENT_3D('',#13293,#11298,#11299);
#10006=AXIS2_PLACEMENT_3D('',#13294,#11300,#11301);
#10007=AXIS2_PLACEMENT_3D('',#13296,#11302,#11303);
#10008=AXIS2_PLACEMENT_3D('',#13297,#11304,#11305);
#10009=AXIS2_PLACEMENT_3D('',#13299,#11306,#11307);
#10010=AXIS2_PLACEMENT_3D('',#13300,#11308,#11309);
#10011=AXIS2_PLACEMENT_3D('',#13301,#11310,#11311);
#10012=AXIS2_PLACEMENT_3D('',#13303,#11312,#11313);
#10013=AXIS2_PLACEMENT_3D('',#13304,#11314,#11315);
#10014=AXIS2_PLACEMENT_3D('',#13306,#11316,#11317);
#10015=AXIS2_PLACEMENT_3D('',#13307,#11318,#11319);
#10016=AXIS2_PLACEMENT_3D('',#13309,#11320,#11321);
#10017=AXIS2_PLACEMENT_3D('',#13310,#11322,#11323);
#10018=AXIS2_PLACEMENT_3D('',#13312,#11324,#11325);
#10019=AXIS2_PLACEMENT_3D('',#13314,#11326,#11327);
#10020=AXIS2_PLACEMENT_3D('',#13315,#11328,#11329);
#10021=AXIS2_PLACEMENT_3D('',#13316,#11330,#11331);
#10022=AXIS2_PLACEMENT_3D('',#13321,#11332,#11333);
#10023=AXIS2_PLACEMENT_3D('',#13322,#11334,#11335);
#10024=AXIS2_PLACEMENT_3D('',#13324,#11336,#11337);
#10025=AXIS2_PLACEMENT_3D('',#13325,#11338,#11339);
#10026=AXIS2_PLACEMENT_3D('',#13326,#11340,#11341);
#10027=AXIS2_PLACEMENT_3D('',#13328,#11342,#11343);
#10028=AXIS2_PLACEMENT_3D('',#13329,#11344,#11345);
#10029=AXIS2_PLACEMENT_3D('',#13331,#11346,#11347);
#10030=AXIS2_PLACEMENT_3D('',#13332,#11348,#11349);
#10031=AXIS2_PLACEMENT_3D('',#13338,#11353,#11354);
#10032=AXIS2_PLACEMENT_3D('',#13342,#11357,#11358);
#10033=AXIS2_PLACEMENT_3D('',#13346,#11361,#11362);
#10034=AXIS2_PLACEMENT_3D('',#13350,#11365,#11366);
#10035=AXIS2_PLACEMENT_3D('',#13354,#11369,#11370);
#10036=AXIS2_PLACEMENT_3D('',#13356,#11372,#11373);
#10037=AXIS2_PLACEMENT_3D('',#13357,#11374,#11375);
#10038=AXIS2_PLACEMENT_3D('',#13359,#11377,#11378);
#10039=AXIS2_PLACEMENT_3D('',#13361,#11380,#11381);
#10040=AXIS2_PLACEMENT_3D('',#13363,#11383,#11384);
#10041=AXIS2_PLACEMENT_3D('',#13365,#11386,#11387);
#10042=AXIS2_PLACEMENT_3D('',#13366,#11388,#11389);
#10043=AXIS2_PLACEMENT_3D('',#13368,#11391,#11392);
#10044=AXIS2_PLACEMENT_3D('',#13370,#11394,#11395);
#10045=AXIS2_PLACEMENT_3D('',#13371,#11396,#11397);
#10046=AXIS2_PLACEMENT_3D('',#13372,#11398,#11399);
#10047=AXIS2_PLACEMENT_3D('',#13374,#11401,#11402);
#10048=AXIS2_PLACEMENT_3D('',#13375,#11403,#11404);
#10049=AXIS2_PLACEMENT_3D('',#13377,#11406,#11407);
#10050=AXIS2_PLACEMENT_3D('',#13378,#11408,#11409);
#10051=AXIS2_PLACEMENT_3D('',#13380,#11411,#11412);
#10052=AXIS2_PLACEMENT_3D('',#13381,#11413,#11414);
#10053=AXIS2_PLACEMENT_3D('',#13383,#11416,#11417);
#10054=AXIS2_PLACEMENT_3D('',#13384,#11418,#11419);
#10055=AXIS2_PLACEMENT_3D('',#13390,#11423,#11424);
#10056=AXIS2_PLACEMENT_3D('',#13394,#11427,#11428);
#10057=AXIS2_PLACEMENT_3D('',#13398,#11431,#11432);
#10058=AXIS2_PLACEMENT_3D('',#13402,#11435,#11436);
#10059=AXIS2_PLACEMENT_3D('',#13406,#11439,#11440);
#10060=AXIS2_PLACEMENT_3D('',#13408,#11442,#11443);
#10061=AXIS2_PLACEMENT_3D('',#13409,#11444,#11445);
#10062=AXIS2_PLACEMENT_3D('',#13410,#11446,#11447);
#10063=AXIS2_PLACEMENT_3D('',#13411,#11448,#11449);
#10064=AXIS2_PLACEMENT_3D('',#13416,#11451,#11452);
#10065=AXIS2_PLACEMENT_3D('',#13419,#11454,#11455);
#10066=AXIS2_PLACEMENT_3D('',#13420,#11456,#11457);
#10067=AXIS2_PLACEMENT_3D('',#13424,#11459,#11460);
#10068=AXIS2_PLACEMENT_3D('',#13425,#11461,#11462);
#10069=AXIS2_PLACEMENT_3D('',#13431,#11466,#11467);
#10070=AXIS2_PLACEMENT_3D('',#13432,#11468,#11469);
#10071=AXIS2_PLACEMENT_3D('',#13436,#11471,#11472);
#10072=AXIS2_PLACEMENT_3D('',#13437,#11473,#11474);
#10073=AXIS2_PLACEMENT_3D('',#13438,#11475,#11476);
#10074=AXIS2_PLACEMENT_3D('',#13442,#11478,#11479);
#10075=AXIS2_PLACEMENT_3D('',#13443,#11480,#11481);
#10076=AXIS2_PLACEMENT_3D('',#13446,#11484,#11485);
#10077=AXIS2_PLACEMENT_3D('',#13450,#11487,#11488);
#10078=AXIS2_PLACEMENT_3D('',#13454,#11490,#11491);
#10079=AXIS2_PLACEMENT_3D('',#13466,#11497,#11498);
#10080=AXIS2_PLACEMENT_3D('',#13470,#11500,#11501);
#10081=AXIS2_PLACEMENT_3D('',#13471,#11502,#11503);
#10082=AXIS2_PLACEMENT_3D('',#13478,#11506,#11507);
#10083=AXIS2_PLACEMENT_3D('',#13486,#11511,#11512);
#10084=AXIS2_PLACEMENT_3D('',#13496,#11517,#11518);
#10085=AXIS2_PLACEMENT_3D('',#13504,#11522,#11523);
#10086=AXIS2_PLACEMENT_3D('',#13508,#11525,#11526);
#10087=AXIS2_PLACEMENT_3D('',#13516,#11530,#11531);
#10088=AXIS2_PLACEMENT_3D('',#13520,#11533,#11534);
#10089=AXIS2_PLACEMENT_3D('',#13524,#11536,#11537);
#10090=AXIS2_PLACEMENT_3D('',#13532,#11541,#11542);
#10091=AXIS2_PLACEMENT_3D('',#13536,#11544,#11545);
#10092=AXIS2_PLACEMENT_3D('',#13603,#11579,#11580);
#10093=AXIS2_PLACEMENT_3D('',#13604,#11581,#11582);
#10094=AXIS2_PLACEMENT_3D('',#13610,#11586,#11587);
#10095=AXIS2_PLACEMENT_3D('',#13614,#11590,#11591);
#10096=AXIS2_PLACEMENT_3D('',#13618,#11594,#11595);
#10097=AXIS2_PLACEMENT_3D('',#13622,#11598,#11599);
#10098=AXIS2_PLACEMENT_3D('',#13626,#11602,#11603);
#10099=AXIS2_PLACEMENT_3D('',#13630,#11606,#11607);
#10100=AXIS2_PLACEMENT_3D('',#13634,#11610,#11611);
#10101=AXIS2_PLACEMENT_3D('',#13638,#11614,#11615);
#10102=AXIS2_PLACEMENT_3D('',#13642,#11618,#11619);
#10103=AXIS2_PLACEMENT_3D('',#13646,#11622,#11623);
#10104=AXIS2_PLACEMENT_3D('',#13650,#11626,#11627);
#10105=AXIS2_PLACEMENT_3D('',#13652,#11629,#11630);
#10106=AXIS2_PLACEMENT_3D('',#13653,#11631,#11632);
#10107=AXIS2_PLACEMENT_3D('',#13659,#11636,#11637);
#10108=AXIS2_PLACEMENT_3D('',#13663,#11640,#11641);
#10109=AXIS2_PLACEMENT_3D('',#13667,#11644,#11645);
#10110=AXIS2_PLACEMENT_3D('',#13671,#11648,#11649);
#10111=AXIS2_PLACEMENT_3D('',#13675,#11652,#11653);
#10112=AXIS2_PLACEMENT_3D('',#13679,#11656,#11657);
#10113=AXIS2_PLACEMENT_3D('',#13683,#11660,#11661);
#10114=AXIS2_PLACEMENT_3D('',#13687,#11664,#11665);
#10115=AXIS2_PLACEMENT_3D('',#13691,#11668,#11669);
#10116=AXIS2_PLACEMENT_3D('',#13693,#11671,#11672);
#10117=AXIS2_PLACEMENT_3D('',#13694,#11673,#11674);
#10118=AXIS2_PLACEMENT_3D('',#13700,#11678,#11679);
#10119=AXIS2_PLACEMENT_3D('',#13704,#11682,#11683);
#10120=AXIS2_PLACEMENT_3D('',#13708,#11686,#11687);
#10121=AXIS2_PLACEMENT_3D('',#13712,#11690,#11691);
#10122=AXIS2_PLACEMENT_3D('',#13716,#11694,#11695);
#10123=AXIS2_PLACEMENT_3D('',#13720,#11698,#11699);
#10124=AXIS2_PLACEMENT_3D('',#13724,#11702,#11703);
#10125=AXIS2_PLACEMENT_3D('',#13728,#11706,#11707);
#10126=AXIS2_PLACEMENT_3D('',#13732,#11710,#11711);
#10127=AXIS2_PLACEMENT_3D('',#13736,#11714,#11715);
#10128=AXIS2_PLACEMENT_3D('',#13738,#11717,#11718);
#10129=AXIS2_PLACEMENT_3D('',#13739,#11719,#11720);
#10130=AXIS2_PLACEMENT_3D('',#13745,#11724,#11725);
#10131=AXIS2_PLACEMENT_3D('',#13748,#11727,#11728);
#10132=AXIS2_PLACEMENT_3D('',#13749,#11729,#11730);
#10133=AXIS2_PLACEMENT_3D('',#13753,#11733,#11734);
#10134=AXIS2_PLACEMENT_3D('',#13756,#11736,#11737);
#10135=AXIS2_PLACEMENT_3D('',#13757,#11738,#11739);
#10136=AXIS2_PLACEMENT_3D('',#13761,#11742,#11743);
#10137=AXIS2_PLACEMENT_3D('',#13765,#11746,#11747);
#10138=AXIS2_PLACEMENT_3D('',#13769,#11750,#11751);
#10139=AXIS2_PLACEMENT_3D('',#13772,#11753,#11754);
#10140=AXIS2_PLACEMENT_3D('',#13773,#11755,#11756);
#10141=AXIS2_PLACEMENT_3D('',#13777,#11759,#11760);
#10142=AXIS2_PLACEMENT_3D('',#13780,#11762,#11763);
#10143=AXIS2_PLACEMENT_3D('',#13781,#11764,#11765);
#10144=AXIS2_PLACEMENT_3D('',#13785,#11768,#11769);
#10145=AXIS2_PLACEMENT_3D('',#13788,#11771,#11772);
#10146=AXIS2_PLACEMENT_3D('',#13789,#11773,#11774);
#10147=AXIS2_PLACEMENT_3D('',#13793,#11777,#11778);
#10148=AXIS2_PLACEMENT_3D('',#13797,#11781,#11782);
#10149=AXIS2_PLACEMENT_3D('',#13801,#11785,#11786);
#10150=AXIS2_PLACEMENT_3D('',#13802,#11787,#11788);
#10151=AXIS2_PLACEMENT_3D('',#13803,#11789,#11790);
#10152=AXIS2_PLACEMENT_3D('',#13804,#11791,#11792);
#10153=AXIS2_PLACEMENT_3D('',#13810,#11796,#11797);
#10154=AXIS2_PLACEMENT_3D('',#13813,#11799,#11800);
#10155=AXIS2_PLACEMENT_3D('',#13814,#11801,#11802);
#10156=AXIS2_PLACEMENT_3D('',#13818,#11805,#11806);
#10157=AXIS2_PLACEMENT_3D('',#13822,#11809,#11810);
#10158=AXIS2_PLACEMENT_3D('',#13826,#11813,#11814);
#10159=AXIS2_PLACEMENT_3D('',#13829,#11816,#11817);
#10160=AXIS2_PLACEMENT_3D('',#13830,#11818,#11819);
#10161=AXIS2_PLACEMENT_3D('',#13834,#11822,#11823);
#10162=AXIS2_PLACEMENT_3D('',#13836,#11825,#11826);
#10163=AXIS2_PLACEMENT_3D('',#13837,#11827,#11828);
#10164=AXIS2_PLACEMENT_3D('',#13843,#11832,#11833);
#10165=AXIS2_PLACEMENT_3D('',#13847,#11836,#11837);
#10166=AXIS2_PLACEMENT_3D('',#13850,#11839,#11840);
#10167=AXIS2_PLACEMENT_3D('',#13851,#11841,#11842);
#10168=AXIS2_PLACEMENT_3D('',#13855,#11845,#11846);
#10169=AXIS2_PLACEMENT_3D('',#13859,#11849,#11850);
#10170=AXIS2_PLACEMENT_3D('',#13863,#11853,#11854);
#10171=AXIS2_PLACEMENT_3D('',#13866,#11856,#11857);
#10172=AXIS2_PLACEMENT_3D('',#13867,#11858,#11859);
#10173=AXIS2_PLACEMENT_3D('',#13869,#11861,#11862);
#10174=AXIS2_PLACEMENT_3D('',#13870,#11863,#11864);
#10175=AXIS2_PLACEMENT_3D('',#13871,#11865,#11866);
#10176=AXIS2_PLACEMENT_3D('',#13873,#11867,#11868);
#10177=AXIS2_PLACEMENT_3D('',#13874,#11869,#11870);
#10178=AXIS2_PLACEMENT_3D('',#13880,#11874,#11875);
#10179=AXIS2_PLACEMENT_3D('',#13883,#11877,#11878);
#10180=AXIS2_PLACEMENT_3D('',#13884,#11879,#11880);
#10181=AXIS2_PLACEMENT_3D('',#13888,#11883,#11884);
#10182=AXIS2_PLACEMENT_3D('',#13891,#11886,#11887);
#10183=AXIS2_PLACEMENT_3D('',#13892,#11888,#11889);
#10184=AXIS2_PLACEMENT_3D('',#13896,#11892,#11893);
#10185=AXIS2_PLACEMENT_3D('',#13898,#11895,#11896);
#10186=AXIS2_PLACEMENT_3D('',#13899,#11897,#11898);
#10187=AXIS2_PLACEMENT_3D('',#13905,#11902,#11903);
#10188=AXIS2_PLACEMENT_3D('',#13909,#11906,#11907);
#10189=AXIS2_PLACEMENT_3D('',#13913,#11910,#11911);
#10190=AXIS2_PLACEMENT_3D('',#13916,#11913,#11914);
#10191=AXIS2_PLACEMENT_3D('',#13917,#11915,#11916);
#10192=AXIS2_PLACEMENT_3D('',#13921,#11919,#11920);
#10193=AXIS2_PLACEMENT_3D('',#13922,#11921,#11922);
#10194=AXIS2_PLACEMENT_3D('',#13923,#11923,#11924);
#10195=AXIS2_PLACEMENT_3D('',#13924,#11925,#11926);
#10196=AXIS2_PLACEMENT_3D('',#13925,#11927,#11928);
#10197=AXIS2_PLACEMENT_3D('',#13936,#11934,#11935);
#10198=AXIS2_PLACEMENT_3D('',#13942,#11939,#11940);
#10199=AXIS2_PLACEMENT_3D('',#13950,#11945,#11946);
#10200=AXIS2_PLACEMENT_3D('',#13951,#11947,#11948);
#10201=AXIS2_PLACEMENT_3D('',#13953,#11949,#11950);
#10202=AXIS2_PLACEMENT_3D('',#13955,#11951,#11952);
#10203=AXIS2_PLACEMENT_3D('',#13958,#11954,#11955);
#10204=AXIS2_PLACEMENT_3D('',#13974,#11963,#11964);
#10205=AXIS2_PLACEMENT_3D('',#13975,#11965,#11966);
#10206=AXIS2_PLACEMENT_3D('',#13985,#11972,#11973);
#10207=AXIS2_PLACEMENT_3D('',#13995,#11979,#11980);
#10208=AXIS2_PLACEMENT_3D('',#13996,#11981,#11982);
#10209=AXIS2_PLACEMENT_3D('',#13998,#11983,#11984);
#10210=AXIS2_PLACEMENT_3D('',#14003,#11986,#11987);
#10211=AXIS2_PLACEMENT_3D('',#14006,#11989,#11990);
#10212=AXIS2_PLACEMENT_3D('',#14037,#12007,#12008);
#10213=AXIS2_PLACEMENT_3D('',#14043,#12012,#12013);
#10214=AXIS2_PLACEMENT_3D('',#14044,#12014,#12015);
#10215=AXIS2_PLACEMENT_3D('',#14053,#12020,#12021);
#10216=AXIS2_PLACEMENT_3D('',#14059,#12025,#12026);
#10217=AXIS2_PLACEMENT_3D('',#14062,#12028,#12029);
#10218=AXIS2_PLACEMENT_3D('',#14078,#12031,#12032);
#10219=AXIS2_PLACEMENT_3D('',#14081,#12034,#12035);
#10220=AXIS2_PLACEMENT_3D('',#14089,#12037,#12038);
#10221=AXIS2_PLACEMENT_3D('',#14090,#12039,#12040);
#10222=AXIS2_PLACEMENT_3D('',#14091,#12041,#12042);
#10223=AXIS2_PLACEMENT_3D('',#14094,#12044,#12045);
#10224=AXIS2_PLACEMENT_3D('',#14095,#12046,#12047);
#10225=AXIS2_PLACEMENT_3D('',#14098,#12049,#12050);
#10226=AXIS2_PLACEMENT_3D('',#14106,#12052,#12053);
#10227=AXIS2_PLACEMENT_3D('',#14107,#12054,#12055);
#10228=AXIS2_PLACEMENT_3D('',#14111,#12058,#12059);
#10229=AXIS2_PLACEMENT_3D('',#14112,#12060,#12061);
#10230=AXIS2_PLACEMENT_3D('',#14113,#12062,#12063);
#10231=AXIS2_PLACEMENT_3D('',#14115,#12065,#12066);
#10232=AXIS2_PLACEMENT_3D('',#14116,#12067,#12068);
#10233=AXIS2_PLACEMENT_3D('',#14118,#12069,#12070);
#10234=AXIS2_PLACEMENT_3D('',#14120,#12071,#12072);
#10235=AXIS2_PLACEMENT_3D('',#14122,#12074,#12075);
#10236=AXIS2_PLACEMENT_3D('',#14129,#12077,#12078);
#10237=AXIS2_PLACEMENT_3D('',#14131,#12080,#12081);
#10238=AXIS2_PLACEMENT_3D('',#14132,#12082,#12083);
#10239=AXIS2_PLACEMENT_3D('',#14134,#12085,#12086);
#10240=AXIS2_PLACEMENT_3D('',#14135,#12087,#12088);
#10241=AXIS2_PLACEMENT_3D('',#14136,#12089,#12090);
#10242=AXIS2_PLACEMENT_3D('',#14138,#12091,#12092);
#10243=AXIS2_PLACEMENT_3D('',#14139,#12093,#12094);
#10244=AXIS2_PLACEMENT_3D('',#14141,#12095,#12096);
#10245=AXIS2_PLACEMENT_3D('',#14142,#12097,#12098);
#10246=AXIS2_PLACEMENT_3D('',#14143,#12099,#12100);
#10247=AXIS2_PLACEMENT_3D('',#14145,#12101,#12102);
#10248=AXIS2_PLACEMENT_3D('',#14146,#12103,#12104);
#10249=AXIS2_PLACEMENT_3D('',#14148,#12105,#12106);
#10250=AXIS2_PLACEMENT_3D('',#14149,#12107,#12108);
#10251=AXIS2_PLACEMENT_3D('',#14152,#12110,#12111);
#10252=AXIS2_PLACEMENT_3D('',#14155,#12113,#12114);
#10253=AXIS2_PLACEMENT_3D('',#14156,#12115,#12116);
#10254=AXIS2_PLACEMENT_3D('',#14157,#12117,#12118);
#10255=AXIS2_PLACEMENT_3D('',#14159,#12119,#12120);
#10256=AXIS2_PLACEMENT_3D('',#14161,#12121,#12122);
#10257=AXIS2_PLACEMENT_3D('',#14162,#12123,#12124);
#10258=AXIS2_PLACEMENT_3D('',#14164,#12125,#12126);
#10259=AXIS2_PLACEMENT_3D('',#14165,#12127,#12128);
#10260=AXIS2_PLACEMENT_3D('',#14169,#12131,#12132);
#10261=AXIS2_PLACEMENT_3D('',#14173,#12135,#12136);
#10262=AXIS2_PLACEMENT_3D('',#14174,#12137,#12138);
#10263=AXIS2_PLACEMENT_3D('',#14175,#12139,#12140);
#10264=AXIS2_PLACEMENT_3D('',#14176,#12141,#12142);
#10265=AXIS2_PLACEMENT_3D('',#14180,#12145,#12146);
#10266=AXIS2_PLACEMENT_3D('',#14184,#12149,#12150);
#10267=AXIS2_PLACEMENT_3D('',#14198,#12158,#12159);
#10268=AXIS2_PLACEMENT_3D('',#14200,#12161,#12162);
#10269=AXIS2_PLACEMENT_3D('',#14202,#12164,#12165);
#10270=AXIS2_PLACEMENT_3D('',#14204,#12167,#12168);
#10271=AXIS2_PLACEMENT_3D('',#14206,#12170,#12171);
#10272=AXIS2_PLACEMENT_3D('',#14208,#12173,#12174);
#10273=AXIS2_PLACEMENT_3D('',#14210,#12176,#12177);
#10274=AXIS2_PLACEMENT_3D('',#14211,#12178,#12179);
#10275=AXIS2_PLACEMENT_3D('',#14212,#12180,#12181);
#10276=AXIS2_PLACEMENT_3D('',#14213,#12182,#12183);
#10277=DIRECTION('',(0.,0.,1.));
#10278=DIRECTION('',(1.,0.,0.));
#10279=DIRECTION('',(0.,-1.,-1.37132290591052E-16));
#10280=DIRECTION('',(0.,1.37132290591052E-16,-1.));
#10281=DIRECTION('',(0.,-1.37132290591052E-16,1.));
#10282=DIRECTION('',(-1.,0.,0.));
#10283=DIRECTION('',(0.,-1.37132290591052E-16,1.));
#10284=DIRECTION('',(-1.,0.,0.));
#10285=DIRECTION('',(0.,0.,-1.));
#10286=DIRECTION('',(-1.,0.,0.));
#10287=DIRECTION('',(0.,1.,0.));
#10288=DIRECTION('',(-1.,0.,0.));
#10289=DIRECTION('',(0.,-1.,0.));
#10290=DIRECTION('',(-1.,0.,0.));
#10291=DIRECTION('',(0.,-1.,0.));
#10292=DIRECTION('',(-1.,0.,0.));
#10293=DIRECTION('',(0.,0.,-1.));
#10294=DIRECTION('',(-1.,0.,0.));
#10295=DIRECTION('',(-1.,0.,0.));
#10296=DIRECTION('',(0.,1.,0.));
#10297=DIRECTION('',(-1.,0.,0.));
#10298=DIRECTION('',(0.,-1.,0.));
#10299=DIRECTION('',(-1.,0.,0.));
#10300=DIRECTION('',(0.,-1.,0.));
#10301=DIRECTION('',(0.,1.,0.));
#10302=DIRECTION('',(0.,0.,1.));
#10303=DIRECTION('',(0.,0.,-1.));
#10304=DIRECTION('',(0.,0.,-1.));
#10305=DIRECTION('',(-1.,0.,0.));
#10306=DIRECTION('',(0.,1.,9.01155052455484E-16));
#10307=DIRECTION('',(0.,-9.01155052455484E-16,1.));
#10308=DIRECTION('',(0.,-4.50577526227743E-16,1.));
#10309=DIRECTION('',(-1.,0.,0.));
#10310=DIRECTION('',(0.,9.01155052455484E-16,-1.));
#10311=DIRECTION('',(-1.,0.,0.));
#10312=DIRECTION('',(0.,0.,-1.));
#10313=DIRECTION('',(-1.,0.,0.));
#10314=DIRECTION('',(0.,0.,-1.));
#10315=DIRECTION('',(-1.,0.,0.));
#10316=DIRECTION('',(0.,1.,0.));
#10317=DIRECTION('',(0.,-1.,0.));
#10318=DIRECTION('',(-1.,0.,0.));
#10319=DIRECTION('',(0.,-1.,-4.50577526227742E-16));
#10320=DIRECTION('',(0.,4.50577526227742E-16,-1.));
#10321=DIRECTION('',(0.,-4.50577526227744E-16,-1.));
#10322=DIRECTION('',(0.,-4.50577526227742E-16,1.));
#10323=DIRECTION('',(-1.,0.,0.));
#10324=DIRECTION('',(0.,-1.,0.));
#10325=DIRECTION('',(0.,0.,-1.));
#10326=DIRECTION('',(0.,0.,1.));
#10327=DIRECTION('',(-1.,0.,0.));
#10328=DIRECTION('',(0.,0.,1.));
#10329=DIRECTION('',(1.,0.,0.));
#10330=DIRECTION('',(0.,0.,-1.));
#10331=DIRECTION('',(0.,0.,-1.));
#10332=DIRECTION('',(0.,-1.,0.));
#10333=DIRECTION('',(0.,0.,-1.));
#10334=DIRECTION('',(0.,1.,0.));
#10335=DIRECTION('',(0.,0.,1.));
#10336=DIRECTION('',(0.,-1.,0.));
#10337=DIRECTION('',(0.,1.,0.));
#10338=DIRECTION('',(0.,0.,1.));
#10339=DIRECTION('',(1.,0.,0.));
#10340=DIRECTION('',(0.,0.,-1.));
#10341=DIRECTION('',(-1.,0.,0.));
#10342=DIRECTION('',(0.,-1.,0.));
#10343=DIRECTION('',(0.,0.,-1.));
#10344=DIRECTION('',(0.,0.,1.));
#10345=DIRECTION('',(-1.,0.,0.));
#10346=DIRECTION('',(0.,0.,1.));
#10347=DIRECTION('',(-1.,0.,0.));
#10348=DIRECTION('',(1.,0.,0.));
#10349=DIRECTION('',(0.,0.,-1.));
#10350=DIRECTION('',(0.,-1.,0.));
#10351=DIRECTION('',(0.,0.,1.));
#10352=DIRECTION('',(0.,-1.,0.));
#10353=DIRECTION('',(0.,0.,-1.));
#10354=DIRECTION('',(0.,1.,0.));
#10355=DIRECTION('',(-1.,0.,0.));
#10356=DIRECTION('',(0.,0.,1.));
#10357=DIRECTION('',(-1.,0.,0.));
#10358=DIRECTION('',(1.,0.,0.));
#10359=DIRECTION('',(0.,0.,-1.));
#10360=DIRECTION('',(1.,0.,0.));
#10361=DIRECTION('',(0.,0.,-1.));
#10362=DIRECTION('',(-1.,0.,0.));
#10363=DIRECTION('',(0.,0.,1.));
#10364=DIRECTION('',(1.,0.,0.));
#10365=DIRECTION('',(0.,0.,-1.));
#10366=DIRECTION('',(-1.,0.,0.));
#10367=DIRECTION('',(1.,0.,0.));
#10368=DIRECTION('',(0.,0.,-1.));
#10369=DIRECTION('',(-1.,0.,0.));
#10370=DIRECTION('',(0.,0.,-1.));
#10371=DIRECTION('',(-1.,0.,0.));
#10372=DIRECTION('',(-1.,0.,0.));
#10373=DIRECTION('',(0.,1.,0.));
#10374=DIRECTION('',(-1.,0.,0.));
#10375=DIRECTION('',(0.,-1.,0.));
#10376=DIRECTION('',(-1.,0.,0.));
#10377=DIRECTION('',(0.,-1.,0.));
#10378=DIRECTION('',(0.,0.,-1.));
#10379=DIRECTION('',(-1.,0.,0.));
#10380=DIRECTION('',(0.,1.,0.));
#10381=DIRECTION('',(-1.,0.,0.));
#10382=DIRECTION('',(0.,-1.,0.));
#10383=DIRECTION('',(-1.,0.,0.));
#10384=DIRECTION('',(0.,-1.,0.));
#10385=DIRECTION('',(-1.,0.,0.));
#10386=DIRECTION('',(1.,0.,0.));
#10387=DIRECTION('',(0.,0.,-1.));
#10388=DIRECTION('',(0.,-1.,0.));
#10389=DIRECTION('',(0.,0.,1.));
#10390=DIRECTION('',(0.,-1.,0.));
#10391=DIRECTION('',(0.,0.,-1.));
#10392=DIRECTION('',(-1.,0.,0.));
#10393=DIRECTION('',(0.,0.,1.));
#10394=DIRECTION('',(0.,1.,0.));
#10395=DIRECTION('',(0.,0.,-1.));
#10396=DIRECTION('',(0.,1.,0.));
#10397=DIRECTION('',(0.,0.,1.));
#10398=DIRECTION('',(1.,0.,0.));
#10399=DIRECTION('',(0.,0.,-1.));
#10400=DIRECTION('',(0.,-1.,0.));
#10401=DIRECTION('',(0.,0.,1.));
#10402=DIRECTION('',(0.,-1.,0.));
#10403=DIRECTION('',(0.,0.,-1.));
#10404=DIRECTION('',(-1.,0.,0.));
#10405=DIRECTION('',(0.,0.,1.));
#10406=DIRECTION('',(0.,1.,0.));
#10407=DIRECTION('',(0.,0.,-1.));
#10408=DIRECTION('',(0.,1.,0.));
#10409=DIRECTION('',(0.,0.,1.));
#10410=DIRECTION('',(0.,1.,0.));
#10411=DIRECTION('',(0.,0.,1.));
#10412=DIRECTION('',(0.,1.,0.));
#10413=DIRECTION('',(0.,0.,1.));
#10414=DIRECTION('',(0.,1.,0.));
#10415=DIRECTION('',(0.,0.,1.));
#10416=DIRECTION('',(0.,1.,0.));
#10417=DIRECTION('',(0.,0.,1.));
#10418=DIRECTION('',(0.,1.,0.));
#10419=DIRECTION('',(0.,0.,1.));
#10420=DIRECTION('',(-1.,0.,0.));
#10421=DIRECTION('',(0.,0.,-1.));
#10422=DIRECTION('',(1.,0.,0.));
#10423=DIRECTION('',(-1.,0.,0.));
#10424=DIRECTION('',(0.,0.,-1.));
#10425=DIRECTION('',(1.,0.,0.));
#10426=DIRECTION('',(0.,0.,-1.));
#10427=DIRECTION('',(-1.,0.,0.));
#10428=DIRECTION('',(1.,0.,0.));
#10429=DIRECTION('',(0.,0.,-1.));
#10430=DIRECTION('',(-1.,0.,0.));
#10431=DIRECTION('',(1.,0.,0.));
#10432=DIRECTION('',(0.,0.,-1.));
#10433=DIRECTION('',(-1.,0.,0.));
#10434=DIRECTION('',(0.,0.,-1.));
#10435=DIRECTION('',(1.,0.,0.));
#10436=DIRECTION('',(0.,-1.,0.));
#10437=DIRECTION('',(0.,0.,-1.));
#10438=DIRECTION('',(0.,1.,0.));
#10439=DIRECTION('',(1.,0.,0.));
#10440=DIRECTION('',(0.,1.,0.));
#10441=DIRECTION('',(1.,0.,0.));
#10442=DIRECTION('',(-1.,0.,0.));
#10443=DIRECTION('',(0.,1.,0.));
#10444=DIRECTION('',(1.,0.,0.));
#10445=DIRECTION('',(0.,1.,0.));
#10446=DIRECTION('',(1.,0.,0.));
#10447=DIRECTION('',(1.,0.,0.));
#10448=DIRECTION('',(0.,1.,0.));
#10449=DIRECTION('',(1.,0.,0.));
#10450=DIRECTION('',(0.,1.,0.));
#10451=DIRECTION('',(1.,0.,0.));
#10452=DIRECTION('',(-1.,0.,0.));
#10453=DIRECTION('',(0.,1.,0.));
#10454=DIRECTION('',(1.,0.,0.));
#10455=DIRECTION('',(0.,1.,0.));
#10456=DIRECTION('',(1.,0.,0.));
#10457=DIRECTION('',(1.,0.,0.));
#10458=DIRECTION('',(0.,-1.,0.));
#10459=DIRECTION('',(0.,0.,-1.));
#10460=DIRECTION('',(0.,-1.,0.));
#10461=DIRECTION('',(0.,0.,-1.));
#10462=DIRECTION('',(-1.,0.,0.));
#10463=DIRECTION('',(0.,0.,1.));
#10464=DIRECTION('',(0.,0.,1.));
#10465=DIRECTION('',(-1.,0.,0.));
#10466=DIRECTION('',(0.,0.,-1.));
#10467=DIRECTION('',(0.,1.,0.));
#10468=DIRECTION('',(1.,0.,0.));
#10469=DIRECTION('',(0.,0.,1.));
#10470=DIRECTION('',(-1.,0.,0.));
#10471=DIRECTION('',(0.,0.,-1.));
#10472=DIRECTION('',(-1.,0.,0.));
#10473=DIRECTION('',(0.,0.,-1.));
#10474=DIRECTION('',(0.,1.,0.));
#10475=DIRECTION('',(1.,0.,0.));
#10476=DIRECTION('',(0.,0.,1.));
#10477=DIRECTION('',(-1.,0.,0.));
#10478=DIRECTION('',(0.,0.,-1.));
#10479=DIRECTION('',(-1.,0.,0.));
#10480=DIRECTION('',(0.,0.,-1.));
#10481=DIRECTION('',(-1.,0.,0.));
#10482=DIRECTION('',(0.,0.,-1.));
#10483=DIRECTION('',(0.,1.,0.));
#10484=DIRECTION('',(1.,0.,0.));
#10485=DIRECTION('',(0.,0.,1.));
#10486=DIRECTION('',(-1.,0.,0.));
#10487=DIRECTION('',(0.,0.,1.));
#10488=DIRECTION('',(-1.,0.,0.));
#10489=DIRECTION('',(0.,0.,-1.));
#10490=DIRECTION('',(0.,1.,0.));
#10491=DIRECTION('',(1.,0.,0.));
#10492=DIRECTION('',(0.,0.,1.));
#10493=DIRECTION('',(-1.,0.,0.));
#10494=DIRECTION('',(0.,0.,1.));
#10495=DIRECTION('',(0.,7.99594155175797E-17,1.));
#10496=DIRECTION('',(0.,-1.,7.99594155175797E-17));
#10497=DIRECTION('',(0.,0.,1.));
#10498=DIRECTION('',(1.,0.,0.));
#10499=DIRECTION('',(-1.,0.,0.));
#10500=DIRECTION('',(0.,1.,-7.99594155175797E-17));
#10501=DIRECTION('',(0.,-1.,0.));
#10502=DIRECTION('',(0.,7.99594155175797E-17,1.));
#10503=DIRECTION('',(0.,-1.,7.99594155175797E-17));
#10504=DIRECTION('',(0.,0.,1.));
#10505=DIRECTION('',(1.,0.,0.));
#10506=DIRECTION('',(0.,-1.,7.99594155175797E-17));
#10507=DIRECTION('',(-1.,0.,0.));
#10508=DIRECTION('',(0.,1.,0.));
#10509=DIRECTION('',(0.,7.99594155175797E-17,1.));
#10510=DIRECTION('',(0.,-1.,7.99594155175797E-17));
#10511=DIRECTION('',(0.,0.,-1.));
#10512=DIRECTION('',(-1.,0.,0.));
#10513=DIRECTION('',(-1.,0.,0.));
#10514=DIRECTION('',(0.,1.,-7.99594155175797E-17));
#10515=DIRECTION('',(0.,-1.,0.));
#10516=DIRECTION('',(0.,7.99594155175797E-17,1.));
#10517=DIRECTION('',(0.,-1.,7.99594155175797E-17));
#10518=DIRECTION('',(0.,0.,-1.));
#10519=DIRECTION('',(-1.,0.,0.));
#10520=DIRECTION('',(0.,-1.,7.99594155175797E-17));
#10521=DIRECTION('',(-1.,0.,0.));
#10522=DIRECTION('',(0.,1.,0.));
#10523=DIRECTION('',(0.,1.,0.));
#10524=DIRECTION('',(0.,0.,1.));
#10525=DIRECTION('',(0.,0.,-1.));
#10526=DIRECTION('',(1.,0.,0.));
#10527=DIRECTION('',(0.,0.,-1.));
#10528=DIRECTION('',(-1.,0.,0.));
#10529=DIRECTION('',(0.,0.,-1.));
#10530=DIRECTION('',(0.,0.,-1.));
#10531=DIRECTION('',(-1.,0.,0.));
#10532=DIRECTION('',(0.,-1.,0.));
#10533=DIRECTION('',(0.,-1.,0.));
#10534=DIRECTION('',(0.,1.,0.));
#10535=DIRECTION('',(0.,0.,1.));
#10536=DIRECTION('',(0.,0.,1.));
#10537=DIRECTION('',(-1.,0.,0.));
#10538=DIRECTION('',(0.,0.,-1.));
#10539=DIRECTION('',(0.,0.,1.));
#10540=DIRECTION('',(1.,0.,0.));
#10541=DIRECTION('',(0.,-1.,0.));
#10542=DIRECTION('',(-1.,0.,0.));
#10543=DIRECTION('',(0.,-1.,0.));
#10544=DIRECTION('',(0.,1.,0.));
#10545=DIRECTION('',(-1.,0.,0.));
#10546=DIRECTION('',(0.,1.,0.));
#10547=DIRECTION('',(0.,1.,-2.31296463463574E-16));
#10548=DIRECTION('',(0.,2.31296463463574E-16,1.));
#10549=DIRECTION('',(0.,0.,1.));
#10550=DIRECTION('',(-1.,0.,0.));
#10551=DIRECTION('',(0.,0.,1.));
#10552=DIRECTION('',(-1.,0.,0.));
#10553=DIRECTION('',(0.,-2.31296463463574E-16,-1.));
#10554=DIRECTION('',(-1.,0.,0.));
#10555=DIRECTION('',(0.,-2.31296463463574E-16,-1.));
#10556=DIRECTION('',(0.,0.,-1.));
#10557=DIRECTION('',(-1.,0.,0.));
#10558=DIRECTION('',(-1.,0.,0.));
#10559=DIRECTION('',(0.,1.,0.));
#10560=DIRECTION('',(-1.,0.,0.));
#10561=DIRECTION('',(0.,-1.,0.));
#10562=DIRECTION('',(0.,-1.,0.));
#10563=DIRECTION('',(0.,1.,0.));
#10564=DIRECTION('',(0.,1.,9.01155052455484E-16));
#10565=DIRECTION('',(0.,-9.01155052455484E-16,1.));
#10566=DIRECTION('',(0.,-4.50577526227743E-16,1.));
#10567=DIRECTION('',(-1.,0.,0.));
#10568=DIRECTION('',(0.,9.01155052455484E-16,-1.));
#10569=DIRECTION('',(0.,0.,-1.));
#10570=DIRECTION('',(-1.,0.,0.));
#10571=DIRECTION('',(0.,0.,-1.));
#10572=DIRECTION('',(-1.,0.,0.));
#10573=DIRECTION('',(0.,1.,0.));
#10574=DIRECTION('',(-1.,0.,0.));
#10575=DIRECTION('',(0.,-1.,0.));
#10576=DIRECTION('',(0.,-1.,-4.50577526227742E-16));
#10577=DIRECTION('',(0.,4.50577526227742E-16,-1.));
#10578=DIRECTION('',(0.,-4.50577526227744E-16,-1.));
#10579=DIRECTION('',(-1.,0.,0.));
#10580=DIRECTION('',(0.,-4.50577526227742E-16,1.));
#10581=DIRECTION('',(0.,0.,-1.));
#10582=DIRECTION('',(-1.,0.,0.));
#10583=DIRECTION('',(0.,1.,0.));
#10584=DIRECTION('',(-1.,0.,0.));
#10585=DIRECTION('',(0.,1.,0.));
#10586=DIRECTION('',(0.,-1.,0.));
#10587=DIRECTION('',(-1.,0.,0.));
#10588=DIRECTION('',(0.,-1.,0.));
#10589=DIRECTION('',(0.,-1.,2.31296463463574E-16));
#10590=DIRECTION('',(0.,-2.31296463463574E-16,-1.));
#10591=DIRECTION('',(0.,0.,-1.));
#10592=DIRECTION('',(-1.,0.,0.));
#10593=DIRECTION('',(0.,0.,-1.));
#10594=DIRECTION('',(-1.,0.,0.));
#10595=DIRECTION('',(0.,2.31296463463574E-16,1.));
#10596=DIRECTION('',(-1.,0.,0.));
#10597=DIRECTION('',(0.,2.31296463463574E-16,1.));
#10598=DIRECTION('',(0.,0.,1.));
#10599=DIRECTION('',(1.,0.,0.));
#10600=DIRECTION('',(-1.,0.,0.));
#10601=DIRECTION('',(0.,-1.,0.));
#10602=DIRECTION('',(-1.,0.,0.));
#10603=DIRECTION('',(0.,1.,0.));
#10604=DIRECTION('',(0.,1.,0.));
#10605=DIRECTION('',(0.,-1.,0.));
#10606=DIRECTION('',(0.,-1.,0.));
#10607=DIRECTION('',(0.,0.,-1.));
#10608=DIRECTION('',(0.,0.,-1.));
#10609=DIRECTION('',(0.,0.,1.));
#10610=DIRECTION('',(1.,0.,0.));
#10611=DIRECTION('',(0.,0.,-1.));
#10612=DIRECTION('',(0.,1.,0.));
#10613=DIRECTION('',(1.,0.,0.));
#10614=DIRECTION('',(0.,0.,-1.));
#10615=DIRECTION('',(0.,-1.,0.));
#10616=DIRECTION('',(1.,0.,0.));
#10617=DIRECTION('',(0.,0.,-1.));
#10618=DIRECTION('',(0.,-1.,0.));
#10619=DIRECTION('',(0.,0.,1.));
#10620=DIRECTION('',(1.,0.,0.));
#10621=DIRECTION('',(0.,-1.,0.));
#10622=DIRECTION('',(-1.,0.,0.));
#10623=DIRECTION('',(-1.,0.,0.));
#10624=DIRECTION('',(0.,0.,1.));
#10625=DIRECTION('',(0.,1.,0.));
#10626=DIRECTION('',(0.,0.,1.));
#10627=DIRECTION('',(1.,0.,0.));
#10628=DIRECTION('',(-1.,0.,0.));
#10629=DIRECTION('',(0.,1.,0.));
#10630=DIRECTION('',(1.,0.,0.));
#10631=DIRECTION('',(0.,0.,-1.));
#10632=DIRECTION('',(0.,-1.,0.));
#10633=DIRECTION('',(-1.,0.,0.));
#10634=DIRECTION('',(0.,0.,1.));
#10635=DIRECTION('',(0.,1.,0.));
#10636=DIRECTION('',(0.,0.,1.));
#10637=DIRECTION('',(1.,0.,0.));
#10638=DIRECTION('',(0.,0.,1.));
#10639=DIRECTION('',(1.,0.,0.));
#10640=DIRECTION('',(0.,0.,1.));
#10641=DIRECTION('',(1.,0.,0.));
#10642=DIRECTION('',(0.,0.,1.));
#10643=DIRECTION('',(1.,0.,0.));
#10644=DIRECTION('',(-1.,0.,0.));
#10645=DIRECTION('',(0.,1.,0.));
#10646=DIRECTION('',(0.,0.,1.));
#10647=DIRECTION('',(1.,0.,0.));
#10648=DIRECTION('',(0.,-1.,0.));
#10649=DIRECTION('',(-1.,0.,0.));
#10650=DIRECTION('',(1.,0.,0.));
#10651=DIRECTION('',(0.,0.,-1.));
#10652=DIRECTION('',(0.,0.,-1.));
#10653=DIRECTION('',(0.,1.,0.));
#10654=DIRECTION('',(-1.,0.,0.));
#10655=DIRECTION('',(0.,0.,1.));
#10656=DIRECTION('',(0.,1.,0.));
#10657=DIRECTION('',(0.,0.,1.));
#10658=DIRECTION('',(0.,1.,0.));
#10659=DIRECTION('',(0.,0.,1.));
#10660=DIRECTION('',(0.,1.,0.));
#10661=DIRECTION('',(0.,0.,1.));
#10662=DIRECTION('',(0.,1.,0.));
#10663=DIRECTION('',(1.,0.,0.));
#10664=DIRECTION('',(0.,1.,0.));
#10665=DIRECTION('',(0.,0.,1.));
#10666=DIRECTION('',(-1.,0.,0.));
#10667=DIRECTION('',(0.,0.,1.));
#10668=DIRECTION('',(0.,1.,0.));
#10669=DIRECTION('',(0.,0.,1.));
#10670=DIRECTION('',(1.,0.,0.));
#10671=DIRECTION('',(0.,0.,-1.));
#10672=DIRECTION('',(0.,0.,-1.));
#10673=DIRECTION('',(0.,1.,0.));
#10674=DIRECTION('',(0.,1.,0.));
#10675=DIRECTION('',(0.,0.,1.));
#10676=DIRECTION('',(0.,1.,0.));
#10677=DIRECTION('',(0.,0.,1.));
#10678=DIRECTION('',(0.,1.,0.));
#10679=DIRECTION('',(1.,0.,0.));
#10680=DIRECTION('',(0.,1.,0.));
#10681=DIRECTION('',(0.,0.,1.));
#10682=DIRECTION('',(1.,0.,0.));
#10683=DIRECTION('',(0.,0.,-1.));
#10684=DIRECTION('',(0.,0.,-1.));
#10685=DIRECTION('',(0.,1.,0.));
#10686=DIRECTION('',(-1.,0.,0.));
#10687=DIRECTION('',(0.,0.,1.));
#10688=DIRECTION('',(0.,1.,0.));
#10689=DIRECTION('',(0.,0.,1.));
#10690=DIRECTION('',(0.,1.,0.));
#10691=DIRECTION('',(0.,0.,1.));
#10692=DIRECTION('',(0.,1.,0.));
#10693=DIRECTION('',(0.,0.,1.));
#10694=DIRECTION('',(0.,1.,0.));
#10695=DIRECTION('',(1.,0.,0.));
#10696=DIRECTION('',(0.,1.,0.));
#10697=DIRECTION('',(0.,0.,1.));
#10698=DIRECTION('',(-1.,0.,0.));
#10699=DIRECTION('',(0.,0.,1.));
#10700=DIRECTION('',(0.,1.,0.));
#10701=DIRECTION('',(0.,0.,1.));
#10702=DIRECTION('',(1.,0.,0.));
#10703=DIRECTION('',(0.,0.,-1.));
#10704=DIRECTION('',(0.,0.,-1.));
#10705=DIRECTION('',(0.,1.,0.));
#10706=DIRECTION('',(0.,1.,0.));
#10707=DIRECTION('',(0.,0.,1.));
#10708=DIRECTION('',(0.,1.,0.));
#10709=DIRECTION('',(0.,0.,1.));
#10710=DIRECTION('',(0.,1.,0.));
#10711=DIRECTION('',(1.,0.,0.));
#10712=DIRECTION('',(0.,1.,0.));
#10713=DIRECTION('',(0.,0.,1.));
#10714=DIRECTION('',(0.,1.,0.));
#10715=DIRECTION('',(0.,0.,1.));
#10716=DIRECTION('',(0.,1.,0.));
#10717=DIRECTION('',(0.,0.,1.));
#10718=DIRECTION('',(0.,-1.,0.));
#10719=DIRECTION('',(0.,0.,-1.));
#10720=DIRECTION('',(0.,1.,0.));
#10721=DIRECTION('',(0.,0.,1.));
#10722=DIRECTION('',(0.,1.,0.));
#10723=DIRECTION('',(0.,0.,1.));
#10724=DIRECTION('',(0.,1.,0.));
#10725=DIRECTION('',(0.,0.,1.));
#10726=DIRECTION('',(0.,-1.,0.));
#10727=DIRECTION('',(0.,0.,-1.));
#10728=DIRECTION('',(0.,1.,0.));
#10729=DIRECTION('',(0.,0.,1.));
#10730=DIRECTION('',(0.,1.,0.));
#10731=DIRECTION('',(0.,0.,1.));
#10732=DIRECTION('',(0.,1.,0.));
#10733=DIRECTION('',(0.,0.,1.));
#10734=DIRECTION('',(0.,-1.,0.));
#10735=DIRECTION('',(0.,0.,-1.));
#10736=DIRECTION('',(0.,1.,0.));
#10737=DIRECTION('',(0.,0.,1.));
#10738=DIRECTION('',(0.,1.,0.));
#10739=DIRECTION('',(0.,0.,1.));
#10740=DIRECTION('',(0.,1.,0.));
#10741=DIRECTION('',(0.,0.,1.));
#10742=DIRECTION('',(0.,-1.,0.));
#10743=DIRECTION('',(0.,0.,-1.));
#10744=DIRECTION('',(0.,1.,0.));
#10745=DIRECTION('',(0.,0.,1.));
#10746=DIRECTION('',(0.,0.,1.));
#10747=DIRECTION('',(1.,0.,0.));
#10748=DIRECTION('',(0.,0.,1.));
#10749=DIRECTION('',(1.,0.,0.));
#10750=DIRECTION('',(0.,0.,1.));
#10751=DIRECTION('',(1.,0.,0.));
#10752=DIRECTION('',(0.,0.,1.));
#10753=DIRECTION('',(1.,0.,0.));
#10754=DIRECTION('',(0.,0.,-1.));
#10755=DIRECTION('',(-1.,0.,0.));
#10756=DIRECTION('',(0.,0.,1.));
#10757=DIRECTION('',(1.,0.,0.));
#10758=DIRECTION('',(0.,0.,1.));
#10759=DIRECTION('',(1.,0.,0.));
#10760=DIRECTION('',(0.,0.,1.));
#10761=DIRECTION('',(1.,0.,0.));
#10762=DIRECTION('',(0.,0.,1.));
#10763=DIRECTION('',(1.,0.,0.));
#10764=DIRECTION('',(0.,0.,-1.));
#10765=DIRECTION('',(-1.,0.,0.));
#10766=DIRECTION('',(0.,0.,-1.));
#10767=DIRECTION('',(-1.,0.,0.));
#10768=DIRECTION('',(0.,0.,1.));
#10769=DIRECTION('',(1.,0.,0.));
#10770=DIRECTION('',(0.,0.,-1.));
#10771=DIRECTION('',(-1.,0.,0.));
#10772=DIRECTION('',(0.,0.,-1.));
#10773=DIRECTION('',(-1.,0.,0.));
#10774=DIRECTION('',(1.,0.,0.));
#10775=DIRECTION('',(0.,0.,-1.));
#10776=DIRECTION('',(0.,1.,0.));
#10777=DIRECTION('',(0.,0.,1.));
#10778=DIRECTION('',(0.,-1.,0.));
#10779=DIRECTION('',(0.,1.,0.));
#10780=DIRECTION('',(0.,0.,1.));
#10781=DIRECTION('',(1.,0.,0.));
#10782=DIRECTION('',(0.,0.,1.));
#10783=DIRECTION('',(1.,0.,0.));
#10784=DIRECTION('',(0.,1.,0.));
#10785=DIRECTION('',(1.,0.,0.));
#10786=DIRECTION('',(0.,0.,-1.));
#10787=DIRECTION('',(0.,-1.,0.));
#10788=DIRECTION('',(0.,0.,-1.));
#10789=DIRECTION('',(0.,1.,0.));
#10790=DIRECTION('',(0.,0.,1.));
#10791=DIRECTION('',(1.,0.,0.));
#10792=DIRECTION('',(-1.,0.,0.));
#10793=DIRECTION('',(-1.,0.,0.));
#10794=DIRECTION('',(0.,0.,1.));
#10795=DIRECTION('',(1.,0.,0.));
#10796=DIRECTION('',(-1.,0.,0.));
#10797=DIRECTION('',(-1.,0.,0.));
#10798=DIRECTION('',(-1.,0.,0.));
#10799=DIRECTION('',(0.,0.,1.));
#10800=DIRECTION('',(1.,0.,0.));
#10801=DIRECTION('',(0.,0.,-1.));
#10802=DIRECTION('',(-1.,0.,0.));
#10803=DIRECTION('',(1.,0.,0.));
#10804=DIRECTION('',(0.,0.,-1.));
#10805=DIRECTION('',(-1.,0.,0.));
#10806=DIRECTION('',(0.,0.,-1.));
#10807=DIRECTION('',(-1.,0.,0.));
#10808=DIRECTION('',(0.,0.,-1.));
#10809=DIRECTION('',(-1.,0.,0.));
#10810=DIRECTION('',(-1.,0.,0.));
#10811=DIRECTION('',(0.,-1.,0.));
#10812=DIRECTION('',(0.,-1.,0.));
#10813=DIRECTION('',(-1.,0.,0.));
#10814=DIRECTION('',(0.,0.,1.));
#10815=DIRECTION('',(1.,0.,0.));
#10816=DIRECTION('',(0.,0.,-1.));
#10817=DIRECTION('',(-1.,0.,0.));
#10818=DIRECTION('',(1.,0.,0.));
#10819=DIRECTION('',(0.,0.,-1.));
#10820=DIRECTION('',(0.,1.,1.35525271560688E-16));
#10821=DIRECTION('',(0.,-1.35525271560688E-16,1.));
#10822=DIRECTION('',(0.,1.35525271560688E-16,-1.));
#10823=DIRECTION('',(0.,1.35525271560688E-16,-1.));
#10824=DIRECTION('',(0.,1.,1.37132290591052E-16));
#10825=DIRECTION('',(0.,-1.37132290591052E-16,1.));
#10826=DIRECTION('',(-1.,0.,0.));
#10827=DIRECTION('',(0.,1.37132290591052E-16,-1.));
#10828=DIRECTION('',(0.,1.37132290591052E-16,-1.));
#10829=DIRECTION('',(0.,-1.,-1.35525271560688E-16));
#10830=DIRECTION('',(0.,1.35525271560688E-16,-1.));
#10831=DIRECTION('',(0.,-1.,-1.35525271560688E-16));
#10832=DIRECTION('',(0.,1.35525271560688E-16,-1.));
#10833=DIRECTION('',(0.,-1.,-1.35525271560688E-16));
#10834=DIRECTION('',(0.,1.35525271560688E-16,-1.));
#10835=DIRECTION('',(0.,-1.35525271560688E-16,1.));
#10836=DIRECTION('',(0.,-1.35525271560688E-16,1.));
#10837=DIRECTION('',(1.,0.,0.));
#10838=DIRECTION('',(0.,0.,-1.));
#10839=DIRECTION('',(1.,0.,0.));
#10840=DIRECTION('',(0.,0.,-1.));
#10841=DIRECTION('',(1.,0.,0.));
#10842=DIRECTION('',(0.,0.,-1.));
#10843=DIRECTION('',(0.,-0.707106781186544,-0.707106781186551));
#10844=DIRECTION('',(0.,0.707106781186546,-0.707106781186549));
#10845=DIRECTION('',(0.,0.707106781186547,0.707106781186547));
#10846=DIRECTION('',(0.,-0.707106781186544,0.707106781186551));
#10847=DIRECTION('',(1.,0.,0.));
#10848=DIRECTION('',(0.,0.,-1.));
#10849=DIRECTION('',(1.,0.,0.));
#10850=DIRECTION('',(0.,0.,-1.));
#10851=DIRECTION('',(0.,-0.707106781186544,0.707106781186551));
#10852=DIRECTION('',(0.,0.707106781186547,0.707106781186547));
#10853=DIRECTION('',(0.,0.707106781186546,-0.707106781186549));
#10854=DIRECTION('',(0.,-0.707106781186544,-0.707106781186551));
#10855=DIRECTION('',(1.,0.,0.));
#10856=DIRECTION('',(0.,0.,-1.));
#10857=DIRECTION('',(-1.,0.,0.));
#10858=DIRECTION('',(0.,0.,1.));
#10859=DIRECTION('',(-1.,0.,0.));
#10860=DIRECTION('',(0.,0.,1.));
#10861=DIRECTION('',(0.,1.,0.));
#10862=DIRECTION('',(0.,0.,1.));
#10863=DIRECTION('',(-1.,0.,0.));
#10864=DIRECTION('',(0.,-1.,0.));
#10865=DIRECTION('',(0.,0.,-1.));
#10866=DIRECTION('',(-1.,0.,0.));
#10867=DIRECTION('',(0.,0.,1.));
#10868=DIRECTION('',(1.,0.,0.));
#10869=DIRECTION('',(0.,0.,1.));
#10870=DIRECTION('',(1.,0.,0.));
#10871=DIRECTION('',(0.,0.707106781186551,-0.707106781186544));
#10872=DIRECTION('',(0.,0.707106781186544,0.707106781186551));
#10873=DIRECTION('',(0.,0.707106781186549,0.707106781186546));
#10874=DIRECTION('',(0.,-0.707106781186546,0.707106781186549));
#10875=DIRECTION('',(0.,-0.707106781186548,0.707106781186548));
#10876=DIRECTION('',(0.,-0.707106781186548,-0.707106781186548));
#10877=DIRECTION('',(0.,-0.707106781186551,-0.707106781186544));
#10878=DIRECTION('',(0.,0.707106781186544,-0.707106781186551));
#10879=DIRECTION('',(0.,0.,1.));
#10880=DIRECTION('',(1.,0.,0.));
#10881=DIRECTION('',(0.,0.,-1.));
#10882=DIRECTION('',(-1.,0.,0.));
#10883=DIRECTION('',(0.,1.,0.));
#10884=DIRECTION('',(0.,0.,1.));
#10885=DIRECTION('',(0.,1.,0.));
#10886=DIRECTION('',(0.,0.,1.));
#10887=DIRECTION('',(0.,1.,0.));
#10888=DIRECTION('',(0.,0.,1.));
#10889=DIRECTION('',(0.,1.,0.));
#10890=DIRECTION('',(0.,0.,1.));
#10891=DIRECTION('',(0.,1.,0.));
#10892=DIRECTION('',(0.,0.,1.));
#10893=DIRECTION('',(0.,1.,0.));
#10894=DIRECTION('',(0.,0.,1.));
#10895=DIRECTION('',(0.,6.67201336914157E-17,-1.));
#10896=DIRECTION('',(0.,1.,6.67201336914157E-17));
#10897=DIRECTION('',(0.,6.67201336914157E-17,-1.));
#10898=DIRECTION('',(0.,1.,6.67201336914157E-17));
#10899=DIRECTION('',(0.,6.67201336914157E-17,-1.));
#10900=DIRECTION('',(0.,1.,6.67201336914157E-17));
#10901=DIRECTION('',(0.,6.67201336914157E-17,-1.));
#10902=DIRECTION('',(0.,1.,6.67201336914157E-17));
#10903=DIRECTION('',(0.,6.67201336914157E-17,-1.));
#10904=DIRECTION('',(0.,1.,6.67201336914157E-17));
#10905=DIRECTION('',(0.,6.67201336914157E-17,-1.));
#10906=DIRECTION('',(0.,1.,6.67201336914157E-17));
#10907=DIRECTION('',(0.,6.67201336914157E-17,-1.));
#10908=DIRECTION('',(0.,1.,6.67201336914157E-17));
#10909=DIRECTION('',(0.,6.67201336914157E-17,-1.));
#10910=DIRECTION('',(0.,1.,6.67201336914157E-17));
#10911=DIRECTION('',(0.,6.67201336914157E-17,-1.));
#10912=DIRECTION('',(0.,1.,6.67201336914157E-17));
#10913=DIRECTION('',(0.,6.67201336914157E-17,-1.));
#10914=DIRECTION('',(0.,1.,6.67201336914157E-17));
#10915=DIRECTION('',(0.,6.67201336914157E-17,-1.));
#10916=DIRECTION('',(0.,1.,6.67201336914157E-17));
#10917=DIRECTION('',(0.,6.67201336914157E-17,-1.));
#10918=DIRECTION('',(0.,1.,6.67201336914157E-17));
#10919=DIRECTION('',(0.,6.67201336914157E-17,-1.));
#10920=DIRECTION('',(0.,1.,6.67201336914157E-17));
#10921=DIRECTION('',(0.,6.67201336914157E-17,-1.));
#10922=DIRECTION('',(0.,1.,6.67201336914157E-17));
#10923=DIRECTION('',(0.,-1.,0.));
#10924=DIRECTION('',(0.,0.,-1.));
#10925=DIRECTION('',(0.,-1.,0.));
#10926=DIRECTION('',(0.,0.,-1.));
#10927=DIRECTION('',(0.,1.,0.));
#10928=DIRECTION('',(0.,0.,1.));
#10929=DIRECTION('',(0.,-1.,0.));
#10930=DIRECTION('',(0.,0.,-1.));
#10931=DIRECTION('',(0.,-1.,0.));
#10932=DIRECTION('',(0.,0.,-1.));
#10933=DIRECTION('',(0.,1.,0.));
#10934=DIRECTION('',(0.,0.,1.));
#10935=DIRECTION('',(0.,1.,0.));
#10936=DIRECTION('',(0.,0.,1.));
#10937=DIRECTION('',(0.,1.,0.));
#10938=DIRECTION('',(0.,1.,0.));
#10939=DIRECTION('',(1.,0.,0.));
#10940=DIRECTION('',(0.,1.,0.));
#10941=DIRECTION('',(0.,1.,0.));
#10942=DIRECTION('',(0.,0.,1.));
#10943=DIRECTION('',(0.,1.,0.));
#10944=DIRECTION('',(0.,1.,0.));
#10945=DIRECTION('',(1.,0.,0.));
#10946=DIRECTION('',(0.,0.,1.));
#10947=DIRECTION('',(1.,0.,0.));
#10948=DIRECTION('',(0.,1.,0.));
#10949=DIRECTION('',(1.,0.,0.));
#10950=DIRECTION('',(0.,1.,0.));
#10951=DIRECTION('',(0.,0.,1.));
#10952=DIRECTION('',(0.,1.,0.));
#10953=DIRECTION('',(0.,1.,0.));
#10954=DIRECTION('',(1.,0.,0.));
#10955=DIRECTION('',(0.,1.,0.));
#10956=DIRECTION('',(0.,0.,1.));
#10957=DIRECTION('',(0.,1.,0.));
#10958=DIRECTION('',(0.,1.,0.));
#10959=DIRECTION('',(1.,0.,0.));
#10960=DIRECTION('',(0.,0.,-1.));
#10961=DIRECTION('',(-1.,0.,0.));
#10962=DIRECTION('',(-1.,0.,0.));
#10963=DIRECTION('',(0.,1.,0.));
#10964=DIRECTION('',(0.,0.,1.));
#10965=DIRECTION('',(0.,1.,0.));
#10966=DIRECTION('',(0.,0.,1.));
#10967=DIRECTION('',(0.,1.,0.));
#10968=DIRECTION('',(0.,1.,0.));
#10969=DIRECTION('',(1.,0.,0.));
#10970=DIRECTION('',(0.,1.,0.));
#10971=DIRECTION('',(0.,1.,0.));
#10972=DIRECTION('',(0.,0.,1.));
#10973=DIRECTION('',(0.,1.,0.));
#10974=DIRECTION('',(0.,1.,0.));
#10975=DIRECTION('',(1.,0.,0.));
#10976=DIRECTION('',(0.,0.,1.));
#10977=DIRECTION('',(1.,0.,0.));
#10978=DIRECTION('',(0.,1.,0.));
#10979=DIRECTION('',(1.,0.,0.));
#10980=DIRECTION('',(0.,1.,0.));
#10981=DIRECTION('',(0.,0.,1.));
#10982=DIRECTION('',(0.,1.,0.));
#10983=DIRECTION('',(0.,1.,0.));
#10984=DIRECTION('',(1.,0.,0.));
#10985=DIRECTION('',(0.,1.,0.));
#10986=DIRECTION('',(0.,0.,1.));
#10987=DIRECTION('',(0.,1.,0.));
#10988=DIRECTION('',(0.,1.,0.));
#10989=DIRECTION('',(1.,0.,0.));
#10990=DIRECTION('',(0.,0.,-1.));
#10991=DIRECTION('',(-1.,0.,0.));
#10992=DIRECTION('',(-1.,0.,0.));
#10993=DIRECTION('',(0.,1.,0.));
#10994=DIRECTION('',(0.,0.,1.));
#10995=DIRECTION('',(-2.69144975666705E-16,0.,-1.));
#10996=DIRECTION('',(-1.,0.,2.69144975666705E-16));
#10997=DIRECTION('',(-0.866025403784439,0.5,0.));
#10998=DIRECTION('',(0.,1.,0.));
#10999=DIRECTION('',(0.866025403784439,0.5,0.));
#11000=DIRECTION('',(0.866025403784439,-0.5,0.));
#11001=DIRECTION('',(0.,-1.,0.));
#11002=DIRECTION('',(-0.866025403784439,-0.5,0.));
#11003=DIRECTION('',(-2.69144975666705E-16,0.,-1.));
#11004=DIRECTION('',(-1.,0.,2.69144975666705E-16));
#11005=DIRECTION('',(-2.69144975666705E-16,0.,-1.));
#11006=DIRECTION('',(-1.,0.,2.69144975666705E-16));
#11007=DIRECTION('',(-2.69144975666705E-16,0.,-1.));
#11008=DIRECTION('',(-1.,0.,2.69144975666705E-16));
#11009=DIRECTION('',(-2.69144975666705E-16,0.,-1.));
#11010=DIRECTION('',(-1.,0.,2.69144975666705E-16));
#11011=DIRECTION('',(1.,0.,0.));
#11012=DIRECTION('',(0.,0.,-1.));
#11013=DIRECTION('',(0.,0.,1.));
#11014=DIRECTION('',(0.,1.,0.));
#11015=DIRECTION('',(0.,0.,1.));
#11016=DIRECTION('',(0.5,0.866025403784439,0.));
#11017=DIRECTION('',(-0.866025403784439,0.5,0.));
#11018=DIRECTION('',(0.,0.,1.));
#11019=DIRECTION('',(-0.866025403784439,0.5,0.));
#11020=DIRECTION('',(-0.5,0.866025403784439,0.));
#11021=DIRECTION('',(-0.866025403784439,-0.5,0.));
#11022=DIRECTION('',(0.,0.,1.));
#11023=DIRECTION('',(-0.866025403784439,-0.5,0.));
#11024=DIRECTION('',(-1.,0.,0.));
#11025=DIRECTION('',(0.,0.,1.));
#11026=DIRECTION('',(0.,0.,1.));
#11027=DIRECTION('',(0.,-1.,0.));
#11028=DIRECTION('',(-0.5,-0.866025403784439,0.));
#11029=DIRECTION('',(0.866025403784439,-0.5,0.));
#11030=DIRECTION('',(0.,0.,1.));
#11031=DIRECTION('',(0.866025403784439,-0.5,0.));
#11032=DIRECTION('',(0.5,-0.866025403784439,0.));
#11033=DIRECTION('',(0.866025403784439,0.5,0.));
#11034=DIRECTION('',(0.866025403784439,0.5,0.));
#11035=DIRECTION('',(0.,0.,1.));
#11036=DIRECTION('',(1.,0.,0.));
#11037=DIRECTION('',(0.,1.,0.));
#11038=DIRECTION('',(0.,0.,1.));
#11039=DIRECTION('',(0.,1.,0.));
#11040=DIRECTION('',(0.,0.,1.));
#11041=DIRECTION('',(0.,1.,0.));
#11042=DIRECTION('',(0.,0.,1.));
#11043=DIRECTION('',(0.,1.,0.));
#11044=DIRECTION('',(0.,0.,1.));
#11045=DIRECTION('',(0.,-1.,0.));
#11046=DIRECTION('',(1.,0.,0.));
#11047=DIRECTION('',(0.,0.,-1.));
#11048=DIRECTION('',(-1.,0.,0.));
#11049=DIRECTION('',(0.,0.,-1.));
#11050=DIRECTION('',(-1.,0.,0.));
#11051=DIRECTION('',(0.,0.,-1.));
#11052=DIRECTION('',(-1.,0.,0.));
#11053=DIRECTION('',(0.,0.,-1.));
#11054=DIRECTION('',(-1.,0.,0.));
#11055=DIRECTION('',(0.,0.,-1.));
#11056=DIRECTION('',(-1.,0.,0.));
#11057=DIRECTION('',(0.,0.,-1.));
#11058=DIRECTION('',(-1.,0.,0.));
#11059=DIRECTION('',(0.,0.,-1.));
#11060=DIRECTION('',(-1.,0.,0.));
#11061=DIRECTION('',(0.,0.,-1.));
#11062=DIRECTION('',(-1.,0.,0.));
#11063=DIRECTION('',(0.,0.,-1.));
#11064=DIRECTION('',(-1.,0.,0.));
#11065=DIRECTION('',(0.,0.,-1.));
#11066=DIRECTION('',(-1.,0.,0.));
#11067=DIRECTION('',(0.,1.,0.));
#11068=DIRECTION('',(0.,0.,1.));
#11069=DIRECTION('',(-0.707106781186549,0.,-0.707106781186546));
#11070=DIRECTION('',(-0.707106781186549,0.,0.707106781186546));
#11071=DIRECTION('',(1.,0.,0.));
#11072=DIRECTION('',(-0.707106781186546,0.,-0.707106781186549));
#11073=DIRECTION('',(-0.707106781186549,0.,0.707106781186546));
#11074=DIRECTION('',(1.,0.,0.));
#11075=DIRECTION('',(-0.707106781186549,0.,-0.707106781186546));
#11076=DIRECTION('',(-0.707106781186546,0.,0.707106781186549));
#11077=DIRECTION('',(1.,0.,0.));
#11078=DIRECTION('',(-0.707106781186546,0.,-0.707106781186549));
#11079=DIRECTION('',(-0.707106781186546,0.,0.707106781186549));
#11080=DIRECTION('',(1.,0.,0.));
#11081=DIRECTION('',(0.,0.,-1.));
#11082=DIRECTION('',(1.,0.,0.));
#11083=DIRECTION('',(0.,0.,-1.));
#11084=DIRECTION('',(1.,0.,0.));
#11085=DIRECTION('',(0.,0.,1.));
#11086=DIRECTION('',(1.,0.,0.));
#11087=DIRECTION('',(0.,1.,0.));
#11088=DIRECTION('',(1.,0.,0.));
#11089=DIRECTION('',(0.,-1.,0.));
#11090=DIRECTION('',(0.,0.,1.));
#11091=DIRECTION('',(1.,0.,0.));
#11092=DIRECTION('',(1.,0.,0.));
#11093=DIRECTION('',(0.,0.,1.));
#11094=DIRECTION('',(1.,0.,0.));
#11095=DIRECTION('',(0.,-1.,0.));
#11096=DIRECTION('',(0.,0.,1.));
#11097=DIRECTION('',(1.,0.,0.));
#11098=DIRECTION('',(0.,1.,0.));
#11099=DIRECTION('',(0.,0.,1.));
#11100=DIRECTION('',(1.,0.,0.));
#11101=DIRECTION('',(1.,0.,0.));
#11102=DIRECTION('',(0.,-1.,0.));
#11103=DIRECTION('',(0.,-1.,0.));
#11104=DIRECTION('',(0.,0.,-1.));
#11105=DIRECTION('',(-1.,0.,0.));
#11106=DIRECTION('',(0.,1.,0.));
#11107=DIRECTION('',(0.,0.,1.));
#11108=DIRECTION('',(0.707106781186549,0.,-0.707106781186546));
#11109=DIRECTION('',(0.707106781186549,0.,0.707106781186546));
#11110=DIRECTION('',(0.,0.,-1.));
#11111=DIRECTION('',(1.,0.,0.));
#11112=DIRECTION('',(0.,0.,-1.));
#11113=DIRECTION('',(0.,0.,1.));
#11114=DIRECTION('',(1.,0.,0.));
#11115=DIRECTION('',(0.,-1.,0.));
#11116=DIRECTION('',(1.,0.,0.));
#11117=DIRECTION('',(0.,-1.,0.));
#11118=DIRECTION('',(0.,0.,1.));
#11119=DIRECTION('',(1.,0.,0.));
#11120=DIRECTION('',(0.,-1.,0.));
#11121=DIRECTION('',(1.,0.,0.));
#11122=DIRECTION('',(0.,-1.,0.));
#11123=DIRECTION('',(0.,0.,1.));
#11124=DIRECTION('',(1.,0.,0.));
#11125=DIRECTION('',(0.,-1.,0.));
#11126=DIRECTION('',(1.,0.,0.));
#11127=DIRECTION('',(0.,0.,1.));
#11128=DIRECTION('',(1.,0.,0.));
#11129=DIRECTION('',(0.,-1.,0.));
#11130=DIRECTION('',(0.,0.,1.));
#11131=DIRECTION('',(1.,0.,0.));
#11132=DIRECTION('',(-1.,0.,0.));
#11133=DIRECTION('',(0.,0.,1.));
#11134=DIRECTION('',(1.,0.,0.));
#11135=DIRECTION('',(0.,-1.,0.));
#11136=DIRECTION('',(0.,0.,-1.));
#11137=DIRECTION('',(-1.,0.,0.));
#11138=DIRECTION('',(0.,0.,-1.));
#11139=DIRECTION('',(-1.,0.,0.));
#11140=DIRECTION('',(0.,1.,0.));
#11141=DIRECTION('',(0.,0.,1.));
#11142=DIRECTION('',(0.707106781186549,0.,-0.707106781186546));
#11143=DIRECTION('',(0.707106781186546,0.,0.707106781186549));
#11144=DIRECTION('',(0.,0.,-1.));
#11145=DIRECTION('',(1.,0.,0.));
#11146=DIRECTION('',(0.,0.,-1.));
#11147=DIRECTION('',(0.707106781186546,0.,-0.707106781186549));
#11148=DIRECTION('',(0.707106781186546,0.,0.707106781186549));
#11149=DIRECTION('',(0.707106781186546,0.,-0.707106781186549));
#11150=DIRECTION('',(0.707106781186549,0.,0.707106781186546));
#11151=DIRECTION('',(1.,0.,0.));
#11152=DIRECTION('',(0.,0.,-1.));
#11153=DIRECTION('',(0.,-1.,0.));
#11154=DIRECTION('',(0.,0.,1.));
#11155=DIRECTION('',(1.,0.,0.));
#11156=DIRECTION('',(0.,0.,-1.));
#11157=DIRECTION('',(0.,0.,-1.));
#11158=DIRECTION('',(0.,-1.,0.));
#11159=DIRECTION('',(0.,8.36484976941827E-15,1.));
#11160=DIRECTION('',(1.,0.,0.));
#11161=DIRECTION('',(0.,0.,-1.));
#11162=DIRECTION('',(0.,0.,-1.));
#11163=DIRECTION('',(0.,-1.,0.));
#11164=DIRECTION('',(0.,0.,-1.));
#11165=DIRECTION('',(-1.,0.,0.));
#11166=DIRECTION('',(0.,0.,1.));
#11167=DIRECTION('',(0.,1.,0.));
#11168=DIRECTION('',(0.,0.,-1.));
#11169=DIRECTION('',(1.,0.,0.));
#11170=DIRECTION('',(0.,0.,-1.));
#11171=DIRECTION('',(0.,8.36484976941827E-15,1.));
#11172=DIRECTION('',(0.,1.,0.));
#11173=DIRECTION('',(0.,0.,-1.));
#11174=DIRECTION('',(1.,0.,0.));
#11175=DIRECTION('',(0.,0.,-1.));
#11176=DIRECTION('',(0.,0.,1.));
#11177=DIRECTION('',(0.,1.,0.));
#11178=DIRECTION('',(0.,-1.,0.));
#11179=DIRECTION('',(0.,0.,-1.));
#11180=DIRECTION('',(-1.,0.,0.));
#11181=DIRECTION('',(0.,0.,-1.));
#11182=DIRECTION('',(0.,0.,-1.));
#11183=DIRECTION('',(0.,0.,-1.));
#11184=DIRECTION('',(-1.,0.,0.));
#11185=DIRECTION('',(0.,0.,-1.));
#11186=DIRECTION('',(-1.,0.,0.));
#11187=DIRECTION('',(0.,0.,-1.));
#11188=DIRECTION('',(-1.,0.,0.));
#11189=DIRECTION('',(0.,0.,-1.));
#11190=DIRECTION('',(-1.,0.,0.));
#11191=DIRECTION('',(0.,0.,-1.));
#11192=DIRECTION('',(-1.,0.,0.));
#11193=DIRECTION('',(0.,0.,-1.));
#11194=DIRECTION('',(-1.,0.,0.));
#11195=DIRECTION('',(0.,0.,-1.));
#11196=DIRECTION('',(-1.,0.,0.));
#11197=DIRECTION('',(0.,0.,-1.));
#11198=DIRECTION('',(-1.,0.,0.));
#11199=DIRECTION('',(0.,0.,-1.));
#11200=DIRECTION('',(-1.,0.,0.));
#11201=DIRECTION('',(0.,0.,-1.));
#11202=DIRECTION('',(-1.,0.,0.));
#11203=DIRECTION('',(0.,0.,1.));
#11204=DIRECTION('',(1.,0.,0.));
#11205=DIRECTION('',(-1.,0.,0.));
#11206=DIRECTION('',(-1.,0.,0.));
#11207=DIRECTION('',(0.,0.,1.));
#11208=DIRECTION('',(1.,0.,0.));
#11209=DIRECTION('',(-1.,0.,0.));
#11210=DIRECTION('',(0.,0.,1.));
#11211=DIRECTION('',(1.,0.,0.));
#11212=DIRECTION('',(0.,0.,-1.));
#11213=DIRECTION('',(-1.,0.,0.));
#11214=DIRECTION('',(0.,0.,-1.));
#11215=DIRECTION('',(-1.,0.,0.));
#11216=DIRECTION('',(0.,0.,-1.));
#11217=DIRECTION('',(-1.,0.,0.));
#11218=DIRECTION('',(0.,0.,1.));
#11219=DIRECTION('',(1.,0.,0.));
#11220=DIRECTION('',(0.,0.,1.));
#11221=DIRECTION('',(1.,0.,0.));
#11222=DIRECTION('',(0.,-1.,0.));
#11223=DIRECTION('',(0.,0.,1.));
#11224=DIRECTION('',(1.,0.,0.));
#11225=DIRECTION('',(0.,0.,1.));
#11226=DIRECTION('',(1.,0.,0.));
#11227=DIRECTION('',(0.,1.,0.));
#11228=DIRECTION('',(0.,0.,1.));
#11229=DIRECTION('',(1.,0.,0.));
#11230=DIRECTION('',(0.,-1.,0.));
#11231=DIRECTION('',(0.,0.,1.));
#11232=DIRECTION('',(1.,0.,0.));
#11233=DIRECTION('',(1.,0.,0.));
#11234=DIRECTION('',(0.,-1.,0.));
#11235=DIRECTION('',(0.,0.,-1.));
#11236=DIRECTION('',(-1.,0.,0.));
#11237=DIRECTION('',(0.,1.,0.));
#11238=DIRECTION('',(0.,0.,1.));
#11239=DIRECTION('',(-1.,0.,0.));
#11240=DIRECTION('',(-1.,0.,0.));
#11241=DIRECTION('',(0.,0.,1.));
#11242=DIRECTION('',(0.,1.,0.));
#11243=DIRECTION('',(0.,0.,1.));
#11244=DIRECTION('',(-1.,0.,0.));
#11245=DIRECTION('',(0.,-1.,8.36484976941827E-15));
#11246=DIRECTION('',(0.,-8.36484976941827E-15,-1.));
#11247=DIRECTION('',(-1.,0.,0.));
#11248=DIRECTION('',(-1.,0.,0.));
#11249=DIRECTION('',(0.,0.,1.));
#11250=DIRECTION('',(0.,0.,-1.));
#11251=DIRECTION('',(-1.,0.,0.));
#11252=DIRECTION('',(0.,0.,-1.));
#11253=DIRECTION('',(-1.,0.,0.));
#11254=DIRECTION('',(0.,0.,1.));
#11255=DIRECTION('',(1.,0.,0.));
#11256=DIRECTION('',(0.,0.,-1.));
#11257=DIRECTION('',(-1.,0.,0.));
#11258=DIRECTION('',(0.,0.,-1.));
#11259=DIRECTION('',(-1.,0.,0.));
#11260=DIRECTION('',(0.,0.,-1.));
#11261=DIRECTION('',(-1.,0.,0.));
#11262=DIRECTION('',(0.,0.,-1.));
#11263=DIRECTION('',(-1.,0.,0.));
#11264=DIRECTION('',(0.,0.,-1.));
#11265=DIRECTION('',(-1.,0.,0.));
#11266=DIRECTION('',(0.,0.,-1.));
#11267=DIRECTION('',(-1.,0.,0.));
#11268=DIRECTION('',(0.,0.,-1.));
#11269=DIRECTION('',(-1.,0.,0.));
#11270=DIRECTION('',(0.,0.,-1.));
#11271=DIRECTION('',(-1.,0.,0.));
#11272=DIRECTION('',(0.,0.,1.));
#11273=DIRECTION('',(1.,0.,0.));
#11274=DIRECTION('',(0.,0.,-1.));
#11275=DIRECTION('',(-1.,0.,0.));
#11276=DIRECTION('',(0.,0.,-1.));
#11277=DIRECTION('',(-1.,0.,0.));
#11278=DIRECTION('',(0.,0.,-1.));
#11279=DIRECTION('',(-1.,0.,0.));
#11280=DIRECTION('',(0.,0.,-1.));
#11281=DIRECTION('',(-1.,0.,0.));
#11282=DIRECTION('',(0.,0.,-1.));
#11283=DIRECTION('',(-1.,0.,0.));
#11284=DIRECTION('',(0.,0.,-1.));
#11285=DIRECTION('',(-1.,0.,0.));
#11286=DIRECTION('',(0.,0.,-1.));
#11287=DIRECTION('',(-1.,0.,0.));
#11288=DIRECTION('',(0.,0.,-1.));
#11289=DIRECTION('',(-1.,0.,0.));
#11290=DIRECTION('',(0.,0.,-1.));
#11291=DIRECTION('',(-1.,0.,0.));
#11292=DIRECTION('',(0.,0.,1.));
#11293=DIRECTION('',(1.,0.,0.));
#11294=DIRECTION('',(0.,0.,-1.));
#11295=DIRECTION('',(-1.,0.,0.));
#11296=DIRECTION('',(0.,0.,-1.));
#11297=DIRECTION('',(-1.,0.,0.));
#11298=DIRECTION('',(0.,0.,-1.));
#11299=DIRECTION('',(-1.,0.,0.));
#11300=DIRECTION('',(0.,0.,-1.));
#11301=DIRECTION('',(-1.,0.,0.));
#11302=DIRECTION('',(0.,0.,-1.));
#11303=DIRECTION('',(-1.,0.,0.));
#11304=DIRECTION('',(0.,0.,-1.));
#11305=DIRECTION('',(-1.,0.,0.));
#11306=DIRECTION('',(0.,0.,-1.));
#11307=DIRECTION('',(-1.,0.,0.));
#11308=DIRECTION('',(0.,0.,-1.));
#11309=DIRECTION('',(-1.,0.,0.));
#11310=DIRECTION('',(0.,0.,-1.));
#11311=DIRECTION('',(-1.,0.,0.));
#11312=DIRECTION('',(0.,0.,1.));
#11313=DIRECTION('',(1.,0.,0.));
#11314=DIRECTION('',(0.,0.,-1.));
#11315=DIRECTION('',(-1.,0.,0.));
#11316=DIRECTION('',(0.,0.,-1.));
#11317=DIRECTION('',(-1.,0.,0.));
#11318=DIRECTION('',(0.,0.,-1.));
#11319=DIRECTION('',(-1.,0.,0.));
#11320=DIRECTION('',(0.,0.,-1.));
#11321=DIRECTION('',(-1.,0.,0.));
#11322=DIRECTION('',(0.,0.,-1.));
#11323=DIRECTION('',(-1.,0.,0.));
#11324=DIRECTION('',(0.,0.,-1.));
#11325=DIRECTION('',(-1.,0.,0.));
#11326=DIRECTION('',(0.,0.,-1.));
#11327=DIRECTION('',(-1.,0.,0.));
#11328=DIRECTION('',(0.,0.,-1.));
#11329=DIRECTION('',(-1.,0.,0.));
#11330=DIRECTION('',(0.,0.,-1.));
#11331=DIRECTION('',(-1.,0.,0.));
#11332=DIRECTION('',(0.,0.,1.));
#11333=DIRECTION('',(1.,0.,0.));
#11334=DIRECTION('',(0.,0.,-1.));
#11335=DIRECTION('',(-1.,0.,0.));
#11336=DIRECTION('',(0.,0.,-1.));
#11337=DIRECTION('',(-1.,0.,0.));
#11338=DIRECTION('',(0.,0.,-1.));
#11339=DIRECTION('',(-1.,0.,0.));
#11340=DIRECTION('',(0.,0.,-1.));
#11341=DIRECTION('',(-1.,0.,0.));
#11342=DIRECTION('',(0.,0.,-1.));
#11343=DIRECTION('',(-1.,0.,0.));
#11344=DIRECTION('',(0.,0.,-1.));
#11345=DIRECTION('',(-1.,0.,0.));
#11346=DIRECTION('',(0.,0.,-1.));
#11347=DIRECTION('',(-1.,0.,0.));
#11348=DIRECTION('',(0.,-1.,0.));
#11349=DIRECTION('',(0.,0.,-1.));
#11350=DIRECTION('',(0.,0.,-1.));
#11351=DIRECTION('',(-1.,0.,0.));
#11352=DIRECTION('',(0.,0.,-1.));
#11353=DIRECTION('',(-0.866025403784439,-0.5,0.));
#11354=DIRECTION('',(0.5,-0.866025403784439,0.));
#11355=DIRECTION('',(0.,0.,-1.));
#11356=DIRECTION('',(-0.5,0.866025403784439,0.));
#11357=DIRECTION('',(-0.866025403784439,0.5,0.));
#11358=DIRECTION('',(-0.5,-0.866025403784439,0.));
#11359=DIRECTION('',(0.,0.,-1.));
#11360=DIRECTION('',(0.5,0.866025403784439,0.));
#11361=DIRECTION('',(0.,1.,0.));
#11362=DIRECTION('',(0.,0.,1.));
#11363=DIRECTION('',(0.,0.,-1.));
#11364=DIRECTION('',(1.,0.,0.));
#11365=DIRECTION('',(0.866025403784439,0.5,0.));
#11366=DIRECTION('',(-0.5,0.866025403784439,0.));
#11367=DIRECTION('',(0.,0.,-1.));
#11368=DIRECTION('',(0.5,-0.866025403784439,0.));
#11369=DIRECTION('',(0.866025403784439,-0.5,0.));
#11370=DIRECTION('',(0.5,0.866025403784439,0.));
#11371=DIRECTION('',(-0.5,-0.866025403784439,0.));
#11372=DIRECTION('',(0.,0.,-1.));
#11373=DIRECTION('',(-1.,0.,0.));
#11374=DIRECTION('',(0.,0.,-1.));
#11375=DIRECTION('',(-1.,0.,0.));
#11376=DIRECTION('',(0.,0.,-1.));
#11377=DIRECTION('',(1.,0.,0.));
#11378=DIRECTION('',(0.,0.,-1.));
#11379=DIRECTION('',(0.,0.,-1.));
#11380=DIRECTION('',(0.,0.,-1.));
#11381=DIRECTION('',(-1.,0.,0.));
#11382=DIRECTION('',(0.,0.,-1.));
#11383=DIRECTION('',(-1.,0.,0.));
#11384=DIRECTION('',(0.,0.,1.));
#11385=DIRECTION('',(0.,0.,-1.));
#11386=DIRECTION('',(0.,0.,-1.));
#11387=DIRECTION('',(-1.,0.,0.));
#11388=DIRECTION('',(0.,0.,-1.));
#11389=DIRECTION('',(-1.,0.,0.));
#11390=DIRECTION('',(0.,0.,-1.));
#11391=DIRECTION('',(1.,0.,0.));
#11392=DIRECTION('',(0.,0.,-1.));
#11393=DIRECTION('',(0.,0.,-1.));
#11394=DIRECTION('',(0.,0.,-1.));
#11395=DIRECTION('',(-1.,0.,0.));
#11396=DIRECTION('',(0.,0.,-1.));
#11397=DIRECTION('',(-1.,0.,0.));
#11398=DIRECTION('',(0.707106781186549,0.,0.707106781186546));
#11399=DIRECTION('',(0.707106781186546,0.,-0.707106781186549));
#11400=DIRECTION('',(0.,-1.,0.));
#11401=DIRECTION('',(-0.707106781186549,0.,0.707106781186546));
#11402=DIRECTION('',(0.707106781186546,0.,0.707106781186549));
#11403=DIRECTION('',(0.707106781186549,0.,0.707106781186546));
#11404=DIRECTION('',(0.707106781186546,0.,-0.707106781186549));
#11405=DIRECTION('',(0.,-1.,0.));
#11406=DIRECTION('',(-0.707106781186546,0.,0.707106781186549));
#11407=DIRECTION('',(0.707106781186549,0.,0.707106781186546));
#11408=DIRECTION('',(-0.707106781186549,0.,0.707106781186546));
#11409=DIRECTION('',(0.707106781186546,0.,0.707106781186549));
#11410=DIRECTION('',(0.,-1.,0.));
#11411=DIRECTION('',(0.707106781186546,0.,0.707106781186549));
#11412=DIRECTION('',(0.707106781186549,0.,-0.707106781186546));
#11413=DIRECTION('',(-0.707106781186546,0.,0.707106781186549));
#11414=DIRECTION('',(0.707106781186549,0.,0.707106781186546));
#11415=DIRECTION('',(0.,-1.,0.));
#11416=DIRECTION('',(0.707106781186546,0.,0.707106781186549));
#11417=DIRECTION('',(0.707106781186549,0.,-0.707106781186546));
#11418=DIRECTION('',(0.,-1.,0.));
#11419=DIRECTION('',(0.,0.,-1.));
#11420=DIRECTION('',(0.,0.,-1.));
#11421=DIRECTION('',(-1.,0.,0.));
#11422=DIRECTION('',(0.,0.,-1.));
#11423=DIRECTION('',(-0.866025403784439,-0.5,0.));
#11424=DIRECTION('',(0.5,-0.866025403784439,0.));
#11425=DIRECTION('',(0.,0.,-1.));
#11426=DIRECTION('',(-0.5,0.866025403784439,0.));
#11427=DIRECTION('',(-0.866025403784439,0.5,0.));
#11428=DIRECTION('',(-0.5,-0.866025403784439,0.));
#11429=DIRECTION('',(0.,0.,-1.));
#11430=DIRECTION('',(0.5,0.866025403784439,0.));
#11431=DIRECTION('',(0.,1.,0.));
#11432=DIRECTION('',(0.,0.,1.));
#11433=DIRECTION('',(0.,0.,-1.));
#11434=DIRECTION('',(1.,0.,0.));
#11435=DIRECTION('',(0.866025403784439,0.5,0.));
#11436=DIRECTION('',(-0.5,0.866025403784439,0.));
#11437=DIRECTION('',(0.,0.,-1.));
#11438=DIRECTION('',(0.5,-0.866025403784439,0.));
#11439=DIRECTION('',(0.866025403784439,-0.5,0.));
#11440=DIRECTION('',(0.5,0.866025403784439,0.));
#11441=DIRECTION('',(-0.5,-0.866025403784439,0.));
#11442=DIRECTION('',(0.,0.,-1.));
#11443=DIRECTION('',(-1.,0.,0.));
#11444=DIRECTION('',(0.,0.,-1.));
#11445=DIRECTION('',(-1.,0.,0.));
#11446=DIRECTION('',(0.,0.,-1.));
#11447=DIRECTION('',(-1.,0.,0.));
#11448=DIRECTION('',(0.,0.,1.));
#11449=DIRECTION('',(1.,0.,0.));
#11450=DIRECTION('',(0.,0.,-1.));
#11451=DIRECTION('',(0.,0.,1.));
#11452=DIRECTION('',(1.,0.,0.));
#11453=DIRECTION('',(0.,0.,-1.));
#11454=DIRECTION('',(0.,0.,-1.));
#11455=DIRECTION('',(-1.,0.,0.));
#11456=DIRECTION('',(0.,0.,1.));
#11457=DIRECTION('',(1.,0.,0.));
#11458=DIRECTION('',(0.,0.,-1.));
#11459=DIRECTION('',(0.,0.,1.));
#11460=DIRECTION('',(1.,0.,0.));
#11461=DIRECTION('',(0.,1.,0.));
#11462=DIRECTION('',(0.,0.,1.));
#11463=DIRECTION('',(1.,0.,0.));
#11464=DIRECTION('',(0.,0.,-1.));
#11465=DIRECTION('',(1.,0.,0.));
#11466=DIRECTION('',(0.,0.,-1.));
#11467=DIRECTION('',(-1.,0.,0.));
#11468=DIRECTION('',(0.,0.,1.));
#11469=DIRECTION('',(1.,0.,0.));
#11470=DIRECTION('',(0.,0.,-1.));
#11471=DIRECTION('',(0.,0.,1.));
#11472=DIRECTION('',(1.,0.,0.));
#11473=DIRECTION('',(0.,0.,-1.));
#11474=DIRECTION('',(-1.,0.,0.));
#11475=DIRECTION('',(0.,0.,1.));
#11476=DIRECTION('',(1.,0.,0.));
#11477=DIRECTION('',(0.,0.,-1.));
#11478=DIRECTION('',(0.,0.,1.));
#11479=DIRECTION('',(1.,0.,0.));
#11480=DIRECTION('',(0.,-1.,0.));
#11481=DIRECTION('',(0.,0.,-1.));
#11482=DIRECTION('',(-1.,0.,0.));
#11483=DIRECTION('',(-1.,0.,0.));
#11484=DIRECTION('',(0.,0.,1.));
#11485=DIRECTION('',(1.,0.,0.));
#11486=DIRECTION('',(-0.884438909462814,-0.466655992598646,0.));
#11487=DIRECTION('',(0.,0.,1.));
#11488=DIRECTION('',(1.,0.,0.));
#11489=DIRECTION('',(-0.880524227582741,-0.474001144133448,0.));
#11490=DIRECTION('',(0.,0.,1.));
#11491=DIRECTION('',(1.,0.,0.));
#11492=DIRECTION('',(0.885109174804673,0.465383442632623,0.));
#11493=DIRECTION('',(0.,-1.,0.));
#11494=DIRECTION('',(-0.883428085837844,-0.468566769151295,0.));
#11495=DIRECTION('',(0.,1.,0.));
#11496=DIRECTION('',(0.882997975307586,0.469376794912897,0.));
#11497=DIRECTION('',(0.,0.,1.));
#11498=DIRECTION('',(1.,0.,0.));
#11499=DIRECTION('',(0.885083336458976,0.465432581071252,0.));
#11500=DIRECTION('',(0.,0.,1.));
#11501=DIRECTION('',(1.,0.,0.));
#11502=DIRECTION('',(0.,0.,1.));
#11503=DIRECTION('',(1.,0.,0.));
#11504=DIRECTION('',(-1.,0.,0.));
#11505=DIRECTION('',(0.,1.,0.));
#11506=DIRECTION('',(0.,0.,1.));
#11507=DIRECTION('',(1.,0.,0.));
#11508=DIRECTION('',(2.09710284813444E-16,-1.,0.));
#11509=DIRECTION('',(-1.,0.,0.));
#11510=DIRECTION('',(0.,1.,0.));
#11511=DIRECTION('',(0.,0.,1.));
#11512=DIRECTION('',(1.,0.,0.));
#11513=DIRECTION('',(0.,-1.,0.));
#11514=DIRECTION('',(-1.,0.,0.));
#11515=DIRECTION('',(0.,1.,0.));
#11516=DIRECTION('',(1.,0.,0.));
#11517=DIRECTION('',(0.,0.,1.));
#11518=DIRECTION('',(1.,0.,0.));
#11519=DIRECTION('',(-1.,8.87235820364572E-17,0.));
#11520=DIRECTION('',(0.,1.,0.));
#11521=DIRECTION('',(1.,0.,0.));
#11522=DIRECTION('',(0.,0.,1.));
#11523=DIRECTION('',(1.,0.,0.));
#11524=DIRECTION('',(0.,-1.,0.));
#11525=DIRECTION('',(0.,0.,1.));
#11526=DIRECTION('',(1.,0.,0.));
#11527=DIRECTION('',(-1.,0.,0.));
#11528=DIRECTION('',(0.,1.,0.));
#11529=DIRECTION('',(1.,3.12788221416668E-16,0.));
#11530=DIRECTION('',(0.,0.,1.));
#11531=DIRECTION('',(1.,0.,0.));
#11532=DIRECTION('',(-1.,-2.81674024654693E-14,0.));
#11533=DIRECTION('',(0.,0.,1.));
#11534=DIRECTION('',(1.,0.,0.));
#11535=DIRECTION('',(0.,1.,0.));
#11536=DIRECTION('',(0.,0.,1.));
#11537=DIRECTION('',(1.,0.,0.));
#11538=DIRECTION('',(1.,0.,0.));
#11539=DIRECTION('',(0.,-1.,0.));
#11540=DIRECTION('',(-1.,0.,0.));
#11541=DIRECTION('',(0.,0.,1.));
#11542=DIRECTION('',(1.,0.,0.));
#11543=DIRECTION('',(1.,0.,0.));
#11544=DIRECTION('',(0.,0.,1.));
#11545=DIRECTION('',(1.,0.,0.));
#11546=DIRECTION('',(-1.,0.,0.));
#11547=DIRECTION('',(0.,1.,0.));
#11548=DIRECTION('',(-0.64298133760425,-0.765881844341965,0.));
#11549=DIRECTION('',(-1.,0.,0.));
#11550=DIRECTION('',(0.640184399664481,0.768221279597375,0.));
#11551=DIRECTION('',(-0.600000000000001,0.799999999999999,0.));
#11552=DIRECTION('',(1.,0.,0.));
#11553=DIRECTION('',(0.592737030945544,-0.805396059181978,0.));
#11554=DIRECTION('',(0.,1.,0.));
#11555=DIRECTION('',(1.,-3.17129452581463E-16,0.));
#11556=DIRECTION('',(0.,-1.,0.));
#11557=DIRECTION('',(-1.,0.,0.));
#11558=DIRECTION('',(-0.683600071299209,0.729856795898837,0.));
#11559=DIRECTION('',(0.,-1.,0.));
#11560=DIRECTION('',(-1.,3.31011142824368E-16,0.));
#11561=DIRECTION('',(0.,1.,0.));
#11562=DIRECTION('',(1.,0.,0.));
#11563=DIRECTION('',(0.683604396441052,-0.72985274485095,0.));
#11564=DIRECTION('',(0.,1.,0.));
#11565=DIRECTION('',(1.,-3.30917689650222E-16,0.));
#11566=DIRECTION('',(0.,-1.,0.));
#11567=DIRECTION('',(-1.,0.,0.));
#11568=DIRECTION('',(0.,1.,0.));
#11569=DIRECTION('',(-1.,-1.44100129916534E-16,0.));
#11570=DIRECTION('',(0.,-1.,0.));
#11571=DIRECTION('',(-1.,3.17043672367078E-16,0.));
#11572=DIRECTION('',(0.,1.,0.));
#11573=DIRECTION('',(1.,0.,0.));
#11574=DIRECTION('',(0.,-1.,0.));
#11575=DIRECTION('',(1.,0.,0.));
#11576=DIRECTION('',(0.,1.,0.));
#11577=DIRECTION('',(1.,-3.17129452581463E-16,0.));
#11578=DIRECTION('',(0.,-1.,0.));
#11579=DIRECTION('',(0.,0.,1.));
#11580=DIRECTION('',(1.,0.,0.));
#11581=DIRECTION('',(0.,1.,0.));
#11582=DIRECTION('',(0.,0.,1.));
#11583=DIRECTION('',(0.,0.,1.));
#11584=DIRECTION('',(-1.,0.,0.));
#11585=DIRECTION('',(0.,0.,1.));
#11586=DIRECTION('',(-1.,0.,0.));
#11587=DIRECTION('',(0.,0.,1.));
#11588=DIRECTION('',(0.,0.,1.));
#11589=DIRECTION('',(0.,-1.,0.));
#11590=DIRECTION('',(-3.17129452581463E-16,-1.,0.));
#11591=DIRECTION('',(1.,-3.17129452581463E-16,0.));
#11592=DIRECTION('',(0.,0.,1.));
#11593=DIRECTION('',(1.,-3.17129452581463E-16,0.));
#11594=DIRECTION('',(1.,0.,0.));
#11595=DIRECTION('',(0.,0.,-1.));
#11596=DIRECTION('',(0.,0.,1.));
#11597=DIRECTION('',(0.,1.,0.));
#11598=DIRECTION('',(0.,-1.,0.));
#11599=DIRECTION('',(0.,0.,-1.));
#11600=DIRECTION('',(0.,0.,1.));
#11601=DIRECTION('',(1.,0.,0.));
#11602=DIRECTION('',(-1.,0.,0.));
#11603=DIRECTION('',(0.,0.,1.));
#11604=DIRECTION('',(0.,0.,1.));
#11605=DIRECTION('',(0.,-1.,0.));
#11606=DIRECTION('',(0.,-1.,0.));
#11607=DIRECTION('',(0.,0.,-1.));
#11608=DIRECTION('',(0.,0.,1.));
#11609=DIRECTION('',(1.,0.,0.));
#11610=DIRECTION('',(1.,0.,0.));
#11611=DIRECTION('',(0.,0.,-1.));
#11612=DIRECTION('',(0.,0.,1.));
#11613=DIRECTION('',(0.,1.,0.));
#11614=DIRECTION('',(3.17043672367078E-16,1.,0.));
#11615=DIRECTION('',(-1.,3.17043672367078E-16,0.));
#11616=DIRECTION('',(0.,0.,1.));
#11617=DIRECTION('',(-1.,3.17043672367078E-16,0.));
#11618=DIRECTION('',(-1.,0.,0.));
#11619=DIRECTION('',(0.,0.,1.));
#11620=DIRECTION('',(0.,0.,1.));
#11621=DIRECTION('',(0.,-1.,0.));
#11622=DIRECTION('',(-1.44100129916534E-16,1.,0.));
#11623=DIRECTION('',(-1.,-1.44100129916534E-16,0.));
#11624=DIRECTION('',(0.,0.,1.));
#11625=DIRECTION('',(-1.,-1.44100129916534E-16,0.));
#11626=DIRECTION('',(1.,0.,0.));
#11627=DIRECTION('',(0.,0.,-1.));
#11628=DIRECTION('',(0.,1.,0.));
#11629=DIRECTION('',(0.,0.,1.));
#11630=DIRECTION('',(1.,0.,0.));
#11631=DIRECTION('',(0.,1.,0.));
#11632=DIRECTION('',(0.,0.,1.));
#11633=DIRECTION('',(0.,0.,1.));
#11634=DIRECTION('',(-1.,0.,0.));
#11635=DIRECTION('',(0.,0.,1.));
#11636=DIRECTION('',(-1.,0.,0.));
#11637=DIRECTION('',(0.,0.,1.));
#11638=DIRECTION('',(0.,0.,1.));
#11639=DIRECTION('',(0.,-1.,0.));
#11640=DIRECTION('',(-3.30917689650222E-16,-1.,0.));
#11641=DIRECTION('',(1.,-3.30917689650222E-16,0.));
#11642=DIRECTION('',(0.,0.,1.));
#11643=DIRECTION('',(1.,-3.30917689650222E-16,0.));
#11644=DIRECTION('',(1.,0.,0.));
#11645=DIRECTION('',(0.,0.,-1.));
#11646=DIRECTION('',(0.,0.,1.));
#11647=DIRECTION('',(0.,1.,0.));
#11648=DIRECTION('',(-0.72985274485095,-0.683604396441052,0.));
#11649=DIRECTION('',(0.683604396441052,-0.72985274485095,0.));
#11650=DIRECTION('',(0.,0.,1.));
#11651=DIRECTION('',(0.683604396441052,-0.72985274485095,0.));
#11652=DIRECTION('',(0.,-1.,0.));
#11653=DIRECTION('',(0.,0.,-1.));
#11654=DIRECTION('',(0.,0.,1.));
#11655=DIRECTION('',(1.,0.,0.));
#11656=DIRECTION('',(1.,0.,0.));
#11657=DIRECTION('',(0.,0.,-1.));
#11658=DIRECTION('',(0.,0.,1.));
#11659=DIRECTION('',(0.,1.,0.));
#11660=DIRECTION('',(3.31011142824368E-16,1.,0.));
#11661=DIRECTION('',(-1.,3.31011142824368E-16,0.));
#11662=DIRECTION('',(0.,0.,1.));
#11663=DIRECTION('',(-1.,3.31011142824368E-16,0.));
#11664=DIRECTION('',(-1.,0.,0.));
#11665=DIRECTION('',(0.,0.,1.));
#11666=DIRECTION('',(0.,0.,1.));
#11667=DIRECTION('',(0.,-1.,0.));
#11668=DIRECTION('',(0.729856795898837,0.683600071299209,0.));
#11669=DIRECTION('',(-0.683600071299209,0.729856795898837,0.));
#11670=DIRECTION('',(-0.683600071299209,0.729856795898837,0.));
#11671=DIRECTION('',(0.,0.,1.));
#11672=DIRECTION('',(1.,0.,0.));
#11673=DIRECTION('',(0.,1.,0.));
#11674=DIRECTION('',(0.,0.,1.));
#11675=DIRECTION('',(0.,0.,1.));
#11676=DIRECTION('',(-1.,0.,0.));
#11677=DIRECTION('',(0.,0.,1.));
#11678=DIRECTION('',(-1.,0.,0.));
#11679=DIRECTION('',(0.,0.,1.));
#11680=DIRECTION('',(0.,0.,1.));
#11681=DIRECTION('',(0.,-1.,0.));
#11682=DIRECTION('',(-3.17129452581463E-16,-1.,0.));
#11683=DIRECTION('',(1.,-3.17129452581463E-16,0.));
#11684=DIRECTION('',(0.,0.,1.));
#11685=DIRECTION('',(1.,-3.17129452581463E-16,0.));
#11686=DIRECTION('',(1.,0.,0.));
#11687=DIRECTION('',(0.,0.,-1.));
#11688=DIRECTION('',(0.,0.,1.));
#11689=DIRECTION('',(0.,1.,0.));
#11690=DIRECTION('',(-0.805396059181978,-0.592737030945544,0.));
#11691=DIRECTION('',(0.592737030945544,-0.805396059181979,0.));
#11692=DIRECTION('',(0.,0.,1.));
#11693=DIRECTION('',(0.592737030945544,-0.805396059181978,0.));
#11694=DIRECTION('',(0.,-1.,0.));
#11695=DIRECTION('',(0.,0.,-1.));
#11696=DIRECTION('',(0.,0.,1.));
#11697=DIRECTION('',(1.,0.,0.));
#11698=DIRECTION('',(0.799999999999999,0.600000000000001,0.));
#11699=DIRECTION('',(-0.600000000000001,0.799999999999999,0.));
#11700=DIRECTION('',(0.,0.,1.));
#11701=DIRECTION('',(-0.600000000000001,0.799999999999999,0.));
#11702=DIRECTION('',(0.768221279597375,-0.640184399664481,0.));
#11703=DIRECTION('',(0.640184399664481,0.768221279597375,0.));
#11704=DIRECTION('',(0.,0.,1.));
#11705=DIRECTION('',(0.640184399664481,0.768221279597375,0.));
#11706=DIRECTION('',(0.,1.,0.));
#11707=DIRECTION('',(0.,0.,1.));
#11708=DIRECTION('',(0.,0.,1.));
#11709=DIRECTION('',(-1.,0.,0.));
#11710=DIRECTION('',(-0.765881844341965,0.64298133760425,0.));
#11711=DIRECTION('',(-0.64298133760425,-0.765881844341965,0.));
#11712=DIRECTION('',(0.,0.,1.));
#11713=DIRECTION('',(-0.64298133760425,-0.765881844341965,0.));
#11714=DIRECTION('',(1.,0.,0.));
#11715=DIRECTION('',(0.,0.,-1.));
#11716=DIRECTION('',(0.,1.,0.));
#11717=DIRECTION('',(0.,0.,1.));
#11718=DIRECTION('',(1.,0.,0.));
#11719=DIRECTION('',(-1.,0.,0.));
#11720=DIRECTION('',(0.,0.,1.));
#11721=DIRECTION('',(0.,0.,1.));
#11722=DIRECTION('',(0.,-1.,0.));
#11723=DIRECTION('',(0.,0.,1.));
#11724=DIRECTION('',(0.,0.,1.));
#11725=DIRECTION('',(1.,0.,0.));
#11726=DIRECTION('',(0.,0.,1.));
#11727=DIRECTION('',(0.,0.,1.));
#11728=DIRECTION('',(1.,0.,0.));
#11729=DIRECTION('',(0.,-1.,0.));
#11730=DIRECTION('',(0.,0.,-1.));
#11731=DIRECTION('',(0.,0.,1.));
#11732=DIRECTION('',(1.,0.,0.));
#11733=DIRECTION('',(0.,0.,1.));
#11734=DIRECTION('',(1.,0.,0.));
#11735=DIRECTION('',(0.,0.,1.));
#11736=DIRECTION('',(0.,0.,1.));
#11737=DIRECTION('',(1.,0.,0.));
#11738=DIRECTION('',(0.,1.,0.));
#11739=DIRECTION('',(0.,0.,1.));
#11740=DIRECTION('',(0.,0.,1.));
#11741=DIRECTION('',(-1.,0.,0.));
#11742=DIRECTION('',(-1.,0.,0.));
#11743=DIRECTION('',(0.,0.,1.));
#11744=DIRECTION('',(0.,0.,1.));
#11745=DIRECTION('',(0.,-1.,0.));
#11746=DIRECTION('',(0.,-1.,0.));
#11747=DIRECTION('',(0.,0.,-1.));
#11748=DIRECTION('',(0.,0.,1.));
#11749=DIRECTION('',(1.,0.,0.));
#11750=DIRECTION('',(0.,0.,1.));
#11751=DIRECTION('',(1.,0.,0.));
#11752=DIRECTION('',(0.,0.,1.));
#11753=DIRECTION('',(0.,0.,1.));
#11754=DIRECTION('',(1.,0.,0.));
#11755=DIRECTION('',(1.,0.,0.));
#11756=DIRECTION('',(0.,0.,-1.));
#11757=DIRECTION('',(0.,0.,1.));
#11758=DIRECTION('',(0.,1.,0.));
#11759=DIRECTION('',(0.,0.,1.));
#11760=DIRECTION('',(1.,0.,0.));
#11761=DIRECTION('',(0.,0.,1.));
#11762=DIRECTION('',(0.,0.,1.));
#11763=DIRECTION('',(1.,0.,0.));
#11764=DIRECTION('',(-2.81674024654693E-14,1.,0.));
#11765=DIRECTION('',(-1.,-2.81674024654693E-14,0.));
#11766=DIRECTION('',(0.,0.,1.));
#11767=DIRECTION('',(-1.,-2.81674024654693E-14,0.));
#11768=DIRECTION('',(0.,0.,1.));
#11769=DIRECTION('',(1.,0.,0.));
#11770=DIRECTION('',(0.,0.,1.));
#11771=DIRECTION('',(0.,0.,1.));
#11772=DIRECTION('',(1.,0.,0.));
#11773=DIRECTION('',(3.12788221416668E-16,-1.,0.));
#11774=DIRECTION('',(1.,3.12788221416668E-16,0.));
#11775=DIRECTION('',(0.,0.,1.));
#11776=DIRECTION('',(1.,3.12788221416668E-16,0.));
#11777=DIRECTION('',(1.,0.,0.));
#11778=DIRECTION('',(0.,0.,-1.));
#11779=DIRECTION('',(0.,0.,1.));
#11780=DIRECTION('',(0.,1.,0.));
#11781=DIRECTION('',(0.,1.,0.));
#11782=DIRECTION('',(0.,0.,1.));
#11783=DIRECTION('',(0.,0.,1.));
#11784=DIRECTION('',(-1.,0.,0.));
#11785=DIRECTION('',(0.,0.,1.));
#11786=DIRECTION('',(1.,0.,0.));
#11787=DIRECTION('',(0.,0.,1.));
#11788=DIRECTION('',(1.,0.,0.));
#11789=DIRECTION('',(0.,0.,1.));
#11790=DIRECTION('',(1.,0.,0.));
#11791=DIRECTION('',(0.,1.,0.));
#11792=DIRECTION('',(0.,0.,1.));
#11793=DIRECTION('',(0.,0.,1.));
#11794=DIRECTION('',(-1.,0.,0.));
#11795=DIRECTION('',(0.,0.,1.));
#11796=DIRECTION('',(0.,0.,1.));
#11797=DIRECTION('',(1.,0.,0.));
#11798=DIRECTION('',(0.,0.,1.));
#11799=DIRECTION('',(0.,0.,1.));
#11800=DIRECTION('',(1.,0.,0.));
#11801=DIRECTION('',(0.,-1.,0.));
#11802=DIRECTION('',(0.,0.,-1.));
#11803=DIRECTION('',(0.,0.,1.));
#11804=DIRECTION('',(1.,0.,0.));
#11805=DIRECTION('',(1.,0.,0.));
#11806=DIRECTION('',(0.,0.,-1.));
#11807=DIRECTION('',(0.,0.,1.));
#11808=DIRECTION('',(0.,1.,0.));
#11809=DIRECTION('',(8.87235820364572E-17,1.,0.));
#11810=DIRECTION('',(-1.,8.87235820364572E-17,0.));
#11811=DIRECTION('',(0.,0.,1.));
#11812=DIRECTION('',(-1.,8.87235820364572E-17,0.));
#11813=DIRECTION('',(0.,0.,1.));
#11814=DIRECTION('',(1.,0.,0.));
#11815=DIRECTION('',(0.,0.,1.));
#11816=DIRECTION('',(0.,0.,1.));
#11817=DIRECTION('',(1.,0.,0.));
#11818=DIRECTION('',(0.,-1.,0.));
#11819=DIRECTION('',(0.,0.,-1.));
#11820=DIRECTION('',(0.,0.,1.));
#11821=DIRECTION('',(1.,0.,0.));
#11822=DIRECTION('',(1.,0.,0.));
#11823=DIRECTION('',(0.,0.,-1.));
#11824=DIRECTION('',(0.,1.,0.));
#11825=DIRECTION('',(0.,0.,1.));
#11826=DIRECTION('',(1.,0.,0.));
#11827=DIRECTION('',(0.,1.,0.));
#11828=DIRECTION('',(0.,0.,1.));
#11829=DIRECTION('',(0.,0.,1.));
#11830=DIRECTION('',(-1.,0.,0.));
#11831=DIRECTION('',(0.,0.,1.));
#11832=DIRECTION('',(-1.,0.,0.));
#11833=DIRECTION('',(0.,0.,1.));
#11834=DIRECTION('',(0.,0.,1.));
#11835=DIRECTION('',(0.,-1.,0.));
#11836=DIRECTION('',(0.,0.,1.));
#11837=DIRECTION('',(1.,0.,0.));
#11838=DIRECTION('',(0.,0.,1.));
#11839=DIRECTION('',(0.,0.,1.));
#11840=DIRECTION('',(1.,0.,0.));
#11841=DIRECTION('',(1.,0.,0.));
#11842=DIRECTION('',(0.,0.,-1.));
#11843=DIRECTION('',(0.,0.,1.));
#11844=DIRECTION('',(0.,1.,0.));
#11845=DIRECTION('',(0.,1.,0.));
#11846=DIRECTION('',(0.,0.,1.));
#11847=DIRECTION('',(0.,0.,1.));
#11848=DIRECTION('',(-1.,0.,0.));
#11849=DIRECTION('',(-1.,-2.09710284813444E-16,0.));
#11850=DIRECTION('',(2.09710284813444E-16,-1.,0.));
#11851=DIRECTION('',(0.,0.,1.));
#11852=DIRECTION('',(2.09710284813444E-16,-1.,0.));
#11853=DIRECTION('',(0.,0.,1.));
#11854=DIRECTION('',(1.,0.,0.));
#11855=DIRECTION('',(0.,0.,1.));
#11856=DIRECTION('',(0.,0.,1.));
#11857=DIRECTION('',(1.,0.,0.));
#11858=DIRECTION('',(1.,0.,0.));
#11859=DIRECTION('',(0.,0.,-1.));
#11860=DIRECTION('',(0.,1.,0.));
#11861=DIRECTION('',(0.,0.,1.));
#11862=DIRECTION('',(1.,0.,0.));
#11863=DIRECTION('',(0.,0.,1.));
#11864=DIRECTION('',(1.,0.,0.));
#11865=DIRECTION('',(0.,0.,1.));
#11866=DIRECTION('',(1.,0.,0.));
#11867=DIRECTION('',(0.,0.,1.));
#11868=DIRECTION('',(1.,0.,0.));
#11869=DIRECTION('',(-0.468566769151295,0.883428085837844,0.));
#11870=DIRECTION('',(-0.883428085837844,-0.468566769151295,0.));
#11871=DIRECTION('',(0.,0.,1.));
#11872=DIRECTION('',(-0.883428085837844,-0.468566769151295,0.));
#11873=DIRECTION('',(0.,0.,1.));
#11874=DIRECTION('',(0.,0.,1.));
#11875=DIRECTION('',(1.,0.,0.));
#11876=DIRECTION('',(0.,0.,1.));
#11877=DIRECTION('',(0.,0.,1.));
#11878=DIRECTION('',(1.,0.,0.));
#11879=DIRECTION('',(0.465432581071252,-0.885083336458976,0.));
#11880=DIRECTION('',(0.885083336458976,0.465432581071252,0.));
#11881=DIRECTION('',(0.,0.,1.));
#11882=DIRECTION('',(0.885083336458976,0.465432581071252,0.));
#11883=DIRECTION('',(0.,0.,1.));
#11884=DIRECTION('',(1.,0.,0.));
#11885=DIRECTION('',(0.,0.,1.));
#11886=DIRECTION('',(0.,0.,1.));
#11887=DIRECTION('',(1.,0.,0.));
#11888=DIRECTION('',(0.469376794912897,-0.882997975307586,0.));
#11889=DIRECTION('',(0.882997975307586,0.469376794912897,0.));
#11890=DIRECTION('',(0.,0.,1.));
#11891=DIRECTION('',(0.882997975307586,0.469376794912897,0.));
#11892=DIRECTION('',(1.,0.,0.));
#11893=DIRECTION('',(0.,0.,-1.));
#11894=DIRECTION('',(0.,1.,0.));
#11895=DIRECTION('',(0.,0.,1.));
#11896=DIRECTION('',(1.,0.,0.));
#11897=DIRECTION('',(-0.466655992598646,0.884438909462814,0.));
#11898=DIRECTION('',(-0.884438909462814,-0.466655992598646,0.));
#11899=DIRECTION('',(0.,0.,1.));
#11900=DIRECTION('',(-0.884438909462814,-0.466655992598646,0.));
#11901=DIRECTION('',(0.,0.,1.));
#11902=DIRECTION('',(-1.,0.,0.));
#11903=DIRECTION('',(0.,0.,1.));
#11904=DIRECTION('',(0.,0.,1.));
#11905=DIRECTION('',(0.,-1.,0.));
#11906=DIRECTION('',(0.465383442632622,-0.885109174804673,0.));
#11907=DIRECTION('',(0.885109174804673,0.465383442632622,0.));
#11908=DIRECTION('',(0.,0.,1.));
#11909=DIRECTION('',(0.885109174804673,0.465383442632623,0.));
#11910=DIRECTION('',(0.,0.,1.));
#11911=DIRECTION('',(1.,0.,0.));
#11912=DIRECTION('',(0.,0.,1.));
#11913=DIRECTION('',(0.,0.,1.));
#11914=DIRECTION('',(1.,0.,0.));
#11915=DIRECTION('',(-0.474001144133448,0.880524227582741,0.));
#11916=DIRECTION('',(-0.880524227582741,-0.474001144133448,0.));
#11917=DIRECTION('',(0.,0.,1.));
#11918=DIRECTION('',(-0.880524227582741,-0.474001144133448,0.));
#11919=DIRECTION('',(0.,0.,1.));
#11920=DIRECTION('',(1.,0.,0.));
#11921=DIRECTION('',(0.,0.,1.));
#11922=DIRECTION('',(1.,0.,0.));
#11923=DIRECTION('',(0.,0.,1.));
#11924=DIRECTION('',(1.,0.,0.));
#11925=DIRECTION('',(0.,0.,1.));
#11926=DIRECTION('',(1.,0.,0.));
#11927=DIRECTION('',(0.,0.,-1.));
#11928=DIRECTION('',(-1.,0.,0.));
#11929=DIRECTION('',(0.707106781186547,-0.707106781186548,0.));
#11930=DIRECTION('',(-1.,0.,0.));
#11931=DIRECTION('',(0.,1.,0.));
#11932=DIRECTION('',(-1.,0.,0.));
#11933=DIRECTION('',(0.,-1.,0.));
#11934=DIRECTION('',(0.,-1.,0.));
#11935=DIRECTION('',(0.,0.,-1.));
#11936=DIRECTION('',(0.,0.,-1.));
#11937=DIRECTION('',(-1.,0.,0.));
#11938=DIRECTION('',(0.,0.,-1.));
#11939=DIRECTION('',(0.,0.,1.));
#11940=DIRECTION('',(1.,0.,0.));
#11941=DIRECTION('',(-0.707106781186547,0.707106781186548,0.));
#11942=DIRECTION('',(0.,1.,0.));
#11943=DIRECTION('',(-1.,0.,0.));
#11944=DIRECTION('',(0.,-1.,0.));
#11945=DIRECTION('',(1.,0.,0.));
#11946=DIRECTION('',(0.,0.,-1.));
#11947=DIRECTION('',(1.,0.,0.));
#11948=DIRECTION('',(0.,0.,-1.));
#11949=DIRECTION('',(1.,0.,0.));
#11950=DIRECTION('',(0.,0.,-1.));
#11951=DIRECTION('',(1.,0.,0.));
#11952=DIRECTION('',(0.,0.,-1.));
#11953=DIRECTION('',(0.,0.,1.));
#11954=DIRECTION('',(1.,0.,0.));
#11955=DIRECTION('',(0.,0.,-1.));
#11956=DIRECTION('',(0.,-1.,0.));
#11957=DIRECTION('',(0.,-9.06807880803349E-17,-1.));
#11958=DIRECTION('',(0.,-1.,-3.1256278846429E-16));
#11959=DIRECTION('',(0.,0.,-1.));
#11960=DIRECTION('',(0.,1.,9.37688365392869E-16));
#11961=DIRECTION('',(0.,0.,-1.));
#11962=DIRECTION('',(0.,1.,0.));
#11963=DIRECTION('',(1.,0.,0.));
#11964=DIRECTION('',(0.,0.,-1.));
#11965=DIRECTION('',(0.,-9.37688365392869E-16,1.));
#11966=DIRECTION('',(0.,-1.,-9.37688365392869E-16));
#11967=DIRECTION('',(1.,0.,0.));
#11968=DIRECTION('',(0.,1.,9.37688365392869E-16));
#11969=DIRECTION('',(-1.,0.,0.));
#11970=DIRECTION('',(-1.,0.,0.));
#11971=DIRECTION('',(0.,1.,9.37688365392869E-16));
#11972=DIRECTION('',(0.,3.1256278846429E-16,-1.));
#11973=DIRECTION('',(0.,1.,3.1256278846429E-16));
#11974=DIRECTION('',(-1.,0.,0.));
#11975=DIRECTION('',(0.,-1.,-3.1256278846429E-16));
#11976=DIRECTION('',(-1.,0.,0.));
#11977=DIRECTION('',(-1.,0.,0.));
#11978=DIRECTION('',(0.,-1.,-3.1256278846429E-16));
#11979=DIRECTION('',(1.,0.,0.));
#11980=DIRECTION('',(0.,0.,-1.));
#11981=DIRECTION('',(1.,0.,0.));
#11982=DIRECTION('',(0.,0.,-1.));
#11983=DIRECTION('',(1.,0.,0.));
#11984=DIRECTION('',(0.,1.,0.));
#11985=DIRECTION('',(-1.,0.,0.));
#11986=DIRECTION('',(1.,0.,0.));
#11987=DIRECTION('',(0.,0.,-1.));
#11988=DIRECTION('',(-1.,0.,0.));
#11989=DIRECTION('',(1.,0.,0.));
#11990=DIRECTION('',(0.,0.,-1.));
#11991=DIRECTION('',(0.,0.,1.));
#11992=DIRECTION('',(0.,1.,0.));
#11993=DIRECTION('',(0.,0.,-1.));
#11994=DIRECTION('',(0.,1.,0.));
#11995=DIRECTION('',(0.,0.,-1.));
#11996=DIRECTION('',(0.,-1.,0.));
#11997=DIRECTION('',(0.,0.,-1.));
#11998=DIRECTION('',(0.,-1.,9.25185853854297E-16));
#11999=DIRECTION('',(0.,0.,1.));
#12000=DIRECTION('',(0.,-9.06807880803349E-17,-1.));
#12001=DIRECTION('',(0.,-1.,0.));
#12002=DIRECTION('',(0.,0.624695047554425,-0.78086880944303));
#12003=DIRECTION('',(0.,0.,1.));
#12004=DIRECTION('',(0.,-0.624695047554427,-0.780868809443028));
#12005=DIRECTION('',(0.,-1.,0.));
#12006=DIRECTION('',(0.,0.,-1.));
#12007=DIRECTION('',(0.,1.,0.));
#12008=DIRECTION('',(0.,0.,1.));
#12009=DIRECTION('',(-1.,0.,0.));
#12010=DIRECTION('',(0.,0.,-1.));
#12011=DIRECTION('',(-1.,0.,0.));
#12012=DIRECTION('',(0.,0.,1.));
#12013=DIRECTION('',(1.,0.,0.));
#12014=DIRECTION('',(0.,0.,1.));
#12015=DIRECTION('',(1.,0.,0.));
#12016=DIRECTION('',(0.,-1.,0.));
#12017=DIRECTION('',(-1.,0.,0.));
#12018=DIRECTION('',(1.,0.,0.));
#12019=DIRECTION('',(0.,-1.,0.));
#12020=DIRECTION('',(0.,0.,-1.));
#12021=DIRECTION('',(-1.,0.,0.));
#12022=DIRECTION('',(-1.,0.,0.));
#12023=DIRECTION('',(0.,-1.,0.));
#12024=DIRECTION('',(-1.,0.,0.));
#12025=DIRECTION('',(0.,0.,-1.));
#12026=DIRECTION('',(-1.,0.,0.));
#12027=DIRECTION('',(0.,0.,-1.));
#12028=DIRECTION('',(0.,0.707106781186547,-0.707106781186547));
#12029=DIRECTION('',(0.,-0.707106781186547,-0.707106781186547));
#12030=DIRECTION('',(0.,0.,-1.));
#12031=DIRECTION('',(0.,-0.707106781186547,-0.707106781186547));
#12032=DIRECTION('',(0.,0.707106781186547,-0.707106781186547));
#12033=DIRECTION('',(0.,0.,1.));
#12034=DIRECTION('',(-1.,0.,0.));
#12035=DIRECTION('',(0.,0.,1.));
#12036=DIRECTION('',(-1.,0.,0.));
#12037=DIRECTION('',(-1.,0.,0.));
#12038=DIRECTION('',(0.,0.,1.));
#12039=DIRECTION('',(0.,1.,-9.06807880803349E-17));
#12040=DIRECTION('',(0.,9.06807880803349E-17,1.));
#12041=DIRECTION('',(0.,1.,-9.06807880803349E-17));
#12042=DIRECTION('',(0.,9.06807880803349E-17,1.));
#12043=DIRECTION('',(-1.,0.,0.));
#12044=DIRECTION('',(0.,0.,-1.));
#12045=DIRECTION('',(-1.,0.,0.));
#12046=DIRECTION('',(0.,0.,-1.));
#12047=DIRECTION('',(-1.,0.,0.));
#12048=DIRECTION('',(0.,-1.,0.));
#12049=DIRECTION('',(-1.,0.,0.));
#12050=DIRECTION('',(0.,0.,1.));
#12051=DIRECTION('',(-1.,0.,0.));
#12052=DIRECTION('',(-1.,0.,0.));
#12053=DIRECTION('',(0.,0.,1.));
#12054=DIRECTION('',(0.,0.,1.));
#12055=DIRECTION('',(1.,0.,0.));
#12056=DIRECTION('',(0.,-1.,0.));
#12057=DIRECTION('',(-1.,0.,0.));
#12058=DIRECTION('',(0.,1.,0.));
#12059=DIRECTION('',(0.,0.,1.));
#12060=DIRECTION('',(0.,1.,0.));
#12061=DIRECTION('',(0.,0.,1.));
#12062=DIRECTION('',(0.,1.,0.));
#12063=DIRECTION('',(0.,0.,1.));
#12064=DIRECTION('',(0.,0.,1.));
#12065=DIRECTION('',(-1.,0.,0.));
#12066=DIRECTION('',(0.,0.,1.));
#12067=DIRECTION('',(1.,0.,0.));
#12068=DIRECTION('',(0.,0.,-1.));
#12069=DIRECTION('',(1.,0.,0.));
#12070=DIRECTION('',(0.,0.,-1.));
#12071=DIRECTION('',(0.,-1.,0.));
#12072=DIRECTION('',(0.,0.,-1.));
#12073=DIRECTION('',(0.,-1.,0.));
#12074=DIRECTION('',(0.,-1.,0.));
#12075=DIRECTION('',(0.,0.,-1.));
#12076=DIRECTION('',(0.,-1.,0.));
#12077=DIRECTION('',(0.,0.780868809443028,-0.624695047554427));
#12078=DIRECTION('',(0.,0.624695047554427,0.780868809443028));
#12079=DIRECTION('',(0.,-0.624695047554427,-0.780868809443028));
#12080=DIRECTION('',(-1.,0.,0.));
#12081=DIRECTION('',(0.,0.,1.));
#12082=DIRECTION('',(0.,0.78086880944303,0.624695047554425));
#12083=DIRECTION('',(0.,-0.624695047554425,0.78086880944303));
#12084=DIRECTION('',(0.,0.624695047554425,-0.78086880944303));
#12085=DIRECTION('',(-1.,0.,0.));
#12086=DIRECTION('',(0.,0.,1.));
#12087=DIRECTION('',(1.,0.,0.));
#12088=DIRECTION('',(0.,0.,-1.));
#12089=DIRECTION('',(1.,0.,0.));
#12090=DIRECTION('',(0.,0.,-1.));
#12091=DIRECTION('',(1.,0.,0.));
#12092=DIRECTION('',(0.,0.,-1.));
#12093=DIRECTION('',(1.,0.,0.));
#12094=DIRECTION('',(0.,0.,-1.));
#12095=DIRECTION('',(1.,0.,0.));
#12096=DIRECTION('',(0.,0.,-1.));
#12097=DIRECTION('',(1.,0.,0.));
#12098=DIRECTION('',(0.,0.,-1.));
#12099=DIRECTION('',(1.,0.,0.));
#12100=DIRECTION('',(0.,0.,-1.));
#12101=DIRECTION('',(1.,0.,0.));
#12102=DIRECTION('',(0.,0.,-1.));
#12103=DIRECTION('',(1.,0.,0.));
#12104=DIRECTION('',(0.,0.,-1.));
#12105=DIRECTION('',(1.,0.,0.));
#12106=DIRECTION('',(0.,0.,-1.));
#12107=DIRECTION('',(1.,0.,0.));
#12108=DIRECTION('',(0.,0.,-1.));
#12109=DIRECTION('',(0.,1.,0.));
#12110=DIRECTION('',(1.,0.,0.));
#12111=DIRECTION('',(0.,1.,0.));
#12112=DIRECTION('',(0.,-1.,0.));
#12113=DIRECTION('',(1.,0.,0.));
#12114=DIRECTION('',(0.,0.,-1.));
#12115=DIRECTION('',(0.,0.,-1.));
#12116=DIRECTION('',(-1.,0.,0.));
#12117=DIRECTION('',(0.,0.,-1.));
#12118=DIRECTION('',(-1.,0.,0.));
#12119=DIRECTION('',(0.,0.,1.));
#12120=DIRECTION('',(1.,0.,0.));
#12121=DIRECTION('',(0.,0.,1.));
#12122=DIRECTION('',(1.,0.,0.));
#12123=DIRECTION('',(0.,0.,1.));
#12124=DIRECTION('',(1.,0.,0.));
#12125=DIRECTION('',(0.,0.,1.));
#12126=DIRECTION('',(1.,0.,0.));
#12127=DIRECTION('',(0.,0.,1.));
#12128=DIRECTION('',(1.,0.,0.));
#12129=DIRECTION('',(0.,1.,0.));
#12130=DIRECTION('',(-1.,0.,0.));
#12131=DIRECTION('',(0.,0.,-1.));
#12132=DIRECTION('',(-1.,0.,0.));
#12133=DIRECTION('',(-1.,0.,0.));
#12134=DIRECTION('',(0.,-1.,0.));
#12135=DIRECTION('',(-1.,0.,0.));
#12136=DIRECTION('',(0.,0.,1.));
#12137=DIRECTION('',(1.,0.,0.));
#12138=DIRECTION('',(0.,1.,0.));
#12139=DIRECTION('',(1.,0.,0.));
#12140=DIRECTION('',(0.,0.,-1.));
#12141=DIRECTION('',(0.,-1.,0.));
#12142=DIRECTION('',(0.,0.,-1.));
#12143=DIRECTION('',(0.,0.,1.));
#12144=DIRECTION('',(-1.,0.,0.));
#12145=DIRECTION('',(0.,-1.,0.));
#12146=DIRECTION('',(0.,0.,-1.));
#12147=DIRECTION('',(0.,0.,1.));
#12148=DIRECTION('',(-1.,0.,0.));
#12149=DIRECTION('',(1.,0.,0.));
#12150=DIRECTION('',(0.,0.,-1.));
#12151=DIRECTION('',(0.,-1.,9.25185853854297E-16));
#12152=DIRECTION('',(0.,0.,-1.));
#12153=DIRECTION('',(0.,-1.,0.));
#12154=DIRECTION('',(0.,0.,-1.));
#12155=DIRECTION('',(0.,1.,0.));
#12156=DIRECTION('',(0.,0.,-1.));
#12157=DIRECTION('',(0.,1.,0.));
#12158=DIRECTION('',(0.,-9.25185853854297E-16,-1.));
#12159=DIRECTION('',(0.,1.,-9.25185853854297E-16));
#12160=DIRECTION('',(-1.,0.,0.));
#12161=DIRECTION('',(0.,1.,0.));
#12162=DIRECTION('',(0.,0.,1.));
#12163=DIRECTION('',(-1.,0.,0.));
#12164=DIRECTION('',(0.,0.,-1.));
#12165=DIRECTION('',(-1.,0.,0.));
#12166=DIRECTION('',(-1.,0.,0.));
#12167=DIRECTION('',(0.,1.,0.));
#12168=DIRECTION('',(0.,0.,1.));
#12169=DIRECTION('',(-1.,0.,0.));
#12170=DIRECTION('',(0.,0.,1.));
#12171=DIRECTION('',(1.,0.,0.));
#12172=DIRECTION('',(-1.,0.,0.));
#12173=DIRECTION('',(0.,1.,0.));
#12174=DIRECTION('',(0.,0.,1.));
#12175=DIRECTION('',(-1.,0.,0.));
#12176=DIRECTION('',(0.,0.,1.));
#12177=DIRECTION('',(1.,0.,0.));
#12178=DIRECTION('',(0.707106781186548,0.707106781186547,0.));
#12179=DIRECTION('',(-0.707106781186547,0.707106781186548,0.));
#12180=DIRECTION('',(0.,0.,-1.));
#12181=DIRECTION('',(1.,0.,0.));
#12182=DIRECTION('',(0.,0.,1.));
#12183=DIRECTION('',(-1.,0.,0.));
#12184=CARTESIAN_POINT('',(0.,0.,0.));
#12185=CARTESIAN_POINT('',(37.5,-17.075,27.));
#12186=CARTESIAN_POINT('',(37.5,-17.075,27.));
#12187=CARTESIAN_POINT('',(37.5,-17.075,52.));
#12188=CARTESIAN_POINT('',(37.5,-17.075,52.3));
#12189=CARTESIAN_POINT('',(0.,-17.075,52.));
#12190=CARTESIAN_POINT('',(-37.5,-17.075,52.));
#12191=CARTESIAN_POINT('',(-37.5,-17.075,27.));
#12192=CARTESIAN_POINT('',(-37.5,-17.075,52.3));
#12193=CARTESIAN_POINT('',(37.5,-17.075,52.3));
#12194=CARTESIAN_POINT('',(70.,-8.5,27.));
#12195=CARTESIAN_POINT('',(-37.5,-17.75,27.));
#12196=CARTESIAN_POINT('',(-37.5,-17.75,27.));
#12197=CARTESIAN_POINT('',(-37.5,-8.5,27.));
#12198=CARTESIAN_POINT('',(70.,-8.5,27.));
#12199=CARTESIAN_POINT('',(-70.,-8.5,27.));
#12200=CARTESIAN_POINT('',(-70.,-8.5,27.));
#12201=CARTESIAN_POINT('',(-70.,-17.9,27.));
#12202=CARTESIAN_POINT('',(70.,-17.9,27.));
#12203=CARTESIAN_POINT('',(-5.50000000000001,-17.9,27.));
#12204=CARTESIAN_POINT('',(-5.50000000000001,-8.5,27.));
#12205=CARTESIAN_POINT('',(-5.50000000000001,-17.75,27.));
#12206=CARTESIAN_POINT('',(37.5,-17.75,27.));
#12207=CARTESIAN_POINT('',(70.,18.,27.));
#12208=CARTESIAN_POINT('',(70.,8.5,27.));
#12209=CARTESIAN_POINT('',(-37.5,8.5,27.));
#12210=CARTESIAN_POINT('',(-70.,8.5,27.));
#12211=CARTESIAN_POINT('',(-37.5,17.075,27.));
#12212=CARTESIAN_POINT('',(-37.5,17.75,27.));
#12213=CARTESIAN_POINT('',(37.5,17.75,27.));
#12214=CARTESIAN_POINT('',(-5.5,17.75,27.));
#12215=CARTESIAN_POINT('',(-5.50000000000001,18.,27.));
#12216=CARTESIAN_POINT('',(-5.50000000000001,18.,27.));
#12217=CARTESIAN_POINT('',(70.,18.,27.));
#12218=CARTESIAN_POINT('',(-70.,18.,27.));
#12219=CARTESIAN_POINT('',(-70.,18.,27.));
#12220=CARTESIAN_POINT('',(70.,8.5,27.));
#12221=CARTESIAN_POINT('',(-37.5,8.5,27.));
#12222=CARTESIAN_POINT('',(-37.5,8.5,22.));
#12223=CARTESIAN_POINT('',(-70.,8.5,27.));
#12224=CARTESIAN_POINT('',(-70.,8.5,22.));
#12225=CARTESIAN_POINT('',(70.,8.5,22.));
#12226=CARTESIAN_POINT('',(70.,8.34999999999999,14.5));
#12227=CARTESIAN_POINT('',(-37.5,8.35,10.65));
#12228=CARTESIAN_POINT('',(-37.5,8.35,10.65));
#12229=CARTESIAN_POINT('',(-37.5,8.34999999999999,14.5));
#12230=CARTESIAN_POINT('',(70.,8.34999999999999,14.5));
#12231=CARTESIAN_POINT('',(-70.,8.34999999999999,14.5));
#12232=CARTESIAN_POINT('',(-70.,8.34999999999999,14.5));
#12233=CARTESIAN_POINT('',(-70.,8.35,10.65));
#12234=CARTESIAN_POINT('',(70.,8.35,10.65));
#12235=CARTESIAN_POINT('',(70.,8.35,10.65));
#12236=CARTESIAN_POINT('',(-45.,0.,10.65));
#12237=CARTESIAN_POINT('',(-47.067,0.,10.65));
#12238=CARTESIAN_POINT('',(-37.5,-8.35,10.65));
#12239=CARTESIAN_POINT('',(-37.5,-8.35,10.65));
#12240=CARTESIAN_POINT('',(-70.,8.35,10.65));
#12241=CARTESIAN_POINT('',(-70.,-8.35,10.65));
#12242=CARTESIAN_POINT('',(70.,-8.35,10.65));
#12243=CARTESIAN_POINT('',(70.,-8.35,10.65));
#12244=CARTESIAN_POINT('',(-37.5,-8.35,14.5));
#12245=CARTESIAN_POINT('',(-37.5,-8.35,14.5));
#12246=CARTESIAN_POINT('',(-70.,-8.35,10.65));
#12247=CARTESIAN_POINT('',(-70.,-8.35,14.5));
#12248=CARTESIAN_POINT('',(70.,-8.35,14.5));
#12249=CARTESIAN_POINT('',(70.,-8.5,22.));
#12250=CARTESIAN_POINT('',(-37.5,-8.5,22.));
#12251=CARTESIAN_POINT('',(-37.5,-8.5,22.));
#12252=CARTESIAN_POINT('',(70.,-8.5,22.));
#12253=CARTESIAN_POINT('',(-70.,-8.5,22.));
#12254=CARTESIAN_POINT('',(-70.,-8.5,22.));
#12255=CARTESIAN_POINT('',(-5.5,0.,0.));
#12256=CARTESIAN_POINT('',(-5.5,17.075,0.));
#12257=CARTESIAN_POINT('',(-5.50000000000001,17.075,27.));
#12258=CARTESIAN_POINT('',(-5.5,17.075,26.98));
#12259=CARTESIAN_POINT('',(-5.5,0.,26.98));
#12260=CARTESIAN_POINT('',(-5.5,17.,26.98));
#12261=CARTESIAN_POINT('',(-5.5,17.,28.));
#12262=CARTESIAN_POINT('',(-5.5,17.,26.));
#12263=CARTESIAN_POINT('',(-5.5,17.,26.));
#12264=CARTESIAN_POINT('',(-5.5,18.,26.));
#12265=CARTESIAN_POINT('',(-5.50000000000001,18.,-1.10218211923262E-15));
#12266=CARTESIAN_POINT('',(-5.50000000000001,18.,27.));
#12267=CARTESIAN_POINT('',(5.5,17.,28.));
#12268=CARTESIAN_POINT('',(5.5,17.,26.98));
#12269=CARTESIAN_POINT('',(5.5,17.,26.98));
#12270=CARTESIAN_POINT('',(5.5,17.,28.));
#12271=CARTESIAN_POINT('',(5.5,17.,26.));
#12272=CARTESIAN_POINT('',(5.5,17.,26.));
#12273=CARTESIAN_POINT('',(5.5,-17.,26.));
#12274=CARTESIAN_POINT('',(5.5,-17.,26.));
#12275=CARTESIAN_POINT('',(5.5,-17.,26.));
#12276=CARTESIAN_POINT('',(5.5,-17.,26.98));
#12277=CARTESIAN_POINT('',(5.5,-17.,26.98));
#12278=CARTESIAN_POINT('',(-5.5,-17.,26.98));
#12279=CARTESIAN_POINT('',(-5.5,-17.,26.));
#12280=CARTESIAN_POINT('',(-5.5,-17.,26.));
#12281=CARTESIAN_POINT('',(5.5,-17.,26.));
#12282=CARTESIAN_POINT('',(-5.5,0.,0.));
#12283=CARTESIAN_POINT('',(-5.5,0.,26.98));
#12284=CARTESIAN_POINT('',(-5.5,-17.075,26.98));
#12285=CARTESIAN_POINT('',(-5.5,-17.075,0.));
#12286=CARTESIAN_POINT('',(-5.5,-17.075,27.));
#12287=CARTESIAN_POINT('',(-5.50000000000001,-8.5,27.));
#12288=CARTESIAN_POINT('',(-5.50000000000001,-17.9,27.));
#12289=CARTESIAN_POINT('',(-5.5,-17.9,26.));
#12290=CARTESIAN_POINT('',(-5.5,-19.,26.));
#12291=CARTESIAN_POINT('',(37.5,-16.575,52.3));
#12292=CARTESIAN_POINT('',(-18.75,-16.9412627966166,52.6403697457393));
#12293=CARTESIAN_POINT('',(-37.5,-16.9412627966166,52.6403697457393));
#12294=CARTESIAN_POINT('',(37.5,-16.9412627966166,52.6403697457393));
#12295=CARTESIAN_POINT('',(37.5,-16.575,52.3));
#12296=CARTESIAN_POINT('',(-37.5,-16.575,52.3));
#12297=CARTESIAN_POINT('',(37.5,16.575,52.3));
#12298=CARTESIAN_POINT('',(37.5,16.575,52.3));
#12299=CARTESIAN_POINT('',(37.5,17.075,52.3));
#12300=CARTESIAN_POINT('',(37.5,16.9412627966166,52.6403697457393));
#12301=CARTESIAN_POINT('',(-18.75,16.9412627966166,52.6403697457393));
#12302=CARTESIAN_POINT('',(-37.5,16.9412627966166,52.6403697457393));
#12303=CARTESIAN_POINT('',(-37.5,16.575,52.3));
#12304=CARTESIAN_POINT('',(-37.5,17.075,52.3));
#12305=CARTESIAN_POINT('',(37.5,17.075,52.3));
#12306=CARTESIAN_POINT('',(70.,-8.5,27.));
#12307=CARTESIAN_POINT('',(70.,-8.5,27.));
#12308=CARTESIAN_POINT('',(70.,-8.5,27.));
#12309=CARTESIAN_POINT('',(37.5,-8.5,27.));
#12310=CARTESIAN_POINT('',(37.5,-17.75,27.));
#12311=CARTESIAN_POINT('',(37.5,-17.75,27.));
#12312=CARTESIAN_POINT('',(37.5,-17.75,27.));
#12313=CARTESIAN_POINT('',(5.5,-17.75,27.));
#12314=CARTESIAN_POINT('',(5.50000000000001,-8.5,27.));
#12315=CARTESIAN_POINT('',(5.50000000000001,-17.9,27.));
#12316=CARTESIAN_POINT('',(70.,-17.9,27.));
#12317=CARTESIAN_POINT('',(70.,-17.9,27.));
#12318=CARTESIAN_POINT('',(70.,-8.5,27.));
#12319=CARTESIAN_POINT('',(70.,18.,27.));
#12320=CARTESIAN_POINT('',(37.5,17.075,27.));
#12321=CARTESIAN_POINT('',(37.5,8.5,27.));
#12322=CARTESIAN_POINT('',(37.5,17.75,27.));
#12323=CARTESIAN_POINT('',(70.,8.5,27.));
#12324=CARTESIAN_POINT('',(70.,8.5,27.));
#12325=CARTESIAN_POINT('',(70.,18.,27.));
#12326=CARTESIAN_POINT('',(70.,18.,27.));
#12327=CARTESIAN_POINT('',(70.,18.,27.));
#12328=CARTESIAN_POINT('',(5.50000000000001,18.,27.));
#12329=CARTESIAN_POINT('',(5.50000000000001,18.,27.));
#12330=CARTESIAN_POINT('',(5.50000000000001,17.75,27.));
#12331=CARTESIAN_POINT('',(37.5,17.75,27.));
#12332=CARTESIAN_POINT('',(50.,18.,0.1));
#12333=CARTESIAN_POINT('',(50.,18.,0.));
#12334=CARTESIAN_POINT('',(50.,13.5,0.));
#12335=CARTESIAN_POINT('',(50.,-18.,0.));
#12336=CARTESIAN_POINT('',(50.,13.5,0.1));
#12337=CARTESIAN_POINT('',(50.,13.5,0.1));
#12338=CARTESIAN_POINT('',(50.,18.,0.1));
#12339=CARTESIAN_POINT('',(50.,-18.,0.1));
#12340=CARTESIAN_POINT('',(50.,-18.,0.1));
#12341=CARTESIAN_POINT('',(-50.,-20.,0.1));
#12342=CARTESIAN_POINT('',(-50.,-20.,0.1));
#12343=CARTESIAN_POINT('',(-50.,-18.,0.1));
#12344=CARTESIAN_POINT('',(-50.,13.5,0.1));
#12345=CARTESIAN_POINT('',(-50.,13.5,0.1));
#12346=CARTESIAN_POINT('',(-50.,13.5,0.));
#12347=CARTESIAN_POINT('',(-50.,-20.,0.));
#12348=CARTESIAN_POINT('',(-50.,-18.,0.));
#12349=CARTESIAN_POINT('',(-50.,-18.,14.));
#12350=CARTESIAN_POINT('',(21.,18.,0.1));
#12351=CARTESIAN_POINT('',(21.,18.,0.));
#12352=CARTESIAN_POINT('',(21.,13.5,0.));
#12353=CARTESIAN_POINT('',(21.,-18.,0.));
#12354=CARTESIAN_POINT('',(21.,13.5,0.1));
#12355=CARTESIAN_POINT('',(21.,13.5,0.1));
#12356=CARTESIAN_POINT('',(21.,18.,0.1));
#12357=CARTESIAN_POINT('',(21.,-18.,0.1));
#12358=CARTESIAN_POINT('',(21.,-18.,0.1));
#12359=CARTESIAN_POINT('',(-21.,-20.,0.1));
#12360=CARTESIAN_POINT('',(-21.,-20.,0.1));
#12361=CARTESIAN_POINT('',(-21.,-18.,0.1));
#12362=CARTESIAN_POINT('',(-21.,13.5,0.1));
#12363=CARTESIAN_POINT('',(-21.,13.5,0.1));
#12364=CARTESIAN_POINT('',(-21.,13.5,0.));
#12365=CARTESIAN_POINT('',(-21.,-20.,0.));
#12366=CARTESIAN_POINT('',(-21.,-18.,0.));
#12367=CARTESIAN_POINT('',(-21.,-18.,14.));
#12368=CARTESIAN_POINT('',(70.,-18.,14.));
#12369=CARTESIAN_POINT('',(52.,-18.,5.));
#12370=CARTESIAN_POINT('',(52.,-18.,9.00000000000001));
#12371=CARTESIAN_POINT('',(-52.,-18.,5.));
#12372=CARTESIAN_POINT('',(-52.,-18.,9.));
#12373=CARTESIAN_POINT('',(23.,-18.,5.));
#12374=CARTESIAN_POINT('',(23.,-18.,9.));
#12375=CARTESIAN_POINT('',(-23.,-18.,5.));
#12376=CARTESIAN_POINT('',(-23.,-18.,9.));
#12377=CARTESIAN_POINT('',(70.,-18.,3.46944695195361E-15));
#12378=CARTESIAN_POINT('',(-40.,-18.,0.));
#12379=CARTESIAN_POINT('',(-40.,-18.,14.));
#12380=CARTESIAN_POINT('',(-40.,-18.,0.1));
#12381=CARTESIAN_POINT('',(70.,-18.,0.0999999999999994));
#12382=CARTESIAN_POINT('',(70.,-18.,3.46944695195361E-15));
#12383=CARTESIAN_POINT('',(-11.,-18.,0.));
#12384=CARTESIAN_POINT('',(-11.,-18.,0.1));
#12385=CARTESIAN_POINT('',(-11.,-18.,0.1));
#12386=CARTESIAN_POINT('',(-11.,-18.,0.1));
#12387=CARTESIAN_POINT('',(11.,-18.,0.1));
#12388=CARTESIAN_POINT('',(11.,-18.,0.1));
#12389=CARTESIAN_POINT('',(11.,-18.,0.));
#12390=CARTESIAN_POINT('',(70.,-18.,3.46944695195361E-15));
#12391=CARTESIAN_POINT('',(21.,-18.,0.1));
#12392=CARTESIAN_POINT('',(40.,-18.,0.1));
#12393=CARTESIAN_POINT('',(40.,-18.,0.1));
#12394=CARTESIAN_POINT('',(40.,-18.,0.));
#12395=CARTESIAN_POINT('',(70.,-18.,3.46944695195361E-15));
#12396=CARTESIAN_POINT('',(50.,-18.,0.1));
#12397=CARTESIAN_POINT('',(70.,-18.,0.1));
#12398=CARTESIAN_POINT('',(70.,-18.,14.));
#12399=CARTESIAN_POINT('',(70.,-18.,14.));
#12400=CARTESIAN_POINT('',(70.,-18.,14.));
#12401=CARTESIAN_POINT('',(-70.,-18.,14.));
#12402=CARTESIAN_POINT('',(-70.,-18.,14.));
#12403=CARTESIAN_POINT('',(-70.,-18.,0.100000000000003));
#12404=CARTESIAN_POINT('',(70.,-18.,0.0999999999999994));
#12405=CARTESIAN_POINT('',(70.,18.,-1.10218211923262E-15));
#12406=CARTESIAN_POINT('',(19.5,18.,17.));
#12407=CARTESIAN_POINT('',(14.85,18.,17.));
#12408=CARTESIAN_POINT('',(19.5,18.,21.65));
#12409=CARTESIAN_POINT('',(19.5,18.,17.));
#12410=CARTESIAN_POINT('',(19.5,18.,12.35));
#12411=CARTESIAN_POINT('',(34.5,18.,12.35));
#12412=CARTESIAN_POINT('',(34.5,18.,12.35));
#12413=CARTESIAN_POINT('',(34.5,18.,17.));
#12414=CARTESIAN_POINT('',(39.15,18.,17.));
#12415=CARTESIAN_POINT('',(34.5,18.,17.));
#12416=CARTESIAN_POINT('',(34.5,18.,21.65));
#12417=CARTESIAN_POINT('',(19.5,18.,21.65));
#12418=CARTESIAN_POINT('',(48.,18.,17.));
#12419=CARTESIAN_POINT('',(43.35,18.,17.));
#12420=CARTESIAN_POINT('',(48.,18.,21.65));
#12421=CARTESIAN_POINT('',(48.,18.,17.));
#12422=CARTESIAN_POINT('',(48.,18.,12.35));
#12423=CARTESIAN_POINT('',(63.,18.,12.35));
#12424=CARTESIAN_POINT('',(63.,18.,12.35));
#12425=CARTESIAN_POINT('',(63.,18.,17.));
#12426=CARTESIAN_POINT('',(67.65,18.,17.));
#12427=CARTESIAN_POINT('',(63.,18.,17.));
#12428=CARTESIAN_POINT('',(63.,18.,21.65));
#12429=CARTESIAN_POINT('',(48.,18.,21.65));
#12430=CARTESIAN_POINT('',(-62.8,18.,25.));
#12431=CARTESIAN_POINT('',(-62.8,18.,23.9935));
#12432=CARTESIAN_POINT('',(-30.8,18.,25.));
#12433=CARTESIAN_POINT('',(-30.8,18.,23.9935));
#12434=CARTESIAN_POINT('',(70.,18.,26.));
#12435=CARTESIAN_POINT('',(5.5,18.,26.));
#12436=CARTESIAN_POINT('',(5.50000000000001,18.,-1.10218211923262E-15));
#12437=CARTESIAN_POINT('',(70.,18.,-1.10218211923262E-15));
#12438=CARTESIAN_POINT('',(70.,18.,0.1));
#12439=CARTESIAN_POINT('',(70.,18.,0.1));
#12440=CARTESIAN_POINT('',(55.75,18.,0.1));
#12441=CARTESIAN_POINT('',(55.75,18.,4.999));
#12442=CARTESIAN_POINT('',(55.75,18.,4.999));
#12443=CARTESIAN_POINT('',(52.,18.,4.99900000000001));
#12444=CARTESIAN_POINT('',(48.25,18.,4.99900000000001));
#12445=CARTESIAN_POINT('',(48.25,18.,-0.000999999999995339));
#12446=CARTESIAN_POINT('',(48.25,18.,-1.10220162261466E-15));
#12447=CARTESIAN_POINT('',(70.,18.,-1.10218211923262E-15));
#12448=CARTESIAN_POINT('',(40.,18.,0.));
#12449=CARTESIAN_POINT('',(40.,18.,0.1));
#12450=CARTESIAN_POINT('',(40.,18.,0.1));
#12451=CARTESIAN_POINT('',(40.,18.,0.1));
#12452=CARTESIAN_POINT('',(26.75,18.,0.1));
#12453=CARTESIAN_POINT('',(26.75,18.,4.999));
#12454=CARTESIAN_POINT('',(26.75,18.,4.999));
#12455=CARTESIAN_POINT('',(23.,18.,4.99900000000001));
#12456=CARTESIAN_POINT('',(19.25,18.,4.99900000000001));
#12457=CARTESIAN_POINT('',(19.25,18.,-0.000999999999995339));
#12458=CARTESIAN_POINT('',(19.25,18.,-1.10220162261466E-15));
#12459=CARTESIAN_POINT('',(70.,18.,-1.10218211923262E-15));
#12460=CARTESIAN_POINT('',(11.,18.,0.));
#12461=CARTESIAN_POINT('',(11.,18.,0.1));
#12462=CARTESIAN_POINT('',(11.,18.,0.1));
#12463=CARTESIAN_POINT('',(11.,18.,0.1));
#12464=CARTESIAN_POINT('',(-11.,18.,0.1));
#12465=CARTESIAN_POINT('',(-11.,18.,0.1));
#12466=CARTESIAN_POINT('',(-11.,18.,0.));
#12467=CARTESIAN_POINT('',(70.,18.,-1.10218211923262E-15));
#12468=CARTESIAN_POINT('',(-19.25,18.,-8.67361737988404E-16));
#12469=CARTESIAN_POINT('',(-19.25,18.,4.999));
#12470=CARTESIAN_POINT('',(-19.25,18.,4.999));
#12471=CARTESIAN_POINT('',(-23.,18.,4.99900000000001));
#12472=CARTESIAN_POINT('',(-26.75,18.,4.99900000000001));
#12473=CARTESIAN_POINT('',(-26.75,18.,-0.000999999999995339));
#12474=CARTESIAN_POINT('',(-26.75,18.,0.1));
#12475=CARTESIAN_POINT('',(70.,18.,0.1));
#12476=CARTESIAN_POINT('',(-40.,18.,0.1));
#12477=CARTESIAN_POINT('',(-40.,18.,-1.10218211923262E-15));
#12478=CARTESIAN_POINT('',(-40.,18.,0.));
#12479=CARTESIAN_POINT('',(70.,18.,-1.10218211923262E-15));
#12480=CARTESIAN_POINT('',(-48.25,18.,-8.67361737988404E-16));
#12481=CARTESIAN_POINT('',(-48.25,18.,4.999));
#12482=CARTESIAN_POINT('',(-48.25,18.,4.99900000000001));
#12483=CARTESIAN_POINT('',(-52.,18.,4.99900000000001));
#12484=CARTESIAN_POINT('',(-55.75,18.,4.999));
#12485=CARTESIAN_POINT('',(-55.75,18.,-0.000999999999995339));
#12486=CARTESIAN_POINT('',(-55.75,18.,0.1));
#12487=CARTESIAN_POINT('',(70.,18.,0.1));
#12488=CARTESIAN_POINT('',(-70.,18.,0.1));
#12489=CARTESIAN_POINT('',(-70.,18.,-1.10218211923262E-15));
#12490=CARTESIAN_POINT('',(70.,-18.,1.77635683940025E-15));
#12491=CARTESIAN_POINT('',(-45.,0.,0.));
#12492=CARTESIAN_POINT('',(-41.,0.,0.));
#12493=CARTESIAN_POINT('',(70.,13.5,-7.42364749403509E-16));
#12494=CARTESIAN_POINT('',(-48.25,13.5,-8.67361737988404E-16));
#12495=CARTESIAN_POINT('',(-48.25,-18.,1.77635683940025E-15));
#12496=CARTESIAN_POINT('',(-40.,20.,0.));
#12497=CARTESIAN_POINT('',(70.,-18.,1.77635683940025E-15));
#12498=CARTESIAN_POINT('',(45.,0.,0.));
#12499=CARTESIAN_POINT('',(49.,0.,0.));
#12500=CARTESIAN_POINT('',(48.25,-18.,1.77635683940025E-15));
#12501=CARTESIAN_POINT('',(48.25,13.5,-7.42424378268394E-16));
#12502=CARTESIAN_POINT('',(70.,13.5,-7.42364749403509E-16));
#12503=CARTESIAN_POINT('',(40.,-18.,0.));
#12504=CARTESIAN_POINT('',(70.,-18.,1.77635683940025E-15));
#12505=CARTESIAN_POINT('',(-16.,0.,0.));
#12506=CARTESIAN_POINT('',(-18.067,0.,0.));
#12507=CARTESIAN_POINT('',(70.,13.5,-7.42364749403509E-16));
#12508=CARTESIAN_POINT('',(-19.25,13.5,-8.67361737988404E-16));
#12509=CARTESIAN_POINT('',(-19.25,-18.,1.77635683940025E-15));
#12510=CARTESIAN_POINT('',(-11.,18.,0.));
#12511=CARTESIAN_POINT('',(70.,-18.,1.77635683940025E-15));
#12512=CARTESIAN_POINT('',(16.,0.,0.));
#12513=CARTESIAN_POINT('',(13.933,0.,0.));
#12514=CARTESIAN_POINT('',(19.25,-18.,1.77635683940025E-15));
#12515=CARTESIAN_POINT('',(19.25,13.5,-7.42424378268394E-16));
#12516=CARTESIAN_POINT('',(70.,13.5,-7.42364749403509E-16));
#12517=CARTESIAN_POINT('',(11.,-18.,0.));
#12518=CARTESIAN_POINT('',(70.,-17.9,27.));
#12519=CARTESIAN_POINT('',(5.50000000000001,-17.9,27.));
#12520=CARTESIAN_POINT('',(5.5,-17.9,26.));
#12521=CARTESIAN_POINT('',(70.,-17.9,26.));
#12522=CARTESIAN_POINT('',(-70.,-17.9,27.));
#12523=CARTESIAN_POINT('',(-70.,-17.9,14.));
#12524=CARTESIAN_POINT('',(70.,-17.9,14.));
#12525=CARTESIAN_POINT('',(70.,-17.9,14.));
#12526=CARTESIAN_POINT('',(70.,-17.9,27.));
#12527=CARTESIAN_POINT('',(70.,-17.9,14.));
#12528=CARTESIAN_POINT('',(-70.,-17.9,14.));
#12529=CARTESIAN_POINT('',(70.,-17.9,14.));
#12530=CARTESIAN_POINT('',(70.,8.5,27.));
#12531=CARTESIAN_POINT('',(37.5,8.5,22.));
#12532=CARTESIAN_POINT('',(37.5,8.5,22.));
#12533=CARTESIAN_POINT('',(70.,8.5,22.));
#12534=CARTESIAN_POINT('',(70.,8.5,22.));
#12535=CARTESIAN_POINT('',(70.,8.5,27.));
#12536=CARTESIAN_POINT('',(70.,8.5,22.));
#12537=CARTESIAN_POINT('',(37.5,11.8464466094067,22.));
#12538=CARTESIAN_POINT('',(37.5,11.8464466094067,22.));
#12539=CARTESIAN_POINT('',(0.,11.8464466094067,22.));
#12540=CARTESIAN_POINT('',(-37.5,11.8464466094067,22.));
#12541=CARTESIAN_POINT('',(-37.5,11.8464466094067,22.));
#12542=CARTESIAN_POINT('',(-70.,8.5,22.));
#12543=CARTESIAN_POINT('',(-70.,12.2,22.));
#12544=CARTESIAN_POINT('',(70.,12.2,22.));
#12545=CARTESIAN_POINT('',(70.,12.2,22.));
#12546=CARTESIAN_POINT('',(70.,8.5,22.));
#12547=CARTESIAN_POINT('',(70.,12.2,22.));
#12548=CARTESIAN_POINT('',(37.5,12.2,14.8535533905933));
#12549=CARTESIAN_POINT('',(37.5,12.2,14.8535533905933));
#12550=CARTESIAN_POINT('',(37.5,12.2,21.6464466094067));
#12551=CARTESIAN_POINT('',(0.,12.2,14.8535533905933));
#12552=CARTESIAN_POINT('',(-37.5,12.2,14.8535533905933));
#12553=CARTESIAN_POINT('',(-37.5,12.2,14.8535533905933));
#12554=CARTESIAN_POINT('',(-37.5,12.2,21.6464466094067));
#12555=CARTESIAN_POINT('',(0.,12.2,21.6464466094067));
#12556=CARTESIAN_POINT('',(-70.,12.2,22.));
#12557=CARTESIAN_POINT('',(-70.,12.2,14.5));
#12558=CARTESIAN_POINT('',(70.,12.2,14.5));
#12559=CARTESIAN_POINT('',(70.,12.2,14.5));
#12560=CARTESIAN_POINT('',(70.,12.2,22.));
#12561=CARTESIAN_POINT('',(70.,12.2,14.5));
#12562=CARTESIAN_POINT('',(0.,11.8464466094067,14.5));
#12563=CARTESIAN_POINT('',(37.5,11.8464466094067,14.5));
#12564=CARTESIAN_POINT('',(-37.5,11.8464466094067,14.5));
#12565=CARTESIAN_POINT('',(37.5,8.35,14.5));
#12566=CARTESIAN_POINT('',(37.5,8.34999999999999,14.5));
#12567=CARTESIAN_POINT('',(70.,8.34999999999999,14.5));
#12568=CARTESIAN_POINT('',(70.,8.34999999999999,14.5));
#12569=CARTESIAN_POINT('',(70.,12.2,14.5));
#12570=CARTESIAN_POINT('',(-70.,12.2,14.5));
#12571=CARTESIAN_POINT('',(-37.5,8.35,14.5));
#12572=CARTESIAN_POINT('',(70.,8.34999999999999,14.5));
#12573=CARTESIAN_POINT('',(37.5,8.35,10.65));
#12574=CARTESIAN_POINT('',(37.5,8.35,10.65));
#12575=CARTESIAN_POINT('',(70.,8.35,10.65));
#12576=CARTESIAN_POINT('',(70.,8.35,10.65));
#12577=CARTESIAN_POINT('',(70.,8.34999999999999,14.5));
#12578=CARTESIAN_POINT('',(70.,8.35,10.65));
#12579=CARTESIAN_POINT('',(45.,0.,10.65));
#12580=CARTESIAN_POINT('',(42.933,0.,10.65));
#12581=CARTESIAN_POINT('',(37.5,-8.35,10.65));
#12582=CARTESIAN_POINT('',(37.5,-8.35,10.65));
#12583=CARTESIAN_POINT('',(70.,-8.35,10.65));
#12584=CARTESIAN_POINT('',(70.,-8.35,10.65));
#12585=CARTESIAN_POINT('',(70.,8.35,10.65));
#12586=CARTESIAN_POINT('',(70.,-8.35,10.65));
#12587=CARTESIAN_POINT('',(37.5,-8.35,14.5));
#12588=CARTESIAN_POINT('',(37.5,-8.35,14.5));
#12589=CARTESIAN_POINT('',(70.,-8.35,14.5));
#12590=CARTESIAN_POINT('',(70.,-8.35,14.5));
#12591=CARTESIAN_POINT('',(70.,-8.35,10.65));
#12592=CARTESIAN_POINT('',(70.,-8.35,14.5));
#12593=CARTESIAN_POINT('',(37.5,-11.8464466094067,14.5));
#12594=CARTESIAN_POINT('',(37.5,-11.8464466094067,14.5));
#12595=CARTESIAN_POINT('',(0.,-11.8464466094067,14.5));
#12596=CARTESIAN_POINT('',(-37.5,-11.8464466094067,14.5));
#12597=CARTESIAN_POINT('',(-37.5,-11.8464466094067,14.5));
#12598=CARTESIAN_POINT('',(-70.,-8.35,14.5));
#12599=CARTESIAN_POINT('',(-70.,-12.2,14.5));
#12600=CARTESIAN_POINT('',(70.,-12.2,14.5));
#12601=CARTESIAN_POINT('',(70.,-12.2,14.5));
#12602=CARTESIAN_POINT('',(70.,-8.35,14.5));
#12603=CARTESIAN_POINT('',(70.,-12.2,14.5));
#12604=CARTESIAN_POINT('',(37.5,-12.2,21.6464466094067));
#12605=CARTESIAN_POINT('',(37.5,-12.2,21.6464466094067));
#12606=CARTESIAN_POINT('',(37.5,-12.2,14.8535533905933));
#12607=CARTESIAN_POINT('',(0.,-12.2,21.6464466094067));
#12608=CARTESIAN_POINT('',(-37.5,-12.2,21.6464466094067));
#12609=CARTESIAN_POINT('',(-37.5,-12.2,21.6464466094067));
#12610=CARTESIAN_POINT('',(-37.5,-12.2,14.8535533905933));
#12611=CARTESIAN_POINT('',(0.,-12.2,14.8535533905933));
#12612=CARTESIAN_POINT('',(-70.,-12.2,14.5));
#12613=CARTESIAN_POINT('',(-70.,-12.2,22.));
#12614=CARTESIAN_POINT('',(70.,-12.2,22.));
#12615=CARTESIAN_POINT('',(70.,-12.2,22.));
#12616=CARTESIAN_POINT('',(70.,-12.2,14.5));
#12617=CARTESIAN_POINT('',(70.,-12.2,22.));
#12618=CARTESIAN_POINT('',(0.,-11.8464466094067,22.));
#12619=CARTESIAN_POINT('',(37.5,-11.8464466094067,22.));
#12620=CARTESIAN_POINT('',(-37.5,-11.8464466094067,22.));
#12621=CARTESIAN_POINT('',(37.5,-8.5,22.));
#12622=CARTESIAN_POINT('',(37.5,-8.5,22.));
#12623=CARTESIAN_POINT('',(70.,-8.5,22.));
#12624=CARTESIAN_POINT('',(70.,-8.5,22.));
#12625=CARTESIAN_POINT('',(70.,-12.2,22.));
#12626=CARTESIAN_POINT('',(-70.,-12.2,22.));
#12627=CARTESIAN_POINT('',(-37.5,-8.5,22.));
#12628=CARTESIAN_POINT('',(70.,-8.5,22.));
#12629=CARTESIAN_POINT('',(37.5,-8.5,26.98));
#12630=CARTESIAN_POINT('',(70.,-8.5,22.));
#12631=CARTESIAN_POINT('',(70.,0.,0.));
#12632=CARTESIAN_POINT('',(70.,-18.,0.1));
#12633=CARTESIAN_POINT('',(-70.,0.,0.));
#12634=CARTESIAN_POINT('',(-70.,0.,0.1));
#12635=CARTESIAN_POINT('',(-40.,20.,0.1));
#12636=CARTESIAN_POINT('',(-40.,20.,0.1));
#12637=CARTESIAN_POINT('',(0.,0.,0.1));
#12638=CARTESIAN_POINT('',(-26.75,0.,0.1));
#12639=CARTESIAN_POINT('',(-26.75,13.5,0.1));
#12640=CARTESIAN_POINT('',(0.,13.5,0.1));
#12641=CARTESIAN_POINT('',(40.,-18.,0.1));
#12642=CARTESIAN_POINT('',(40.,-18.,0.1));
#12643=CARTESIAN_POINT('',(0.,0.,0.1));
#12644=CARTESIAN_POINT('',(0.,13.5,0.1));
#12645=CARTESIAN_POINT('',(26.75,13.5,0.1));
#12646=CARTESIAN_POINT('',(26.75,0.,0.1));
#12647=CARTESIAN_POINT('',(-11.,18.,0.1));
#12648=CARTESIAN_POINT('',(-11.,18.,0.1));
#12649=CARTESIAN_POINT('',(11.,-18.,0.1));
#12650=CARTESIAN_POINT('',(11.,-18.,0.1));
#12651=CARTESIAN_POINT('',(0.,0.,0.1));
#12652=CARTESIAN_POINT('',(2.7,-13.7,0.1));
#12653=CARTESIAN_POINT('',(3.9295,-13.7,0.1));
#12654=CARTESIAN_POINT('',(-2.7,13.7,0.1));
#12655=CARTESIAN_POINT('',(-1.4705,13.7,0.1));
#12656=CARTESIAN_POINT('',(0.,0.,0.1));
#12657=CARTESIAN_POINT('',(0.,13.5,0.1));
#12658=CARTESIAN_POINT('',(55.75,13.5,0.1));
#12659=CARTESIAN_POINT('',(55.75,0.,0.1));
#12660=CARTESIAN_POINT('',(0.,0.,0.1));
#12661=CARTESIAN_POINT('',(-55.75,0.,0.1));
#12662=CARTESIAN_POINT('',(-55.75,13.5,0.1));
#12663=CARTESIAN_POINT('',(0.,13.5,0.1));
#12664=CARTESIAN_POINT('',(-19.25,13.5,4.999));
#12665=CARTESIAN_POINT('',(-19.25,13.5,4.999));
#12666=CARTESIAN_POINT('',(-19.25,13.5,4.999));
#12667=CARTESIAN_POINT('',(-19.25,13.5,4.999));
#12668=CARTESIAN_POINT('',(-26.75,13.5,-0.000999999999995339));
#12669=CARTESIAN_POINT('',(-26.75,13.5,4.99900000000001));
#12670=CARTESIAN_POINT('',(-26.75,13.5,4.99900000000001));
#12671=CARTESIAN_POINT('',(-26.75,13.5,-0.000999999999995339));
#12672=CARTESIAN_POINT('',(-23.,13.5,4.99900000000001));
#12673=CARTESIAN_POINT('',(-23.,13.5,5.));
#12674=CARTESIAN_POINT('',(-23.,13.5,7.067));
#12675=CARTESIAN_POINT('',(-23.,13.5,4.99900000000001));
#12676=CARTESIAN_POINT('',(-23.,13.5,4.99900000000001));
#12677=CARTESIAN_POINT('',(19.25,13.5,-0.000999999999995339));
#12678=CARTESIAN_POINT('',(19.25,13.5,4.99900000000001));
#12679=CARTESIAN_POINT('',(19.25,13.5,4.99900000000001));
#12680=CARTESIAN_POINT('',(19.25,13.5,-0.000999999999995339));
#12681=CARTESIAN_POINT('',(26.75,13.5,4.999));
#12682=CARTESIAN_POINT('',(26.75,13.5,4.999));
#12683=CARTESIAN_POINT('',(26.75,13.5,4.999));
#12684=CARTESIAN_POINT('',(26.75,13.5,4.999));
#12685=CARTESIAN_POINT('',(23.,13.5,4.99900000000001));
#12686=CARTESIAN_POINT('',(23.,13.5,5.));
#12687=CARTESIAN_POINT('',(23.,13.5,7.067));
#12688=CARTESIAN_POINT('',(23.,13.5,4.99900000000001));
#12689=CARTESIAN_POINT('',(23.,13.5,4.99900000000001));
#12690=CARTESIAN_POINT('',(-48.25,13.5,4.999));
#12691=CARTESIAN_POINT('',(-48.25,13.5,4.999));
#12692=CARTESIAN_POINT('',(-48.25,13.5,4.99900000000001));
#12693=CARTESIAN_POINT('',(-48.25,13.5,4.99900000000001));
#12694=CARTESIAN_POINT('',(-55.75,13.5,-0.000999999999995339));
#12695=CARTESIAN_POINT('',(-55.75,13.5,4.999));
#12696=CARTESIAN_POINT('',(-55.75,13.5,4.999));
#12697=CARTESIAN_POINT('',(-55.75,13.5,-0.000999999999995339));
#12698=CARTESIAN_POINT('',(-52.,13.5,4.99900000000001));
#12699=CARTESIAN_POINT('',(-52.,13.5,5.));
#12700=CARTESIAN_POINT('',(-52.,13.5,7.067));
#12701=CARTESIAN_POINT('',(-52.,13.5,4.99900000000001));
#12702=CARTESIAN_POINT('',(-52.,13.5,4.99900000000001));
#12703=CARTESIAN_POINT('',(48.25,13.5,-0.000999999999995339));
#12704=CARTESIAN_POINT('',(48.25,13.5,4.99900000000001));
#12705=CARTESIAN_POINT('',(48.25,13.5,4.99900000000001));
#12706=CARTESIAN_POINT('',(48.25,13.5,-0.000999999999995339));
#12707=CARTESIAN_POINT('',(55.75,13.5,4.999));
#12708=CARTESIAN_POINT('',(55.75,13.5,4.999));
#12709=CARTESIAN_POINT('',(55.75,13.5,4.999));
#12710=CARTESIAN_POINT('',(55.75,13.5,4.999));
#12711=CARTESIAN_POINT('',(52.,13.5,4.99900000000001));
#12712=CARTESIAN_POINT('',(52.,13.5,5.));
#12713=CARTESIAN_POINT('',(52.,13.5,7.067));
#12714=CARTESIAN_POINT('',(52.,13.5,4.99900000000001));
#12715=CARTESIAN_POINT('',(52.,13.5,4.99900000000001));
#12716=CARTESIAN_POINT('',(-23.,50.,5.));
#12717=CARTESIAN_POINT('',(-23.,-15.1,5.));
#12718=CARTESIAN_POINT('',(-23.,-15.1,9.));
#12719=CARTESIAN_POINT('',(-27.,-15.1,5.));
#12720=CARTESIAN_POINT('',(-23.,-15.1,5.));
#12721=CARTESIAN_POINT('',(-23.,-15.1,7.067));
#12722=CARTESIAN_POINT('',(23.,50.,5.));
#12723=CARTESIAN_POINT('',(23.,-15.1,5.));
#12724=CARTESIAN_POINT('',(23.,-15.1,9.));
#12725=CARTESIAN_POINT('',(19.,-15.1,5.));
#12726=CARTESIAN_POINT('',(23.,-15.1,5.));
#12727=CARTESIAN_POINT('',(23.,-15.1,7.067));
#12728=CARTESIAN_POINT('',(-52.,50.,5.));
#12729=CARTESIAN_POINT('',(-52.,-15.1,5.));
#12730=CARTESIAN_POINT('',(-52.,-15.1,9.));
#12731=CARTESIAN_POINT('',(-56.,-15.1,5.));
#12732=CARTESIAN_POINT('',(-52.,-15.1,5.));
#12733=CARTESIAN_POINT('',(-52.,-15.1,7.067));
#12734=CARTESIAN_POINT('',(52.,50.,5.));
#12735=CARTESIAN_POINT('',(52.,-15.1,5.));
#12736=CARTESIAN_POINT('',(52.,-15.1,9.00000000000001));
#12737=CARTESIAN_POINT('',(48.,-15.1,5.));
#12738=CARTESIAN_POINT('',(52.,-15.1,5.));
#12739=CARTESIAN_POINT('',(52.,-15.1,7.067));
#12740=CARTESIAN_POINT('',(-45.,0.,16.));
#12741=CARTESIAN_POINT('',(-45.,0.,2.9));
#12742=CARTESIAN_POINT('',(-42.933,0.,2.9));
#12743=CARTESIAN_POINT('',(-45.,0.,16.));
#12744=CARTESIAN_POINT('',(-45.,0.,2.9));
#12745=CARTESIAN_POINT('',(-41.,0.,2.9));
#12746=CARTESIAN_POINT('',(-41.,0.,2.9));
#12747=CARTESIAN_POINT('',(45.,0.,16.));
#12748=CARTESIAN_POINT('',(45.,0.,2.9));
#12749=CARTESIAN_POINT('',(47.067,0.,2.9));
#12750=CARTESIAN_POINT('',(45.,0.,16.));
#12751=CARTESIAN_POINT('',(45.,0.,2.9));
#12752=CARTESIAN_POINT('',(49.,0.,2.9));
#12753=CARTESIAN_POINT('',(49.,0.,2.9));
#12754=CARTESIAN_POINT('',(-16.,0.,-50.));
#12755=CARTESIAN_POINT('',(-16.,0.,10.65));
#12756=CARTESIAN_POINT('',(-13.933,0.,10.65));
#12757=CARTESIAN_POINT('',(16.,0.,-50.));
#12758=CARTESIAN_POINT('',(16.,0.,10.65));
#12759=CARTESIAN_POINT('',(13.933,0.,10.65));
#12760=CARTESIAN_POINT('',(5.5,0.,0.));
#12761=CARTESIAN_POINT('',(5.5,0.,26.98));
#12762=CARTESIAN_POINT('',(5.5,17.075,26.98));
#12763=CARTESIAN_POINT('',(5.5,17.075,0.));
#12764=CARTESIAN_POINT('',(5.5,17.075,27.));
#12765=CARTESIAN_POINT('',(5.5,0.,27.));
#12766=CARTESIAN_POINT('',(5.5,17.,26.));
#12767=CARTESIAN_POINT('',(5.5,17.,26.));
#12768=CARTESIAN_POINT('',(5.5,-19.,26.));
#12769=CARTESIAN_POINT('',(5.5,-19.,26.));
#12770=CARTESIAN_POINT('',(5.5,0.,0.));
#12771=CARTESIAN_POINT('',(5.5,0.,27.));
#12772=CARTESIAN_POINT('',(5.50000000000001,-17.075,27.));
#12773=CARTESIAN_POINT('',(5.5,-17.075,0.));
#12774=CARTESIAN_POINT('',(5.5,-17.075,26.98));
#12775=CARTESIAN_POINT('',(5.5,0.,26.98));
#12776=CARTESIAN_POINT('',(37.5,17.075,27.));
#12777=CARTESIAN_POINT('',(37.5,17.75,27.));
#12778=CARTESIAN_POINT('',(37.5,17.075,27.));
#12779=CARTESIAN_POINT('',(37.5,-17.75,27.));
#12780=CARTESIAN_POINT('',(37.5,-17.075,27.));
#12781=CARTESIAN_POINT('',(37.5,-17.75,27.));
#12782=CARTESIAN_POINT('',(37.5,16.75,52.6));
#12783=CARTESIAN_POINT('',(-37.5,16.75,52.6));
#12784=CARTESIAN_POINT('',(-37.5,17.75,52.6));
#12785=CARTESIAN_POINT('',(-37.5,16.75,53.6));
#12786=CARTESIAN_POINT('',(37.5,16.75,53.6));
#12787=CARTESIAN_POINT('',(37.5,16.75,53.6));
#12788=CARTESIAN_POINT('',(37.5,16.75,52.6));
#12789=CARTESIAN_POINT('',(37.5,17.75,52.6));
#12790=CARTESIAN_POINT('',(37.5,17.75,52.6));
#12791=CARTESIAN_POINT('',(37.5,16.75,53.6));
#12792=CARTESIAN_POINT('',(0.,0.,53.6));
#12793=CARTESIAN_POINT('',(-2.85,0.,53.6));
#12794=CARTESIAN_POINT('',(37.5,-16.75,53.6));
#12795=CARTESIAN_POINT('',(37.5,-16.75,53.6));
#12796=CARTESIAN_POINT('',(-37.5,-16.75,53.6));
#12797=CARTESIAN_POINT('',(37.5,16.75,53.6));
#12798=CARTESIAN_POINT('',(-37.5,16.75,53.6));
#12799=CARTESIAN_POINT('',(37.5,-16.75,52.6));
#12800=CARTESIAN_POINT('',(-37.5,-16.75,52.6));
#12801=CARTESIAN_POINT('',(-37.5,-17.75,52.6));
#12802=CARTESIAN_POINT('',(37.5,-17.75,52.6));
#12803=CARTESIAN_POINT('',(37.5,-17.75,52.6));
#12804=CARTESIAN_POINT('',(37.5,-16.75,52.6));
#12805=CARTESIAN_POINT('',(37.5,-17.75,52.6));
#12806=CARTESIAN_POINT('',(-37.5,-17.75,52.6));
#12807=CARTESIAN_POINT('',(37.5,-17.75,52.6));
#12808=CARTESIAN_POINT('',(37.5,17.075,52.3));
#12809=CARTESIAN_POINT('',(0.,17.075,52.));
#12810=CARTESIAN_POINT('',(37.5,17.075,52.));
#12811=CARTESIAN_POINT('',(-37.5,17.075,52.));
#12812=CARTESIAN_POINT('',(37.5,17.075,52.3));
#12813=CARTESIAN_POINT('',(-37.5,17.075,52.3));
#12814=CARTESIAN_POINT('',(37.5,17.75,27.));
#12815=CARTESIAN_POINT('',(0.,17.75,45.3));
#12816=CARTESIAN_POINT('',(0.,17.75,43.233));
#12817=CARTESIAN_POINT('',(0.,17.75,35.3));
#12818=CARTESIAN_POINT('',(0.,17.75,33.233));
#12819=CARTESIAN_POINT('',(-37.5,17.75,27.));
#12820=CARTESIAN_POINT('',(37.5,17.75,27.));
#12821=CARTESIAN_POINT('',(37.5,16.75,52.6));
#12822=CARTESIAN_POINT('',(37.5,-15.475,52.));
#12823=CARTESIAN_POINT('',(37.5,15.475,52.));
#12824=CARTESIAN_POINT('',(37.5,-11.8464466094067,22.));
#12825=CARTESIAN_POINT('',(37.5,-12.2,14.8535533905933));
#12826=CARTESIAN_POINT('',(37.5,11.8464466094067,14.5));
#12827=CARTESIAN_POINT('',(37.5,12.2,21.6464466094067));
#12828=CARTESIAN_POINT('',(-37.5,16.75,52.6));
#12829=CARTESIAN_POINT('',(-37.5,-15.475,52.));
#12830=CARTESIAN_POINT('',(-37.5,12.2,21.6464466094067));
#12831=CARTESIAN_POINT('',(-37.5,11.8464466094067,14.5));
#12832=CARTESIAN_POINT('',(-37.5,-12.2,14.8535533905933));
#12833=CARTESIAN_POINT('',(-37.5,-11.8464466094067,22.));
#12834=CARTESIAN_POINT('',(-37.5,15.475,52.));
#12835=CARTESIAN_POINT('',(0.,15.475,52.));
#12836=CARTESIAN_POINT('',(0.,-15.475,52.));
#12837=CARTESIAN_POINT('',(0.,-17.075,52.));
#12838=CARTESIAN_POINT('',(0.,-17.075,26.98));
#12839=CARTESIAN_POINT('',(0.,17.075,26.98));
#12840=CARTESIAN_POINT('',(0.,17.075,26.98));
#12841=CARTESIAN_POINT('',(0.,-17.075,26.98));
#12842=CARTESIAN_POINT('',(0.,8.5,26.98));
#12843=CARTESIAN_POINT('',(0.,-11.8464466094067,22.));
#12844=CARTESIAN_POINT('',(0.,-12.2,14.8535533905933));
#12845=CARTESIAN_POINT('',(0.,11.8464466094067,14.5));
#12846=CARTESIAN_POINT('',(0.,12.2,21.6464466094067));
#12847=CARTESIAN_POINT('',(0.,-8.35,10.65));
#12848=CARTESIAN_POINT('',(0.,-8.35,10.65));
#12849=CARTESIAN_POINT('',(0.,18.,35.3));
#12850=CARTESIAN_POINT('',(0.,7.75000733344089,35.3));
#12851=CARTESIAN_POINT('',(0.,7.75000733344089,37.367));
#12852=CARTESIAN_POINT('',(0.,6.55662432702593,35.3));
#12853=CARTESIAN_POINT('',(0.,6.55662432702593,35.3));
#12854=CARTESIAN_POINT('',(0.,18.,45.3));
#12855=CARTESIAN_POINT('',(0.,7.75000733344089,45.3));
#12856=CARTESIAN_POINT('',(0.,7.75000733344089,47.367));
#12857=CARTESIAN_POINT('',(0.,6.55662432702593,45.3));
#12858=CARTESIAN_POINT('',(0.,6.55662432702593,45.3));
#12859=CARTESIAN_POINT('',(-2.7,13.7,-8.38883057415937E-16));
#12860=CARTESIAN_POINT('',(-2.7,13.7,11.1561732478158));
#12861=CARTESIAN_POINT('',(-2.7,14.9295,11.1561732478158));
#12862=CARTESIAN_POINT('',(-2.7,13.7,26.));
#12863=CARTESIAN_POINT('',(-2.7,13.7,26.));
#12864=CARTESIAN_POINT('',(-2.7,14.3,26.));
#12865=CARTESIAN_POINT('',(-2.7,13.7,-8.38883057415937E-16));
#12866=CARTESIAN_POINT('',(-2.7,13.7,11.5196152422707));
#12867=CARTESIAN_POINT('',(-2.7,14.3,11.5196152422707));
#12868=CARTESIAN_POINT('',(-2.7,13.7,11.5196152422707));
#12869=CARTESIAN_POINT('',(2.7,-13.7,8.38883057415937E-16));
#12870=CARTESIAN_POINT('',(2.7,-13.7,11.1561732478158));
#12871=CARTESIAN_POINT('',(2.7,-12.4705,11.1561732478158));
#12872=CARTESIAN_POINT('',(2.7,-13.7,26.));
#12873=CARTESIAN_POINT('',(2.7,-13.7,26.));
#12874=CARTESIAN_POINT('',(2.7,-13.1,26.));
#12875=CARTESIAN_POINT('',(2.7,-13.7,8.38883057415937E-16));
#12876=CARTESIAN_POINT('',(2.7,-13.7,11.5196152422707));
#12877=CARTESIAN_POINT('',(2.7,-13.1,11.5196152422707));
#12878=CARTESIAN_POINT('',(2.7,-13.7,11.5196152422707));
#12879=CARTESIAN_POINT('',(-30.8,15.6,25.));
#12880=CARTESIAN_POINT('',(-30.8,15.6,25.));
#12881=CARTESIAN_POINT('',(-30.8,15.6,23.9935));
#12882=CARTESIAN_POINT('',(-29.7935,15.6,25.));
#12883=CARTESIAN_POINT('',(-62.8,15.6,25.));
#12884=CARTESIAN_POINT('',(-62.8,15.6,25.));
#12885=CARTESIAN_POINT('',(-62.8,15.6,23.9935));
#12886=CARTESIAN_POINT('',(-61.7935,15.6,25.));
#12887=CARTESIAN_POINT('',(48.,17.3,17.));
#12888=CARTESIAN_POINT('',(43.35,17.3,17.));
#12889=CARTESIAN_POINT('',(43.35,17.3,17.));
#12890=CARTESIAN_POINT('',(48.,17.3,17.));
#12891=CARTESIAN_POINT('',(48.,17.3,12.35));
#12892=CARTESIAN_POINT('',(48.,17.3,12.35));
#12893=CARTESIAN_POINT('',(48.,17.3,17.));
#12894=CARTESIAN_POINT('',(48.,17.3,21.65));
#12895=CARTESIAN_POINT('',(48.,17.3,21.65));
#12896=CARTESIAN_POINT('',(48.,17.3,17.));
#12897=CARTESIAN_POINT('',(48.,17.3,21.65));
#12898=CARTESIAN_POINT('',(63.,17.3,21.65));
#12899=CARTESIAN_POINT('',(63.,17.3,21.65));
#12900=CARTESIAN_POINT('',(48.,17.3,21.65));
#12901=CARTESIAN_POINT('',(63.,17.3,17.));
#12902=CARTESIAN_POINT('',(67.65,17.3,17.));
#12903=CARTESIAN_POINT('',(67.65,17.3,17.));
#12904=CARTESIAN_POINT('',(63.,17.3,17.));
#12905=CARTESIAN_POINT('',(63.,17.3,17.));
#12906=CARTESIAN_POINT('',(63.,17.3,12.35));
#12907=CARTESIAN_POINT('',(63.,17.3,12.35));
#12908=CARTESIAN_POINT('',(63.,17.3,17.));
#12909=CARTESIAN_POINT('',(63.,17.3,12.35));
#12910=CARTESIAN_POINT('',(63.,17.3,12.35));
#12911=CARTESIAN_POINT('',(48.,17.3,17.));
#12912=CARTESIAN_POINT('',(19.5,17.3,17.));
#12913=CARTESIAN_POINT('',(14.85,17.3,17.));
#12914=CARTESIAN_POINT('',(14.85,17.3,17.));
#12915=CARTESIAN_POINT('',(19.5,17.3,17.));
#12916=CARTESIAN_POINT('',(19.5,17.3,12.35));
#12917=CARTESIAN_POINT('',(19.5,17.3,12.35));
#12918=CARTESIAN_POINT('',(19.5,17.3,17.));
#12919=CARTESIAN_POINT('',(19.5,17.3,21.65));
#12920=CARTESIAN_POINT('',(19.5,17.3,21.65));
#12921=CARTESIAN_POINT('',(19.5,17.3,17.));
#12922=CARTESIAN_POINT('',(19.5,17.3,21.65));
#12923=CARTESIAN_POINT('',(34.5,17.3,21.65));
#12924=CARTESIAN_POINT('',(34.5,17.3,21.65));
#12925=CARTESIAN_POINT('',(19.5,17.3,21.65));
#12926=CARTESIAN_POINT('',(34.5,17.3,17.));
#12927=CARTESIAN_POINT('',(39.15,17.3,17.));
#12928=CARTESIAN_POINT('',(39.15,17.3,17.));
#12929=CARTESIAN_POINT('',(34.5,17.3,17.));
#12930=CARTESIAN_POINT('',(34.5,17.3,17.));
#12931=CARTESIAN_POINT('',(34.5,17.3,12.35));
#12932=CARTESIAN_POINT('',(34.5,17.3,12.35));
#12933=CARTESIAN_POINT('',(34.5,17.3,17.));
#12934=CARTESIAN_POINT('',(34.5,17.3,12.35));
#12935=CARTESIAN_POINT('',(34.5,17.3,12.35));
#12936=CARTESIAN_POINT('',(19.5,17.3,17.));
#12937=CARTESIAN_POINT('',(4.44089209850063E-16,0.,55.25));
#12938=CARTESIAN_POINT('',(0.8,0.461880215351701,55.25));
#12939=CARTESIAN_POINT('',(0.8,0.461880215351701,55.25));
#12940=CARTESIAN_POINT('',(4.33680868994202E-16,0.923760430703401,55.25));
#12941=CARTESIAN_POINT('',(0.8,-0.461880215351701,55.25));
#12942=CARTESIAN_POINT('',(0.8,-0.461880215351701,55.25));
#12943=CARTESIAN_POINT('',(4.44089209850063E-16,-0.923760430703401,55.25));
#12944=CARTESIAN_POINT('',(4.33680868994202E-16,-0.923760430703401,55.25));
#12945=CARTESIAN_POINT('',(-0.8,-0.461880215351701,55.25));
#12946=CARTESIAN_POINT('',(-0.8,-0.461880215351701,55.25));
#12947=CARTESIAN_POINT('',(-0.8,0.461880215351701,55.25));
#12948=CARTESIAN_POINT('',(-0.8,0.461880215351701,55.25));
#12949=CARTESIAN_POINT('',(4.44089209850063E-16,0.923760430703401,55.25));
#12950=CARTESIAN_POINT('',(4.44089209850063E-16,0.,55.25));
#12951=CARTESIAN_POINT('',(-1.43874945699382,0.,55.25));
#12952=CARTESIAN_POINT('',(1.66967134562768E-14,0.,51.95));
#12953=CARTESIAN_POINT('',(1.47876793582631E-16,0.,54.1494317447923));
#12954=CARTESIAN_POINT('',(-2.85,0.,54.1494317447923));
#12955=CARTESIAN_POINT('',(0.,0.,53.6));
#12956=CARTESIAN_POINT('',(0.8,-0.461880215351701,54.05));
#12957=CARTESIAN_POINT('',(0.8,0.461880215351701,54.05));
#12958=CARTESIAN_POINT('',(0.8,0.461880215351701,54.05));
#12959=CARTESIAN_POINT('',(0.8,-0.461880215351701,54.05));
#12960=CARTESIAN_POINT('',(0.8,-0.461880215351701,54.05));
#12961=CARTESIAN_POINT('',(0.8,-0.461880215351701,54.05));
#12962=CARTESIAN_POINT('',(0.8,0.461880215351701,54.05));
#12963=CARTESIAN_POINT('',(4.33680868994202E-16,0.923760430703401,54.05));
#12964=CARTESIAN_POINT('',(4.33680868994202E-16,0.923760430703401,54.05));
#12965=CARTESIAN_POINT('',(0.8,0.461880215351701,54.05));
#12966=CARTESIAN_POINT('',(4.44089209850063E-16,0.923760430703401,54.05));
#12967=CARTESIAN_POINT('',(-0.8,0.461880215351701,54.05));
#12968=CARTESIAN_POINT('',(-0.8,0.461880215351701,54.05));
#12969=CARTESIAN_POINT('',(4.44089209850063E-16,0.923760430703401,54.05));
#12970=CARTESIAN_POINT('',(-0.8,0.461880215351701,54.05));
#12971=CARTESIAN_POINT('',(-0.8,-0.461880215351701,54.05));
#12972=CARTESIAN_POINT('',(-0.8,-0.461880215351701,54.05));
#12973=CARTESIAN_POINT('',(-0.8,0.461880215351701,54.05));
#12974=CARTESIAN_POINT('',(-0.8,-0.461880215351701,54.05));
#12975=CARTESIAN_POINT('',(4.33680868994202E-16,-0.923760430703401,54.05));
#12976=CARTESIAN_POINT('',(4.33680868994202E-16,-0.923760430703401,54.05));
#12977=CARTESIAN_POINT('',(-0.8,-0.461880215351701,54.05));
#12978=CARTESIAN_POINT('',(4.44089209850063E-16,-0.923760430703401,54.05));
#12979=CARTESIAN_POINT('',(4.44089209850063E-16,-0.923760430703401,54.05));
#12980=CARTESIAN_POINT('',(0.,0.,54.05));
#12981=CARTESIAN_POINT('',(-23.,50.,5.));
#12982=CARTESIAN_POINT('',(23.,50.,5.));
#12983=CARTESIAN_POINT('',(-52.,50.,5.));
#12984=CARTESIAN_POINT('',(52.,50.,5.));
#12985=CARTESIAN_POINT('',(0.,0.,0.));
#12986=CARTESIAN_POINT('',(16.3,17.2,1.4));
#12987=CARTESIAN_POINT('',(16.3,17.2,1.4));
#12988=CARTESIAN_POINT('',(16.8773502691896,16.2,1.4));
#12989=CARTESIAN_POINT('',(15.7226497308104,16.2,1.4));
#12990=CARTESIAN_POINT('',(15.7226497308104,16.2,1.4));
#12991=CARTESIAN_POINT('',(16.1028885897029,16.2,1.48865414591485));
#12992=CARTESIAN_POINT('',(16.4993842606829,16.2,1.48812422214454));
#12993=CARTESIAN_POINT('',(16.8773502691896,16.2,1.40000000000005));
#12994=CARTESIAN_POINT('',(16.3,17.2,1.4));
#12995=CARTESIAN_POINT('',(16.3,17.2,1.4));
#12996=CARTESIAN_POINT('',(15.1452994616208,17.2,1.4));
#12997=CARTESIAN_POINT('',(15.1452994616208,17.2,1.4));
#12998=CARTESIAN_POINT('',(15.3355637313271,16.8704526180036,1.48872168603734));
#12999=CARTESIAN_POINT('',(15.5316950014114,16.5307432932646,1.48904365267972));
#13000=CARTESIAN_POINT('',(15.7226497308104,16.2,1.40000000000005));
#13001=CARTESIAN_POINT('',(16.3,17.2,1.4));
#13002=CARTESIAN_POINT('',(16.3,17.2,1.4));
#13003=CARTESIAN_POINT('',(15.7226497308104,18.2,1.4));
#13004=CARTESIAN_POINT('',(15.7226497308104,18.2,1.4));
#13005=CARTESIAN_POINT('',(15.532385461104,17.8704526180036,1.48872168603734));
#13006=CARTESIAN_POINT('',(15.3362541910197,17.5307432932646,1.48904365267972));
#13007=CARTESIAN_POINT('',(15.1452994616207,17.2,1.40000000000005));
#13008=CARTESIAN_POINT('',(16.3,17.2,1.4));
#13009=CARTESIAN_POINT('',(16.3,17.2,1.4));
#13010=CARTESIAN_POINT('',(16.8773502691896,18.2,1.4));
#13011=CARTESIAN_POINT('',(16.8773502691896,18.2,1.4));
#13012=CARTESIAN_POINT('',(16.4971114102971,18.2,1.48865414591485));
#13013=CARTESIAN_POINT('',(16.1006157393171,18.2,1.48812422214454));
#13014=CARTESIAN_POINT('',(15.7226497308104,18.2,1.40000000000005));
#13015=CARTESIAN_POINT('',(16.3,17.2,1.4));
#13016=CARTESIAN_POINT('',(16.3,17.2,1.4));
#13017=CARTESIAN_POINT('',(17.4547005383793,17.2,1.4));
#13018=CARTESIAN_POINT('',(17.4547005383793,17.2,1.4));
#13019=CARTESIAN_POINT('',(17.2644362686729,17.5295473819964,1.48872168603734));
#13020=CARTESIAN_POINT('',(17.0683049985886,17.8692567067354,1.48904365267972));
#13021=CARTESIAN_POINT('',(16.8773502691896,18.2,1.40000000000005));
#13022=CARTESIAN_POINT('',(0.,0.,6.));
#13023=CARTESIAN_POINT('',(55.8,0.,6.));
#13024=CARTESIAN_POINT('',(55.8,0.,6.));
#13025=CARTESIAN_POINT('',(55.,0.,5.2));
#13026=CARTESIAN_POINT('',(55.,0.,5.2));
#13027=CARTESIAN_POINT('',(54.2,0.,6.));
#13028=CARTESIAN_POINT('',(0.,0.,6.));
#13029=CARTESIAN_POINT('',(42.3,0.,6.));
#13030=CARTESIAN_POINT('',(42.3,0.,6.));
#13031=CARTESIAN_POINT('',(41.5,0.,5.2));
#13032=CARTESIAN_POINT('',(41.5,0.,5.2));
#13033=CARTESIAN_POINT('',(40.7,0.,6.));
#13034=CARTESIAN_POINT('',(0.,0.,6.));
#13035=CARTESIAN_POINT('',(37.8,0.,6.));
#13036=CARTESIAN_POINT('',(37.8,0.,6.));
#13037=CARTESIAN_POINT('',(37.,0.,5.2));
#13038=CARTESIAN_POINT('',(37.,0.,5.2));
#13039=CARTESIAN_POINT('',(36.2,0.,6.));
#13040=CARTESIAN_POINT('',(0.,0.,6.));
#13041=CARTESIAN_POINT('',(33.3,0.,6.));
#13042=CARTESIAN_POINT('',(33.3,0.,6.));
#13043=CARTESIAN_POINT('',(32.5,0.,5.2));
#13044=CARTESIAN_POINT('',(32.5,0.,5.2));
#13045=CARTESIAN_POINT('',(31.7,0.,6.));
#13046=CARTESIAN_POINT('',(0.,0.,6.));
#13047=CARTESIAN_POINT('',(0.,0.,6.));
#13048=CARTESIAN_POINT('',(0.,0.,6.));
#13049=CARTESIAN_POINT('',(0.,0.,0.));
#13050=CARTESIAN_POINT('',(0.,0.,0.));
#13051=CARTESIAN_POINT('',(63.,0.,0.));
#13052=CARTESIAN_POINT('',(63.,0.,6.));
#13053=CARTESIAN_POINT('',(63.,0.,6.));
#13054=CARTESIAN_POINT('',(0.,0.,6.));
#13055=CARTESIAN_POINT('',(0.,0.,6.));
#13056=CARTESIAN_POINT('',(63.,0.,6.));
#13057=CARTESIAN_POINT('',(63.,15.,6.));
#13058=CARTESIAN_POINT('',(54.1,15.,6.));
#13059=CARTESIAN_POINT('',(55.8,15.,6.));
#13060=CARTESIAN_POINT('',(55.8,21.5,6.));
#13061=CARTESIAN_POINT('',(0.,0.,6.));
#13062=CARTESIAN_POINT('',(54.1,15.,6.));
#13063=CARTESIAN_POINT('',(54.1,15.,6.));
#13064=CARTESIAN_POINT('',(54.2,15.,6.));
#13065=CARTESIAN_POINT('',(54.1,16.5,6.));
#13066=CARTESIAN_POINT('',(52.6,16.5,6.));
#13067=CARTESIAN_POINT('',(52.6,17.2,6.));
#13068=CARTESIAN_POINT('',(52.6,17.2,6.));
#13069=CARTESIAN_POINT('',(48.3,17.2,6.));
#13070=CARTESIAN_POINT('',(44.,17.2,6.));
#13071=CARTESIAN_POINT('',(44.,16.5,6.));
#13072=CARTESIAN_POINT('',(44.,16.5,6.));
#13073=CARTESIAN_POINT('',(42.5,16.5,6.));
#13074=CARTESIAN_POINT('',(42.5,15.,6.));
#13075=CARTESIAN_POINT('',(22.1,15.,6.));
#13076=CARTESIAN_POINT('',(42.3,15.,6.));
#13077=CARTESIAN_POINT('',(42.3,21.5,6.));
#13078=CARTESIAN_POINT('',(54.2,21.5,6.));
#13079=CARTESIAN_POINT('',(48.3,17.2,6.));
#13080=CARTESIAN_POINT('',(44.3,17.2,6.));
#13081=CARTESIAN_POINT('',(54.1,15.,6.));
#13082=CARTESIAN_POINT('',(54.15,15.,6.04999999999999));
#13083=CARTESIAN_POINT('',(55.,15.,5.2));
#13084=CARTESIAN_POINT('',(54.95,15.,5.15));
#13085=CARTESIAN_POINT('',(63.,15.,6.));
#13086=CARTESIAN_POINT('',(63.,15.,0.));
#13087=CARTESIAN_POINT('',(54.1,15.,0.));
#13088=CARTESIAN_POINT('',(54.1,15.,0.));
#13089=CARTESIAN_POINT('',(54.1,15.,6.));
#13090=CARTESIAN_POINT('',(0.,0.,6.));
#13091=CARTESIAN_POINT('',(40.7,21.5,6.));
#13092=CARTESIAN_POINT('',(40.7,15.,6.));
#13093=CARTESIAN_POINT('',(22.1,15.,6.));
#13094=CARTESIAN_POINT('',(37.8,15.,6.));
#13095=CARTESIAN_POINT('',(37.8,21.5,6.));
#13096=CARTESIAN_POINT('',(0.,0.,6.));
#13097=CARTESIAN_POINT('',(36.2,21.5,6.));
#13098=CARTESIAN_POINT('',(36.2,15.,6.));
#13099=CARTESIAN_POINT('',(22.1,15.,6.));
#13100=CARTESIAN_POINT('',(33.3,15.,6.));
#13101=CARTESIAN_POINT('',(33.3,21.5,6.));
#13102=CARTESIAN_POINT('',(0.,0.,6.));
#13103=CARTESIAN_POINT('',(31.7,21.5,6.));
#13104=CARTESIAN_POINT('',(31.7,15.,6.));
#13105=CARTESIAN_POINT('',(22.1,15.,6.));
#13106=CARTESIAN_POINT('',(22.1,15.,6.));
#13107=CARTESIAN_POINT('',(22.1,16.5,6.));
#13108=CARTESIAN_POINT('',(20.6,16.5,6.));
#13109=CARTESIAN_POINT('',(20.6,17.2,6.));
#13110=CARTESIAN_POINT('',(20.6,17.2,6.));
#13111=CARTESIAN_POINT('',(16.3,17.2,6.));
#13112=CARTESIAN_POINT('',(16.3,21.5,6.));
#13113=CARTESIAN_POINT('',(63.,21.5,6.));
#13114=CARTESIAN_POINT('',(4.3,21.5,6.));
#13115=CARTESIAN_POINT('',(4.29999999999999,17.2,6.));
#13116=CARTESIAN_POINT('',(0.,17.2,6.));
#13117=CARTESIAN_POINT('',(0.,21.5,6.));
#13118=CARTESIAN_POINT('',(4.3,17.2,6.));
#13119=CARTESIAN_POINT('',(0.3,17.2,6.));
#13120=CARTESIAN_POINT('',(16.3,17.2,6.));
#13121=CARTESIAN_POINT('',(12.3,17.2,6.));
#13122=CARTESIAN_POINT('',(22.1,15.,6.));
#13123=CARTESIAN_POINT('',(31.3999999999999,15.,15.3));
#13124=CARTESIAN_POINT('',(41.5,15.,5.2));
#13125=CARTESIAN_POINT('',(32.2,15.,-4.1));
#13126=CARTESIAN_POINT('',(42.5,15.,6.));
#13127=CARTESIAN_POINT('',(42.5,15.,0.));
#13128=CARTESIAN_POINT('',(22.1,15.,0.));
#13129=CARTESIAN_POINT('',(22.1,15.,0.));
#13130=CARTESIAN_POINT('',(22.1,15.,6.));
#13131=CARTESIAN_POINT('',(26.9,15.,10.8));
#13132=CARTESIAN_POINT('',(32.5,15.,5.2));
#13133=CARTESIAN_POINT('',(27.7,15.,0.399999999999999));
#13134=CARTESIAN_POINT('',(29.15,15.,13.05));
#13135=CARTESIAN_POINT('',(37.,15.,5.19999999999999));
#13136=CARTESIAN_POINT('',(29.95,15.,-1.85));
#13137=CARTESIAN_POINT('',(0.,21.5,6.));
#13138=CARTESIAN_POINT('',(0.,21.5,0.));
#13139=CARTESIAN_POINT('',(0.,17.2,0.));
#13140=CARTESIAN_POINT('',(0.,11.4,0.));
#13141=CARTESIAN_POINT('',(0.,11.4,-1.));
#13142=CARTESIAN_POINT('',(0.,11.4,1.03691251116005));
#13143=CARTESIAN_POINT('',(0.,10.,2.5));
#13144=CARTESIAN_POINT('',(0.,8.6,1.03691251116005));
#13145=CARTESIAN_POINT('',(0.,8.6,1.03691251116005));
#13146=CARTESIAN_POINT('',(0.,8.6,0.));
#13147=CARTESIAN_POINT('',(0.,21.5,0.));
#13148=CARTESIAN_POINT('',(0.,6.39999999999999,0.));
#13149=CARTESIAN_POINT('',(0.,6.39999999999999,0.));
#13150=CARTESIAN_POINT('',(0.,6.4,1.03691251116005));
#13151=CARTESIAN_POINT('',(0.,5.,2.5));
#13152=CARTESIAN_POINT('',(0.,3.6,1.03691251116005));
#13153=CARTESIAN_POINT('',(0.,3.6,1.03691251116005));
#13154=CARTESIAN_POINT('',(0.,3.6,0.));
#13155=CARTESIAN_POINT('',(0.,21.5,0.));
#13156=CARTESIAN_POINT('',(0.,17.2,6.));
#13157=CARTESIAN_POINT('',(63.,0.,6.));
#13158=CARTESIAN_POINT('',(63.,0.,0.));
#13159=CARTESIAN_POINT('',(63.,3.6,0.));
#13160=CARTESIAN_POINT('',(63.,3.6,1.03691251116005));
#13161=CARTESIAN_POINT('',(63.,3.6,1.03691251116005));
#13162=CARTESIAN_POINT('',(63.,5.,2.5));
#13163=CARTESIAN_POINT('',(63.,6.4,1.03691251116005));
#13164=CARTESIAN_POINT('',(63.,6.39999999999999,0.));
#13165=CARTESIAN_POINT('',(63.,6.39999999999999,0.));
#13166=CARTESIAN_POINT('',(63.,0.,0.));
#13167=CARTESIAN_POINT('',(63.,8.6,0.));
#13168=CARTESIAN_POINT('',(63.,8.6,1.03691251116005));
#13169=CARTESIAN_POINT('',(63.,8.6,1.03691251116005));
#13170=CARTESIAN_POINT('',(63.,10.,2.5));
#13171=CARTESIAN_POINT('',(63.,11.4,1.03691251116005));
#13172=CARTESIAN_POINT('',(63.,11.4,-1.));
#13173=CARTESIAN_POINT('',(63.,11.4,0.));
#13174=CARTESIAN_POINT('',(63.,0.,0.));
#13175=CARTESIAN_POINT('',(63.,21.5,6.));
#13176=CARTESIAN_POINT('',(63.,21.5,0.));
#13177=CARTESIAN_POINT('',(16.3,21.5,0.));
#13178=CARTESIAN_POINT('',(4.3,21.5,0.));
#13179=CARTESIAN_POINT('',(4.3,21.5,6.));
#13180=CARTESIAN_POINT('',(16.3,21.5,6.));
#13181=CARTESIAN_POINT('',(48.3,17.2,1.4));
#13182=CARTESIAN_POINT('',(48.3,17.2,1.4));
#13183=CARTESIAN_POINT('',(48.8773502691896,16.2,1.4));
#13184=CARTESIAN_POINT('',(47.7226497308104,16.2,1.4));
#13185=CARTESIAN_POINT('',(47.7226497308104,16.2,1.4));
#13186=CARTESIAN_POINT('',(48.1028885897029,16.2,1.48865414591485));
#13187=CARTESIAN_POINT('',(48.4993842606829,16.2,1.48812422214454));
#13188=CARTESIAN_POINT('',(48.8773502691896,16.2,1.40000000000005));
#13189=CARTESIAN_POINT('',(48.3,17.2,1.4));
#13190=CARTESIAN_POINT('',(48.3,17.2,1.4));
#13191=CARTESIAN_POINT('',(47.1452994616207,17.2,1.4));
#13192=CARTESIAN_POINT('',(47.1452994616208,17.2,1.4));
#13193=CARTESIAN_POINT('',(47.3355637313271,16.8704526180036,1.48872168603735));
#13194=CARTESIAN_POINT('',(47.5316950014114,16.5307432932646,1.48904365267972));
#13195=CARTESIAN_POINT('',(47.7226497308104,16.2,1.40000000000005));
#13196=CARTESIAN_POINT('',(48.3,17.2,1.4));
#13197=CARTESIAN_POINT('',(48.3,17.2,1.4));
#13198=CARTESIAN_POINT('',(47.7226497308104,18.2,1.4));
#13199=CARTESIAN_POINT('',(47.7226497308104,18.2,1.4));
#13200=CARTESIAN_POINT('',(47.532385461104,17.8704526180036,1.48872168603735));
#13201=CARTESIAN_POINT('',(47.3362541910197,17.5307432932646,1.48904365267972));
#13202=CARTESIAN_POINT('',(47.1452994616207,17.2,1.40000000000005));
#13203=CARTESIAN_POINT('',(48.3,17.2,1.4));
#13204=CARTESIAN_POINT('',(48.3,17.2,1.4));
#13205=CARTESIAN_POINT('',(48.8773502691896,18.2,1.4));
#13206=CARTESIAN_POINT('',(48.8773502691896,18.2,1.4));
#13207=CARTESIAN_POINT('',(48.4971114102971,18.2,1.48865414591485));
#13208=CARTESIAN_POINT('',(48.1006157393171,18.2,1.48812422214454));
#13209=CARTESIAN_POINT('',(47.7226497308104,18.2,1.40000000000005));
#13210=CARTESIAN_POINT('',(48.3,17.2,1.4));
#13211=CARTESIAN_POINT('',(48.3,17.2,1.4));
#13212=CARTESIAN_POINT('',(49.4547005383792,17.2,1.4));
#13213=CARTESIAN_POINT('',(49.4547005383793,17.2,1.4));
#13214=CARTESIAN_POINT('',(49.2644362686729,17.5295473819964,1.48872168603735));
#13215=CARTESIAN_POINT('',(49.0683049985886,17.8692567067354,1.48904365267972));
#13216=CARTESIAN_POINT('',(48.8773502691896,18.2,1.40000000000005));
#13217=CARTESIAN_POINT('',(0.,0.,0.));
#13218=CARTESIAN_POINT('',(63.,6.39999999999999,0.));
#13219=CARTESIAN_POINT('',(63.,8.6,0.));
#13220=CARTESIAN_POINT('',(0.,0.,0.));
#13221=CARTESIAN_POINT('',(0.,3.6,0.));
#13222=CARTESIAN_POINT('',(0.,0.,0.));
#13223=CARTESIAN_POINT('',(48.3,17.2,0.));
#13224=CARTESIAN_POINT('',(45.9,17.2,0.));
#13225=CARTESIAN_POINT('',(16.3,17.2,0.));
#13226=CARTESIAN_POINT('',(13.9,17.2,0.));
#13227=CARTESIAN_POINT('',(4.3,17.2,0.));
#13228=CARTESIAN_POINT('',(1.9,17.2,0.));
#13229=CARTESIAN_POINT('',(4.29999999999999,17.2,0.));
#13230=CARTESIAN_POINT('',(16.3,17.2,0.));
#13231=CARTESIAN_POINT('',(20.6,17.2,0.));
#13232=CARTESIAN_POINT('',(20.6,17.2,0.));
#13233=CARTESIAN_POINT('',(20.6,16.5,0.));
#13234=CARTESIAN_POINT('',(22.1,16.5,0.));
#13235=CARTESIAN_POINT('',(42.5,16.5,0.));
#13236=CARTESIAN_POINT('',(44.,16.5,0.));
#13237=CARTESIAN_POINT('',(44.,16.5,0.));
#13238=CARTESIAN_POINT('',(44.,17.2,0.));
#13239=CARTESIAN_POINT('',(48.3,17.2,0.));
#13240=CARTESIAN_POINT('',(52.6,17.2,0.));
#13241=CARTESIAN_POINT('',(52.6,17.2,0.));
#13242=CARTESIAN_POINT('',(52.6,16.5,0.));
#13243=CARTESIAN_POINT('',(54.1,16.5,0.));
#13244=CARTESIAN_POINT('',(0.,11.4,0.));
#13245=CARTESIAN_POINT('',(63.,11.4,-1.));
#13246=CARTESIAN_POINT('',(63.,11.4,1.03691251116005));
#13247=CARTESIAN_POINT('',(63.,8.6,1.03691251116005));
#13248=CARTESIAN_POINT('',(63.,8.6,1.03691251116005));
#13249=CARTESIAN_POINT('',(63.,10.,2.5));
#13250=CARTESIAN_POINT('',(63.,3.6,1.03691251116005));
#13251=CARTESIAN_POINT('',(63.,3.6,1.03691251116005));
#13252=CARTESIAN_POINT('',(63.,6.39999999999999,0.));
#13253=CARTESIAN_POINT('',(63.,6.4,1.03691251116005));
#13254=CARTESIAN_POINT('',(63.,5.,2.5));
#13255=CARTESIAN_POINT('',(4.3,17.2,0.));
#13256=CARTESIAN_POINT('',(4.3,17.2,5.9));
#13257=CARTESIAN_POINT('',(0.3,17.2,5.9));
#13258=CARTESIAN_POINT('',(4.3,21.2,5.9));
#13259=CARTESIAN_POINT('',(4.3,17.2,5.9));
#13260=CARTESIAN_POINT('',(3.,17.2,5.9));
#13261=CARTESIAN_POINT('',(4.3,17.2,0.));
#13262=CARTESIAN_POINT('',(4.3,17.2,3.9));
#13263=CARTESIAN_POINT('',(3.,17.2,3.9));
#13264=CARTESIAN_POINT('',(4.3,18.5,3.9));
#13265=CARTESIAN_POINT('',(4.3,17.2,3.9));
#13266=CARTESIAN_POINT('',(1.9,17.2,3.9));
#13267=CARTESIAN_POINT('',(4.3,17.2,0.));
#13268=CARTESIAN_POINT('',(16.3,17.2,0.));
#13269=CARTESIAN_POINT('',(16.3,17.2,5.9));
#13270=CARTESIAN_POINT('',(12.3,17.2,5.9));
#13271=CARTESIAN_POINT('',(16.3,21.2,5.9));
#13272=CARTESIAN_POINT('',(16.3,17.2,5.9));
#13273=CARTESIAN_POINT('',(15.,17.2,5.9));
#13274=CARTESIAN_POINT('',(16.3,17.2,0.));
#13275=CARTESIAN_POINT('',(16.3,17.2,3.9));
#13276=CARTESIAN_POINT('',(15.,17.2,3.9));
#13277=CARTESIAN_POINT('',(16.3,18.5,3.9));
#13278=CARTESIAN_POINT('',(16.3,17.2,3.9));
#13279=CARTESIAN_POINT('',(14.05,17.2,3.9));
#13280=CARTESIAN_POINT('',(16.3,17.2,3.9));
#13281=CARTESIAN_POINT('',(13.9,17.2,3.9));
#13282=CARTESIAN_POINT('',(16.3,17.2,0.));
#13283=CARTESIAN_POINT('',(16.3,17.2,1.4));
#13284=CARTESIAN_POINT('',(16.3,17.2,1.4));
#13285=CARTESIAN_POINT('',(16.8773502691896,16.2,1.4));
#13286=CARTESIAN_POINT('',(17.067614538896,16.5295473819964,1.48872168603734));
#13287=CARTESIAN_POINT('',(17.2637458089803,16.8692567067354,1.48904365267972));
#13288=CARTESIAN_POINT('',(17.4547005383793,17.2,1.40000000000005));
#13289=CARTESIAN_POINT('',(16.3,19.45,1.4));
#13290=CARTESIAN_POINT('',(16.3,17.2,1.4));
#13291=CARTESIAN_POINT('',(14.05,17.2,1.4));
#13292=CARTESIAN_POINT('',(16.3,17.2,1.93844570392194));
#13293=CARTESIAN_POINT('',(16.3,18.45,3.9));
#13294=CARTESIAN_POINT('',(16.3,17.2,3.9));
#13295=CARTESIAN_POINT('',(15.05,17.2,3.9));
#13296=CARTESIAN_POINT('',(16.3,17.2,7.9));
#13297=CARTESIAN_POINT('',(16.3,17.2,7.9));
#13298=CARTESIAN_POINT('',(15.05,17.2,7.9));
#13299=CARTESIAN_POINT('',(16.3,17.2,1.93844570392194));
#13300=CARTESIAN_POINT('',(48.3,17.2,0.));
#13301=CARTESIAN_POINT('',(48.3,17.2,5.9));
#13302=CARTESIAN_POINT('',(44.3,17.2,5.9));
#13303=CARTESIAN_POINT('',(48.3,21.2,5.9));
#13304=CARTESIAN_POINT('',(48.3,17.2,5.9));
#13305=CARTESIAN_POINT('',(47.,17.2,5.9));
#13306=CARTESIAN_POINT('',(48.3,17.2,0.));
#13307=CARTESIAN_POINT('',(48.3,17.2,3.9));
#13308=CARTESIAN_POINT('',(47.,17.2,3.9));
#13309=CARTESIAN_POINT('',(48.3,18.5,3.9));
#13310=CARTESIAN_POINT('',(48.3,17.2,3.9));
#13311=CARTESIAN_POINT('',(46.05,17.2,3.9));
#13312=CARTESIAN_POINT('',(48.3,17.2,3.9));
#13313=CARTESIAN_POINT('',(45.9,17.2,3.9));
#13314=CARTESIAN_POINT('',(48.3,17.2,0.));
#13315=CARTESIAN_POINT('',(48.3,17.2,1.4));
#13316=CARTESIAN_POINT('',(48.3,17.2,1.4));
#13317=CARTESIAN_POINT('',(48.8773502691896,16.2,1.4));
#13318=CARTESIAN_POINT('',(49.067614538896,16.5295473819964,1.48872168603734));
#13319=CARTESIAN_POINT('',(49.2637458089802,16.8692567067354,1.48904365267972));
#13320=CARTESIAN_POINT('',(49.4547005383792,17.2,1.40000000000005));
#13321=CARTESIAN_POINT('',(48.3,19.45,1.4));
#13322=CARTESIAN_POINT('',(48.3,17.2,1.4));
#13323=CARTESIAN_POINT('',(46.05,17.2,1.4));
#13324=CARTESIAN_POINT('',(48.3,17.2,1.93844570392194));
#13325=CARTESIAN_POINT('',(48.3,18.45,3.9));
#13326=CARTESIAN_POINT('',(48.3,17.2,3.9));
#13327=CARTESIAN_POINT('',(47.05,17.2,3.9));
#13328=CARTESIAN_POINT('',(48.3,17.2,7.9));
#13329=CARTESIAN_POINT('',(48.3,17.2,7.9));
#13330=CARTESIAN_POINT('',(47.05,17.2,7.9));
#13331=CARTESIAN_POINT('',(48.3,17.2,1.93844570392194));
#13332=CARTESIAN_POINT('',(48.8773502691896,16.2,2.5));
#13333=CARTESIAN_POINT('',(47.7226497308104,16.2,2.5));
#13334=CARTESIAN_POINT('',(47.7226497308104,16.2,2.5));
#13335=CARTESIAN_POINT('',(48.8773502691896,16.2,2.5));
#13336=CARTESIAN_POINT('',(48.8773502691896,16.2,2.5));
#13337=CARTESIAN_POINT('',(48.8773502691896,16.2,2.5));
#13338=CARTESIAN_POINT('',(47.7226497308104,16.2,2.5));
#13339=CARTESIAN_POINT('',(47.1452994616207,17.2,2.5));
#13340=CARTESIAN_POINT('',(47.1452994616207,17.2,2.5));
#13341=CARTESIAN_POINT('',(47.7226497308104,16.2,2.5));
#13342=CARTESIAN_POINT('',(47.1452994616207,17.2,2.5));
#13343=CARTESIAN_POINT('',(47.7226497308104,18.2,2.5));
#13344=CARTESIAN_POINT('',(47.7226497308104,18.2,2.5));
#13345=CARTESIAN_POINT('',(47.1452994616207,17.2,2.5));
#13346=CARTESIAN_POINT('',(47.7226497308104,18.2,2.5));
#13347=CARTESIAN_POINT('',(48.8773502691896,18.2,2.5));
#13348=CARTESIAN_POINT('',(48.8773502691896,18.2,2.5));
#13349=CARTESIAN_POINT('',(47.7226497308104,18.2,2.5));
#13350=CARTESIAN_POINT('',(48.8773502691896,18.2,2.5));
#13351=CARTESIAN_POINT('',(49.4547005383792,17.2,2.5));
#13352=CARTESIAN_POINT('',(49.4547005383792,17.2,2.5));
#13353=CARTESIAN_POINT('',(48.8773502691896,18.2,2.5));
#13354=CARTESIAN_POINT('',(49.4547005383792,17.2,2.5));
#13355=CARTESIAN_POINT('',(49.4547005383792,17.2,2.5));
#13356=CARTESIAN_POINT('',(0.,0.,2.5));
#13357=CARTESIAN_POINT('',(54.1,16.5,6.));
#13358=CARTESIAN_POINT('',(52.6,16.5,6.));
#13359=CARTESIAN_POINT('',(52.6,17.2,6.));
#13360=CARTESIAN_POINT('',(52.6,17.2,6.));
#13361=CARTESIAN_POINT('',(48.3,17.2,6.));
#13362=CARTESIAN_POINT('',(44.,17.2,6.));
#13363=CARTESIAN_POINT('',(44.,16.5,6.));
#13364=CARTESIAN_POINT('',(44.,16.5,6.));
#13365=CARTESIAN_POINT('',(42.5,16.5,6.));
#13366=CARTESIAN_POINT('',(22.1,16.5,6.));
#13367=CARTESIAN_POINT('',(20.6,16.5,6.));
#13368=CARTESIAN_POINT('',(20.6,17.2,6.));
#13369=CARTESIAN_POINT('',(20.6,17.2,6.));
#13370=CARTESIAN_POINT('',(16.3,17.2,6.));
#13371=CARTESIAN_POINT('',(4.29999999999999,17.2,6.));
#13372=CARTESIAN_POINT('',(32.5,21.5,5.2));
#13373=CARTESIAN_POINT('',(32.5,21.5,5.2));
#13374=CARTESIAN_POINT('',(33.3,21.5,6.));
#13375=CARTESIAN_POINT('',(37.,21.5,5.2));
#13376=CARTESIAN_POINT('',(37.,21.5,5.2));
#13377=CARTESIAN_POINT('',(37.8,21.5,6.));
#13378=CARTESIAN_POINT('',(42.3,21.5,6.));
#13379=CARTESIAN_POINT('',(41.5,21.5,5.2));
#13380=CARTESIAN_POINT('',(41.5,21.5,5.2));
#13381=CARTESIAN_POINT('',(55.8,21.5,6.));
#13382=CARTESIAN_POINT('',(55.,21.5,5.2));
#13383=CARTESIAN_POINT('',(55.,21.5,5.2));
#13384=CARTESIAN_POINT('',(16.8773502691896,16.2,2.5));
#13385=CARTESIAN_POINT('',(15.7226497308104,16.2,2.5));
#13386=CARTESIAN_POINT('',(15.7226497308104,16.2,2.5));
#13387=CARTESIAN_POINT('',(16.8773502691896,16.2,2.5));
#13388=CARTESIAN_POINT('',(16.8773502691896,16.2,2.5));
#13389=CARTESIAN_POINT('',(16.8773502691896,16.2,2.5));
#13390=CARTESIAN_POINT('',(15.7226497308104,16.2,2.5));
#13391=CARTESIAN_POINT('',(15.1452994616208,17.2,2.5));
#13392=CARTESIAN_POINT('',(15.1452994616208,17.2,2.5));
#13393=CARTESIAN_POINT('',(15.7226497308104,16.2,2.5));
#13394=CARTESIAN_POINT('',(15.1452994616208,17.2,2.5));
#13395=CARTESIAN_POINT('',(15.7226497308104,18.2,2.5));
#13396=CARTESIAN_POINT('',(15.7226497308104,18.2,2.5));
#13397=CARTESIAN_POINT('',(15.1452994616208,17.2,2.5));
#13398=CARTESIAN_POINT('',(15.7226497308104,18.2,2.5));
#13399=CARTESIAN_POINT('',(16.8773502691896,18.2,2.5));
#13400=CARTESIAN_POINT('',(16.8773502691896,18.2,2.5));
#13401=CARTESIAN_POINT('',(15.7226497308104,18.2,2.5));
#13402=CARTESIAN_POINT('',(16.8773502691896,18.2,2.5));
#13403=CARTESIAN_POINT('',(17.4547005383793,17.2,2.5));
#13404=CARTESIAN_POINT('',(17.4547005383793,17.2,2.5));
#13405=CARTESIAN_POINT('',(16.8773502691896,18.2,2.5));
#13406=CARTESIAN_POINT('',(17.4547005383793,17.2,2.5));
#13407=CARTESIAN_POINT('',(17.4547005383793,17.2,2.5));
#13408=CARTESIAN_POINT('',(0.,0.,2.5));
#13409=CARTESIAN_POINT('',(-14.5,-42.2,24.));
#13410=CARTESIAN_POINT('',(-7.5,2.60208521396521E-15,0.3));
#13411=CARTESIAN_POINT('',(-7.5,2.60208521396521E-15,0.));
#13412=CARTESIAN_POINT('',(-7.5,4.5,0.));
#13413=CARTESIAN_POINT('',(-12.,5.51091059616309E-16,0.));
#13414=CARTESIAN_POINT('',(-12.,5.51091059616309E-16,0.3));
#13415=CARTESIAN_POINT('',(-12.,5.51091059616309E-16,0.3));
#13416=CARTESIAN_POINT('',(-7.5,2.60208521396521E-15,0.3));
#13417=CARTESIAN_POINT('',(-7.5,4.5,0.3));
#13418=CARTESIAN_POINT('',(-7.5,4.5,0.3));
#13419=CARTESIAN_POINT('',(-7.5,0.,0.3));
#13420=CARTESIAN_POINT('',(-7.5,0.,0.));
#13421=CARTESIAN_POINT('',(-7.5,-4.5,0.));
#13422=CARTESIAN_POINT('',(-7.5,-4.5,0.3));
#13423=CARTESIAN_POINT('',(-7.5,-4.5,0.3));
#13424=CARTESIAN_POINT('',(-7.5,0.,0.3));
#13425=CARTESIAN_POINT('',(-7.5,-4.5,0.3));
#13426=CARTESIAN_POINT('',(-7.5,-4.5,0.));
#13427=CARTESIAN_POINT('',(7.5,-4.5,0.));
#13428=CARTESIAN_POINT('',(7.5,-4.5,0.3));
#13429=CARTESIAN_POINT('',(7.5,-4.5,0.3));
#13430=CARTESIAN_POINT('',(-7.5,-4.5,0.3));
#13431=CARTESIAN_POINT('',(7.5,8.67361737988404E-16,0.3));
#13432=CARTESIAN_POINT('',(7.5,8.67361737988404E-16,0.));
#13433=CARTESIAN_POINT('',(12.,8.67361737988404E-16,0.));
#13434=CARTESIAN_POINT('',(12.,8.67361737988404E-16,0.3));
#13435=CARTESIAN_POINT('',(12.,8.67361737988404E-16,0.3));
#13436=CARTESIAN_POINT('',(7.5,8.67361737988404E-16,0.3));
#13437=CARTESIAN_POINT('',(7.5,-2.16840434497101E-16,0.3));
#13438=CARTESIAN_POINT('',(7.5,-2.16840434497101E-16,0.));
#13439=CARTESIAN_POINT('',(7.5,4.5,0.));
#13440=CARTESIAN_POINT('',(7.5,4.5,0.3));
#13441=CARTESIAN_POINT('',(7.5,4.5,0.3));
#13442=CARTESIAN_POINT('',(7.5,-2.16840434497101E-16,0.3));
#13443=CARTESIAN_POINT('',(7.5,4.5,0.3));
#13444=CARTESIAN_POINT('',(7.5,4.5,0.));
#13445=CARTESIAN_POINT('',(7.5,4.5,0.3));
#13446=CARTESIAN_POINT('',(-7.5,2.60208521396521E-15,0.3));
#13447=CARTESIAN_POINT('',(5.8342,-0.526361019168402,0.3));
#13448=CARTESIAN_POINT('',(5.8342,-0.526361019168403,0.3));
#13449=CARTESIAN_POINT('',(4.262,-1.3559,0.3));
#13450=CARTESIAN_POINT('',(6.6,3.52365706057789E-16,0.3));
#13451=CARTESIAN_POINT('',(7.46166765780085,0.3479,0.3));
#13452=CARTESIAN_POINT('',(8.73470942284893,1.0332,0.3));
#13453=CARTESIAN_POINT('',(8.73470942284893,1.0332,0.3));
#13454=CARTESIAN_POINT('',(6.6,2.16840434497101E-15,0.3));
#13455=CARTESIAN_POINT('',(5.9182,-2.27148306619266,0.3));
#13456=CARTESIAN_POINT('',(4.262,-3.1423,0.3));
#13457=CARTESIAN_POINT('',(4.262,-3.1423,0.3));
#13458=CARTESIAN_POINT('',(4.262,-1.3559,0.3));
#13459=CARTESIAN_POINT('',(8.9464,3.14789999999999,0.3));
#13460=CARTESIAN_POINT('',(8.9464,3.14789999999999,0.3));
#13461=CARTESIAN_POINT('',(7.2909,2.26982933554486,0.3));
#13462=CARTESIAN_POINT('',(8.9464,1.3615,0.3));
#13463=CARTESIAN_POINT('',(8.9464,1.3615,0.3));
#13464=CARTESIAN_POINT('',(7.37144803616316,0.5243,0.3));
#13465=CARTESIAN_POINT('',(7.37144803616316,0.524299999999999,0.3));
#13466=CARTESIAN_POINT('',(6.6,-3.52365706057789E-16,0.3));
#13467=CARTESIAN_POINT('',(5.7362,-0.351954716547456,0.3));
#13468=CARTESIAN_POINT('',(4.4594,-1.02337659856966,0.3));
#13469=CARTESIAN_POINT('',(4.4594,-1.02337659856966,0.3));
#13470=CARTESIAN_POINT('',(6.6,-6.50521303491303E-16,0.3));
#13471=CARTESIAN_POINT('',(6.6,0.,0.3));
#13472=CARTESIAN_POINT('',(7.272,0.,0.3));
#13473=CARTESIAN_POINT('',(-2.26649999999998,1.034,0.3));
#13474=CARTESIAN_POINT('',(-2.26649999999998,1.034,0.3));
#13475=CARTESIAN_POINT('',(-2.948,1.034,0.3));
#13476=CARTESIAN_POINT('',(-2.26649999999998,0.,0.3));
#13477=CARTESIAN_POINT('',(-2.26649999999998,4.93727564020651E-17,0.3));
#13478=CARTESIAN_POINT('',(-1.89049999999999,-1.16551733542192E-15,0.3));
#13479=CARTESIAN_POINT('',(-1.5145,0.,0.3));
#13480=CARTESIAN_POINT('',(-1.5145,1.034,0.3));
#13481=CARTESIAN_POINT('',(-1.5145,1.034,0.3));
#13482=CARTESIAN_POINT('',(-0.833,1.034,0.3));
#13483=CARTESIAN_POINT('',(-0.833,1.034,0.3));
#13484=CARTESIAN_POINT('',(-0.833,0.,0.3));
#13485=CARTESIAN_POINT('',(-0.833,1.0842021724855E-16,0.3));
#13486=CARTESIAN_POINT('',(-1.8905,1.0842021724855E-16,0.3));
#13487=CARTESIAN_POINT('',(-2.948,0.,0.3));
#13488=CARTESIAN_POINT('',(-2.948,1.034,0.3));
#13489=CARTESIAN_POINT('',(-5.429,1.06925000000001,0.3));
#13490=CARTESIAN_POINT('',(-5.429,1.06925000000001,0.3));
#13491=CARTESIAN_POINT('',(-6.04,1.06925000000001,0.3));
#13492=CARTESIAN_POINT('',(-5.429,0.3995,0.3));
#13493=CARTESIAN_POINT('',(-5.429,0.3995,0.3));
#13494=CARTESIAN_POINT('',(-6.04,0.3995,0.3));
#13495=CARTESIAN_POINT('',(-6.04,0.3995,0.3));
#13496=CARTESIAN_POINT('',(-6.04,-1.89735380184963E-16,0.3));
#13497=CARTESIAN_POINT('',(-6.04,-0.3995,0.3));
#13498=CARTESIAN_POINT('',(-5.429,-0.3995,0.3));
#13499=CARTESIAN_POINT('',(-5.429,-0.3995,0.3));
#13500=CARTESIAN_POINT('',(-5.429,-1.06925000000001,0.3));
#13501=CARTESIAN_POINT('',(-5.429,-1.06925000000001,0.3));
#13502=CARTESIAN_POINT('',(-6.04,-1.06925000000001,0.3));
#13503=CARTESIAN_POINT('',(-6.04,-1.06925000000001,0.3));
#13504=CARTESIAN_POINT('',(-6.03999999999999,1.0842021724855E-16,0.3));
#13505=CARTESIAN_POINT('',(-8.6625,0.3995,0.3));
#13506=CARTESIAN_POINT('',(-8.6625,0.3995,0.3));
#13507=CARTESIAN_POINT('',(-8.6625,0.2585,0.3));
#13508=CARTESIAN_POINT('',(-8.0045,0.3995,0.3));
#13509=CARTESIAN_POINT('',(-8.00450000000001,1.0575,0.3));
#13510=CARTESIAN_POINT('',(-7.25250000000001,1.0575,0.3));
#13511=CARTESIAN_POINT('',(-7.25250000000001,1.0575,0.3));
#13512=CARTESIAN_POINT('',(-7.25250000000001,0.611000000000012,0.3));
#13513=CARTESIAN_POINT('',(-7.25250000000001,0.611000000000012,0.3));
#13514=CARTESIAN_POINT('',(-7.94574999999999,0.611000000000012,0.3));
#13515=CARTESIAN_POINT('',(-7.94574999999999,0.611000000000012,0.3));
#13516=CARTESIAN_POINT('',(-7.9394837128856,0.411250000000003,0.3));
#13517=CARTESIAN_POINT('',(-7.94574999999999,0.211499999999994,0.3));
#13518=CARTESIAN_POINT('',(-7.7225,0.2115,0.3));
#13519=CARTESIAN_POINT('',(-7.7225,0.2115,0.3));
#13520=CARTESIAN_POINT('',(-7.7225,-0.2585,0.3));
#13521=CARTESIAN_POINT('',(-7.2525,-0.2585,0.3));
#13522=CARTESIAN_POINT('',(-7.2525,-0.399499999999987,0.3));
#13523=CARTESIAN_POINT('',(-7.2525,-0.399499999999987,0.3));
#13524=CARTESIAN_POINT('',(-7.9105,-0.399500000000001,0.3));
#13525=CARTESIAN_POINT('',(-7.9105,-1.0575,0.3));
#13526=CARTESIAN_POINT('',(-8.6625,-1.0575,0.3));
#13527=CARTESIAN_POINT('',(-8.6625,-1.0575,0.3));
#13528=CARTESIAN_POINT('',(-8.6625,-0.610999999999995,0.3));
#13529=CARTESIAN_POINT('',(-8.6625,-0.610999999999995,0.3));
#13530=CARTESIAN_POINT('',(-7.94574999999999,-0.610999999999995,0.3));
#13531=CARTESIAN_POINT('',(-7.94574999999999,-0.610999999999996,0.3));
#13532=CARTESIAN_POINT('',(-7.94575,-0.411249999999998,0.3));
#13533=CARTESIAN_POINT('',(-7.94574999999999,-0.2115,0.3));
#13534=CARTESIAN_POINT('',(-8.1925,-0.2115,0.3));
#13535=CARTESIAN_POINT('',(-8.1925,-0.2115,0.3));
#13536=CARTESIAN_POINT('',(-8.1925,0.2585,0.3));
#13537=CARTESIAN_POINT('',(2.39666471275174,1.02645728525395,0.3));
#13538=CARTESIAN_POINT('',(2.39666471275174,1.02645728525395,0.3));
#13539=CARTESIAN_POINT('',(1.71290471275174,1.02645728525395,0.3));
#13540=CARTESIAN_POINT('',(2.39666471275174,0.0960922852539515,0.3));
#13541=CARTESIAN_POINT('',(2.39666471275174,0.0960922852539515,0.3));
#13542=CARTESIAN_POINT('',(3.17773471275174,1.02645728525395,0.3));
#13543=CARTESIAN_POINT('',(3.17773471275174,1.02645728525395,0.3));
#13544=CARTESIAN_POINT('',(3.89590471275174,1.02645728525395,0.3));
#13545=CARTESIAN_POINT('',(3.89590471275174,1.02645728525395,0.3));
#13546=CARTESIAN_POINT('',(3.10040471275174,0.0718572852539514,0.3));
#13547=CARTESIAN_POINT('',(3.10040471275174,0.0718572852539514,0.3));
#13548=CARTESIAN_POINT('',(3.92457971275174,-1.02704271474605,0.3));
#13549=CARTESIAN_POINT('',(3.92457971275174,-1.02704271474605,0.3));
#13550=CARTESIAN_POINT('',(3.10928471275174,-1.02704271474605,0.3));
#13551=CARTESIAN_POINT('',(3.10928471275174,-1.02704271474605,0.3));
#13552=CARTESIAN_POINT('',(2.39666471275174,-0.0587527147460485,0.3));
#13553=CARTESIAN_POINT('',(2.39666471275174,-0.0587527147460486,0.3));
#13554=CARTESIAN_POINT('',(2.39666471275174,-1.02704271474605,0.3));
#13555=CARTESIAN_POINT('',(2.39666471275174,-1.02704271474605,0.3));
#13556=CARTESIAN_POINT('',(1.71290471275174,-1.02704271474605,0.3));
#13557=CARTESIAN_POINT('',(1.71290471275174,-1.02704271474605,0.3));
#13558=CARTESIAN_POINT('',(1.71290471275174,1.02645728525395,0.3));
#13559=CARTESIAN_POINT('',(-0.105090287248261,1.02645728525395,0.3));
#13560=CARTESIAN_POINT('',(-0.105090287248261,1.02645728525395,0.3));
#13561=CARTESIAN_POINT('',(-0.688950287248261,1.02645728525395,0.3));
#13562=CARTESIAN_POINT('',(0.881884712751739,-0.0273027147460485,0.3));
#13563=CARTESIAN_POINT('',(0.881884712751738,-0.0273027147460487,0.3));
#13564=CARTESIAN_POINT('',(0.881884712751739,1.02645728525395,0.3));
#13565=CARTESIAN_POINT('',(0.881884712751739,1.02645728525395,0.3));
#13566=CARTESIAN_POINT('',(1.53696971275174,1.02645728525395,0.3));
#13567=CARTESIAN_POINT('',(1.53696971275174,1.02645728525395,0.3));
#13568=CARTESIAN_POINT('',(1.53696971275174,-1.02704271474605,0.3));
#13569=CARTESIAN_POINT('',(1.53696971275174,-1.02704271474605,0.3));
#13570=CARTESIAN_POINT('',(0.953479712751739,-1.02704271474605,0.3));
#13571=CARTESIAN_POINT('',(0.953479712751739,-1.02704271474605,0.3));
#13572=CARTESIAN_POINT('',(-0.0336802872482624,0.0269022852539518,0.3));
#13573=CARTESIAN_POINT('',(-0.0336802872482624,0.0269022852539518,0.3));
#13574=CARTESIAN_POINT('',(-0.0336802872482624,-1.02704271474605,0.3));
#13575=CARTESIAN_POINT('',(-0.0336802872482624,-1.02704271474605,0.3));
#13576=CARTESIAN_POINT('',(-0.688950287248261,-1.02704271474605,0.3));
#13577=CARTESIAN_POINT('',(-0.688950287248261,-1.02704271474605,0.3));
#13578=CARTESIAN_POINT('',(-0.688950287248261,1.02645728525395,0.3));
#13579=CARTESIAN_POINT('',(-4.54231528724826,1.02645728525395,0.3));
#13580=CARTESIAN_POINT('',(-4.54231528724826,1.02645728525395,0.3));
#13581=CARTESIAN_POINT('',(-5.22607528724826,1.02645728525395,0.3));
#13582=CARTESIAN_POINT('',(-4.54231528724826,0.279797285253952,0.3));
#13583=CARTESIAN_POINT('',(-4.54231528724826,0.279797285253952,0.3));
#13584=CARTESIAN_POINT('',(-3.78992028724826,0.279797285253952,0.3));
#13585=CARTESIAN_POINT('',(-3.78992028724826,0.279797285253952,0.3));
#13586=CARTESIAN_POINT('',(-3.78992028724826,1.02645728525395,0.3));
#13587=CARTESIAN_POINT('',(-3.78992028724826,1.02645728525395,0.3));
#13588=CARTESIAN_POINT('',(-3.10597528724826,1.02645728525395,0.3));
#13589=CARTESIAN_POINT('',(-3.10597528724826,1.02645728525395,0.3));
#13590=CARTESIAN_POINT('',(-3.10597528724826,-1.02704271474605,0.3));
#13591=CARTESIAN_POINT('',(-3.10597528724826,-1.02704271474605,0.3));
#13592=CARTESIAN_POINT('',(-3.78992028724826,-1.02704271474605,0.3));
#13593=CARTESIAN_POINT('',(-3.78992028724826,-1.02704271474605,0.3));
#13594=CARTESIAN_POINT('',(-3.78992028724826,-0.250227714746048,0.3));
#13595=CARTESIAN_POINT('',(-3.78992028724826,-0.250227714746048,0.3));
#13596=CARTESIAN_POINT('',(-4.54231528724826,-0.250227714746048,0.3));
#13597=CARTESIAN_POINT('',(-4.54231528724826,-0.250227714746048,0.3));
#13598=CARTESIAN_POINT('',(-4.54231528724826,-1.02704271474605,0.3));
#13599=CARTESIAN_POINT('',(-4.54231528724826,-1.02704271474605,0.3));
#13600=CARTESIAN_POINT('',(-5.22607528724826,-1.02704271474605,0.3));
#13601=CARTESIAN_POINT('',(-5.22607528724826,-1.02704271474605,0.3));
#13602=CARTESIAN_POINT('',(-5.22607528724826,1.02645728525395,0.3));
#13603=CARTESIAN_POINT('',(-7.5,2.60208521396521E-15,0.));
#13604=CARTESIAN_POINT('',(-4.54231528724826,1.02645728525395,0.25));
#13605=CARTESIAN_POINT('',(-5.22607528724826,1.02645728525395,0.25));
#13606=CARTESIAN_POINT('',(-5.22607528724826,1.02645728525395,0.25));
#13607=CARTESIAN_POINT('',(-4.54231528724826,1.02645728525395,0.25));
#13608=CARTESIAN_POINT('',(-4.54231528724826,1.02645728525395,0.25));
#13609=CARTESIAN_POINT('',(-4.54231528724826,1.02645728525395,0.25));
#13610=CARTESIAN_POINT('',(-5.22607528724826,1.02645728525395,0.25));
#13611=CARTESIAN_POINT('',(-5.22607528724826,-1.02704271474605,0.25));
#13612=CARTESIAN_POINT('',(-5.22607528724826,-1.02704271474605,0.25));
#13613=CARTESIAN_POINT('',(-5.22607528724826,1.02645728525395,0.25));
#13614=CARTESIAN_POINT('',(-5.22607528724826,-1.02704271474605,0.25));
#13615=CARTESIAN_POINT('',(-4.54231528724826,-1.02704271474605,0.25));
#13616=CARTESIAN_POINT('',(-4.54231528724826,-1.02704271474605,0.25));
#13617=CARTESIAN_POINT('',(-5.22607528724826,-1.02704271474605,0.25));
#13618=CARTESIAN_POINT('',(-4.54231528724826,-1.02704271474605,0.25));
#13619=CARTESIAN_POINT('',(-4.54231528724826,-0.250227714746048,0.25));
#13620=CARTESIAN_POINT('',(-4.54231528724826,-0.250227714746048,0.25));
#13621=CARTESIAN_POINT('',(-4.54231528724826,-1.02704271474605,0.25));
#13622=CARTESIAN_POINT('',(-4.54231528724826,-0.250227714746048,0.25));
#13623=CARTESIAN_POINT('',(-3.78992028724826,-0.250227714746048,0.25));
#13624=CARTESIAN_POINT('',(-3.78992028724826,-0.250227714746048,0.25));
#13625=CARTESIAN_POINT('',(-4.54231528724826,-0.250227714746048,0.25));
#13626=CARTESIAN_POINT('',(-3.78992028724826,-0.250227714746048,0.25));
#13627=CARTESIAN_POINT('',(-3.78992028724826,-1.02704271474605,0.25));
#13628=CARTESIAN_POINT('',(-3.78992028724826,-1.02704271474605,0.25));
#13629=CARTESIAN_POINT('',(-3.78992028724826,-0.250227714746048,0.25));
#13630=CARTESIAN_POINT('',(-3.78992028724826,-1.02704271474605,0.25));
#13631=CARTESIAN_POINT('',(-3.10597528724826,-1.02704271474605,0.25));
#13632=CARTESIAN_POINT('',(-3.10597528724826,-1.02704271474605,0.25));
#13633=CARTESIAN_POINT('',(-3.78992028724826,-1.02704271474605,0.25));
#13634=CARTESIAN_POINT('',(-3.10597528724826,-1.02704271474605,0.25));
#13635=CARTESIAN_POINT('',(-3.10597528724826,1.02645728525395,0.25));
#13636=CARTESIAN_POINT('',(-3.10597528724826,1.02645728525395,0.25));
#13637=CARTESIAN_POINT('',(-3.10597528724826,-1.02704271474605,0.25));
#13638=CARTESIAN_POINT('',(-3.10597528724826,1.02645728525395,0.25));
#13639=CARTESIAN_POINT('',(-3.78992028724826,1.02645728525395,0.25));
#13640=CARTESIAN_POINT('',(-3.78992028724826,1.02645728525395,0.25));
#13641=CARTESIAN_POINT('',(-3.10597528724826,1.02645728525395,0.25));
#13642=CARTESIAN_POINT('',(-3.78992028724826,1.02645728525395,0.25));
#13643=CARTESIAN_POINT('',(-3.78992028724826,0.279797285253952,0.25));
#13644=CARTESIAN_POINT('',(-3.78992028724826,0.279797285253952,0.25));
#13645=CARTESIAN_POINT('',(-3.78992028724826,1.02645728525395,0.25));
#13646=CARTESIAN_POINT('',(-3.78992028724826,0.279797285253952,0.25));
#13647=CARTESIAN_POINT('',(-4.54231528724826,0.279797285253952,0.25));
#13648=CARTESIAN_POINT('',(-4.54231528724826,0.279797285253952,0.25));
#13649=CARTESIAN_POINT('',(-3.78992028724826,0.279797285253952,0.25));
#13650=CARTESIAN_POINT('',(-4.54231528724826,0.279797285253952,0.25));
#13651=CARTESIAN_POINT('',(-4.54231528724826,0.279797285253952,0.25));
#13652=CARTESIAN_POINT('',(0.,0.,0.25));
#13653=CARTESIAN_POINT('',(-0.105090287248261,1.02645728525395,0.25));
#13654=CARTESIAN_POINT('',(-0.688950287248261,1.02645728525395,0.25));
#13655=CARTESIAN_POINT('',(-0.688950287248261,1.02645728525395,0.25));
#13656=CARTESIAN_POINT('',(-0.105090287248261,1.02645728525395,0.25));
#13657=CARTESIAN_POINT('',(-0.105090287248261,1.02645728525395,0.25));
#13658=CARTESIAN_POINT('',(-0.105090287248261,1.02645728525395,0.25));
#13659=CARTESIAN_POINT('',(-0.688950287248261,1.02645728525395,0.25));
#13660=CARTESIAN_POINT('',(-0.688950287248261,-1.02704271474605,0.25));
#13661=CARTESIAN_POINT('',(-0.688950287248261,-1.02704271474605,0.25));
#13662=CARTESIAN_POINT('',(-0.688950287248261,1.02645728525395,0.25));
#13663=CARTESIAN_POINT('',(-0.688950287248261,-1.02704271474605,0.25));
#13664=CARTESIAN_POINT('',(-0.0336802872482624,-1.02704271474605,0.25));
#13665=CARTESIAN_POINT('',(-0.0336802872482624,-1.02704271474605,0.25));
#13666=CARTESIAN_POINT('',(-0.688950287248261,-1.02704271474605,0.25));
#13667=CARTESIAN_POINT('',(-0.0336802872482624,-1.02704271474605,0.25));
#13668=CARTESIAN_POINT('',(-0.0336802872482624,0.0269022852539518,0.25));
#13669=CARTESIAN_POINT('',(-0.0336802872482624,0.0269022852539518,0.25));
#13670=CARTESIAN_POINT('',(-0.0336802872482624,-1.02704271474605,0.25));
#13671=CARTESIAN_POINT('',(-0.0336802872482624,0.0269022852539518,0.25));
#13672=CARTESIAN_POINT('',(0.953479712751739,-1.02704271474605,0.25));
#13673=CARTESIAN_POINT('',(0.953479712751739,-1.02704271474605,0.25));
#13674=CARTESIAN_POINT('',(-0.0336802872482624,0.0269022852539518,0.25));
#13675=CARTESIAN_POINT('',(0.953479712751739,-1.02704271474605,0.25));
#13676=CARTESIAN_POINT('',(1.53696971275174,-1.02704271474605,0.25));
#13677=CARTESIAN_POINT('',(1.53696971275174,-1.02704271474605,0.25));
#13678=CARTESIAN_POINT('',(0.953479712751739,-1.02704271474605,0.25));
#13679=CARTESIAN_POINT('',(1.53696971275174,-1.02704271474605,0.25));
#13680=CARTESIAN_POINT('',(1.53696971275174,1.02645728525395,0.25));
#13681=CARTESIAN_POINT('',(1.53696971275174,1.02645728525395,0.25));
#13682=CARTESIAN_POINT('',(1.53696971275174,-1.02704271474605,0.25));
#13683=CARTESIAN_POINT('',(1.53696971275174,1.02645728525395,0.25));
#13684=CARTESIAN_POINT('',(0.881884712751739,1.02645728525395,0.25));
#13685=CARTESIAN_POINT('',(0.881884712751739,1.02645728525395,0.25));
#13686=CARTESIAN_POINT('',(1.53696971275174,1.02645728525395,0.25));
#13687=CARTESIAN_POINT('',(0.881884712751739,1.02645728525395,0.25));
#13688=CARTESIAN_POINT('',(0.881884712751739,-0.0273027147460485,0.25));
#13689=CARTESIAN_POINT('',(0.881884712751739,-0.0273027147460485,0.25));
#13690=CARTESIAN_POINT('',(0.881884712751739,1.02645728525395,0.25));
#13691=CARTESIAN_POINT('',(0.881884712751739,-0.0273027147460485,0.25));
#13692=CARTESIAN_POINT('',(0.881884712751739,-0.0273027147460485,0.25));
#13693=CARTESIAN_POINT('',(0.,0.,0.25));
#13694=CARTESIAN_POINT('',(2.39666471275174,1.02645728525395,0.25));
#13695=CARTESIAN_POINT('',(1.71290471275174,1.02645728525395,0.25));
#13696=CARTESIAN_POINT('',(1.71290471275174,1.02645728525395,0.25));
#13697=CARTESIAN_POINT('',(2.39666471275174,1.02645728525395,0.25));
#13698=CARTESIAN_POINT('',(2.39666471275174,1.02645728525395,0.25));
#13699=CARTESIAN_POINT('',(2.39666471275174,1.02645728525395,0.25));
#13700=CARTESIAN_POINT('',(1.71290471275174,1.02645728525395,0.25));
#13701=CARTESIAN_POINT('',(1.71290471275174,-1.02704271474605,0.25));
#13702=CARTESIAN_POINT('',(1.71290471275174,-1.02704271474605,0.25));
#13703=CARTESIAN_POINT('',(1.71290471275174,1.02645728525395,0.25));
#13704=CARTESIAN_POINT('',(1.71290471275174,-1.02704271474605,0.25));
#13705=CARTESIAN_POINT('',(2.39666471275174,-1.02704271474605,0.25));
#13706=CARTESIAN_POINT('',(2.39666471275174,-1.02704271474605,0.25));
#13707=CARTESIAN_POINT('',(1.71290471275174,-1.02704271474605,0.25));
#13708=CARTESIAN_POINT('',(2.39666471275174,-1.02704271474605,0.25));
#13709=CARTESIAN_POINT('',(2.39666471275174,-0.0587527147460486,0.25));
#13710=CARTESIAN_POINT('',(2.39666471275174,-0.0587527147460486,0.25));
#13711=CARTESIAN_POINT('',(2.39666471275174,-1.02704271474605,0.25));
#13712=CARTESIAN_POINT('',(2.39666471275174,-0.0587527147460485,0.25));
#13713=CARTESIAN_POINT('',(3.10928471275174,-1.02704271474605,0.25));
#13714=CARTESIAN_POINT('',(3.10928471275174,-1.02704271474605,0.25));
#13715=CARTESIAN_POINT('',(2.39666471275174,-0.0587527147460485,0.25));
#13716=CARTESIAN_POINT('',(3.10928471275174,-1.02704271474605,0.25));
#13717=CARTESIAN_POINT('',(3.92457971275174,-1.02704271474605,0.25));
#13718=CARTESIAN_POINT('',(3.92457971275174,-1.02704271474605,0.25));
#13719=CARTESIAN_POINT('',(3.10928471275174,-1.02704271474605,0.25));
#13720=CARTESIAN_POINT('',(3.92457971275174,-1.02704271474605,0.25));
#13721=CARTESIAN_POINT('',(3.10040471275174,0.0718572852539514,0.25));
#13722=CARTESIAN_POINT('',(3.10040471275174,0.0718572852539514,0.25));
#13723=CARTESIAN_POINT('',(3.92457971275174,-1.02704271474605,0.25));
#13724=CARTESIAN_POINT('',(3.10040471275174,0.0718572852539514,0.25));
#13725=CARTESIAN_POINT('',(3.89590471275174,1.02645728525395,0.25));
#13726=CARTESIAN_POINT('',(3.89590471275174,1.02645728525395,0.25));
#13727=CARTESIAN_POINT('',(3.10040471275174,0.0718572852539514,0.25));
#13728=CARTESIAN_POINT('',(3.89590471275174,1.02645728525395,0.25));
#13729=CARTESIAN_POINT('',(3.17773471275174,1.02645728525395,0.25));
#13730=CARTESIAN_POINT('',(3.17773471275174,1.02645728525395,0.25));
#13731=CARTESIAN_POINT('',(3.89590471275174,1.02645728525395,0.25));
#13732=CARTESIAN_POINT('',(3.17773471275174,1.02645728525395,0.25));
#13733=CARTESIAN_POINT('',(2.39666471275174,0.0960922852539515,0.25));
#13734=CARTESIAN_POINT('',(2.39666471275174,0.0960922852539515,0.25));
#13735=CARTESIAN_POINT('',(3.17773471275174,1.02645728525395,0.25));
#13736=CARTESIAN_POINT('',(2.39666471275174,0.0960922852539515,0.25));
#13737=CARTESIAN_POINT('',(2.39666471275174,0.0960922852539515,0.25));
#13738=CARTESIAN_POINT('',(0.,0.,0.25));
#13739=CARTESIAN_POINT('',(-8.6625,0.3995,0.25));
#13740=CARTESIAN_POINT('',(-8.6625,0.2585,0.25));
#13741=CARTESIAN_POINT('',(-8.6625,0.2585,0.25));
#13742=CARTESIAN_POINT('',(-8.6625,0.3995,0.25));
#13743=CARTESIAN_POINT('',(-8.6625,0.3995,0.25));
#13744=CARTESIAN_POINT('',(-8.6625,0.3995,0.25));
#13745=CARTESIAN_POINT('',(-8.1925,0.2585,0.25));
#13746=CARTESIAN_POINT('',(-8.1925,-0.2115,0.25));
#13747=CARTESIAN_POINT('',(-8.1925,-0.2115,0.25));
#13748=CARTESIAN_POINT('',(-8.1925,0.2585,0.25));
#13749=CARTESIAN_POINT('',(-8.1925,-0.2115,0.25));
#13750=CARTESIAN_POINT('',(-7.94574999999999,-0.2115,0.25));
#13751=CARTESIAN_POINT('',(-7.94574999999999,-0.2115,0.25));
#13752=CARTESIAN_POINT('',(-8.1925,-0.2115,0.25));
#13753=CARTESIAN_POINT('',(-7.94575,-0.411249999999998,0.25));
#13754=CARTESIAN_POINT('',(-7.94574999999999,-0.610999999999996,0.25));
#13755=CARTESIAN_POINT('',(-7.94574999999999,-0.610999999999996,0.25));
#13756=CARTESIAN_POINT('',(-7.94575,-0.411249999999998,0.25));
#13757=CARTESIAN_POINT('',(-7.94574999999999,-0.610999999999995,0.25));
#13758=CARTESIAN_POINT('',(-8.6625,-0.610999999999995,0.25));
#13759=CARTESIAN_POINT('',(-8.6625,-0.610999999999995,0.25));
#13760=CARTESIAN_POINT('',(-7.94574999999999,-0.610999999999995,0.25));
#13761=CARTESIAN_POINT('',(-8.6625,-0.610999999999995,0.25));
#13762=CARTESIAN_POINT('',(-8.6625,-1.0575,0.25));
#13763=CARTESIAN_POINT('',(-8.6625,-1.0575,0.25));
#13764=CARTESIAN_POINT('',(-8.6625,-0.610999999999995,0.25));
#13765=CARTESIAN_POINT('',(-8.6625,-1.0575,0.25));
#13766=CARTESIAN_POINT('',(-7.9105,-1.0575,0.25));
#13767=CARTESIAN_POINT('',(-7.9105,-1.0575,0.25));
#13768=CARTESIAN_POINT('',(-8.6625,-1.0575,0.25));
#13769=CARTESIAN_POINT('',(-7.9105,-0.399500000000001,0.25));
#13770=CARTESIAN_POINT('',(-7.2525,-0.399499999999987,0.25));
#13771=CARTESIAN_POINT('',(-7.2525,-0.399499999999987,0.25));
#13772=CARTESIAN_POINT('',(-7.9105,-0.399500000000001,0.25));
#13773=CARTESIAN_POINT('',(-7.2525,-0.399499999999987,0.25));
#13774=CARTESIAN_POINT('',(-7.2525,-0.2585,0.25));
#13775=CARTESIAN_POINT('',(-7.2525,-0.2585,0.25));
#13776=CARTESIAN_POINT('',(-7.2525,-0.399499999999987,0.25));
#13777=CARTESIAN_POINT('',(-7.7225,-0.2585,0.25));
#13778=CARTESIAN_POINT('',(-7.7225,0.2115,0.25));
#13779=CARTESIAN_POINT('',(-7.7225,0.2115,0.25));
#13780=CARTESIAN_POINT('',(-7.7225,-0.2585,0.25));
#13781=CARTESIAN_POINT('',(-7.7225,0.2115,0.25));
#13782=CARTESIAN_POINT('',(-7.94574999999999,0.211499999999994,0.25));
#13783=CARTESIAN_POINT('',(-7.94574999999999,0.211499999999994,0.25));
#13784=CARTESIAN_POINT('',(-7.7225,0.2115,0.25));
#13785=CARTESIAN_POINT('',(-7.9394837128856,0.411250000000003,0.25));
#13786=CARTESIAN_POINT('',(-7.94574999999999,0.611000000000012,0.25));
#13787=CARTESIAN_POINT('',(-7.94574999999999,0.611000000000012,0.25));
#13788=CARTESIAN_POINT('',(-7.9394837128856,0.411250000000003,0.25));
#13789=CARTESIAN_POINT('',(-7.94574999999999,0.611000000000012,0.25));
#13790=CARTESIAN_POINT('',(-7.25250000000001,0.611000000000012,0.25));
#13791=CARTESIAN_POINT('',(-7.25250000000001,0.611000000000012,0.25));
#13792=CARTESIAN_POINT('',(-7.94574999999999,0.611000000000012,0.25));
#13793=CARTESIAN_POINT('',(-7.25250000000001,0.611000000000012,0.25));
#13794=CARTESIAN_POINT('',(-7.25250000000001,1.0575,0.25));
#13795=CARTESIAN_POINT('',(-7.25250000000001,1.0575,0.25));
#13796=CARTESIAN_POINT('',(-7.25250000000001,0.611000000000012,0.25));
#13797=CARTESIAN_POINT('',(-7.25250000000001,1.0575,0.25));
#13798=CARTESIAN_POINT('',(-8.00450000000001,1.0575,0.25));
#13799=CARTESIAN_POINT('',(-8.00450000000001,1.0575,0.25));
#13800=CARTESIAN_POINT('',(-7.25250000000001,1.0575,0.25));
#13801=CARTESIAN_POINT('',(-8.0045,0.3995,0.25));
#13802=CARTESIAN_POINT('',(-8.0045,0.3995,0.25));
#13803=CARTESIAN_POINT('',(-8.1925,0.2585,0.25));
#13804=CARTESIAN_POINT('',(-5.429,1.06925000000001,0.25));
#13805=CARTESIAN_POINT('',(-6.04,1.06925000000001,0.25));
#13806=CARTESIAN_POINT('',(-6.04,1.06925000000001,0.25));
#13807=CARTESIAN_POINT('',(-5.429,1.06925000000001,0.25));
#13808=CARTESIAN_POINT('',(-5.429,1.06925000000001,0.25));
#13809=CARTESIAN_POINT('',(-5.429,1.06925000000001,0.25));
#13810=CARTESIAN_POINT('',(-6.03999999999999,1.0842021724855E-16,0.25));
#13811=CARTESIAN_POINT('',(-6.04,-1.06925000000001,0.25));
#13812=CARTESIAN_POINT('',(-6.04,-1.06925000000001,0.25));
#13813=CARTESIAN_POINT('',(-6.03999999999999,1.0842021724855E-16,0.25));
#13814=CARTESIAN_POINT('',(-6.04,-1.06925000000001,0.25));
#13815=CARTESIAN_POINT('',(-5.429,-1.06925000000001,0.25));
#13816=CARTESIAN_POINT('',(-5.429,-1.06925000000001,0.25));
#13817=CARTESIAN_POINT('',(-6.04,-1.06925000000001,0.25));
#13818=CARTESIAN_POINT('',(-5.429,-1.06925000000001,0.25));
#13819=CARTESIAN_POINT('',(-5.429,-0.3995,0.25));
#13820=CARTESIAN_POINT('',(-5.429,-0.3995,0.25));
#13821=CARTESIAN_POINT('',(-5.429,-1.06925000000001,0.25));
#13822=CARTESIAN_POINT('',(-5.429,-0.3995,0.25));
#13823=CARTESIAN_POINT('',(-6.04,-0.3995,0.25));
#13824=CARTESIAN_POINT('',(-6.04,-0.3995,0.25));
#13825=CARTESIAN_POINT('',(-5.429,-0.3995,0.25));
#13826=CARTESIAN_POINT('',(-6.04,-1.89735380184963E-16,0.25));
#13827=CARTESIAN_POINT('',(-6.04,0.3995,0.25));
#13828=CARTESIAN_POINT('',(-6.04,0.3995,0.25));
#13829=CARTESIAN_POINT('',(-6.04,-1.89735380184963E-16,0.25));
#13830=CARTESIAN_POINT('',(-6.04,0.3995,0.25));
#13831=CARTESIAN_POINT('',(-5.429,0.3995,0.25));
#13832=CARTESIAN_POINT('',(-5.429,0.3995,0.25));
#13833=CARTESIAN_POINT('',(-6.04,0.3995,0.25));
#13834=CARTESIAN_POINT('',(-5.429,0.3995,0.25));
#13835=CARTESIAN_POINT('',(-5.429,0.3995,0.25));
#13836=CARTESIAN_POINT('',(-6.03999999999999,1.0842021724855E-16,0.25));
#13837=CARTESIAN_POINT('',(-2.26649999999998,1.034,0.25));
#13838=CARTESIAN_POINT('',(-2.948,1.034,0.25));
#13839=CARTESIAN_POINT('',(-2.948,1.034,0.25));
#13840=CARTESIAN_POINT('',(-2.26649999999998,1.034,0.25));
#13841=CARTESIAN_POINT('',(-2.26649999999998,1.034,0.25));
#13842=CARTESIAN_POINT('',(-2.26649999999998,1.034,0.25));
#13843=CARTESIAN_POINT('',(-2.948,1.034,0.25));
#13844=CARTESIAN_POINT('',(-2.948,0.,0.25));
#13845=CARTESIAN_POINT('',(-2.948,0.,0.25));
#13846=CARTESIAN_POINT('',(-2.948,1.034,0.25));
#13847=CARTESIAN_POINT('',(-1.8905,1.0842021724855E-16,0.25));
#13848=CARTESIAN_POINT('',(-0.833,1.0842021724855E-16,0.25));
#13849=CARTESIAN_POINT('',(-0.833,1.0842021724855E-16,0.25));
#13850=CARTESIAN_POINT('',(-1.8905,1.0842021724855E-16,0.25));
#13851=CARTESIAN_POINT('',(-0.833,0.,0.25));
#13852=CARTESIAN_POINT('',(-0.833,1.034,0.25));
#13853=CARTESIAN_POINT('',(-0.833,1.034,0.25));
#13854=CARTESIAN_POINT('',(-0.833,0.,0.25));
#13855=CARTESIAN_POINT('',(-0.833,1.034,0.25));
#13856=CARTESIAN_POINT('',(-1.5145,1.034,0.25));
#13857=CARTESIAN_POINT('',(-1.5145,1.034,0.25));
#13858=CARTESIAN_POINT('',(-0.833,1.034,0.25));
#13859=CARTESIAN_POINT('',(-1.5145,1.034,0.25));
#13860=CARTESIAN_POINT('',(-1.5145,0.,0.25));
#13861=CARTESIAN_POINT('',(-1.5145,0.,0.25));
#13862=CARTESIAN_POINT('',(-1.5145,1.034,0.25));
#13863=CARTESIAN_POINT('',(-1.89049999999999,-1.16551733542192E-15,0.25));
#13864=CARTESIAN_POINT('',(-2.26649999999998,4.9372184551358E-17,0.25));
#13865=CARTESIAN_POINT('',(-2.26649999999998,4.9372184551358E-17,0.25));
#13866=CARTESIAN_POINT('',(-1.89049999999999,-1.16551733542192E-15,0.25));
#13867=CARTESIAN_POINT('',(-2.26649999999998,0.,0.25));
#13868=CARTESIAN_POINT('',(-2.26649999999998,0.,0.25));
#13869=CARTESIAN_POINT('',(-1.8905,1.0842021724855E-16,0.25));
#13870=CARTESIAN_POINT('',(6.6,0.,0.25));
#13871=CARTESIAN_POINT('',(6.6,0.,0.25));
#13872=CARTESIAN_POINT('',(7.272,0.,0.25));
#13873=CARTESIAN_POINT('',(6.6,0.,0.25));
#13874=CARTESIAN_POINT('',(8.9464,3.14789999999999,0.25));
#13875=CARTESIAN_POINT('',(7.2909,2.26982933554486,0.25));
#13876=CARTESIAN_POINT('',(7.2909,2.26982933554486,0.25));
#13877=CARTESIAN_POINT('',(8.9464,3.14789999999999,0.25));
#13878=CARTESIAN_POINT('',(8.9464,3.14789999999999,0.25));
#13879=CARTESIAN_POINT('',(8.9464,3.14789999999999,0.25));
#13880=CARTESIAN_POINT('',(6.6,-6.50521303491303E-16,0.25));
#13881=CARTESIAN_POINT('',(4.4594,-1.02337659856966,0.25));
#13882=CARTESIAN_POINT('',(4.4594,-1.02337659856966,0.25));
#13883=CARTESIAN_POINT('',(6.6,-6.50521303491303E-16,0.25));
#13884=CARTESIAN_POINT('',(4.4594,-1.02337659856966,0.25));
#13885=CARTESIAN_POINT('',(5.7362,-0.351954716547456,0.25));
#13886=CARTESIAN_POINT('',(5.7362,-0.351954716547456,0.25));
#13887=CARTESIAN_POINT('',(4.4594,-1.02337659856966,0.25));
#13888=CARTESIAN_POINT('',(6.6,-3.52365706057789E-16,0.25));
#13889=CARTESIAN_POINT('',(7.37144803616316,0.524299999999999,0.25));
#13890=CARTESIAN_POINT('',(7.37144803616316,0.524299999999999,0.25));
#13891=CARTESIAN_POINT('',(6.6,-3.52365706057789E-16,0.25));
#13892=CARTESIAN_POINT('',(7.37144803616316,0.5243,0.25));
#13893=CARTESIAN_POINT('',(8.9464,1.3615,0.25));
#13894=CARTESIAN_POINT('',(8.9464,1.3615,0.25));
#13895=CARTESIAN_POINT('',(7.37144803616316,0.5243,0.25));
#13896=CARTESIAN_POINT('',(8.9464,1.3615,0.25));
#13897=CARTESIAN_POINT('',(8.9464,1.3615,0.25));
#13898=CARTESIAN_POINT('',(6.6,-6.50521303491303E-16,0.25));
#13899=CARTESIAN_POINT('',(5.8342,-0.526361019168402,0.25));
#13900=CARTESIAN_POINT('',(4.262,-1.3559,0.25));
#13901=CARTESIAN_POINT('',(4.262,-1.3559,0.25));
#13902=CARTESIAN_POINT('',(5.8342,-0.526361019168402,0.25));
#13903=CARTESIAN_POINT('',(5.8342,-0.526361019168403,0.25));
#13904=CARTESIAN_POINT('',(5.8342,-0.526361019168403,0.25));
#13905=CARTESIAN_POINT('',(4.262,-1.3559,0.25));
#13906=CARTESIAN_POINT('',(4.262,-3.1423,0.25));
#13907=CARTESIAN_POINT('',(4.262,-3.1423,0.25));
#13908=CARTESIAN_POINT('',(4.262,-1.3559,0.25));
#13909=CARTESIAN_POINT('',(4.262,-3.1423,0.25));
#13910=CARTESIAN_POINT('',(5.9182,-2.27148306619266,0.25));
#13911=CARTESIAN_POINT('',(5.9182,-2.27148306619266,0.25));
#13912=CARTESIAN_POINT('',(4.262,-3.1423,0.25));
#13913=CARTESIAN_POINT('',(6.6,2.16840434497101E-15,0.25));
#13914=CARTESIAN_POINT('',(8.73470942284893,1.0332,0.25));
#13915=CARTESIAN_POINT('',(8.73470942284893,1.0332,0.25));
#13916=CARTESIAN_POINT('',(6.6,2.16840434497101E-15,0.25));
#13917=CARTESIAN_POINT('',(8.73470942284893,1.0332,0.25));
#13918=CARTESIAN_POINT('',(7.46166765780085,0.3479,0.25));
#13919=CARTESIAN_POINT('',(7.46166765780085,0.3479,0.25));
#13920=CARTESIAN_POINT('',(8.73470942284893,1.0332,0.25));
#13921=CARTESIAN_POINT('',(6.6,3.52365706057789E-16,0.25));
#13922=CARTESIAN_POINT('',(6.6,3.52365706057789E-16,0.25));
#13923=CARTESIAN_POINT('',(6.6,2.16840434497101E-15,0.25));
#13924=CARTESIAN_POINT('',(55.5,-17.,17.3));
#13925=CARTESIAN_POINT('',(13.5,46.45,14.5));
#13926=CARTESIAN_POINT('',(13.,45.95,14.5));
#13927=CARTESIAN_POINT('',(12.5,46.45,14.5));
#13928=CARTESIAN_POINT('',(13.5,45.45,14.5));
#13929=CARTESIAN_POINT('',(13.5,46.45,14.5));
#13930=CARTESIAN_POINT('',(0.,46.45,14.5));
#13931=CARTESIAN_POINT('',(0.,46.45,14.5));
#13932=CARTESIAN_POINT('',(0.,38.,14.5));
#13933=CARTESIAN_POINT('',(13.5,38.,14.5));
#13934=CARTESIAN_POINT('',(13.5,38.,14.5));
#13935=CARTESIAN_POINT('',(13.5,46.45,14.5));
#13936=CARTESIAN_POINT('',(13.5,46.45,-14.5));
#13937=CARTESIAN_POINT('',(12.5,46.45,18.));
#13938=CARTESIAN_POINT('',(12.5,46.45,-14.5));
#13939=CARTESIAN_POINT('',(13.5,46.45,-14.5));
#13940=CARTESIAN_POINT('',(0.,46.45,-14.5));
#13941=CARTESIAN_POINT('',(0.,46.45,18.));
#13942=CARTESIAN_POINT('',(13.5,38.,-14.5));
#13943=CARTESIAN_POINT('',(17.225,41.725,-14.5));
#13944=CARTESIAN_POINT('',(13.5,45.45,-14.5));
#13945=CARTESIAN_POINT('',(13.5,38.,-14.5));
#13946=CARTESIAN_POINT('',(13.5,38.,-14.5));
#13947=CARTESIAN_POINT('',(13.5,38.,-14.5));
#13948=CARTESIAN_POINT('',(0.,38.,-14.5));
#13949=CARTESIAN_POINT('',(0.,38.,-14.5));
#13950=CARTESIAN_POINT('',(13.5,38.,26.5));
#13951=CARTESIAN_POINT('',(13.5,17.5,0.));
#13952=CARTESIAN_POINT('',(13.5,17.5,-13.3));
#13953=CARTESIAN_POINT('',(13.5,39.45,8.));
#13954=CARTESIAN_POINT('',(13.5,39.45,4.));
#13955=CARTESIAN_POINT('',(13.5,39.45,-8.));
#13956=CARTESIAN_POINT('',(13.5,39.45,-12.));
#13957=CARTESIAN_POINT('',(13.5,45.45,26.5));
#13958=CARTESIAN_POINT('',(13.5,38.,26.5));
#13959=CARTESIAN_POINT('',(13.5,29.5294628269513,18.));
#13960=CARTESIAN_POINT('',(13.5,29.5294628269513,18.));
#13961=CARTESIAN_POINT('',(13.5,5.55,18.));
#13962=CARTESIAN_POINT('',(13.5,5.55,18.));
#13963=CARTESIAN_POINT('',(13.5,5.55,8.435));
#13964=CARTESIAN_POINT('',(13.5,5.55,8.435));
#13965=CARTESIAN_POINT('',(13.5,0.,8.435));
#13966=CARTESIAN_POINT('',(13.5,0.,8.435));
#13967=CARTESIAN_POINT('',(13.5,0.,-8.435));
#13968=CARTESIAN_POINT('',(13.5,0.,-8.435));
#13969=CARTESIAN_POINT('',(13.5,5.55,-8.435));
#13970=CARTESIAN_POINT('',(13.5,5.55,-8.435));
#13971=CARTESIAN_POINT('',(13.5,5.55,-18.));
#13972=CARTESIAN_POINT('',(13.5,5.55,-18.));
#13973=CARTESIAN_POINT('',(13.5,29.5294628269513,-18.));
#13974=CARTESIAN_POINT('',(13.5,38.,-26.5));
#13975=CARTESIAN_POINT('',(13.5,0.,-8.435));
#13976=CARTESIAN_POINT('',(13.5,0.5,-8.435));
#13977=CARTESIAN_POINT('',(-35.,0.5,-8.435));
#13978=CARTESIAN_POINT('',(9.49999999999999,0.5,-8.435));
#13979=CARTESIAN_POINT('',(-35.,0.,-8.435));
#13980=CARTESIAN_POINT('',(-35.,5.55,-8.435));
#13981=CARTESIAN_POINT('',(13.5,5.55,-8.435));
#13982=CARTESIAN_POINT('',(13.5,0.,-8.435));
#13983=CARTESIAN_POINT('',(9.5,0.,-8.435));
#13984=CARTESIAN_POINT('',(9.49999999999999,0.,-8.435));
#13985=CARTESIAN_POINT('',(13.5,5.55,8.435));
#13986=CARTESIAN_POINT('',(13.5,0.5,8.435));
#13987=CARTESIAN_POINT('',(9.49999999999999,0.5,8.435));
#13988=CARTESIAN_POINT('',(-35.,0.5,8.435));
#13989=CARTESIAN_POINT('',(9.49999999999999,5.55,8.435));
#13990=CARTESIAN_POINT('',(9.5,0.,8.435));
#13991=CARTESIAN_POINT('',(13.5,0.,8.435));
#13992=CARTESIAN_POINT('',(13.5,5.55,8.435));
#13993=CARTESIAN_POINT('',(-35.,5.55,8.435));
#13994=CARTESIAN_POINT('',(-35.,5.55,8.435));
#13995=CARTESIAN_POINT('',(13.5,17.5,0.));
#13996=CARTESIAN_POINT('',(12.9803847577293,17.5,0.));
#13997=CARTESIAN_POINT('',(12.9803847577293,17.5,-13.));
#13998=CARTESIAN_POINT('',(12.55,17.5,-1.0842021724855E-16));
#13999=CARTESIAN_POINT('',(12.55,30.4533779378199,1.1));
#14000=CARTESIAN_POINT('',(12.55,30.4533779378199,-1.1));
#14001=CARTESIAN_POINT('',(12.55,30.4533779378199,1.1));
#14002=CARTESIAN_POINT('',(11.25,30.4533779378199,1.1));
#14003=CARTESIAN_POINT('',(11.25,17.5,0.));
#14004=CARTESIAN_POINT('',(11.25,30.4533779378199,-1.1));
#14005=CARTESIAN_POINT('',(12.55,30.4533779378199,-1.1));
#14006=CARTESIAN_POINT('',(-35.,38.,26.5));
#14007=CARTESIAN_POINT('',(-35.,0.5,-12.2));
#14008=CARTESIAN_POINT('',(-35.,0.5,-12.2));
#14009=CARTESIAN_POINT('',(-35.,-7.,-12.2));
#14010=CARTESIAN_POINT('',(-35.,-7.,-12.2));
#14011=CARTESIAN_POINT('',(-35.,-7.,-8.375));
#14012=CARTESIAN_POINT('',(-35.,-7.,-8.375));
#14013=CARTESIAN_POINT('',(-35.,-10.75,-8.375));
#14014=CARTESIAN_POINT('',(-35.,-10.75,-8.375));
#14015=CARTESIAN_POINT('',(-35.,-10.75,8.375));
#14016=CARTESIAN_POINT('',(-35.,-10.75,8.375));
#14017=CARTESIAN_POINT('',(-35.,-7.,8.375));
#14018=CARTESIAN_POINT('',(-35.,-7.,8.375));
#14019=CARTESIAN_POINT('',(-35.,-7.,12.2));
#14020=CARTESIAN_POINT('',(-35.,-7.,12.2));
#14021=CARTESIAN_POINT('',(-35.,0.5,12.2));
#14022=CARTESIAN_POINT('',(-35.,0.5,12.2));
#14023=CARTESIAN_POINT('',(-35.,0.5,8.375));
#14024=CARTESIAN_POINT('',(-35.,5.55,18.));
#14025=CARTESIAN_POINT('',(-35.,5.55,16.65));
#14026=CARTESIAN_POINT('',(-35.,46.45,16.65));
#14027=CARTESIAN_POINT('',(-35.,29.1,16.65));
#14028=CARTESIAN_POINT('',(-35.,29.1,16.65));
#14029=CARTESIAN_POINT('',(-35.,31.1,14.15));
#14030=CARTESIAN_POINT('',(-35.,31.1,26.5));
#14031=CARTESIAN_POINT('',(-35.,31.1,-14.15));
#14032=CARTESIAN_POINT('',(-35.,31.1,-14.15));
#14033=CARTESIAN_POINT('',(-35.,29.1,-16.65));
#14034=CARTESIAN_POINT('',(-35.,46.45,-16.65));
#14035=CARTESIAN_POINT('',(-35.,5.55,-16.65));
#14036=CARTESIAN_POINT('',(-35.,5.55,-8.435));
#14037=CARTESIAN_POINT('',(-35.,31.1,18.));
#14038=CARTESIAN_POINT('',(-3.,31.1,14.15));
#14039=CARTESIAN_POINT('',(-3.,31.1,14.15));
#14040=CARTESIAN_POINT('',(-3.,31.1,18.));
#14041=CARTESIAN_POINT('',(-3.,31.1,-14.15));
#14042=CARTESIAN_POINT('',(-3.,31.1,-14.15));
#14043=CARTESIAN_POINT('',(-3.,46.45,16.65));
#14044=CARTESIAN_POINT('',(-5.,20.,16.65));
#14045=CARTESIAN_POINT('',(-3.,21.5819292019556,16.65));
#14046=CARTESIAN_POINT('',(-3.,18.4180707980444,16.65));
#14047=CARTESIAN_POINT('',(-3.,46.45,16.65));
#14048=CARTESIAN_POINT('',(-3.,29.1,16.65));
#14049=CARTESIAN_POINT('',(-3.,29.1,16.65));
#14050=CARTESIAN_POINT('',(13.5,5.55,16.65));
#14051=CARTESIAN_POINT('',(-3.,5.55,16.65));
#14052=CARTESIAN_POINT('',(-3.,46.45,16.65));
#14053=CARTESIAN_POINT('',(-35.,46.45,-16.65));
#14054=CARTESIAN_POINT('',(-3.,29.1,-16.65));
#14055=CARTESIAN_POINT('',(-3.,29.1,-16.65));
#14056=CARTESIAN_POINT('',(-3.,46.45,-16.65));
#14057=CARTESIAN_POINT('',(-3.,5.55,-16.65));
#14058=CARTESIAN_POINT('',(13.5,5.55,-16.65));
#14059=CARTESIAN_POINT('',(-2.99999999999999,34.1,18.));
#14060=CARTESIAN_POINT('',(-3.,31.1,18.));
#14061=CARTESIAN_POINT('',(-3.,31.1,16.65));
#14062=CARTESIAN_POINT('',(-3.,34.1,19.65));
#14063=CARTESIAN_POINT('',(-2.66376454507069,31.1189019273348,16.6689019273347));
#14064=CARTESIAN_POINT('',(1.30104260698261E-15,34.1,15.1514318083734));
#14065=CARTESIAN_POINT('',(1.30104260698261E-15,33.3602587338234,15.4056481015104));
#14066=CARTESIAN_POINT('',(-0.528640239118508,31.9773126921681,16.0603884525056));
#14067=CARTESIAN_POINT('',(-1.89180405012028,31.2059706791437,16.6079597400192));
#14068=CARTESIAN_POINT('',(-2.66376454507069,31.1189019273347,16.6689019273347));
#14069=CARTESIAN_POINT('',(0.,34.1,15.1514318083734));
#14070=CARTESIAN_POINT('',(1.30104260698261E-15,34.1,18.));
#14071=CARTESIAN_POINT('',(0.,34.1,-15.1514318083734));
#14072=CARTESIAN_POINT('',(-2.66376454507071,31.1189019273347,-16.6689019273347));
#14073=CARTESIAN_POINT('',(-1.89955889769284,31.2050960166409,-16.6085719441105));
#14074=CARTESIAN_POINT('',(-0.524964645264225,31.9772215251512,-16.0603143199758));
#14075=CARTESIAN_POINT('',(-2.62897271689962E-16,33.3608520630128,-15.4054442005602));
#14076=CARTESIAN_POINT('',(1.44672576632537E-15,34.1,-15.1514318083734));
#14077=CARTESIAN_POINT('',(-2.66376454507071,31.1189019273347,-16.6689019273347));
#14078=CARTESIAN_POINT('',(-3.,34.1,-19.65));
#14079=CARTESIAN_POINT('',(-3.,31.1,-16.65));
#14080=CARTESIAN_POINT('',(-3.,31.1,-16.65));
#14081=CARTESIAN_POINT('',(13.5,38.,26.5));
#14082=CARTESIAN_POINT('',(-2.66376454507069,31.1189019273348,16.6689019273347));
#14083=CARTESIAN_POINT('',(-2.15679789458092,31.0372077855285,16.72608225425));
#14084=CARTESIAN_POINT('',(-1.27024569763574,30.5242280595124,17.0887811317959));
#14085=CARTESIAN_POINT('',(-0.713707958625321,29.8634745786588,17.6671460048149));
#14086=CARTESIAN_POINT('',(-0.494506036726494,29.5294628269513,18.));
#14087=CARTESIAN_POINT('',(-0.494506036726496,29.5294628269513,18.));
#14088=CARTESIAN_POINT('',(13.5,29.5294628269513,18.));
#14089=CARTESIAN_POINT('',(0.,38.,26.5));
#14090=CARTESIAN_POINT('',(13.5,5.55,18.));
#14091=CARTESIAN_POINT('',(-3.00000000000001,5.55,19.65));
#14092=CARTESIAN_POINT('',(-0.494506036726496,5.55,18.));
#14093=CARTESIAN_POINT('',(13.5,5.55,18.));
#14094=CARTESIAN_POINT('',(13.5,29.5294628269513,18.));
#14095=CARTESIAN_POINT('',(6.,26.,18.));
#14096=CARTESIAN_POINT('',(4.9935,26.,18.));
#14097=CARTESIAN_POINT('',(-0.494506036726496,46.45,18.));
#14098=CARTESIAN_POINT('',(13.5,38.,-26.5));
#14099=CARTESIAN_POINT('',(13.5,29.5294628269513,-18.));
#14100=CARTESIAN_POINT('',(-0.494506036726495,29.5294628269513,-18.));
#14101=CARTESIAN_POINT('',(-0.494506036726493,29.5294628269513,-18.));
#14102=CARTESIAN_POINT('',(-0.713913054021071,29.8637870954096,-17.6668345713143));
#14103=CARTESIAN_POINT('',(-1.26865345253214,30.520635446746,-17.0917523845044));
#14104=CARTESIAN_POINT('',(-2.1500596107611,31.0361219580615,-16.7268422594126));
#14105=CARTESIAN_POINT('',(-2.66376454507072,31.1189019273347,-16.6689019273347));
#14106=CARTESIAN_POINT('',(0.,38.,-26.5));
#14107=CARTESIAN_POINT('',(13.5,5.55,-18.));
#14108=CARTESIAN_POINT('',(-0.494506036726495,46.45,-18.));
#14109=CARTESIAN_POINT('',(-0.494506036726495,5.55,-18.));
#14110=CARTESIAN_POINT('',(13.5,5.55,-18.));
#14111=CARTESIAN_POINT('',(13.5,5.55,-8.435));
#14112=CARTESIAN_POINT('',(-3.,5.55,-19.65));
#14113=CARTESIAN_POINT('',(13.5,0.,8.435));
#14114=CARTESIAN_POINT('',(9.49999999999999,0.,-8.375));
#14115=CARTESIAN_POINT('',(0.,34.1,18.));
#14116=CARTESIAN_POINT('',(0.,39.45,8.));
#14117=CARTESIAN_POINT('',(0.,39.45,5.933));
#14118=CARTESIAN_POINT('',(0.,39.45,-8.));
#14119=CARTESIAN_POINT('',(0.,39.45,-10.067));
#14120=CARTESIAN_POINT('',(-3.,46.45,-19.65));
#14121=CARTESIAN_POINT('',(-3.,46.45,-16.65));
#14122=CARTESIAN_POINT('',(-3.00000000000001,46.45,19.65));
#14123=CARTESIAN_POINT('',(-3.,18.4180707980444,16.65));
#14124=CARTESIAN_POINT('',(-2.64341865015879,18.8688891398518,16.65));
#14125=CARTESIAN_POINT('',(-2.25657988763129,19.9996039675167,16.7516951559359));
#14126=CARTESIAN_POINT('',(-2.6434216050425,21.1311145959459,16.65));
#14127=CARTESIAN_POINT('',(-3.,21.5819292019556,16.65));
#14128=CARTESIAN_POINT('',(-3.,46.45,16.65));
#14129=CARTESIAN_POINT('',(-3.,31.1,-14.15));
#14130=CARTESIAN_POINT('',(-3.,31.1,-14.15));
#14131=CARTESIAN_POINT('',(-3.,0.,0.));
#14132=CARTESIAN_POINT('',(-3.,29.1,16.65));
#14133=CARTESIAN_POINT('',(-3.,29.1,16.65));
#14134=CARTESIAN_POINT('',(-3.,0.,0.));
#14135=CARTESIAN_POINT('',(13.5,39.45,-8.));
#14136=CARTESIAN_POINT('',(10.6,39.45,-8.));
#14137=CARTESIAN_POINT('',(10.6,39.45,-10.067));
#14138=CARTESIAN_POINT('',(10.6,41.517,-8.));
#14139=CARTESIAN_POINT('',(10.6,39.45,-8.));
#14140=CARTESIAN_POINT('',(10.6,39.45,-12.));
#14141=CARTESIAN_POINT('',(13.5,39.45,-8.));
#14142=CARTESIAN_POINT('',(13.5,39.45,8.));
#14143=CARTESIAN_POINT('',(10.6,39.45,8.));
#14144=CARTESIAN_POINT('',(10.6,39.45,5.933));
#14145=CARTESIAN_POINT('',(10.6,41.517,8.));
#14146=CARTESIAN_POINT('',(10.6,39.45,8.));
#14147=CARTESIAN_POINT('',(10.6,39.45,4.));
#14148=CARTESIAN_POINT('',(13.5,39.45,8.));
#14149=CARTESIAN_POINT('',(11.25,17.5,0.));
#14150=CARTESIAN_POINT('',(11.25,26.9361008896684,1.1));
#14151=CARTESIAN_POINT('',(11.25,26.9361008896684,1.1));
#14152=CARTESIAN_POINT('',(11.25,17.5,0.));
#14153=CARTESIAN_POINT('',(11.25,26.9361008896684,-1.1));
#14154=CARTESIAN_POINT('',(11.25,30.4533779378199,-1.1));
#14155=CARTESIAN_POINT('',(12.9803847577293,17.5,0.));
#14156=CARTESIAN_POINT('',(6.,26.,11.7489242262155));
#14157=CARTESIAN_POINT('',(6.,26.,12.3536904392668));
#14158=CARTESIAN_POINT('',(4.9935,26.,12.3536904392668));
#14159=CARTESIAN_POINT('',(6.,26.,12.3536904392668));
#14160=CARTESIAN_POINT('',(6.,26.,11.7489242262155));
#14161=CARTESIAN_POINT('',(-5.,20.,15.95));
#14162=CARTESIAN_POINT('',(-5.,20.,15.95));
#14163=CARTESIAN_POINT('',(-2.45,20.,15.95));
#14164=CARTESIAN_POINT('',(-5.,20.,15.95));
#14165=CARTESIAN_POINT('',(12.55,26.9361008896684,1.1));
#14166=CARTESIAN_POINT('',(12.55,26.9361008896684,1.1));
#14167=CARTESIAN_POINT('',(12.55,26.9361008896684,1.1));
#14168=CARTESIAN_POINT('',(12.55,26.9361008896684,1.1));
#14169=CARTESIAN_POINT('',(12.55,30.4533779378199,-1.1));
#14170=CARTESIAN_POINT('',(12.55,26.9361008896684,-1.1));
#14171=CARTESIAN_POINT('',(12.55,26.9361008896684,-1.1));
#14172=CARTESIAN_POINT('',(12.55,30.4533779378199,-1.1));
#14173=CARTESIAN_POINT('',(12.55,17.5,0.));
#14174=CARTESIAN_POINT('',(12.55,17.5,0.));
#14175=CARTESIAN_POINT('',(12.55,17.5,-1.0842021724855E-16));
#14176=CARTESIAN_POINT('',(9.49999999999999,0.5,-12.2));
#14177=CARTESIAN_POINT('',(9.49999999999999,0.5,-12.2));
#14178=CARTESIAN_POINT('',(9.49999999999999,0.5,-12.2));
#14179=CARTESIAN_POINT('',(9.49999999999999,0.5,-12.2));
#14180=CARTESIAN_POINT('',(9.49999999999999,0.5,8.375));
#14181=CARTESIAN_POINT('',(9.49999999999999,0.5,8.375));
#14182=CARTESIAN_POINT('',(9.49999999999999,0.5,12.2));
#14183=CARTESIAN_POINT('',(9.49999999999999,0.5,12.2));
#14184=CARTESIAN_POINT('',(9.49999999999999,0.,0.));
#14185=CARTESIAN_POINT('',(9.49999999999999,0.5,12.2));
#14186=CARTESIAN_POINT('',(9.49999999999999,-7.,12.2));
#14187=CARTESIAN_POINT('',(9.49999999999999,-7.,12.2));
#14188=CARTESIAN_POINT('',(9.49999999999999,-7.,8.375));
#14189=CARTESIAN_POINT('',(9.49999999999999,-7.,8.375));
#14190=CARTESIAN_POINT('',(9.49999999999999,-10.75,8.375));
#14191=CARTESIAN_POINT('',(9.49999999999999,-10.75,8.375));
#14192=CARTESIAN_POINT('',(9.49999999999999,-10.75,-8.375));
#14193=CARTESIAN_POINT('',(9.49999999999999,-10.75,-8.375));
#14194=CARTESIAN_POINT('',(9.49999999999999,-7.,-8.375));
#14195=CARTESIAN_POINT('',(9.49999999999999,-7.,-8.375));
#14196=CARTESIAN_POINT('',(9.49999999999999,-7.,-12.2));
#14197=CARTESIAN_POINT('',(9.49999999999999,-7.,-12.2));
#14198=CARTESIAN_POINT('',(9.49999999999999,0.5,12.2));
#14199=CARTESIAN_POINT('',(9.49999999999999,-7.,12.2));
#14200=CARTESIAN_POINT('',(9.49999999999999,-7.,12.2));
#14201=CARTESIAN_POINT('',(9.49999999999999,-7.,8.375));
#14202=CARTESIAN_POINT('',(9.49999999999999,-7.,8.375));
#14203=CARTESIAN_POINT('',(9.49999999999999,-10.75,8.375));
#14204=CARTESIAN_POINT('',(9.49999999999999,-10.75,8.375));
#14205=CARTESIAN_POINT('',(9.49999999999999,-10.75,-8.375));
#14206=CARTESIAN_POINT('',(9.49999999999999,-10.75,-8.375));
#14207=CARTESIAN_POINT('',(9.49999999999999,-7.,-8.375));
#14208=CARTESIAN_POINT('',(9.49999999999999,-7.,-8.375));
#14209=CARTESIAN_POINT('',(9.49999999999999,-7.,-12.2));
#14210=CARTESIAN_POINT('',(9.49999999999999,-7.,-12.2));
#14211=CARTESIAN_POINT('',(12.5,46.45,18.));
#14212=CARTESIAN_POINT('',(40.5,-21.55,0.));
#14213=CARTESIAN_POINT('',(-40.5,-21.55,0.));
#14214=MECHANICAL_DESIGN_GEOMETRIC_PRESENTATION_REPRESENTATION('',(#6553,
#6554,#6555,#6556,#6557,#6558,#6559,#6560,#6561,#6562,#6563,#6564,#6565,
#6566,#6567,#6568,#6569,#6570,#6571,#6572,#6573,#6574,#6575,#6576,#6577,
#6578,#6579,#6580,#6581,#6582,#6583,#6584,#6585,#6586,#6587,#6588,#6589,
#6590,#6591,#6592,#6593,#6594,#6595,#6596,#6597,#6598,#6599,#6600,#6601,
#6602,#6603,#6604,#6605,#6606,#6607,#6608,#6609,#6610,#6611,#6612,#6613,
#6614,#6615,#6616,#6617,#6618,#6619,#6620,#6621,#6622,#6623,#6624,#6625,
#6626,#6627,#6628,#6629,#6630,#6631,#6632,#6633,#6634,#6635,#6636,#6637,
#6638,#6639,#6640,#6641,#6642,#6643,#6644,#6645,#6646,#6647,#6648,#6649,
#6650,#6651,#6652,#6653,#6654,#6655,#6656,#6657,#6658,#6659,#6660,#6661,
#6662,#6663,#6664,#6665,#6666,#6667,#6668,#6669,#6670,#6671,#6672,#6673,
#6674,#6675,#6676,#6677,#6678,#6679,#6680,#6681,#6682,#6683,#6684,#6685,
#6686,#6687,#6688,#6689,#6690,#6691,#6692,#6693,#6694,#6695,#6696,#6697,
#6698,#6699,#6700,#6701,#6702,#6703,#6704,#6705,#6706,#6707,#6708,#6709,
#6710,#6711,#6712,#6713,#6714,#6715,#6716,#6717,#6718,#6719,#6720,#6721,
#6722,#6723,#6724,#6725,#6726,#6727,#6728,#6729,#6730,#6731,#6732,#6733,
#6734,#6735,#6736,#6737,#6738,#6739,#6740,#6741,#6742,#6743,#6744,#6745,
#6746,#6747,#6748,#6749,#6750,#6751,#6752,#6753,#6754,#6755,#6756,#6757,
#6758,#6759,#6760,#6761,#6762,#6763,#6764,#6765,#6766,#6767,#6768,#6769,
#6770,#6771,#6772,#6773,#6774,#6775,#6776,#6777,#6778,#6779,#6780,#6781,
#6782,#6783,#6784,#6785,#6786,#6787,#6788,#6789,#6790,#6791,#6792,#6793,
#6794,#6795,#6796,#6797,#6798,#6799,#6800,#6801,#6802,#6803,#6804,#6805,
#6806,#6807,#6808,#6809,#6810,#6811,#6812,#6813,#6814,#6815,#6816,#6817,
#6818,#6819,#6820,#6821,#6822,#6823,#6824,#6825,#6826,#6827,#6828,#6829,
#6830,#6831,#6832,#6833,#6834,#6835,#6836,#6837,#6838,#6839,#6840,#6841,
#6842,#6843,#6844,#6845,#6846,#6847,#6848,#6849,#6850,#6851,#6852,#6853,
#6854,#6855,#6856,#6857,#6858,#6859,#6860,#6861,#6862,#6863,#6864,#6865,
#6866,#6867,#6868,#6869,#6870,#6871,#6872,#6873,#6874,#6875,#6876,#6877,
#6878,#6879,#6880,#6881,#6882,#6883,#6884,#6885,#6886,#6887,#6888,#6889,
#6890,#6891,#6892,#6893,#6894,#6895,#6896,#6897,#6898,#6899,#6900,#6901,
#6902,#6903,#6904,#6905,#6906,#6907,#6908,#6909,#6910,#6911,#6912,#6913,
#6914,#6915,#6916,#6917,#6918,#6919,#6920,#6921,#6922,#6923,#6924,#6925,
#6926,#6927,#6928,#6929,#6930,#6931,#6932,#6933,#6934,#6935,#6936,#6937,
#6938,#6939,#6940),#14215);
#14215=(
GEOMETRIC_REPRESENTATION_CONTEXT(3)
GLOBAL_UNCERTAINTY_ASSIGNED_CONTEXT((#14220))
GLOBAL_UNIT_ASSIGNED_CONTEXT((#14227,#14226,#14225))
REPRESENTATION_CONTEXT('SCHUNK-0303070 KGG 140-60 ,011L5_MSS_22_01',
'TOP_LEVEL_ASSEMBLY_PART')
);
#14216=(
GEOMETRIC_REPRESENTATION_CONTEXT(3)
GLOBAL_UNCERTAINTY_ASSIGNED_CONTEXT((#14221))
GLOBAL_UNIT_ASSIGNED_CONTEXT((#14227,#14226,#14225))
REPRESENTATION_CONTEXT('SCHUNK- 5516672 Gehaeuse-KGG 140-60',
'COMPONENT_PART')
);
#14217=(
GEOMETRIC_REPRESENTATION_CONTEXT(3)
GLOBAL_UNCERTAINTY_ASSIGNED_CONTEXT((#14222))
GLOBAL_UNIT_ASSIGNED_CONTEXT((#14227,#14226,#14225))
REPRESENTATION_CONTEXT('SCHUNK-bracket L5_MSS_22_01','COMPONENT_PART')
);
#14218=(
GEOMETRIC_REPRESENTATION_CONTEXT(3)
GLOBAL_UNCERTAINTY_ASSIGNED_CONTEXT((#14223))
GLOBAL_UNIT_ASSIGNED_CONTEXT((#14227,#14226,#14225))
REPRESENTATION_CONTEXT('SCHUNK-9905502 Typenschild 9x24x0.3',
'COMPONENT_PART')
);
#14219=(
GEOMETRIC_REPRESENTATION_CONTEXT(3)
GLOBAL_UNCERTAINTY_ASSIGNED_CONTEXT((#14224))
GLOBAL_UNIT_ASSIGNED_CONTEXT((#14227,#14226,#14225))
REPRESENTATION_CONTEXT('SCHUNK-Finger KGG 140-60','COMPONENT_PART')
);
#14220=UNCERTAINTY_MEASURE_WITH_UNIT(LENGTH_MEASURE(1.E-5),#14227,
'DISTANCE_ACCURACY_VALUE','Maximum Tolerance applied to model');
#14221=UNCERTAINTY_MEASURE_WITH_UNIT(LENGTH_MEASURE(1.E-5),#14227,
'DISTANCE_ACCURACY_VALUE','Maximum Tolerance applied to model');
#14222=UNCERTAINTY_MEASURE_WITH_UNIT(LENGTH_MEASURE(1.E-5),#14227,
'DISTANCE_ACCURACY_VALUE','Maximum Tolerance applied to model');
#14223=UNCERTAINTY_MEASURE_WITH_UNIT(LENGTH_MEASURE(1.E-5),#14227,
'DISTANCE_ACCURACY_VALUE','Maximum Tolerance applied to model');
#14224=UNCERTAINTY_MEASURE_WITH_UNIT(LENGTH_MEASURE(1.E-5),#14227,
'DISTANCE_ACCURACY_VALUE','Maximum Tolerance applied to model');
#14225=(
NAMED_UNIT(*)
SI_UNIT($,.STERADIAN.)
SOLID_ANGLE_UNIT()
);
#14226=(
NAMED_UNIT(*)
PLANE_ANGLE_UNIT()
SI_UNIT($,.RADIAN.)
);
#14227=(
LENGTH_UNIT()
NAMED_UNIT(*)
SI_UNIT(.MILLI.,.METRE.)
);
#14228=PRODUCT_DEFINITION_SHAPE('','',#14238);
#14229=PRODUCT_DEFINITION_SHAPE('','',#14239);
#14230=PRODUCT_DEFINITION_SHAPE(' ','NAUO PRDDFN',#43);
#14231=PRODUCT_DEFINITION_SHAPE('','',#14240);
#14232=PRODUCT_DEFINITION_SHAPE(' ','NAUO PRDDFN',#44);
#14233=PRODUCT_DEFINITION_SHAPE('','',#14241);
#14234=PRODUCT_DEFINITION_SHAPE(' ','NAUO PRDDFN',#45);
#14235=PRODUCT_DEFINITION_SHAPE('','',#14242);
#14236=PRODUCT_DEFINITION_SHAPE(' ','NAUO PRDDFN',#46);
#14237=PRODUCT_DEFINITION_SHAPE(' ','NAUO PRDDFN',#47);
#14238=PRODUCT_DEFINITION('','',#14248,#14243);
#14239=PRODUCT_DEFINITION('','',#14249,#14244);
#14240=PRODUCT_DEFINITION('','',#14250,#14245);
#14241=PRODUCT_DEFINITION('','',#14251,#14246);
#14242=PRODUCT_DEFINITION('','',#14252,#14247);
#14243=PRODUCT_DEFINITION_CONTEXT('',#14274,'design');
#14244=PRODUCT_DEFINITION_CONTEXT('',#14274,'design');
#14245=PRODUCT_DEFINITION_CONTEXT('',#14274,'design');
#14246=PRODUCT_DEFINITION_CONTEXT('',#14274,'design');
#14247=PRODUCT_DEFINITION_CONTEXT('',#14274,'design');
#14248=PRODUCT_DEFINITION_FORMATION_WITH_SPECIFIED_SOURCE('','',#14258,
 .NOT_KNOWN.);
#14249=PRODUCT_DEFINITION_FORMATION_WITH_SPECIFIED_SOURCE('','',#14259,
 .NOT_KNOWN.);
#14250=PRODUCT_DEFINITION_FORMATION_WITH_SPECIFIED_SOURCE('','',#14260,
 .NOT_KNOWN.);
#14251=PRODUCT_DEFINITION_FORMATION_WITH_SPECIFIED_SOURCE('','',#14261,
 .NOT_KNOWN.);
#14252=PRODUCT_DEFINITION_FORMATION_WITH_SPECIFIED_SOURCE('','',#14262,
 .NOT_KNOWN.);
#14253=PRODUCT_RELATED_PRODUCT_CATEGORY('','',(#14258));
#14254=PRODUCT_RELATED_PRODUCT_CATEGORY('','',(#14259));
#14255=PRODUCT_RELATED_PRODUCT_CATEGORY('','',(#14260));
#14256=PRODUCT_RELATED_PRODUCT_CATEGORY('','',(#14261));
#14257=PRODUCT_RELATED_PRODUCT_CATEGORY('','',(#14262));
#14258=PRODUCT('SCHUNK-0303070 KGG 140-60 ,011L5_MSS_22_01',
'SCHUNK-0303070 KGG 140-60 ,011L5_MSS_22_01',
'SCHUNK-0303070 KGG 140-60 ,011L5_MSS_22_01',(#14268));
#14259=PRODUCT('SCHUNK- 5516672 Gehaeuse-KGG 140-60',
'SCHUNK- 5516672 Gehaeuse-KGG 140-60',
'SCHUNK- 5516672 Gehaeuse-KGG 140-60',(#14269));
#14260=PRODUCT('SCHUNK-bracket L5_MSS_22_01',
'SCHUNK-bracket L5_MSS_22_01','SCHUNK-bracket L5_MSS_22_01',(#14270));
#14261=PRODUCT('SCHUNK-9905502 Typenschild 9x24x0.3',
'SCHUNK-9905502 Typenschild 9x24x0.3',
'SCHUNK-9905502 Typenschild 9x24x0.3',(#14271));
#14262=PRODUCT('SCHUNK-Finger KGG 140-60','SCHUNK-Finger KGG 140-60',
'SCHUNK-Finger KGG 140-60',(#14272));
#14263=PRODUCT_CATEGORY('','');
#14264=PRODUCT_CATEGORY('','');
#14265=PRODUCT_CATEGORY('','');
#14266=PRODUCT_CATEGORY('','');
#14267=PRODUCT_CATEGORY('','');
#14268=PRODUCT_CONTEXT('',#14274,'mechanical');
#14269=PRODUCT_CONTEXT('',#14274,'mechanical');
#14270=PRODUCT_CONTEXT('',#14274,'mechanical');
#14271=PRODUCT_CONTEXT('',#14274,'mechanical');
#14272=PRODUCT_CONTEXT('',#14274,'mechanical');
#14273=APPLICATION_PROTOCOL_DEFINITION('international standard',
'automotive_design',2010,#14274);
#14274=APPLICATION_CONTEXT(
'core data for automotive mechanical design processes');
ENDSEC;
END-ISO-10303-21;
