Timestamp,Fz (N),Mz (V)
0.8226363658905029,66.75078050809572,-2.501171479
0.8226611614227295,63.852857591859205,-2.454871861
0.82267165184021,65.35548428916704,-2.403427841
0.8226783275604248,64.49684046213399,-2.598915117
0.8226838111877441,65.2481538107879,-2.362272625
0.8226890563964844,62.77955280806791,-2.691514353
0.8226945400238037,67.93141577026616,-2.362272625
0.8226995468139648,62.24290041617226,-2.5629043030000003
0.8227055072784424,65.89213668106268,-2.398283439
0.8227107524871826,67.71675481350789,-2.449727459
0.8227157592773438,60.9549346756227,-2.5629043030000003
0.8227219581604004,68.14607672702441,-2.2851065950000002
0.8227276802062988,65.57014524592529,-2.5577599010000003
0.8227331638336182,59.45230797831488,-2.465160665
0.8227384090423584,65.35548428916704,-2.424005449
0.8227436542510986,65.46281476754616,-2.408572243
0.8227496147155762,61.706248024276604,-2.5371822930000003
0.8227555751800537,66.21412811620007,-2.434294253
0.822761058807373,62.564891851309646,-2.501171479
0.8227667808532715,66.96544146485398,-2.331406213
0.8227715492248535,64.1748490269966,-2.490882675
0.8227765560150146,64.71150141889224,-2.496027077
0.8227818012237549,66.96544146485398,-2.2799621930000002
0.822786808013916,62.88688328644704,-2.5371822930000003
0.8227927684783936,67.60942433512876,-2.2748177910000003
0.8227982521057129,64.38950998375486,-2.501171479
0.8228039741516113,67.60942433512876,-2.351983821
0.8228089809417725,62.67222232968878,-2.470305067
0.8228137493133545,63.74552711348008,-2.470305067
0.8228187561035156,63.316205199963555,-2.460016263
0.8228240013122559,63.42353567834269,-2.439438655
0.8228292465209961,70.40001677298613,-2.434294253
0.8228349685668945,63.638196635100954,-2.598915117
0.8228409290313721,65.78480620268355,-2.444583057
0.8228461742401123,63.960188070238345,-2.434294253
0.8228514194488525,65.03349285402965,-2.444583057
0.8228561878204346,64.60417094051311,-2.5166046850000003
0.8228616714477539,64.28217950537572,-2.490882675
0.822866678237915,62.13556993779312,-2.5268934890000003
0.8228719234466553,66.96544146485398,-2.351983821
0.8228816986083984,66.21412811620007,-2.5886263130000002
0.8228869438171387,64.1748490269966,-2.449727459
0.8228919506072998,65.67747572430441,-2.346839419
0.8228967189788818,63.1015442432053,-2.5474710970000003
0.8229022026062012,69.00472055405744,-2.2542401830000003
0.8229076862335205,60.9549346756227,-2.5834819110000002
0.8229131698608398,66.42878907295832,-2.336550615
0.8229179382324219,63.852857591859205,-2.485738273
0.8229231834411621,66.10679763782093,-2.5526154990000003
0.8229284286499023,64.60417094051311,-2.434294253
0.8229336738586426,62.564891851309646,-2.490882675
0.8229382038116455,67.28743289999137,-2.2336625750000003
0.8229444026947021,62.45756137293052,-2.5731931070000003
0.8229498863220215,62.13556993779312,-2.403427841
0.8229548931121826,64.38950998375486,-2.444583057
0.8229596614837646,65.35548428916704,-2.449727459
0.8229641914367676,64.81883189727138,-2.490882675
0.8229691982269287,64.60417094051311,-2.5680487050000003
0.8229742050170898,63.42353567834269,-2.485738273
0.8229794502258301,68.89739007567832,-2.346839419
0.8229842185974121,63.74552711348008,-2.5320378910000003
0.8229897022247314,64.71150141889224,-2.511460283
0.8229947090148926,70.6146777297444,-2.403427841
0.8229997158050537,59.45230797831488,-2.609203921
0.8230082988739014,70.18535581622788,-2.2439513790000003
0.8230140209197998,61.49158706751835,-2.5731931070000003
0.8230195045471191,63.316205199963555,-2.362272625
0.8230247497558594,65.35548428916704,-2.403427841
0.8230292797088623,64.38950998375486,-2.470305067
0.8230342864990234,64.71150141889224,-2.403427841
0.8230388164520264,66.75078050809572,-2.449727459
0.8230435848236084,66.75078050809572,-2.424005449
0.8230488300323486,59.881629891831395,-2.619492725
0.8230535984039307,64.28217950537572,-2.408572243
0.8230583667755127,63.74552711348008,-2.490882675
0.8230628967285156,64.9261623756505,-2.475449469
0.8230688571929932,67.50209385674964,-2.403427841
0.8230736255645752,62.24290041617226,-2.645214735
0.8230781555175781,66.42878907295832,-2.382850233
0.8230867385864258,66.21412811620007,-2.418861047
0.8230915069580078,63.852857591859205,-2.475449469
0.823096752166748,66.21412811620007,-2.454871861
0.823101282119751,64.38950998375486,-2.424005449
0.823106050491333,61.38425658913922,-2.490882675
0.8231110572814941,65.78480620268355,-2.5577599010000003
0.8231163024902344,63.960188070238345,-2.2490957810000003
0.8231217861175537,63.42353567834269,-2.5731931070000003
0.8231267929077148,66.53611955133745,-2.305684203
0.823131799697876,63.74552711348008,-2.5320378910000003
0.8231368064880371,64.60417094051311,-2.408572243
0.8231418132781982,68.79005959729919,-2.377705831
0.8231463432312012,62.564891851309646,-2.624637127
0.8231513500213623,63.1015442432053,-2.434294253
0.8231563568115234,67.0727719432331,-2.398283439
0.8231608867645264,63.53086615672182,-2.5166046850000003
0.8231663703918457,65.89213668106268,-2.480593871
0.8231711387634277,65.57014524592529,-2.357128223
0.8231766223907471,60.74027371886444,-2.604059519
0.8231816291809082,68.03874624864528,-2.2748177910000003
0.8231868743896484,61.813578502655744,-2.598915117
1.0254812240600586,65.03349285402965,-2.2902509970000002
1.025500774383545,65.14082333240877,-2.444583057
1.025508165359497,65.57014524592529,-2.465160665
1.0255138874053955,64.9261623756505,-2.5217490870000003
1.0255203247070312,63.960188070238345,-2.511460283
1.025528907775879,68.36073768378266,-2.2645289870000003
1.0255510807037354,61.169595632380954,-2.5577599010000003
1.025557279586792,66.75078050809572,-2.367417027
1.025564193725586,64.60417094051311,-2.5217490870000003
1.0255701541900635,64.06751854861747,-2.480593871
1.0255753993988037,66.64345002971659,-2.454871861
1.025580644607544,60.52561276210618,-2.712091961
1.025585651397705,69.32671198919485,-2.341695017
1.0255906581878662,65.35548428916704,-2.609203921
1.0255956649780273,64.71150141889224,-2.434294253
1.0256013870239258,65.46281476754616,-2.511460283
1.025606393814087,64.81883189727138,-2.460016263
1.025611400604248,64.60417094051311,-2.511460283
1.0256164073944092,67.28743289999137,-2.501171479
1.0256214141845703,61.276926110760094,-2.5731931070000003
1.0256271362304688,66.75078050809572,-2.387994635
1.025632381439209,65.03349285402965,-2.496027077
1.0256378650665283,64.38950998375486,-2.465160665
1.0256428718566895,63.638196635100954,-2.408572243
1.0256483554840088,59.45230797831488,-2.670936745
1.02565336227417,68.36073768378266,-2.346839419
1.025658130645752,63.42353567834269,-2.408572243
1.025662899017334,64.81883189727138,-2.496027077
1.0256679058074951,65.89213668106268,-2.408572243
1.0256733894348145,65.89213668106268,-2.475449469
1.0256781578063965,65.14082333240877,-2.496027077
1.0256831645965576,61.813578502655744,-2.490882675
1.0256884098052979,68.36073768378266,-2.315973007
1.025693416595459,62.24290041617226,-2.480593871
1.0256984233856201,67.93141577026616,-2.449727459
1.0257034301757812,65.57014524592529,-2.5166046850000003
1.0257091522216797,64.9261623756505,-2.418861047
1.02571439743042,69.32671198919485,-2.393139037
1.025719165802002,62.88688328644704,-2.634925931
1.025724172592163,65.03349285402965,-2.480593871
1.0257291793823242,67.71675481350789,-2.429149851
1.0257341861724854,62.028239459413996,-2.5371822930000003
1.0257396697998047,63.960188070238345,-2.511460283
1.0257444381713867,65.14082333240877,-2.336550615
1.025749683380127,62.24290041617226,-2.5474710970000003
1.025758981704712,63.74552711348008,-2.5834819110000002
1.0257647037506104,67.0727719432331,-2.2902509970000002
1.0257699489593506,62.88688328644704,-2.5731931070000003
1.0257761478424072,66.85811098647484,-2.506315881
1.0257818698883057,63.638196635100954,-2.506315881
1.0257866382598877,62.88688328644704,-2.475449469
1.0257916450500488,67.60942433512876,-2.393139037
1.0257961750030518,65.89213668106268,-2.5371822930000003
1.025801658630371,64.38950998375486,-2.496027077
1.0258064270019531,65.89213668106268,-2.346839419
1.0258111953735352,64.06751854861747,-2.5886263130000002
1.0258824825286865,65.89213668106268,-2.5217490870000003
1.0258886814117432,65.89213668106268,-2.331406213
1.0258936882019043,59.55963845669401,-2.5371822930000003
1.0258994102478027,66.3214585945792,-2.351983821
1.025904893875122,65.57014524592529,-2.439438655
1.0259120464324951,62.88688328644704,-2.5423266950000003
1.0259180068969727,64.71150141889224,-2.454871861
1.025923252105713,66.75078050809572,-2.382850233
1.025928020477295,64.49684046213399,-2.501171479
1.025933027267456,61.813578502655744,-2.650359137
1.0259382724761963,71.15133012164006,-2.2542401830000003
1.0259439945220947,62.67222232968878,-2.5834819110000002
1.0259490013122559,65.78480620268355,-2.341695017
1.025953769683838,61.706248024276604,-2.418861047
1.0259685516357422,64.71150141889224,-2.398283439
1.0259735584259033,69.32671198919485,-2.336550615
1.0259788036346436,63.20887472158443,-2.609203921
1.0259840488433838,61.38425658913922,-2.480593871
1.0259885787963867,66.10679763782093,-2.485738273
1.025993824005127,63.316205199963555,-2.5680487050000003
1.0259995460510254,65.78480620268355,-2.454871861
1.0260043144226074,67.50209385674964,-2.449727459
1.0260090827941895,62.35023089455139,-2.5834819110000002
1.0260143280029297,69.64870342433223,-2.2748177910000003
1.0260193347930908,62.24290041617226,-2.614348323
1.026024341583252,64.06751854861747,-2.403427841
1.026029109954834,64.60417094051311,-2.5577599010000003
1.0260341167449951,65.35548428916704,-2.454871861
1.0260388851165771,68.57539864054093,-2.377705831
1.0260436534881592,62.88688328644704,-2.382850233
1.0260484218597412,64.49684046213399,-2.454871861
1.0260529518127441,67.18010242161225,-2.2902509970000002
1.0260579586029053,61.813578502655744,-2.5937707150000002
1.0260639190673828,68.57539864054093,-2.439438655
1.026069164276123,65.57014524592529,-2.501171479
1.026073932647705,62.45756137293052,-2.444583057
1.026078701019287,59.02298606479835,-2.5731931070000003
1.0260839462280273,66.75078050809572,-2.2799621930000002
1.0260889530181885,62.88688328644704,-2.5320378910000003
1.0260939598083496,65.78480620268355,-2.367417027
1.0260987281799316,65.03349285402965,-2.5320378910000003
1.02610445022583,65.14082333240877,-2.449727459
1.026109218597412,65.35548428916704,-2.321117409
1.0261139869689941,65.46281476754616,-2.490882675
1.229848861694336,63.316205199963555,-2.501171479
1.229867696762085,66.96544146485398,-2.403427841
1.2298743724822998,63.53086615672182,-2.5371822930000003
1.2298812866210938,64.60417094051311,-2.434294253
1.2298870086669922,66.53611955133745,-2.418861047
1.2298929691314697,64.9261623756505,-2.331406213
1.22989821434021,62.99421376482616,-2.670936745
1.2299036979675293,65.89213668106268,-2.2902509970000002
1.2299096584320068,63.20887472158443,-2.5320378910000003
1.2299153804779053,65.35548428916704,-2.387994635
1.2299208641052246,64.71150141889224,-2.490882675
1.229926586151123,64.1748490269966,-2.511460283
1.2299315929412842,60.9549346756227,-2.5371822930000003
1.2299370765686035,67.60942433512876,-2.2799621930000002
1.2299425601959229,62.77955280806791,-2.5680487050000003
1.2299480438232422,68.25340720540353,-2.413716645
1.2299528121948242,64.1748490269966,-2.511460283
1.2299580574035645,65.67747572430441,-2.470305067
1.2299633026123047,66.96544146485398,-2.326261811
1.2299723625183105,63.20887472158443,-2.619492725
1.2299778461456299,65.46281476754616,-2.310828605
1.2299830913543701,66.21412811620007,-2.5268934890000003
1.2299883365631104,62.13556993779312,-2.465160665
1.2299935817718506,62.24290041617226,-2.496027077
1.2299985885620117,66.64345002971659,-2.454871861
1.2300043106079102,65.46281476754616,-2.2953953990000002
1.2300097942352295,61.38425658913922,-2.665792343
1.2300143241882324,68.03874624864528,-2.2336625750000003
1.2300195693969727,63.1015442432053,-2.624637127
1.2300243377685547,65.2481538107879,-2.367417027
1.2300291061401367,62.99421376482616,-2.5577599010000003
1.230034589767456,64.1748490269966,-2.444583057
1.230039358139038,61.813578502655744,-2.454871861
1.2300457954406738,65.67747572430441,-2.326261811
1.230051040649414,62.88688328644704,-2.5731931070000003
1.2300570011138916,69.43404246757397,-2.413716645
1.23006272315979,63.74552711348008,-2.660647941
1.2300677299499512,64.9261623756505,-2.475449469
1.2300734519958496,69.75603390271137,-2.2851065950000002
1.2300796508789062,63.1015442432053,-2.665792343
1.2300848960876465,68.68272911892005,-2.2748177910000003
1.230090618133545,64.28217950537572,-2.501171479
1.2300994396209717,63.960188070238345,-2.439438655
1.2301054000854492,65.03349285402965,-2.429149851
1.2301111221313477,65.35548428916704,-2.444583057
1.230116605758667,67.93141577026616,-2.2285181730000003
1.2301223278045654,60.09629084858966,-2.706947559
1.230128526687622,68.14607672702441,-2.351983821
1.2301340103149414,62.88688328644704,-2.480593871
1.2301394939422607,69.75603390271137,-2.460016263
1.230144739151001,62.45756137293052,-2.614348323
1.230149745941162,64.9261623756505,-2.5320378910000003
1.2301547527313232,66.53611955133745,-2.393139037
1.2301599979400635,68.4680681621618,-2.2542401830000003
1.2301650047302246,62.028239459413996,-2.5371822930000003
1.230170488357544,66.75078050809572,-2.403427841
1.230175495147705,63.316205199963555,-2.634925931
1.2301805019378662,62.67222232968878,-2.393139037
1.23018479347229,67.3947633783705,-2.357128223
1.230189561843872,62.99421376482616,-2.727525167
1.230194330215454,68.68272911892005,-2.331406213
1.230198860168457,65.9994671594418,-2.5731931070000003
1.230203628540039,64.60417094051311,-2.377705831
1.2302086353302002,65.78480620268355,-2.377705831
1.2302134037017822,65.9994671594418,-2.465160665
1.2302188873291016,67.28743289999137,-2.321117409
1.2302238941192627,61.06226515400183,-2.660647941
1.2302289009094238,67.3947633783705,-2.341695017
1.2302334308624268,62.13556993779312,-2.5217490870000003
1.230238914489746,67.0727719432331,-2.315973007
1.230243444442749,63.316205199963555,-2.5834819110000002
1.230248212814331,64.60417094051311,-2.424005449
1.2302532196044922,65.35548428916704,-2.429149851
1.2302577495574951,67.82408529188702,-2.321117409
1.230262279510498,65.03349285402965,-2.5474710970000003
1.2302677631378174,65.35548428916704,-2.408572243
1.2302725315093994,62.35023089455139,-2.480593871
1.2302777767181396,64.71150141889224,-2.475449469
1.2302823066711426,68.68272911892005,-2.372561429
1.2302868366241455,60.52561276210618,-2.645214735
1.2302916049957275,67.28743289999137,-2.393139037
1.2302961349487305,61.813578502655744,-2.2851065950000002
1.2303016185760498,70.50734725136526,-2.434294253
1.2303094863891602,64.06751854861747,-2.5834819110000002
1.2303154468536377,62.88688328644704,-2.408572243
1.2303202152252197,64.60417094051311,-2.429149851
1.2303247451782227,66.53611955133745,-2.2799621930000002
1.2303297519683838,61.59891754589748,-2.619492725
1.2303340435028076,68.89739007567832,-2.218229369
1.2303402423858643,61.49158706751835,-2.614348323
1.2303447723388672,65.57014524592529,-2.357128223
1.2303495407104492,64.49684046213399,-2.5526154990000003
1.2303547859191895,66.21412811620007,-2.408572243
1.2303593158721924,58.91565558641923,-2.650359137
1.2303640842437744,69.32671198919485,-2.300539801
1.2303686141967773,63.316205199963555,-2.609203921
1.2303736209869385,66.3214585945792,-2.377705831
1.2303783893585205,63.638196635100954,-2.5217490870000003
1.2303833961486816,64.49684046213399,-2.470305067
1.2303884029388428,61.706248024276604,-2.501171479
1.4327900409698486,69.64870342433223,-2.315973007
1.4328060150146484,61.49158706751835,-2.5577599010000003
1.4328129291534424,68.57539864054093,-2.382850233
1.4328184127807617,62.24290041617226,-2.501171479
1.432823896408081,65.67747572430441,-2.465160665
1.4328300952911377,67.82408529188702,-2.2593845850000003
1.432835340499878,62.88688328644704,-2.5166046850000003
1.4328413009643555,64.9261623756505,-2.444583057
1.4328460693359375,62.67222232968878,-2.434294253
1.432852029800415,65.35548428916704,-2.475449469
1.4328575134277344,59.988960370210535,-2.5217490870000003
1.4328629970550537,64.38950998375486,-2.434294253
1.4329133033752441,66.85811098647484,-2.382850233
1.4329187870025635,67.50209385674964,-2.475449469
1.4329237937927246,63.316205199963555,-2.444583057
1.432929277420044,66.3214585945792,-2.413716645
1.432936668395996,62.13556993779312,-2.5680487050000003
1.432945728302002,66.10679763782093,-2.475449469
1.4329533576965332,64.81883189727138,-2.2851065950000002
1.4329602718353271,60.41828228372705,-2.614348323
1.432966709136963,66.10679763782093,-2.300539801
1.4329755306243896,67.28743289999137,-2.5320378910000003
1.4329845905303955,66.42878907295832,-2.465160665
1.4329898357391357,64.06751854861747,-2.5680487050000003
1.4329946041107178,65.46281476754616,-2.496027077
1.4329991340637207,67.93141577026616,-2.2542401830000003
1.433004379272461,59.13031654317749,-2.634925931
1.4330086708068848,70.50734725136526,-2.367417027
1.4330134391784668,62.13556993779312,-2.5166046850000003
1.433018445968628,66.85811098647484,-2.434294253
1.4330224990844727,61.813578502655744,-2.5680487050000003
1.4330275058746338,66.96544146485398,-2.480593871
1.4330317974090576,66.21412811620007,-2.434294253
1.4330363273620605,67.3947633783705,-2.326261811
1.4330406188964844,62.67222232968878,-2.490882675
1.4330453872680664,67.93141577026616,-2.429149851
1.4330499172210693,63.20887472158443,-2.5577599010000003
1.4330546855926514,64.9261623756505,-2.413716645
1.4330592155456543,67.82408529188702,-2.341695017
1.4330637454986572,61.92090898103487,-2.665792343
1.433067798614502,65.35548428916704,-2.382850233
1.4330723285675049,65.46281476754616,-2.475449469
1.4330768585205078,62.99421376482616,-2.434294253
1.4330813884735107,64.60417094051311,-2.398283439
1.4330856800079346,64.71150141889224,-2.465160665
1.4330973625183105,67.3947633783705,-2.331406213
1.4331016540527344,59.988960370210535,-2.5937707150000002
1.4331071376800537,70.29268629460701,-2.300539801
1.4331119060516357,62.028239459413996,-2.5371822930000003
1.433117151260376,67.28743289999137,-2.367417027
1.433121681213379,65.67747572430441,-2.5937707150000002
1.433126449584961,63.852857591859205,-2.429149851
1.4331309795379639,65.14082333240877,-2.496027077
1.4331367015838623,68.03874624864528,-2.2285181730000003
1.4331419467926025,62.028239459413996,-2.598915117
1.4331467151641846,66.96544146485398,-2.393139037
1.4331510066986084,64.38950998375486,-2.5268934890000003
1.4331562519073486,64.9261623756505,-2.511460283
1.4331605434417725,66.96544146485398,-2.336550615
1.4331650733947754,65.2481538107879,-2.614348323
1.4331698417663574,64.1748490269966,-2.460016263
1.433178186416626,66.64345002971659,-2.310828605
1.43318510055542,63.20887472158443,-2.5474710970000003
1.433192491531372,64.1748490269966,-2.403427841
1.433201789855957,67.0727719432331,-2.377705831
1.4332070350646973,64.9261623756505,-2.408572243
1.4332120418548584,63.1015442432053,-2.5834819110000002
1.4332165718078613,68.03874624864528,-2.2953953990000002
1.433225154876709,61.169595632380954,-2.5886263130000002
1.433234691619873,65.9994671594418,-2.346839419
1.4332396984100342,63.852857591859205,-2.470305067
1.4332444667816162,65.57014524592529,-2.490882675
1.43324875831604,60.84760419724358,-2.660647941
1.433253526687622,67.18010242161225,-2.367417027
1.433257818222046,63.42353567834269,-2.5886263130000002
1.433262586593628,65.78480620268355,-2.331406213
1.4332668781280518,65.03349285402965,-2.5371822930000003
1.433272361755371,64.81883189727138,-2.485738273
1.433276653289795,63.42353567834269,-2.454871861
1.4332811832427979,68.57539864054093,-2.305684203
1.4332857131958008,64.60417094051311,-2.5577599010000003
1.433290719985962,66.21412811620007,-2.403427841
1.4332952499389648,62.88688328644704,-2.511460283
1.4332995414733887,63.852857591859205,-2.403427841
1.4333038330078125,67.18010242161225,-2.454871861
1.4333088397979736,64.9261623756505,-2.377705831
1.4333131313323975,62.67222232968878,-2.5937707150000002
1.4333176612854004,69.64870342433223,-2.305684203
1.4333226680755615,62.99421376482616,-2.604059519
1.4333279132843018,65.89213668106268,-2.321117409
1.4333324432373047,64.1748490269966,-2.408572243
1.4333369731903076,64.38950998375486,-2.434294253
1.4333412647247314,60.9549346756227,-2.609203921
1.4333455562591553,68.57539864054093,-2.2953953990000002
1.4333505630493164,62.77955280806791,-2.5526154990000003
1.4333550930023193,66.42878907295832,-2.341695017
1.4333596229553223,65.14082333240877,-2.5320378910000003
1.4333646297454834,65.14082333240877,-2.408572243
1.4333689212799072,65.57014524592529,-2.357128223
1.4333734512329102,69.32671198919485,-2.5166046850000003
1.6358389854431152,62.88688328644704,-2.490882675
1.6358554363250732,66.53611955133745,-2.2902509970000002
1.6358625888824463,63.42353567834269,-2.5423266950000003
1.635868787765503,64.81883189727138,-2.439438655
1.6358742713928223,65.89213668106268,-2.362272625
1.6358966827392578,63.74552711348008,-2.465160665
1.6359031200408936,62.13556993779312,-2.5783375090000002
1.635908603668213,67.82408529188702,-2.202796163
1.6359143257141113,63.53086615672182,-2.604059519
1.6359200477600098,69.11205103243658,-2.362272625
1.63592529296875,63.74552711348008,-2.480593871
1.6359314918518066,65.57014524592529,-2.501171479
1.635937213897705,60.9549346756227,-2.490882675
1.635953664779663,66.96544146485398,-2.187362957
1.6359593868255615,61.706248024276604,-2.619492725
1.6359648704528809,66.21412811620007,-2.2902509970000002
1.6359703540802002,64.71150141889224,-2.5731931070000003
1.6359772682189941,64.71150141889224,-2.460016263
1.6359827518463135,67.28743289999137,-2.326261811
1.6359877586364746,66.75078050809572,-2.501171479
1.6359930038452148,63.53086615672182,-2.449727459
1.6359987258911133,66.42878907295832,-2.341695017
1.6360039710998535,61.92090898103487,-2.5166046850000003
1.636009693145752,63.42353567834269,-2.413716645
1.6360151767730713,67.28743289999137,-2.403427841
1.6360204219818115,63.1015442432053,-2.460016263
1.6360256671905518,62.564891851309646,-2.5731931070000003
1.636031150817871,67.93141577026616,-2.2645289870000003
1.6360366344451904,62.028239459413996,-2.619492725
1.636042594909668,66.3214585945792,-2.382850233
1.63604736328125,63.316205199963555,-2.465160665
1.6360528469085693,66.42878907295832,-2.429149851
1.6360578536987305,60.63294324048531,-2.5731931070000003
1.6360633373260498,67.28743289999137,-2.2336625750000003
1.636068344116211,62.35023089455139,-2.5423266950000003
1.6360738277435303,67.0727719432331,-2.393139037
1.6360785961151123,64.1748490269966,-2.485738273
1.6360831260681152,64.60417094051311,-2.485738273
1.6360876560211182,65.03349285402965,-2.449727459
1.636092185974121,73.51260064598091,-2.475449469
1.6360969543457031,61.706248024276604,-2.5937707150000002
1.6361021995544434,65.78480620268355,-2.321117409
1.6361072063446045,63.1015442432053,-2.5731931070000003
1.6361122131347656,65.2481538107879,-2.475449469
1.6361165046691895,65.9994671594418,-2.341695017
1.6361207962036133,64.1748490269966,-2.5166046850000003
1.6361255645751953,65.57014524592529,-2.444583057
1.6361300945281982,65.89213668106268,-2.398283439
1.6361351013183594,62.99421376482616,-2.5371822930000003
1.6361396312713623,66.10679763782093,-2.444583057
1.6361441612243652,64.60417094051311,-2.382850233
1.6361491680145264,64.9261623756505,-2.5217490870000003
1.6361541748046875,62.564891851309646,-2.686369951
1.6361587047576904,65.46281476754616,-2.141063339
1.6361639499664307,66.10679763782093,-2.490882675
1.6361684799194336,65.67747572430441,-2.418861047
1.6361732482910156,65.35548428916704,-2.501171479
1.6361780166625977,64.9261623756505,-2.429149851
1.6361823081970215,64.06751854861747,-2.496027077
1.6361865997314453,68.03874624864528,-2.321117409
1.6361911296844482,63.74552711348008,-2.5217490870000003
1.6361966133117676,65.2481538107879,-2.377705831
1.6362016201019287,65.89213668106268,-2.5268934890000003
1.6362063884735107,64.71150141889224,-2.2953953990000002
1.6362113952636719,67.0727719432331,-2.2851065950000002
1.6362159252166748,61.06226515400183,-2.614348323
1.6362202167510986,66.21412811620007,-2.367417027
1.6362247467041016,62.99421376482616,-2.429149851
1.6362740993499756,64.81883189727138,-2.418861047
1.636279821395874,64.71150141889224,-2.393139037
1.636284351348877,65.89213668106268,-2.485738273
1.636289358139038,66.96544146485398,-2.300539801
1.636293888092041,61.38425658913922,-2.655503539
1.636298656463623,64.60417094051311,-2.387994635
1.636303186416626,65.78480620268355,-2.5320378910000003
1.636307954788208,64.9261623756505,-2.444583057
1.636312484741211,64.71150141889224,-2.377705831
1.6363179683685303,65.14082333240877,-2.398283439
1.6363232135772705,62.13556993779312,-2.5526154990000003
1.6363279819488525,68.79005959729919,-2.2593845850000003
1.6363344192504883,64.1748490269966,-2.454871861
1.6363461017608643,67.18010242161225,-2.439438655
1.6363513469696045,63.638196635100954,-2.511460283
1.6363565921783447,64.28217950537572,-2.413716645
1.6363611221313477,64.60417094051311,-2.475449469
1.6363658905029297,68.14607672702441,-2.2953953990000002
1.636371374130249,60.31095180534792,-2.629781529
1.636376142501831,65.78480620268355,-2.403427841
1.636380910873413,64.71150141889224,-2.382850233
1.6363856792449951,68.57539864054093,-2.454871861
1.6363904476165771,61.06226515400183,-2.5731931070000003
1.6363956928253174,64.71150141889224,-2.454871861
1.6364173889160156,67.82408529188702,-2.341695017
1.6364243030548096,68.03874624864528,-2.465160665
1.6364290714263916,63.74552711348008,-2.418861047
1.6364340782165527,67.28743289999137,-2.475449469
1.6364388465881348,63.852857591859205,-2.501171479
1.6364436149597168,65.57014524592529,-2.403427841
1.6364483833312988,68.68272911892005,-2.336550615
1.6364529132843018,59.988960370210535,-2.696658755
1.8390047550201416,67.93141577026616,-2.2748177910000003
1.8390259742736816,65.2481538107879,-2.5783375090000002
1.8390345573425293,64.81883189727138,-2.387994635
1.8390405178070068,66.85811098647484,-2.496027077
1.8390462398529053,64.38950998375486,-2.413716645
1.8390519618988037,67.3947633783705,-2.2593845850000003
1.8390579223632812,60.41828228372705,-2.5834819110000002
1.839064359664917,66.75078050809572,-2.403427841
1.8390703201293945,61.169595632380954,-2.5423266950000003
1.8390772342681885,65.67747572430441,-2.393139037
1.8390827178955078,62.45756137293052,-2.5886263130000002
1.8390882015228271,62.99421376482616,-2.5937707150000002
1.8390941619873047,65.2481538107879,-2.439438655
1.839099645614624,68.03874624864528,-2.321117409
1.8391051292419434,63.20887472158443,-2.5680487050000003
1.839111089706421,68.4680681621618,-2.429149851
1.8391168117523193,64.06751854861747,-2.5783375090000002
1.8391225337982178,65.14082333240877,-2.480593871
1.839130163192749,67.50209385674964,-2.315973007
1.8391358852386475,58.8083251080401,-2.665792343
1.8391413688659668,66.42878907295832,-2.2851065950000002
1.8391478061676025,66.10679763782093,-2.470305067
1.839153528213501,64.1748490269966,-2.465160665
1.8391587734222412,63.960188070238345,-2.5577599010000003
1.8391647338867188,66.21412811620007,-2.439438655
1.8391704559326172,67.28743289999137,-2.2593845850000003
1.8391759395599365,61.06226515400183,-2.614348323
1.8391811847686768,68.4680681621618,-2.2696733890000003
1.839186668395996,61.59891754589748,-2.5886263130000002
1.8391921520233154,67.0727719432331,-2.460016263
1.8391976356506348,62.45756137293052,-2.506315881
1.839202642440796,63.20887472158443,-2.485738273
1.839207649230957,62.13556993779312,-2.5474710970000003
1.8392143249511719,68.25340720540353,-2.2696733890000003
1.8392200469970703,62.028239459413996,-2.614348323
1.8392260074615479,67.3947633783705,-2.387994635
1.839231252670288,63.316205199963555,-2.5423266950000003
1.8392367362976074,65.03349285402965,-2.501171479
1.8392422199249268,67.50209385674964,-2.408572243
1.839247703552246,63.74552711348008,-2.5526154990000003
1.8392531871795654,63.960188070238345,-2.382850233
1.8392586708068848,64.38950998375486,-2.403427841
1.839264154434204,64.60417094051311,-2.470305067
1.8392693996429443,64.38950998375486,-2.403427841
1.8392746448516846,64.9261623756505,-2.424005449
1.8392817974090576,66.21412811620007,-2.351983821
1.839287281036377,62.88688328644704,-2.640070333
1.8392925262451172,68.36073768378266,-2.218229369
1.8392977714538574,62.564891851309646,-2.629781529
1.8393030166625977,66.21412811620007,-2.336550615
1.839308261871338,61.59891754589748,-2.475449469
1.839318037033081,63.852857591859205,-2.511460283
1.8393237590789795,58.48633367290271,-2.5783375090000002
1.8393290042877197,67.0727719432331,-2.2953953990000002
1.8393349647521973,62.67222232968878,-2.609203921
1.8393404483795166,66.75078050809572,-2.331406213
1.8393454551696777,63.42353567834269,-2.5371822930000003
1.8393511772155762,64.60417094051311,-2.465160665
1.8393561840057373,67.82408529188702,-2.336550615
1.8393616676330566,65.67747572430441,-2.444583057
1.839367151260376,64.9261623756505,-2.5474710970000003
1.8393735885620117,66.21412811620007,-2.382850233
1.839378833770752,63.1015442432053,-2.5526154990000003
1.8393840789794922,64.71150141889224,-2.434294253
1.8393895626068115,66.96544146485398,-2.346839419
1.8393948078155518,62.028239459413996,-2.434294253
1.8394148349761963,63.316205199963555,-2.5783375090000002
1.8394219875335693,69.21938151081571,-2.305684203
1.8394274711608887,61.49158706751835,-2.496027077
1.839432954788208,65.46281476754616,-2.382850233
1.8394381999969482,64.1748490269966,-2.300539801
1.8394436836242676,65.57014524592529,-2.470305067
1.839449167251587,61.706248024276604,-2.609203921
1.839454174041748,67.28743289999137,-2.2748177910000003
1.8394598960876465,62.564891851309646,-2.490882675
1.8394699096679688,64.9261623756505,-2.393139037
1.8394761085510254,65.78480620268355,-2.418861047
1.8394815921783447,62.88688328644704,-2.444583057
1.839487075805664,66.96544146485398,-2.398283439
1.8394923210144043,64.81883189727138,-2.490882675
1.8394975662231445,63.852857591859205,-2.382850233
1.8395028114318848,66.85811098647484,-2.480593871
1.839508295059204,63.42353567834269,-2.511460283
1.8395135402679443,65.57014524592529,-2.470305067
1.8395190238952637,65.35548428916704,-2.460016263
1.839524269104004,66.21412811620007,-2.351983821
1.8395295143127441,61.38425658913922,-2.696658755
1.8395347595214844,69.00472055405744,-2.2336625750000003
1.8395404815673828,61.49158706751835,-2.5680487050000003
1.8395462036132812,66.96544146485398,-2.377705831
1.8395519256591797,65.2481538107879,-2.465160665
1.8395569324493408,65.2481538107879,-2.341695017
1.8395626544952393,62.028239459413996,-2.665792343
1.8395676612854004,65.89213668106268,-2.429149851
1.8395731449127197,62.77955280806791,-2.490882675
1.8395781517028809,67.3947633783705,-2.387994635
1.8395836353302002,64.71150141889224,-2.5577599010000003
1.8395893573760986,64.38950998375486,-2.429149851
1.8395943641662598,66.75078050809572,-2.331406213
1.839599609375,66.75078050809572,-2.408572243
2.0435843467712402,61.706248024276604,-2.485738273
2.0436031818389893,68.36073768378266,-2.351983821
2.0436110496520996,64.06751854861747,-2.5320378910000003
2.0436179637908936,64.1748490269966,-2.614348323
2.04362416267395,67.3947633783705,-2.424005449
2.0436301231384277,63.20887472158443,-2.5268934890000003
2.0436365604400635,67.3947633783705,-2.496027077
2.043642282485962,67.60942433512876,-2.357128223
2.0436482429504395,64.71150141889224,-2.398283439
2.043654203414917,64.49684046213399,-2.393139037
2.0436599254608154,64.9261623756505,-2.506315881
2.0436654090881348,65.67747572430441,-2.413716645
2.0436713695526123,59.988960370210535,-2.619492725
2.043677568435669,68.03874624864528,-2.310828605
2.04368257522583,63.316205199963555,-2.5371822930000003
2.0436887741088867,65.46281476754616,-2.429149851
2.043694496154785,65.67747572430441,-2.5423266950000003
2.0437018871307373,65.14082333240877,-2.5320378910000003
2.043708324432373,63.852857591859205,-2.449727459
2.0437140464782715,69.21938151081571,-2.362272625
2.043720245361328,62.45756137293052,-2.598915117
2.0437264442443848,66.21412811620007,-2.341695017
2.043731689453125,65.35548428916704,-2.398283439
2.0437376499176025,61.59891754589748,-2.501171479
2.043743371963501,68.79005959729919,-2.346839419
2.0438036918640137,60.63294324048531,-2.604059519
2.0438108444213867,67.71675481350789,-2.326261811
2.043827772140503,63.852857591859205,-2.398283439
2.0438337326049805,65.2481538107879,-2.5217490870000003
2.043840169906616,63.42353567834269,-2.413716645
2.0438451766967773,64.38950998375486,-2.2285181730000003
2.043850898742676,66.3214585945792,-2.357128223
2.043855905532837,64.1748490269966,-2.619492725
2.043861150741577,64.71150141889224,-2.393139037
2.0438661575317383,64.9261623756505,-2.424005449
2.0438714027404785,62.24290041617226,-2.465160665
2.043876886367798,66.3214585945792,-2.470305067
2.043881893157959,65.67747572430441,-2.460016263
2.043887138366699,63.74552711348008,-2.5526154990000003
2.0438930988311768,68.14607672702441,-2.2336625750000003
2.0438990592956543,62.13556993779312,-2.5629043030000003
2.0439045429229736,62.24290041617226,-2.475449469
2.0439107418060303,65.2481538107879,-2.444583057
2.0439162254333496,68.57539864054093,-2.2851065950000002
2.043921709060669,62.67222232968878,-2.5886263130000002
2.0439274311065674,65.14082333240877,-2.496027077
2.0439329147338867,68.4680681621618,-2.321117409
2.043938159942627,62.24290041617226,-2.5526154990000003
2.0439436435699463,67.0727719432331,-2.408572243
2.0439488887786865,63.74552711348008,-2.408572243
2.043954372406006,64.81883189727138,-2.444583057
2.043959617614746,64.28217950537572,-2.465160665
2.0439651012420654,68.36073768378266,-2.2851065950000002
2.0439705848693848,65.14082333240877,-2.758391579
2.043975830078125,65.35548428916704,-2.357128223
2.0439810752868652,64.60417094051311,-2.5474710970000003
2.0439870357513428,64.06751854861747,-2.418861047
2.043992042541504,69.5413729459531,-2.382850233
2.0440022945404053,64.81883189727138,-2.5886263130000002
2.0440077781677246,65.35548428916704,-2.382850233
2.0440125465393066,64.81883189727138,-2.434294253
2.044017791748047,62.35023089455139,-2.511460283
2.044023275375366,64.38950998375486,-2.429149851
2.0440285205841064,64.06751854861747,-2.310828605
2.0440332889556885,62.88688328644704,-2.5268934890000003
2.044038772583008,65.2481538107879,-2.511460283
2.0440447330474854,67.28743289999137,-2.326261811
2.0440492630004883,63.1015442432053,-2.506315881
2.0440547466278076,67.28743289999137,-2.418861047
2.044059991836548,62.99421376482616,-2.5526154990000003
2.0440657138824463,63.74552711348008,-2.475449469
2.0440704822540283,66.64345002971659,-2.444583057
2.0440752506256104,69.21938151081571,-2.362272625
2.044080972671509,62.564891851309646,-2.604059519
2.04408597946167,66.64345002971659,-2.2953953990000002
2.0440919399261475,65.9994671594418,-2.5320378910000003
2.044097423553467,64.38950998375486,-2.413716645
2.044102191925049,67.28743289999137,-2.2542401830000003
2.0441088676452637,61.706248024276604,-2.5371822930000003
2.044114589691162,62.35023089455139,-2.449727459
2.0441195964813232,66.85811098647484,-2.496027077
2.0441248416900635,64.06751854861747,-2.496027077
2.0441300868988037,63.74552711348008,-2.5474710970000003
2.044135570526123,68.03874624864528,-2.408572243
2.044140338897705,63.1015442432053,-2.5731931070000003
2.0441460609436035,65.03349285402965,-2.5526154990000003
2.044151544570923,66.10679763782093,-2.367417027
2.044157028198242,63.42353567834269,-2.501171479
2.0441620349884033,65.67747572430441,-2.357128223
2.0441672801971436,64.60417094051311,-2.5423266950000003
2.044177770614624,64.60417094051311,-2.460016263
2.0441830158233643,63.42353567834269,-2.5886263130000002
2.0441884994506836,69.5413729459531,-2.2902509970000002
2.044194221496582,63.638196635100954,-2.5371822930000003
2.0441997051239014,64.81883189727138,-2.429149851
2.0442049503326416,64.28217950537572,-2.501171479
2.0442099571228027,63.316205199963555,-2.434294253
2.044215440750122,64.81883189727138,-2.413716645
2.044220209121704,64.81883189727138,-2.496027077
2.0442254543304443,62.24290041617226,-2.480593871
2.2467591762542725,66.21412811620007,-2.351983821
2.2467777729034424,63.74552711348008,-2.485738273
2.2468068599700928,64.60417094051311,-2.424005449
2.2468128204345703,68.68272911892005,-2.213084967
2.2468183040618896,60.09629084858966,-2.5526154990000003
2.2468247413635254,68.03874624864528,-2.2953953990000002
2.246830940246582,62.67222232968878,-2.496027077
2.246835947036743,64.60417094051311,-2.403427841
2.2468411922454834,66.64345002971659,-2.403427841
2.2468457221984863,66.3214585945792,-2.470305067
2.2468552589416504,63.1015442432053,-2.393139037
2.2468597888946533,62.24290041617226,-2.614348323
2.2468647956848145,68.03874624864528,-2.331406213
2.24687123298645,65.57014524592529,-2.475449469
2.246875762939453,65.03349285402965,-2.377705831
2.2468810081481934,64.38950998375486,-2.470305067
2.2468860149383545,65.14082333240877,-2.460016263
2.2468910217285156,64.1748490269966,-2.5217490870000003
2.246896982192993,68.89739007567832,-2.310828605
2.246901512145996,64.60417094051311,-2.604059519
2.246906280517578,65.35548428916704,-2.398283439
2.246910572052002,65.46281476754616,-2.439438655
2.246915817260742,65.2481538107879,-2.393139037
2.2469208240509033,60.9549346756227,-2.5474710970000003
2.2469258308410645,63.53086615672182,-2.609203921
2.2469310760498047,68.03874624864528,-2.2285181730000003
2.246936321258545,62.564891851309646,-2.5526154990000003
2.2469420433044434,67.0727719432331,-2.341695017
2.2469468116760254,60.31095180534792,-2.511460283
2.2469520568847656,65.14082333240877,-2.418861047
2.2469568252563477,68.79005959729919,-2.377705831
2.246961832046509,60.31095180534792,-2.619492725
2.246966600418091,63.316205199963555,-2.470305067
2.246971845626831,66.21412811620007,-2.408572243
2.246976852416992,62.67222232968878,-2.645214735
2.246981143951416,64.81883189727138,-2.398283439
2.246986150741577,66.64345002971659,-2.336550615
2.2469913959503174,60.41828228372705,-2.5320378910000003
2.2469966411590576,68.57539864054093,-2.2696733890000003
2.2470014095306396,64.28217950537572,-2.5423266950000003
2.24700665473938,66.85811098647484,-2.434294253
2.2470109462738037,66.53611955133745,-2.5731931070000003
2.247015953063965,64.71150141889224,-2.424005449
2.247021198272705,62.45756137293052,-2.413716645
2.247025728225708,62.45756137293052,-2.609203921
2.24703049659729,67.0727719432331,-2.2593845850000003
2.2470357418060303,62.564891851309646,-2.5731931070000003
2.2470407485961914,66.85811098647484,-2.367417027
2.2470457553863525,61.92090898103487,-2.511460283
2.2470502853393555,64.81883189727138,-2.310828605
2.2470552921295166,65.67747572430441,-2.403427841
2.2470598220825195,62.35023089455139,-2.706947559
2.2470645904541016,67.60942433512876,-2.439438655
2.2470695972442627,67.18010242161225,-2.444583057
2.2470743656158447,62.35023089455139,-2.506315881
2.2470791339874268,64.06751854861747,-2.424005449
2.247084140777588,66.96544146485398,-2.367417027
2.2470884323120117,61.49158706751835,-2.5474710970000003
2.247093439102173,68.68272911892005,-2.2388069770000003
2.247098207473755,64.28217950537572,-2.5423266950000003
2.247102737426758,65.35548428916704,-2.449727459
2.247107982635498,65.35548428916704,-2.460016263
2.247112274169922,64.28217950537572,-2.496027077
2.247117042541504,62.028239459413996,-2.434294253
2.247122049331665,63.316205199963555,-2.629781529
2.247129201889038,68.57539864054093,-2.197651761
2.247138023376465,61.49158706751835,-2.650359137
2.2471425533294678,66.10679763782093,-2.408572243
2.2471470832824707,61.92090898103487,-2.5526154990000003
2.247152328491211,64.38950998375486,-2.326261811
2.247157335281372,64.60417094051311,-2.393139037
2.247161626815796,61.06226515400183,-2.691514353
2.2471659183502197,62.99421376482616,-2.372561429
2.2471706867218018,66.75078050809572,-2.2593845850000003
2.247175693511963,62.45756137293052,-2.5320378910000003
2.247180700302124,65.78480620268355,-2.449727459
2.247184991836548,65.46281476754616,-2.387994635
2.2471892833709717,60.9549346756227,-2.5526154990000003
2.2471940517425537,71.04399964326092,-2.207940565
2.2471985816955566,62.35023089455139,-2.5474710970000003
2.2472033500671387,66.21412811620007,-2.331406213
2.2472081184387207,64.06751854861747,-2.5577599010000003
2.2472610473632812,62.67222232968878,-2.460016263
2.247267007827759,66.64345002971659,-2.357128223
2.2472712993621826,59.881629891831395,-2.676081147
2.2472760677337646,67.71675481350789,-2.377705831
2.247281312942505,64.49684046213399,-2.5320378910000003
2.247286319732666,65.78480620268355,-2.5217490870000003
2.2472915649414062,67.0727719432331,-2.5166046850000003
2.2472963333129883,66.42878907295832,-2.5268934890000003
2.2473013401031494,65.89213668106268,-2.470305067
2.2473063468933105,59.66696893507314,-2.706947559
2.2473108768463135,69.11205103243658,-2.341695017
2.2473156452178955,64.81883189727138,-2.5217490870000003
2.2473204135894775,62.67222232968878,-2.418861047
2.2473249435424805,65.35548428916704,-2.470305067
2.2473297119140625,65.89213668106268,-2.5268934890000003
2.2473347187042236,62.67222232968878,-2.506315881
2.2473390102386475,68.57539864054093,-2.213084967
2.2473440170288086,62.13556993779312,-2.5526154990000003
2.4495444297790527,66.64345002971659,-2.408572243
2.4495599269866943,64.28217950537572,-2.429149851
2.449565887451172,64.9261623756505,-2.315973007
2.449571132659912,61.49158706751835,-2.5526154990000003
2.4495770931243896,62.88688328644704,-2.609203921
2.4495818614959717,66.3214585945792,-2.341695017
2.449586868286133,66.42878907295832,-2.485738273
2.449591875076294,64.9261623756505,-2.413716645
2.449596405029297,63.852857591859205,-2.439438655
2.449601650238037,64.28217950537572,-2.403427841
2.449606418609619,64.28217950537572,-2.393139037
2.449611186981201,66.64345002971659,-2.444583057
2.449615716934204,63.638196635100954,-2.5320378910000003
2.4496209621429443,66.10679763782093,-2.2439513790000003
2.449627161026001,63.960188070238345,-2.449727459
2.4496328830718994,65.03349285402965,-2.511460283
2.4496376514434814,65.67747572430441,-2.336550615
2.449643135070801,64.06751854861747,-2.496027077
2.449647903442383,63.852857591859205,-2.485738273
2.449652671813965,65.2481538107879,-2.321117409
2.4496569633483887,63.53086615672182,-2.470305067
2.44966197013855,64.06751854861747,-2.460016263
2.449666738510132,67.3947633783705,-2.305684203
2.449671983718872,62.99421376482616,-2.640070333
2.449676513671875,68.25340720540353,-2.2388069770000003
2.4496819972991943,62.564891851309646,-2.5268934890000003
2.4496874809265137,65.9994671594418,-2.413716645
2.4496922492980957,65.14082333240877,-2.413716645
2.4496970176696777,66.75078050809572,-2.501171479
2.449702024459839,64.81883189727138,-2.439438655
2.449706554412842,61.169595632380954,-2.496027077
2.4497110843658447,70.07802533784874,-2.434294253
2.4497158527374268,63.316205199963555,-2.629781529
2.4497203826904297,65.2481538107879,-2.490882675
2.4497249126434326,65.46281476754616,-2.460016263
2.4497296810150146,66.10679763782093,-2.444583057
2.4497344493865967,64.60417094051311,-2.413716645
2.4497389793395996,66.10679763782093,-2.454871861
2.4497435092926025,61.813578502655744,-2.506315881
2.4497482776641846,67.82408529188702,-2.413716645
2.4497528076171875,63.74552711348008,-2.5320378910000003
2.4497625827789307,64.1748490269966,-2.429149851
2.449767589569092,67.18010242161225,-2.367417027
2.4497721195220947,66.3214585945792,-2.506315881
2.4497766494750977,68.25340720540353,-2.197651761
2.449781656265259,61.169595632380954,-2.5474710970000003
2.449786424636841,65.89213668106268,-2.382850233
2.449791431427002,63.53086615672182,-2.5320378910000003
2.449796438217163,65.2481538107879,-2.413716645
2.449800729751587,68.03874624864528,-2.5166046850000003
2.449805736541748,63.1015442432053,-2.485738273
2.449810028076172,69.32671198919485,-2.336550615
2.449814558029175,62.67222232968878,-2.5577599010000003
2.449819564819336,62.77955280806791,-2.382850233
2.4498238563537598,65.35548428916704,-2.470305067
2.4498283863067627,65.67747572430441,-2.449727459
2.4498326778411865,65.03349285402965,-2.372561429
2.4498374462127686,62.45756137293052,-2.5320378910000003
2.4498419761657715,61.92090898103487,-2.429149851
2.449847459793091,63.638196635100954,-2.408572243
2.449852228164673,63.20887472158443,-2.5680487050000003
2.449856996536255,65.57014524592529,-2.475449469
2.449861764907837,68.36073768378266,-2.408572243
2.44986629486084,61.59891754589748,-2.5629043030000003
2.449871301651001,68.4680681621618,-2.2696733890000003
2.449876546859741,63.960188070238345,-2.408572243
2.449881076812744,66.85811098647484,-2.5166046850000003
2.4498863220214844,65.35548428916704,-2.315973007
2.4498908519744873,65.89213668106268,-2.5217490870000003
2.4498958587646484,64.06751854861747,-2.501171479
2.4499003887176514,67.82408529188702,-2.429149851
2.4499049186706543,66.53611955133745,-2.367417027
2.4499094486236572,61.92090898103487,-2.614348323
2.4499142169952393,65.9994671594418,-2.470305067
2.449918508529663,64.71150141889224,-2.490882675
2.449923515319824,64.38950998375486,-2.393139037
2.449928045272827,65.78480620268355,-2.331406213
2.449932336807251,61.92090898103487,-2.634925931
2.4499363899230957,64.9261623756505,-2.418861047
2.449941396713257,66.21412811620007,-2.372561429
2.4499495029449463,62.45756137293052,-2.490882675
2.449954032897949,66.42878907295832,-2.393139037
2.449958562850952,66.85811098647484,-2.321117409
2.449963331222534,59.881629891831395,-2.763535981
2.449967622756958,68.25340720540353,-2.362272625
2.449972152709961,65.35548428916704,-2.362272625
2.4499764442443848,63.53086615672182,-2.5268934890000003
2.449981212615967,64.9261623756505,-2.367417027
2.4499852657318115,64.71150141889224,-2.5423266950000003
2.4499902725219727,65.78480620268355,-2.490882675
2.4499945640563965,66.10679763782093,-2.398283439
2.450000047683716,65.35548428916704,-2.393139037
2.4500043392181396,61.49158706751835,-2.5629043030000003
2.4500091075897217,64.81883189727138,-2.372561429
2.4500138759613037,64.38950998375486,-2.511460283
2.4500184059143066,64.81883189727138,-2.444583057
2.4500226974487305,67.0727719432331,-2.341695017
2.4500272274017334,63.20887472158443,-2.5834819110000002
2.4500319957733154,66.10679763782093,-2.444583057
2.4500362873077393,65.9994671594418,-2.341695017
2.6522512435913086,62.564891851309646,-2.2645289870000003
2.6522722244262695,64.38950998375486,-2.403427841
2.65228009223938,66.64345002971659,-2.418861047
2.6522881984710693,62.028239459413996,-2.506315881
2.652294635772705,67.50209385674964,-2.2902509970000002
2.6523022651672363,66.75078050809572,-2.372561429
2.652308464050293,64.06751854861747,-2.470305067
2.652315378189087,65.2481538107879,-2.321117409
2.6523218154907227,65.03349285402965,-2.485738273
2.6523277759552,65.14082333240877,-2.475449469
2.6523337364196777,67.82408529188702,-2.403427841
2.652341365814209,63.852857591859205,-2.398283439
2.652348041534424,62.67222232968878,-2.634925931
2.6523542404174805,65.89213668106268,-2.331406213
2.652360677719116,64.06751854861747,-2.609203921
2.6523663997650146,65.14082333240877,-2.449727459
2.652372121810913,67.50209385674964,-2.331406213
2.652418613433838,62.67222232968878,-2.722380765
2.6524252891540527,67.18010242161225,-2.2851065950000002
2.652432441711426,64.49684046213399,-2.480593871
2.6524391174316406,63.74552711348008,-2.393139037
2.6524457931518555,65.46281476754616,-2.485738273
2.6524524688720703,66.64345002971659,-2.387994635
2.652458667755127,61.169595632380954,-2.5629043030000003
2.652465581893921,65.78480620268355,-2.429149851
2.6524717807769775,68.14607672702441,-2.2799621930000002
2.6524791717529297,62.88688328644704,-2.506315881
2.6524851322174072,65.35548428916704,-2.377705831
2.652491569519043,63.42353567834269,-2.5577599010000003
2.652498960494995,63.638196635100954,-2.5320378910000003
2.652505874633789,68.14607672702441,-2.2748177910000003
2.6525135040283203,62.564891851309646,-2.670936745
2.652520179748535,61.706248024276604,-2.5423266950000003
2.6525261402130127,66.75078050809572,-2.315973007
2.6525325775146484,63.20887472158443,-2.501171479
2.652540922164917,63.852857591859205,-2.434294253
2.6525466442108154,66.96544146485398,-2.331406213
2.652552604675293,59.77429941345227,-2.691514353
2.6525583267211914,66.85811098647484,-2.2542401830000003
2.652647018432617,65.9994671594418,-2.5320378910000003
2.6526541709899902,65.03349285402965,-2.424005449
2.652660608291626,66.21412811620007,-2.398283439
2.652667284011841,64.49684046213399,-2.506315881
2.65267276763916,62.564891851309646,-2.5834819110000002
2.652678966522217,66.64345002971659,-2.5526154990000003
2.6526846885681152,67.60942433512876,-2.321117409
2.6526927947998047,63.960188070238345,-2.634925931
2.6526987552642822,66.85811098647484,-2.346839419
2.652704954147339,63.638196635100954,-2.5680487050000003
2.6527106761932373,64.60417094051311,-2.398283439
2.6527163982391357,67.3947633783705,-2.351983821
2.652721643447876,63.74552711348008,-2.501171479
2.6527273654937744,62.67222232968878,-2.485738273
2.6527326107025146,67.18010242161225,-2.341695017
2.652738094329834,62.45756137293052,-2.5577599010000003
2.6527440547943115,65.46281476754616,-2.460016263
2.652750015258789,67.3947633783705,-2.315973007
2.6527552604675293,62.13556993779312,-2.650359137
2.6527609825134277,69.43404246757397,-2.300539801
2.652766466140747,64.71150141889224,-2.598915117
2.6527721881866455,65.78480620268355,-2.418861047
2.652778148651123,64.38950998375486,-2.496027077
2.6527833938598633,63.74552711348008,-2.506315881
2.6527888774871826,62.67222232968878,-2.475449469
2.652794361114502,62.88688328644704,-2.5423266950000003
2.6528005599975586,68.89739007567832,-2.218229369
2.652806520462036,62.35023089455139,-2.475449469
2.6528117656707764,66.85811098647484,-2.351983821
2.652817487716675,62.88688328644704,-2.480593871
2.652822971343994,64.28217950537572,-2.434294253
2.6528282165527344,67.60942433512876,-2.429149851
2.652833938598633,59.45230797831488,-2.598915117
2.6528403759002686,64.60417094051311,-2.367417027
2.652845859527588,65.2481538107879,-2.408572243
2.6528513431549072,62.45756137293052,-2.449727459
2.6528565883636475,65.78480620268355,-2.444583057
2.652862310409546,65.89213668106268,-2.465160665
2.652867555618286,63.960188070238345,-2.398283439
2.6528732776641846,69.5413729459531,-2.403427841
2.652878761291504,61.92090898103487,-2.475449469
2.652885675430298,66.96544146485398,-2.475449469
2.6529221534729004,65.03349285402965,-2.480593871
2.652928113937378,65.89213668106268,-2.444583057
2.652933120727539,68.03874624864528,-2.429149851
2.6529386043548584,64.60417094051311,-2.434294253
2.6529438495635986,63.852857591859205,-2.490882675
2.652949571609497,68.03874624864528,-2.305684203
2.6529550552368164,62.028239459413996,-2.5577599010000003
2.652961254119873,67.82408529188702,-2.490882675
2.6529667377471924,63.20887472158443,-2.5166046850000003
2.65297269821167,64.1748490269966,-2.480593871
2.65297794342041,64.81883189727138,-2.387994635
2.6529903411865234,65.03349285402965,-2.377705831
2.6530182361602783,61.92090898103487,-2.5783375090000002
2.653024196624756,67.60942433512876,-2.377705831
2.653029680252075,64.81883189727138,-2.5629043030000003
2.653035879135132,64.71150141889224,-2.465160665
2.653041124343872,69.00472055405744,-2.444583057
2.6530466079711914,60.41828228372705,-2.650359137
2.653052568435669,68.14607672702441,-2.2953953990000002
2.855895519256592,63.638196635100954,-2.5680487050000003
2.855914354324341,65.57014524592529,-2.346839419
2.8559212684631348,64.9261623756505,-2.475449469
2.8559274673461914,64.81883189727138,-2.475449469
2.8559329509735107,68.89739007567832,-2.346839419
2.855938196182251,59.55963845669401,-2.640070333
2.855943202972412,68.57539864054093,-2.2953953990000002
2.8559489250183105,61.92090898103487,-2.511460283
2.8559536933898926,64.9261623756505,-2.413716645
2.8559584617614746,61.59891754589748,-2.501171479
2.8559632301330566,65.46281476754616,-2.5166046850000003
2.855968952178955,67.18010242161225,-2.336550615
2.855973958969116,62.564891851309646,-2.634925931
2.8559787273406982,61.06226515400183,-2.5268934890000003
2.8559839725494385,67.3947633783705,-2.449727459
2.8559930324554443,63.852857591859205,-2.418861047
2.856001138687134,65.57014524592529,-2.460016263
2.8560070991516113,65.67747572430441,-2.465160665
2.8560123443603516,61.169595632380954,-2.439438655
2.856017589569092,68.03874624864528,-2.2902509970000002
2.856022596359253,61.706248024276604,-2.5937707150000002
2.856027364730835,66.75078050809572,-2.367417027
2.8560328483581543,64.71150141889224,-2.496027077
2.8560376167297363,65.9994671594418,-2.501171479
2.8560426235198975,66.85811098647484,-2.341695017
2.8560473918914795,61.813578502655744,-2.5629043030000003
2.8560526371002197,66.21412811620007,-2.439438655
2.856057643890381,66.75078050809572,-2.2953953990000002
2.856062650680542,63.74552711348008,-2.598915117
2.856067180633545,64.60417094051311,-2.372561429
2.8560714721679688,65.57014524592529,-2.501171479
2.856076717376709,66.42878907295832,-2.2696733890000003
2.85608172416687,59.13031654317749,-2.701803157
2.856086492538452,63.960188070238345,-2.387994635
2.8560914993286133,62.45756137293052,-2.640070333
2.856096029281616,67.18010242161225,-2.377705831
2.8561017513275146,63.960188070238345,-2.465160665
2.856106996536255,65.35548428916704,-2.496027077
2.856111764907837,65.9994671594418,-2.362272625
2.8561201095581055,64.49684046213399,-2.686369951
2.8561251163482666,62.13556993779312,-2.336550615
2.8561296463012695,65.67747572430441,-2.408572243
2.8561344146728516,64.81883189727138,-2.408572243
2.8561391830444336,66.96544146485398,-2.413716645
2.8561437129974365,64.9261623756505,-2.490882675
2.8561482429504395,68.25340720540353,-2.351983821
2.8561532497406006,59.34497749993575,-2.614348323
2.8561575412750244,68.14607672702441,-2.357128223
2.8561627864837646,63.20887472158443,-2.454871861
2.856168270111084,65.9994671594418,-2.382850233
2.856172561645508,59.881629891831395,-2.5629043030000003
2.856178045272827,64.1748490269966,-2.496027077
2.856186628341675,64.28217950537572,-2.372561429
2.856191635131836,64.60417094051311,-2.444583057
2.856196165084839,63.74552711348008,-2.434294253
2.856200695037842,64.81883189727138,-2.490882675
2.8562052249908447,68.03874624864528,-2.424005449
2.856210708618164,64.38950998375486,-2.418861047
2.856215715408325,65.03349285402965,-2.418861047
2.8562204837799072,63.42353567834269,-2.5783375090000002
2.8562252521514893,69.00472055405744,-2.326261811
2.8562302589416504,61.813578502655744,-2.511460283
2.8562350273132324,66.3214585945792,-2.336550615
2.8562395572662354,66.64345002971659,-2.403427841
2.8562440872192383,65.57014524592529,-2.418861047
2.856248378753662,63.960188070238345,-2.460016263
2.856252670288086,66.3214585945792,-2.315973007
2.856257438659668,61.169595632380954,-2.660647941
2.85626220703125,69.97069485946962,-2.2851065950000002
2.8562676906585693,62.13556993779312,-2.665792343
2.856271982192993,66.64345002971659,-2.398283439
2.856276512145996,64.1748490269966,-2.424005449
2.856281280517578,65.46281476754616,-2.393139037
2.856285810470581,62.13556993779312,-2.444583057
2.856290102005005,67.93141577026616,-2.2696733890000003
2.856295347213745,63.20887472158443,-2.5731931070000003
2.856299877166748,66.3214585945792,-2.387994635
2.8563039302825928,63.1015442432053,-2.5423266950000003
2.8563106060028076,64.60417094051311,-2.511460283
2.8563148975372314,65.46281476754616,-2.310828605
2.8563196659088135,61.06226515400183,-2.634925931
2.8563241958618164,68.03874624864528,-2.351983821
2.8563284873962402,60.9549346756227,-2.5834819110000002
2.8563337326049805,66.3214585945792,-2.357128223
2.8563380241394043,62.35023089455139,-2.5423266950000003
2.8563427925109863,63.638196635100954,-2.480593871
2.8563475608825684,64.71150141889224,-2.470305067
2.8563520908355713,68.36073768378266,-2.460016263
2.856356620788574,62.13556993779312,-2.475449469
2.856360673904419,66.64345002971659,-2.413716645
2.856365203857422,61.59891754589748,-2.5371822930000003
2.856369733810425,65.35548428916704,-2.372561429
2.8563742637634277,65.9994671594418,-2.485738273
2.8563787937164307,62.67222232968878,-2.5320378910000003
2.8563835620880127,63.852857591859205,-2.5166046850000003
2.8563883304595947,64.60417094051311,-2.5526154990000003
2.856393337249756,65.2481538107879,-2.346839419
2.8564889430999756,64.28217950537572,-2.465160665
2.8564951419830322,63.638196635100954,-2.5268934890000003
2.8565001487731934,65.14082333240877,-2.449727459
3.0591049194335938,64.71150141889224,-2.336550615
3.0591278076171875,60.84760419724358,-2.598915117
3.059136152267456,71.90264347029395,-2.2799621930000002
3.0591442584991455,62.88688328644704,-2.511460283
3.0591506958007812,66.42878907295832,-2.377705831
3.059157371520996,64.28217950537572,-2.413716645
3.05916428565979,64.1748490269966,-2.439438655
3.059170722961426,64.60417094051311,-2.449727459
3.0591776371002197,67.93141577026616,-2.377705831
3.0591835975646973,59.77429941345227,-2.506315881
3.059189796447754,68.57539864054093,-2.393139037
3.0591957569122314,62.99421376482616,-2.5268934890000003
3.0592026710510254,62.564891851309646,-2.5166046850000003
3.0592098236083984,64.9261623756505,-2.413716645
3.0592164993286133,67.71675481350789,-2.372561429
3.059222459793091,60.84760419724358,-2.619492725
3.05922794342041,69.43404246757397,-2.357128223
3.0592336654663086,62.028239459413996,-2.511460283
3.0592403411865234,66.53611955133745,-2.362272625
3.059246063232422,63.42353567834269,-2.424005449
3.0592517852783203,65.46281476754616,-2.490882675
3.0592586994171143,67.3947633783705,-2.331406213
3.059265613555908,62.45756137293052,-2.5371822930000003
3.059271812438965,66.75078050809572,-2.2285181730000003
3.0592780113220215,62.88688328644704,-2.598915117
3.059283494949341,67.93141577026616,-2.418861047
3.0592896938323975,62.77955280806791,-2.449727459
3.059296131134033,64.71150141889224,-2.408572243
3.059326648712158,63.638196635100954,-2.5680487050000003
3.059333562850952,64.9261623756505,-2.387994635
3.059340476989746,62.99421376482616,-2.5217490870000003
3.0593464374542236,61.92090898103487,-2.5371822930000003
3.0593526363372803,67.3947633783705,-2.321117409
3.059358835220337,65.14082333240877,-2.480593871
3.0593647956848145,64.28217950537572,-2.434294253
3.059375047683716,67.82408529188702,-2.331406213
3.059380531311035,61.06226515400183,-2.681225549
3.059386730194092,69.00472055405744,-2.2593845850000003
3.059393882751465,65.67747572430441,-2.598915117
3.0594139099121094,64.49684046213399,-2.403427841
3.0594208240509033,64.9261623756505,-2.403427841
3.0594263076782227,65.78480620268355,-2.413716645
3.059432029724121,61.276926110760094,-2.490882675
3.0594382286071777,67.60942433512876,-2.351983821
3.059443950653076,65.67747572430441,-2.336550615
3.0594496726989746,63.20887472158443,-2.5886263130000002
3.059455633163452,67.60942433512876,-2.387994635
3.0594613552093506,63.74552711348008,-2.5731931070000003
3.0594675540924072,65.67747572430441,-2.346839419
3.059473752975464,65.2481538107879,-2.439438655
3.0594801902770996,60.63294324048531,-2.490882675
3.059485673904419,68.36073768378266,-2.300539801
3.0594916343688965,64.28217950537572,-2.434294253
3.059497117996216,64.81883189727138,-2.475449469
3.059502363204956,66.64345002971659,-2.480593871
3.0595083236694336,65.78480620268355,-2.5166046850000003
3.0595145225524902,64.38950998375486,-2.408572243
3.0595202445983887,66.21412811620007,-2.5526154990000003
3.059526205062866,63.20887472158443,-2.496027077
3.0595319271087646,67.71675481350789,-2.336550615
3.059537410736084,63.42353567834269,-2.5526154990000003
3.0595433712005615,63.960188070238345,-2.470305067
3.0595498085021973,69.21938151081571,-2.357128223
3.0595602989196777,60.84760419724358,-2.640070333
3.059566020965576,69.43404246757397,-2.2439513790000003
3.0595717430114746,62.13556993779312,-2.424005449
3.059577703475952,65.03349285402965,-2.454871861
3.0595836639404297,63.852857591859205,-2.429149851
3.059589147567749,63.74552711348008,-2.5166046850000003
3.0595953464508057,62.028239459413996,-2.5268934890000003
3.059601306915283,62.77955280806791,-2.362272625
3.0596065521240234,67.93141577026616,-2.393139037
3.05961275100708,59.02298606479835,-2.598915117
3.0596182346343994,64.81883189727138,-2.357128223
3.0596261024475098,65.2481538107879,-2.501171479
3.059631586074829,65.78480620268355,-2.501171479
3.0596375465393066,67.3947633783705,-2.310828605
3.059643268585205,61.706248024276604,-2.5474710970000003
3.0596494674682617,66.3214585945792,-2.341695017
3.05965518951416,65.57014524592529,-2.475449469
3.0596606731414795,65.57014524592529,-2.331406213
3.059666395187378,63.74552711348008,-2.408572243
3.0596723556518555,65.67747572430441,-2.496027077
3.059678316116333,63.53086615672182,-2.362272625
3.059683322906494,61.38425658913922,-2.5937707150000002
3.059690475463867,68.03874624864528,-2.326261811
3.0596961975097656,61.49158706751835,-2.387994635
3.059702157974243,66.85811098647484,-2.485738273
3.0597076416015625,66.64345002971659,-2.418861047
3.0597140789031982,64.81883189727138,-2.439438655
3.059720993041992,63.20887472158443,-2.501171479
3.0597317218780518,60.9549346756227,-2.5371822930000003
3.0597376823425293,68.89739007567832,-2.2285181730000003
3.059743642807007,64.38950998375486,-2.424005449
3.0597496032714844,66.10679763782093,-2.429149851
3.059755563735962,64.81883189727138,-2.5629043030000003
3.0597612857818604,63.1015442432053,-2.449727459
3.0597667694091797,67.18010242161225,-2.357128223
3.0597729682922363,63.852857591859205,-2.439438655
3.0597786903381348,61.169595632380954,-2.470305067
3.2627758979797363,67.50209385674964,-2.413716645
3.262824296951294,65.89213668106268,-2.5166046850000003
3.262833833694458,64.49684046213399,-2.367417027
3.262840747833252,69.64870342433223,-2.351983821
3.262847423553467,63.53086615672182,-2.5629043030000003
3.262854814529419,64.49684046213399,-2.5577599010000003
3.2628636360168457,66.64345002971659,-2.331406213
3.262871026992798,62.13556993779312,-2.624637127
3.2628774642944336,68.03874624864528,-2.300539801
3.2628841400146484,62.88688328644704,-2.5217490870000003
3.2628915309906006,63.852857591859205,-2.501171479
3.262899398803711,60.203621326968786,-2.5268934890000003
3.262906551361084,68.79005959729919,-2.2439513790000003
3.262913703918457,63.638196635100954,-2.5217490870000003
3.262920379638672,65.67747572430441,-2.393139037
3.262927293777466,62.77955280806791,-2.511460283
3.2629332542419434,64.38950998375486,-2.449727459
3.262939929962158,67.3947633783705,-2.305684203
3.262946605682373,60.74027371886444,-2.609203921
3.262953281402588,65.89213668106268,-2.310828605
3.2629637718200684,64.71150141889224,-2.470305067
3.2629706859588623,64.9261623756505,-2.454871861
3.262977361679077,65.03349285402965,-2.485738273
3.262983560562134,67.28743289999137,-2.485738273
3.2629899978637695,65.14082333240877,-2.315973007
3.262996196746826,60.203621326968786,-2.614348323
3.26300311088562,68.4680681621618,-2.151352143
3.263009786605835,63.638196635100954,-2.5526154990000003
3.263016939163208,66.3214585945792,-2.408572243
3.2630233764648438,62.45756137293052,-2.5320378910000003
3.263030767440796,64.71150141889224,-2.424005449
3.2630374431610107,67.3947633783705,-2.146207741
3.2630438804626465,64.1748490269966,-2.604059519
3.263050079345703,62.99421376482616,-2.434294253
3.263056755065918,68.4680681621618,-2.393139037
3.2630629539489746,63.42353567834269,-2.470305067
3.2630696296691895,66.53611955133745,-2.418861047
3.263075828552246,65.35548428916704,-2.485738273
3.2630820274353027,61.813578502655744,-2.5474710970000003
3.2630889415740967,70.18535581622788,-2.305684203
3.2630956172943115,61.706248024276604,-2.5526154990000003
3.2631022930145264,67.18010242161225,-2.418861047
3.2631096839904785,64.28217950537572,-2.5629043030000003
3.2631163597106934,64.06751854861747,-2.506315881
3.263122797012329,67.50209385674964,-2.382850233
3.2631289958953857,62.67222232968878,-2.5526154990000003
3.263136148452759,63.1015442432053,-2.506315881
3.2631421089172363,66.10679763782093,-2.305684203
3.263148546218872,64.1748490269966,-2.640070333
3.2631571292877197,65.46281476754616,-2.398283439
3.2631638050079346,65.67747572430441,-2.624637127
3.2631704807281494,63.852857591859205,-2.418861047
3.263176441192627,59.34497749993575,-2.691514353
3.2631824016571045,66.42878907295832,-2.2851065950000002
3.2631890773773193,62.77955280806791,-2.5731931070000003
3.2632782459259033,67.50209385674964,-2.413716645
3.2632858753204346,63.42353567834269,-2.5629043030000003
3.2632930278778076,63.638196635100954,-2.465160665
3.2633004188537598,68.79005959729919,-2.367417027
3.2633073329925537,62.88688328644704,-2.665792343
3.2633137702941895,65.78480620268355,-2.2953953990000002
3.2633209228515625,64.49684046213399,-2.449727459
3.2633280754089355,63.20887472158443,-2.429149851
3.2633345127105713,65.89213668106268,-2.480593871
3.263341188430786,64.9261623756505,-2.418861047
3.2633543014526367,68.4680681621618,-2.2696733890000003
3.2633614540100098,60.84760419724358,-2.5783375090000002
3.263368844985962,67.60942433512876,-2.429149851
3.2633752822875977,62.564891851309646,-2.336550615
3.2633821964263916,65.2481538107879,-2.393139037
3.2633888721466064,61.92090898103487,-2.5217490870000003
3.2633955478668213,66.10679763782093,-2.465160665
3.263418197631836,66.3214585945792,-2.315973007
3.263424873352051,65.03349285402965,-2.434294253
3.2634315490722656,68.14607672702441,-2.336550615
3.2634382247924805,63.53086615672182,-2.480593871
3.2634451389312744,65.35548428916704,-2.444583057
3.2634520530700684,64.60417094051311,-2.5371822930000003
3.2634594440460205,66.3214585945792,-2.413716645
3.2634661197662354,66.21412811620007,-2.413716645
3.2634732723236084,61.38425658913922,-2.665792343
3.263479709625244,68.25340720540353,-2.2696733890000003
3.2634871006011963,62.77955280806791,-2.5680487050000003
3.2634942531585693,65.9994671594418,-2.387994635
3.263500690460205,64.49684046213399,-2.5320378910000003
3.263507604598999,65.03349285402965,-2.454871861
3.263514280319214,67.18010242161225,-2.480593871
3.2635233402252197,64.06751854861747,-2.413716645
3.263530731201172,60.09629084858966,-2.5834819110000002
3.263538360595703,67.3947633783705,-2.331406213
3.2635445594787598,65.46281476754616,-2.336550615
3.2635509967803955,62.028239459413996,-2.490882675
3.2635576725006104,65.67747572430441,-2.490882675
3.263564348220825,65.78480620268355,-2.372561429
3.263570785522461,61.169595632380954,-2.712091961
3.263577461242676,68.03874624864528,-2.2542401830000003
3.2635860443115234,63.20887472158443,-2.5886263130000002
3.2635929584503174,65.9994671594418,-2.398283439
3.263599395751953,65.46281476754616,-2.5371822930000003
3.263606309890747,67.71675481350789,-2.424005449
3.4669134616851807,61.06226515400183,-2.511460283
3.4669346809387207,68.4680681621618,-2.2285181730000003
3.46694278717041,63.20887472158443,-2.5474710970000003
3.466949939727783,65.9994671594418,-2.351983821
3.466956377029419,62.35023089455139,-2.454871861
3.466963052749634,65.14082333240877,-2.449727459
3.4669694900512695,63.852857591859205,-2.465160665
3.466975450515747,66.3214585945792,-2.321117409
3.466982364654541,62.24290041617226,-2.645214735
3.4669885635375977,68.36073768378266,-2.2593845850000003
3.4669950008392334,63.20887472158443,-2.5217490870000003
3.467001438140869,65.03349285402965,-2.336550615
3.467007637023926,63.74552711348008,-2.439438655
3.467015266418457,66.10679763782093,-2.511460283
3.4670212268829346,61.06226515400183,-2.624637127
3.467027187347412,68.25340720540353,-2.336550615
3.4670329093933105,61.276926110760094,-2.598915117
3.467039108276367,66.21412811620007,-2.362272625
3.4670448303222656,63.638196635100954,-2.5577599010000003
3.4670512676239014,65.14082333240877,-2.439438655
3.4670608043670654,67.0727719432331,-2.331406213
3.467066526412964,65.14082333240877,-2.501171479
3.467071771621704,66.85811098647484,-2.382850233
3.4670772552490234,63.638196635100954,-2.496027077
3.467082977294922,66.75078050809572,-2.357128223
3.4670886993408203,63.960188070238345,-2.480593871
3.467094659805298,65.35548428916704,-2.429149851
3.467100143432617,64.81883189727138,-2.439438655
3.4671058654785156,66.42878907295832,-2.403427841
3.467111825942993,62.88688328644704,-2.604059519
3.4671173095703125,64.06751854861747,-2.475449469
3.467123508453369,66.64345002971659,-2.465160665
3.467130661010742,64.49684046213399,-2.434294253
3.467136859893799,64.1748490269966,-2.619492725
3.4671425819396973,65.2481538107879,-2.326261811
3.4671478271484375,62.99421376482616,-2.634925931
3.467153549194336,66.3214585945792,-2.300539801
3.4671592712402344,65.35548428916704,-2.5423266950000003
3.467165470123291,63.960188070238345,-2.475449469
3.4671711921691895,65.35548428916704,-2.413716645
3.4671764373779297,66.21412811620007,-2.403427841
3.4671823978424072,61.169595632380954,-2.5629043030000003
3.467212677001953,68.89739007567832,-2.315973007
3.4672183990478516,58.700994629660975,-2.645214735
3.467224597930908,65.9994671594418,-2.418861047
3.4672300815582275,65.57014524592529,-2.475449469
3.4672420024871826,65.14082333240877,-2.475449469
3.4672482013702393,64.9261623756505,-2.511460283
3.467254400253296,67.28743289999137,-2.346839419
3.4672598838806152,59.988960370210535,-2.5886263130000002
3.467266321182251,68.79005959729919,-2.2902509970000002
3.4672725200653076,65.89213668106268,-2.511460283
3.467278242111206,62.028239459413996,-2.5268934890000003
3.4672839641571045,64.60417094051311,-2.413716645
3.467289686203003,66.96544146485398,-2.331406213
3.4672954082489014,60.52561276210618,-2.650359137
3.467301368713379,69.5413729459531,-2.382850233
3.4673073291778564,62.45756137293052,-2.5166046850000003
3.467313289642334,68.03874624864528,-2.372561429
3.467318534851074,61.38425658913922,-2.480593871
3.4673242568969727,63.53086615672182,-2.357128223
3.467329502105713,66.85811098647484,-2.2953953990000002
3.4673357009887695,61.706248024276604,-2.5886263130000002
3.467341661453247,65.46281476754616,-2.305684203
3.467348098754883,62.24290041617226,-2.5217490870000003
3.4673545360565186,69.11205103243658,-2.424005449
3.467359781265259,61.49158706751835,-2.5886263130000002
3.4673657417297363,64.9261623756505,-2.336550615
3.467371702194214,64.9261623756505,-2.403427841
3.4673774242401123,66.96544146485398,-2.326261811
3.4673829078674316,63.53086615672182,-2.5731931070000003
3.467388868331909,61.169595632380954,-2.5886263130000002
3.4673969745635986,65.78480620268355,-2.346839419
3.4674201011657715,63.852857591859205,-2.470305067
3.467426300048828,65.9994671594418,-2.5371822930000003
3.4674322605133057,68.25340720540353,-2.2645289870000003
3.4674389362335205,62.13556993779312,-2.5886263130000002
3.4674453735351562,67.18010242161225,-2.2645289870000003
3.4674525260925293,65.89213668106268,-2.470305067
3.4674582481384277,62.88688328644704,-2.485738273
3.467463970184326,65.9994671594418,-2.398283439
3.4674692153930664,65.35548428916704,-2.460016263
3.467474937438965,66.21412811620007,-2.2696733890000003
3.4674808979034424,63.852857591859205,-2.5577599010000003
3.467487335205078,67.71675481350789,-2.218229369
3.4674930572509766,60.84760419724358,-2.5371822930000003
3.467499017715454,66.53611955133745,-2.418861047
3.4675047397613525,64.28217950537572,-2.382850233
3.467510461807251,66.96544146485398,-2.480593871
3.4675159454345703,64.38950998375486,-2.5217490870000003
3.467522144317627,63.20887472158443,-2.470305067
3.4675281047821045,69.75603390271137,-2.326261811
3.467533826828003,64.38950998375486,-2.506315881
3.4675393104553223,64.38950998375486,-2.413716645
3.4675490856170654,64.9261623756505,-2.449727459
3.4675540924072266,64.71150141889224,-2.501171479
3.467559814453125,65.78480620268355,-2.424005449
3.4675655364990234,63.960188070238345,-2.496027077
3.467571258544922,62.67222232968878,-2.424005449
3.4675769805908203,66.21412811620007,-2.367417027
3.6723313331604004,63.638196635100954,-2.604059519
3.6723523139953613,64.28217950537572,-2.429149851
3.6723601818084717,67.93141577026616,-2.336550615
3.6723673343658447,59.881629891831395,-2.640070333
3.672377347946167,67.0727719432331,-2.408572243
3.672384262084961,66.21412811620007,-2.2902509970000002
3.6723926067352295,62.88688328644704,-2.5526154990000003
3.6724090576171875,67.28743289999137,-2.357128223
3.672417402267456,65.03349285402965,-2.5423266950000003
3.672424554824829,67.50209385674964,-2.470305067
3.672430992126465,68.89739007567832,-2.321117409
3.6724367141723633,61.06226515400183,-2.655503539
3.672562599182129,64.71150141889224,-2.485738273
3.672569751739502,66.3214585945792,-2.362272625
3.6725752353668213,61.813578502655744,-2.465160665
3.672581434249878,66.85811098647484,-2.496027077
3.6725878715515137,65.78480620268355,-2.444583057
3.6725943088531494,62.99421376482616,-2.598915117
3.6726133823394775,68.57539864054093,-2.2902509970000002
3.6726200580596924,60.9549346756227,-2.5886263130000002
3.672626495361328,66.42878907295832,-2.321117409
3.6726326942443848,65.2481538107879,-2.434294253
3.6726386547088623,65.2481538107879,-2.490882675
3.6726443767547607,63.852857591859205,-2.346839419
3.672650098800659,60.63294324048531,-2.609203921
3.6726560592651367,68.25340720540353,-2.362272625
3.672661542892456,64.60417094051311,-2.357128223
3.6726672649383545,65.14082333240877,-2.501171479
3.672672748565674,67.3947633783705,-2.372561429
3.6726787090301514,64.60417094051311,-2.449727459
3.67268443107605,64.06751854861747,-2.336550615
3.672689914703369,62.24290041617226,-2.691514353
3.6726956367492676,67.3947633783705,-2.2542401830000003
3.672701835632324,63.20887472158443,-2.5371822930000003
3.67270827293396,64.71150141889224,-2.403427841
3.6727137565612793,64.28217950537572,-2.465160665
3.6727194786071777,63.20887472158443,-2.465160665
3.672724962234497,67.3947633783705,-2.387994635
3.6727306842803955,64.1748490269966,-2.5577599010000003
3.6727371215820312,63.852857591859205,-2.351983821
3.6727428436279297,65.46281476754616,-2.403427841
3.6727488040924072,61.92090898103487,-2.5217490870000003
3.672755479812622,64.38950998375486,-2.449727459
3.6727609634399414,67.28743289999137,-2.434294253
3.6727664470672607,64.1748490269966,-2.429149851
3.6727874279022217,64.1748490269966,-2.696658755
3.672792911529541,67.82408529188702,-2.2285181730000003
3.6727991104125977,62.24290041617226,-2.5886263130000002
3.6728053092956543,66.85811098647484,-2.2593845850000003
3.6728110313415527,62.35023089455139,-2.5731931070000003
3.6728172302246094,63.53086615672182,-2.480593871
3.672822952270508,65.67747572430441,-2.331406213
3.672828435897827,64.71150141889224,-2.444583057
3.672835111618042,65.35548428916704,-2.645214735
3.6728405952453613,66.96544146485398,-2.372561429
3.6728458404541016,61.813578502655744,-2.5423266950000003
3.672852039337158,66.85811098647484,-2.439438655
3.6728575229644775,68.79005959729919,-2.475449469
3.672863006591797,62.77955280806791,-2.634925931
3.6728687286376953,67.93141577026616,-2.357128223
3.6728739738464355,61.49158706751835,-2.614348323
3.672879457473755,66.10679763782093,-2.2953953990000002
3.6728856563568115,64.60417094051311,-2.501171479
3.672891139984131,65.78480620268355,-2.439438655
3.67289662361145,67.71675481350789,-2.408572243
3.672903299331665,62.028239459413996,-2.496027077
3.6729087829589844,64.71150141889224,-2.454871861
3.672914505004883,65.9994671594418,-2.321117409
3.6729202270507812,63.1015442432053,-2.5886263130000002
3.672926187515259,64.06751854861747,-2.377705831
3.672931432723999,63.53086615672182,-2.496027077
3.6729366779327393,65.89213668106268,-2.5217490870000003
3.672942638397217,59.55963845669401,-2.660647941
3.672948122024536,68.4680681621618,-2.171929751
3.6729533672332764,61.38425658913922,-2.5526154990000003
3.672959566116333,65.57014524592529,-2.393139037
3.6729650497436523,63.53086615672182,-2.5937707150000002
3.672971248626709,63.960188070238345,-2.429149851
3.6729769706726074,67.93141577026616,-2.454871861
3.6729824542999268,63.42353567834269,-2.660647941
3.672987937927246,67.60942433512876,-2.2285181730000003
3.672994613647461,63.1015442432053,-2.645214735
3.6730051040649414,66.3214585945792,-2.326261811
3.673011064529419,65.14082333240877,-2.470305067
3.673016309738159,64.28217950537572,-2.434294253
3.673022508621216,65.2481538107879,-2.465160665
3.6730282306671143,63.74552711348008,-2.351983821
3.6730334758758545,63.42353567834269,-2.640070333
3.673038959503174,67.28743289999137,-2.2336625750000003
3.673046112060547,65.89213668106268,-2.645214735
3.6730518341064453,67.0727719432331,-2.424005449
3.6730570793151855,65.2481538107879,-2.444583057
3.673062324523926,69.00472055405744,-2.341695017
3.673067569732666,61.59891754589748,-2.604059519
3.6730730533599854,69.32671198919485,-2.218229369
3.6730785369873047,61.59891754589748,-2.444583057
3.673084020614624,67.60942433512876,-2.310828605
3.6730892658233643,62.45756137293052,-2.5371822930000003
3.673095226287842,64.06751854861747,-2.403427841
3.673100709915161,68.03874624864528,-2.315973007
3.876563787460327,63.316205199963555,-2.5320378910000003
3.876587390899658,65.14082333240877,-2.310828605
3.8765952587127686,65.03349285402965,-2.408572243
3.8766024112701416,65.35548428916704,-2.480593871
3.8766098022460938,64.60417094051311,-2.434294253
3.876619577407837,64.38950998375486,-2.434294253
3.87662672996521,66.42878907295832,-2.357128223
3.8766331672668457,62.564891851309646,-2.444583057
3.8766403198242188,66.10679763782093,-2.5577599010000003
3.876647710800171,64.1748490269966,-2.367417027
3.8766541481018066,66.96544146485398,-2.460016263
3.8766608238220215,61.813578502655744,-2.5371822930000003
3.8766679763793945,63.20887472158443,-2.511460283
3.8766746520996094,66.53611955133745,-2.449727459
3.876681089401245,64.38950998375486,-2.645214735
3.8766872882843018,67.50209385674964,-2.2593845850000003
3.876694440841675,63.74552711348008,-2.5320378910000003
3.876701831817627,66.3214585945792,-2.439438655
3.8767080307006836,64.9261623756505,-2.506315881
3.8767144680023193,65.67747572430441,-2.393139037
3.876720905303955,62.24290041617226,-2.604059519
3.8767287731170654,68.89739007567832,-2.300539801
3.8767359256744385,62.45756137293052,-2.5526154990000003
3.876742362976074,66.96544146485398,-2.2490957810000003
3.87674880027771,64.38950998375486,-2.413716645
3.8767547607421875,65.35548428916704,-2.5268934890000003
3.8767619132995605,64.1748490269966,-2.449727459
3.876768112182617,67.93141577026616,-2.310828605
3.876774549484253,60.84760419724358,-2.5526154990000003
3.8767809867858887,68.03874624864528,-2.315973007
3.8767871856689453,61.276926110760094,-2.619492725
3.87679386138916,65.78480620268355,-2.387994635
3.8768038749694824,65.2481538107879,-2.393139037
3.876814365386963,66.75078050809572,-2.357128223
3.876824378967285,61.06226515400183,-2.429149851
3.876833438873291,67.3947633783705,-2.398283439
3.8768749237060547,62.67222232968878,-2.460016263
3.876966953277588,66.64345002971659,-2.475449469
3.8769772052764893,62.564891851309646,-2.5577599010000003
3.87699031829834,64.9261623756505,-2.460016263
3.877000093460083,67.93141577026616,-2.315973007
3.877007484436035,60.9549346756227,-2.742958373
3.877013683319092,67.28743289999137,-2.2336625750000003
3.8770203590393066,64.38950998375486,-2.501171479
3.877026319503784,68.03874624864528,-2.403427841
3.877032518386841,62.99421376482616,-2.454871861
3.8770389556884766,65.2481538107879,-2.413716645
3.877044916152954,63.638196635100954,-2.382850233
3.8770508766174316,67.28743289999137,-2.321117409
3.8770570755004883,61.706248024276604,-2.629781529
3.877063512802124,66.3214585945792,-2.321117409
3.8770699501037598,65.35548428916704,-2.418861047
3.8770763874053955,63.42353567834269,-2.490882675
3.877082347869873,64.1748490269966,-2.475449469
3.8770880699157715,67.50209385674964,-2.346839419
3.877094268798828,60.74027371886444,-2.665792343
3.8771002292633057,70.82933868650265,-2.2490957810000003
3.8771064281463623,63.960188070238345,-2.634925931
3.877121686935425,65.9994671594418,-2.346839419
3.877127170562744,63.852857591859205,-2.439438655
3.87713360786438,65.57014524592529,-2.403427841
3.8771400451660156,62.35023089455139,-2.454871861
3.8771462440490723,67.0727719432331,-2.418861047
3.877152442932129,63.42353567834269,-2.5423266950000003
3.8771588802337646,64.60417094051311,-2.5423266950000003
3.8771655559539795,65.2481538107879,-2.336550615
3.8771719932556152,63.20887472158443,-2.5474710970000003
3.877178430557251,64.60417094051311,-2.434294253
3.8771848678588867,67.28743289999137,-2.465160665
3.8771965503692627,62.88688328644704,-2.454871861
3.877324342727661,67.0727719432331,-2.454871861
3.8773322105407715,60.9549346756227,-2.5680487050000003
3.8773398399353027,65.35548428916704,-2.434294253
3.877346992492676,66.64345002971659,-2.393139037
3.8773531913757324,65.14082333240877,-2.460016263
3.8773601055145264,63.852857591859205,-2.362272625
3.877366542816162,64.60417094051311,-2.506315881
3.8773727416992188,64.71150141889224,-2.351983821
3.8773791790008545,65.67747572430441,-2.362272625
3.8773856163024902,64.28217950537572,-2.5731931070000003
3.877392530441284,64.60417094051311,-2.166785349
3.8773984909057617,62.99421376482616,-2.470305067
3.8774170875549316,64.49684046213399,-2.439438655
3.8774235248565674,65.89213668106268,-2.315973007
3.877429485321045,67.18010242161225,-2.2953953990000002
3.8774361610412598,62.35023089455139,-2.5886263130000002
3.8774425983428955,66.96544146485398,-2.336550615
3.877448797225952,62.99421376482616,-2.5320378910000003
3.877455472946167,65.2481538107879,-2.367417027
3.8774614334106445,65.46281476754616,-2.408572243
3.877467155456543,60.09629084858966,-2.645214735
3.8774731159210205,68.68272911892005,-2.202796163
3.8774826526641846,64.71150141889224,-2.444583057
3.877488374710083,62.67222232968878,-2.5320378910000003
3.877495050430298,66.53611955133745,-2.439438655
3.8775017261505127,65.46281476754616,-2.439438655
3.8775079250335693,66.21412811620007,-2.336550615
3.877514123916626,63.852857591859205,-2.5731931070000003
3.877520799636841,65.9994671594418,-2.351983821
3.8775265216827393,65.9994671594418,-2.393139037
4.081098794937134,62.35023089455139,-2.511460283
4.081122159957886,64.60417094051311,-2.336550615
4.081129550933838,64.60417094051311,-2.351983821
4.081136703491211,62.77955280806791,-2.5526154990000003
4.081144571304321,68.4680681621618,-2.315973007
4.081151485443115,68.03874624864528,-2.403427841
4.081157207489014,61.92090898103487,-2.614348323
4.081163644790649,67.28743289999137,-2.2439513790000003
4.081170320510864,63.20887472158443,-2.5680487050000003
4.081176996231079,64.49684046213399,-2.434294253
4.081183195114136,66.96544146485398,-2.429149851
4.081189393997192,62.13556993779312,-2.681225549
4.081195116043091,63.960188070238345,-2.387994635
4.081201791763306,65.89213668106268,-2.398283439
4.081208229064941,63.316205199963555,-2.5783375090000002
4.081215143203735,65.35548428916704,-2.439438655
4.0812201499938965,66.21412811620007,-2.398283439
4.081226587295532,62.564891851309646,-2.5268934890000003
4.081233263015747,68.36073768378266,-2.2799621930000002
4.081239461898804,63.53086615672182,-2.5783375090000002
4.081245183944702,68.03874624864528,-2.398283439
4.0812506675720215,65.03349285402965,-2.5268934890000003
4.081257104873657,64.49684046213399,-2.418861047
4.081263542175293,66.96544146485398,-2.429149851
4.081269264221191,60.203621326968786,-2.5680487050000003
4.081275701522827,68.25340720540353,-2.460016263
4.081281900405884,64.9261623756505,-2.2902509970000002
4.08128809928894,64.49684046213399,-2.5783375090000002
4.081294059753418,65.67747572430441,-2.2388069770000003
4.0813000202178955,64.81883189727138,-2.480593871
4.081305742263794,62.24290041617226,-2.382850233
4.081311941146851,62.99421376482616,-2.5731931070000003
4.081317663192749,69.11205103243658,-2.202796163
4.08132529258728,64.06751854861747,-2.604059519
4.081331253051758,66.21412811620007,-2.321117409
4.0813374519348145,63.1015442432053,-2.449727459
4.081343173980713,65.14082333240877,-2.444583057
4.081354856491089,68.4680681621618,-2.393139037
4.0813610553741455,62.67222232968878,-2.660647941
4.081367492675781,66.42878907295832,-2.382850233
4.081373691558838,66.3214585945792,-2.398283439
4.081379652023315,63.74552711348008,-2.5166046850000003
4.081385374069214,64.9261623756505,-2.465160665
4.081390619277954,67.28743289999137,-2.321117409
4.081396579742432,60.63294324048531,-2.5731931070000003
4.081418037414551,67.0727719432331,-2.372561429
4.081423997879028,64.60417094051311,-2.480593871
4.0814313888549805,65.89213668106268,-2.403427841
4.081437826156616,65.2481538107879,-2.408572243
4.081443548202515,64.9261623756505,-2.403427841
4.081448793411255,66.75078050809572,-2.382850233
4.0814549922943115,68.25340720540353,-2.2542401830000003
4.08146071434021,66.85811098647484,-2.403427841
4.081466436386108,63.74552711348008,-2.434294253
4.081472158432007,60.41828228372705,-2.670936745
4.081478118896484,61.706248024276604,-2.5834819110000002
4.081484317779541,63.20887472158443,-2.485738273
4.081489562988281,64.81883189727138,-2.5268934890000003
4.08149528503418,61.92090898103487,-2.5629043030000003
4.081501245498657,65.14082333240877,-2.434294253
4.081507205963135,61.706248024276604,-2.485738273
4.081513404846191,68.03874624864528,-2.310828605
4.081518888473511,70.93666916488179,-2.2851065950000002
4.081526041030884,68.57539864054093,-2.418861047
4.081532001495361,64.71150141889224,-2.418861047
4.081537961959839,66.75078050809572,-2.2799621930000002
4.081543445587158,68.79005959729919,-2.2645289870000003
4.081549406051636,65.14082333240877,-2.444583057
4.081555128097534,64.38950998375486,-2.449727459
4.081560373306274,67.0727719432331,-2.2542401830000003
4.081566333770752,68.25340720540353,-2.2593845850000003
4.081572532653809,65.78480620268355,-2.444583057
4.081578016281128,64.38950998375486,-2.490882675
4.0815839767456055,63.42353567834269,-2.5886263130000002
4.081590414047241,64.28217950537572,-2.598915117
4.0815956592559814,63.53086615672182,-2.465160665
4.08160138130188,66.53611955133745,-2.408572243
4.08160662651062,68.14607672702441,-2.362272625
4.08161187171936,68.57539864054093,-2.346839419
4.081618309020996,65.35548428916704,-2.418861047
4.0816240310668945,65.35548428916704,-2.403427841
4.081630229949951,69.21938151081571,-2.2696733890000003
4.081636190414429,66.10679763782093,-2.305684203
4.081641435623169,65.35548428916704,-2.460016263
4.081646919250488,66.21412811620007,-2.418861047
4.081653594970703,68.79005959729919,-2.2233737710000003
4.081659555435181,66.85811098647484,-2.387994635
4.081664800643921,66.64345002971659,-2.490882675
4.081670522689819,66.42878907295832,-2.372561429
4.08167576789856,67.71675481350789,-2.2542401830000003
4.081681728363037,67.0727719432331,-2.393139037
4.0816872119903564,64.49684046213399,-2.496027077
4.081692457199097,64.1748490269966,-2.5680487050000003
4.081698656082153,64.71150141889224,-2.640070333
4.081705093383789,65.46281476754616,-2.480593871
4.081710577011108,68.14607672702441,-2.336550615
4.081716060638428,67.71675481350789,-2.2799621930000002
4.081722736358643,67.60942433512876,-2.382850233
4.081728935241699,66.64345002971659,-2.475449469
4.081734895706177,61.706248024276604,-2.609203921
4.2849509716033936,63.316205199963555,-2.598915117
4.284970045089722,63.1015442432053,-2.5166046850000003
4.284978628158569,66.42878907295832,-2.393139037
4.2849860191345215,68.14607672702441,-2.496027077
4.284992694854736,66.10679763782093,-2.403427841
4.284999132156372,65.89213668106268,-2.454871861
4.28500509262085,68.36073768378266,-2.305684203
4.285012722015381,69.21938151081571,-2.310828605
4.285022974014282,65.9994671594418,-2.434294253
4.285032510757446,64.38950998375486,-2.460016263
4.2850425243377686,64.38950998375486,-2.480593871
4.285052299499512,61.92090898103487,-2.439438655
4.285058498382568,62.564891851309646,-2.5474710970000003
4.285065650939941,68.25340720540353,-2.326261811
4.285090446472168,66.85811098647484,-2.490882675
4.285096645355225,65.35548428916704,-2.5731931070000003
4.2851035594940186,64.28217950537572,-2.460016263
4.285109758377075,67.50209385674964,-2.377705831
4.285115718841553,66.3214585945792,-2.043319701
4.285123348236084,66.64345002971659,-2.315973007
4.28512978553772,63.960188070238345,-2.403427841
4.285135984420776,60.203621326968786,-2.5577599010000003
4.285142660140991,61.813578502655744,-2.5320378910000003
4.285149335861206,64.1748490269966,-2.465160665
4.2851550579071045,63.316205199963555,-2.413716645
4.28516149520874,59.988960370210535,-2.5680487050000003
4.285167694091797,62.35023089455139,-2.470305067
4.285173654556274,65.57014524592529,-2.382850233
4.285254240036011,65.35548428916704,-2.460016263
4.285260915756226,62.77955280806791,-2.5680487050000003
4.285267353057861,61.06226515400183,-2.5783375090000002
4.285274267196655,64.60417094051311,-2.5268934890000003
4.285280227661133,64.81883189727138,-2.2490957810000003
4.2852864265441895,68.14607672702441,-2.398283439
4.285292387008667,65.46281476754616,-2.485738273
4.285298109054565,64.38950998375486,-2.470305067
4.285303354263306,65.03349285402965,-2.2902509970000002
4.2853100299835205,65.35548428916704,-2.511460283
4.285315990447998,62.028239459413996,-2.5680487050000003
4.285322427749634,69.32671198919485,-2.449727459
4.285327672958374,58.700994629660975,-2.5474710970000003
4.285333871841431,66.42878907295832,-2.377705831
4.285339117050171,63.53086615672182,-2.490882675
4.285344362258911,66.75078050809572,-2.454871861
4.28535008430481,66.85811098647484,-2.326261811
4.28535532951355,64.38950998375486,-2.480593871
4.28536057472229,65.57014524592529,-2.485738273
4.285366058349609,67.93141577026616,-2.2851065950000002
4.285372257232666,61.38425658913922,-2.598915117
4.2853779792785645,65.9994671594418,-2.387994635
4.285382986068726,64.9261623756505,-2.5166046850000003
4.285389184951782,68.03874624864528,-2.460016263
4.285394191741943,60.41828228372705,-2.640070333
4.28541111946106,68.03874624864528,-2.341695017
4.285417795181274,62.67222232968878,-2.5526154990000003
4.285423755645752,65.78480620268355,-2.398283439
4.285429000854492,64.81883189727138,-2.475449469
4.2854344844818115,64.38950998375486,-2.506315881
4.285439968109131,64.9261623756505,-2.362272625
4.285446882247925,68.14607672702441,-2.460016263
4.285452365875244,62.24290041617226,-2.660647941
4.285459280014038,66.10679763782093,-2.372561429
4.2854650020599365,62.028239459413996,-2.310828605
4.285470962524414,69.75603390271137,-2.362272625
4.2854766845703125,65.9994671594418,-2.480593871
4.285482406616211,66.75078050809572,-2.2696733890000003
4.2854883670806885,61.59891754589748,-2.624637127
4.285494089126587,67.93141577026616,-2.2388069770000003
4.2855000495910645,61.813578502655744,-2.5577599010000003
4.285507440567017,66.42878907295832,-2.2953953990000002
4.285513877868652,61.92090898103487,-2.444583057
4.285519599914551,63.53086615672182,-2.475449469
4.285525321960449,61.276926110760094,-2.604059519
4.285531044006348,66.85811098647484,-2.310828605
4.285536527633667,62.24290041617226,-2.5423266950000003
4.2855424880981445,66.85811098647484,-2.362272625
4.285547971725464,63.74552711348008,-2.5731931070000003
4.2855541706085205,64.71150141889224,-2.408572243
4.285566329956055,64.71150141889224,-2.2799621930000002
4.285572290420532,62.35023089455139,-2.5526154990000003
4.28557825088501,69.11205103243658,-2.2233737710000003
4.285587787628174,61.49158706751835,-2.5680487050000003
4.285593748092651,66.10679763782093,-2.321117409
4.2855987548828125,64.49684046213399,-2.475449469
4.285604476928711,65.78480620268355,-2.460016263
4.285609722137451,65.35548428916704,-2.408572243
4.2856152057647705,64.1748490269966,-2.372561429
4.285620927810669,62.028239459413996,-2.5886263130000002
4.2856268882751465,67.0727719432331,-2.2439513790000003
4.285632848739624,64.28217950537572,-2.660647941
4.2856385707855225,62.77955280806791,-2.413716645
4.285643577575684,65.89213668106268,-2.408572243
4.285649061203003,67.3947633783705,-2.2490957810000003
4.285656213760376,61.92090898103487,-2.660647941
4.285661697387695,67.60942433512876,-2.2439513790000003
4.285667896270752,63.53086615672182,-2.609203921
4.28567361831665,65.78480620268355,-2.2851065950000002
4.285679578781128,64.9261623756505,-2.5166046850000003
4.285685300827026,64.06751854861747,-2.408572243
4.285690784454346,61.06226515400183,-2.5526154990000003
4.489004135131836,68.89739007567832,-2.2748177910000003
4.489024877548218,62.564891851309646,-2.5629043030000003
4.489032745361328,68.25340720540353,-2.413716645
4.489039182662964,63.42353567834269,-2.501171479
4.4890456199646,63.852857591859205,-2.434294253
4.489053726196289,66.21412811620007,-2.351983821
4.489060163497925,62.13556993779312,-2.5629043030000003
4.489066123962402,65.35548428916704,-2.460016263
4.489071607589722,64.28217950537572,-2.341695017
4.489077568054199,62.35023089455139,-2.475449469
4.4890830516815186,62.35023089455139,-2.5268934890000003
4.489088535308838,64.60417094051311,-2.475449469
4.489094257354736,63.852857591859205,-2.341695017
4.489100217819214,66.75078050809572,-2.5166046850000003
4.4891064167022705,67.18010242161225,-2.408572243
4.489112138748169,64.60417094051311,-2.475449469
4.489117622375488,65.67747572430441,-2.408572243
4.4891228675842285,64.9261623756505,-2.341695017
4.489128112792969,66.3214585945792,-2.367417027
4.489133596420288,67.93141577026616,-2.315973007
4.489139080047607,67.0727719432331,-2.377705831
4.489144563674927,64.28217950537572,-2.408572243
4.489149570465088,58.700994629660975,-2.676081147
4.489155054092407,63.74552711348008,-2.501171479
4.489160537719727,65.89213668106268,-2.424005449
4.489166975021362,63.852857591859205,-2.470305067
4.48917293548584,62.67222232968878,-2.480593871
4.489178419113159,67.60942433512876,-2.2285181730000003
4.489184856414795,66.75078050809572,-2.326261811
4.489189624786377,65.57014524592529,-2.403427841
4.489195108413696,61.169595632380954,-2.5474710970000003
4.489201068878174,60.9549346756227,-2.676081147
4.489205837249756,62.028239459413996,-2.490882675
4.489211797714233,65.89213668106268,-2.2851065950000002
4.489217042922974,68.79005959729919,-2.207940565
4.489222288131714,67.3947633783705,-2.367417027
4.489227294921875,65.78480620268355,-2.429149851
4.489233732223511,62.77955280806791,-2.465160665
4.489239454269409,63.42353567834269,-2.629781529
4.489244699478149,62.67222232968878,-2.460016263
4.489250421524048,65.2481538107879,-2.398283439
4.489255905151367,65.35548428916704,-2.609203921
4.4892613887786865,63.960188070238345,-2.470305067
4.489267349243164,63.74552711348008,-2.434294253
4.489272832870483,66.42878907295832,-2.2490957810000003
4.489278554916382,64.1748490269966,-2.429149851
4.489284038543701,62.24290041617226,-2.5474710970000003
4.4892897605896,63.42353567834269,-2.5166046850000003
4.489295244216919,65.46281476754616,-2.454871861
4.489300489425659,64.60417094051311,-2.5783375090000002
4.4893059730529785,64.71150141889224,-2.5166046850000003
4.489312171936035,63.960188070238345,-2.490882675
4.489317178726196,64.28217950537572,-2.5680487050000003
4.489322900772095,63.960188070238345,-2.387994635
4.489333152770996,65.46281476754616,-2.424005449
4.489338636398315,63.53086615672182,-2.454871861
4.489344835281372,59.23764702155662,-2.650359137
4.489351034164429,61.276926110760094,-2.5577599010000003
4.489356517791748,63.960188070238345,-2.475449469
4.489361763000488,66.75078050809572,-2.357128223
4.489367485046387,70.07802533784874,-2.218229369
4.489372968673706,67.50209385674964,-2.321117409
4.489378213882446,63.53086615672182,-2.393139037
4.4893834590911865,63.316205199963555,-2.496027077
4.489389419555664,67.3947633783705,-2.300539801
4.489394426345825,66.64345002971659,-2.321117409
4.489411354064941,64.06751854861747,-2.408572243
4.48941707611084,68.36073768378266,-2.346839419
4.489422082901001,69.5413729459531,-2.218229369
4.489427328109741,66.85811098647484,-2.351983821
4.489432334899902,65.2481538107879,-2.444583057
4.489437818527222,60.84760419724358,-2.655503539
4.489442825317383,62.88688328644704,-2.5937707150000002
4.489448547363281,67.50209385674964,-2.5629043030000003
4.48945426940918,66.64345002971659,-2.2851065950000002
4.489459753036499,68.25340720540353,-2.449727459
4.489464998245239,64.60417094051311,-2.413716645
4.4894700050354,64.60417094051311,-2.413716645
4.489475250244141,64.9261623756505,-2.367417027
4.489480495452881,65.89213668106268,-2.326261811
4.489485740661621,66.42878907295832,-2.336550615
4.48949122428894,65.03349285402965,-2.341695017
4.489496469497681,63.1015442432053,-2.449727459
4.489501237869263,66.10679763782093,-2.357128223
4.489506483078003,65.46281476754616,-2.357128223
4.489511489868164,64.49684046213399,-2.480593871
4.489584922790527,66.21412811620007,-2.341695017
4.489591121673584,68.25340720540353,-2.171929751
4.489596128463745,67.28743289999137,-2.331406213
4.4896016120910645,65.35548428916704,-2.470305067
4.489607095718384,61.49158706751835,-2.490882675
4.489611864089966,62.88688328644704,-2.5371822930000003
4.489617586135864,63.638196635100954,-2.5268934890000003
4.489623069763184,68.89739007567832,-2.336550615
4.489628076553345,69.32671198919485,-2.434294253
4.489633083343506,66.3214585945792,-2.413716645
4.489637851715088,64.49684046213399,-2.418861047
4.489643096923828,65.67747572430441,-2.300539801
4.4896485805511475,67.18010242161225,-2.326261811
4.489653587341309,65.46281476754616,-2.341695017
4.692991495132446,64.1748490269966,-2.485738273
4.693012475967407,58.593664151281835,-2.660647941
4.693021059036255,68.57539864054093,-2.310828605
4.693028688430786,63.1015442432053,-2.5526154990000003
4.693036794662476,67.3947633783705,-2.310828605
4.69304347038269,62.564891851309646,-2.496027077
4.693050384521484,66.3214585945792,-2.429149851
4.693057298660278,64.9261623756505,-2.315973007
4.693063735961914,66.3214585945792,-2.496027077
4.693069934844971,58.91565558641923,-2.634925931
4.6930763721466064,64.06751854861747,-2.454871861
4.693084001541138,67.50209385674964,-2.449727459
4.693090438842773,63.960188070238345,-2.5526154990000003
4.693098068237305,67.50209385674964,-2.398283439
4.69310450553894,68.89739007567832,-2.362272625
4.693111181259155,61.706248024276604,-2.676081147
4.693117618560791,67.60942433512876,-2.2388069770000003
4.693124532699585,64.60417094051311,-2.5937707150000002
4.6931312084198,64.60417094051311,-2.418861047
4.693138837814331,65.2481538107879,-2.398283439
4.693145275115967,64.60417094051311,-2.454871861
4.693151473999023,60.74027371886444,-2.413716645
4.693158388137817,68.25340720540353,-2.454871861
4.693165063858032,58.48633367290271,-2.604059519
4.693171262741089,65.2481538107879,-2.429149851
4.693177700042725,65.46281476754616,-2.408572243
4.69318413734436,63.20887472158443,-2.460016263
4.693190813064575,63.316205199963555,-2.460016263
4.693197250366211,65.2481538107879,-2.418861047
4.693202972412109,60.9549346756227,-2.619492725
4.693213701248169,70.29268629460701,-2.2439513790000003
4.693220376968384,65.35548428916704,-2.506315881
4.69322657585144,61.276926110760094,-2.511460283
4.693233013153076,64.49684046213399,-2.444583057
4.693239688873291,67.18010242161225,-2.331406213
4.693246126174927,61.49158706751835,-2.619492725
4.693252086639404,67.71675481350789,-2.2593845850000003
4.693258762359619,61.38425658913922,-2.5937707150000002
4.693264961242676,69.86336438109049,-2.424005449
4.693272352218628,66.85811098647484,-2.501171479
4.693278789520264,64.28217950537572,-2.5629043030000003
4.6932854652404785,61.49158706751835,-2.393139037
4.6932923793792725,66.10679763782093,-2.475449469
4.693299055099487,62.35023089455139,-2.5680487050000003
4.693305730819702,64.71150141889224,-2.418861047
4.693311929702759,64.1748490269966,-2.357128223
4.693318128585815,64.71150141889224,-2.382850233
4.69332480430603,64.60417094051311,-2.398283439
4.693331003189087,66.75078050809572,-2.351983821
4.693337917327881,61.59891754589748,-2.598915117
4.693343877792358,67.82408529188702,-2.2593845850000003
4.6933510303497314,65.2481538107879,-2.5320378910000003
4.693357706069946,61.49158706751835,-2.501171479
4.69336462020874,65.2481538107879,-2.496027077
4.693370819091797,67.71675481350789,-2.408572243
4.693377256393433,60.63294324048531,-2.5680487050000003
4.6933839321136475,69.32671198919485,-2.362272625
4.693390130996704,61.706248024276604,-2.604059519
4.693396806716919,66.53611955133745,-2.321117409
4.693413257598877,62.77955280806791,-2.5629043030000003
4.693419933319092,64.1748490269966,-2.429149851
4.693425893783569,65.35548428916704,-2.300539801
4.693431854248047,60.63294324048531,-2.5166046850000003
4.693447589874268,65.14082333240877,-2.403427841
4.693453788757324,63.42353567834269,-2.506315881
4.693459749221802,66.64345002971659,-2.336550615
4.693465948104858,63.316205199963555,-2.475449469
4.693472385406494,63.42353567834269,-2.465160665
4.693478107452393,65.89213668106268,-2.418861047
4.69348406791687,59.988960370210535,-2.475449469
4.693490266799927,71.04399964326092,-2.310828605
4.693496465682983,65.2481538107879,-2.5577599010000003
4.69350266456604,60.74027371886444,-2.485738273
4.6935083866119385,61.706248024276604,-2.439438655
4.693514823913574,67.28743289999137,-2.387994635
4.693520784378052,63.638196635100954,-2.5474710970000003
4.693527460098267,67.93141577026616,-2.2953953990000002
4.6935343742370605,61.813578502655744,-2.5526154990000003
4.6935412883758545,66.53611955133745,-2.2902509970000002
4.693548917770386,64.60417094051311,-2.454871861
4.6935553550720215,64.49684046213399,-2.480593871
4.693561315536499,67.71675481350789,-2.2336625750000003
4.693567752838135,61.706248024276604,-2.670936745
4.693573951721191,66.53611955133745,-2.2593845850000003
4.693580150604248,62.13556993779312,-2.5731931070000003
4.693586587905884,65.9994671594418,-2.439438655
4.693592309951782,64.1748490269966,-2.362272625
4.69359827041626,64.9261623756505,-2.449727459
4.693603992462158,65.78480620268355,-2.470305067
4.693609952926636,65.46281476754616,-2.326261811
4.6936163902282715,63.1015442432053,-2.624637127
4.693622827529907,62.35023089455139,-2.5834819110000002
4.693629264831543,66.85811098647484,-2.382850233
4.6936352252960205,61.276926110760094,-2.501171479
4.6936469078063965,65.2481538107879,-2.465160665
4.693653345108032,67.82408529188702,-2.357128223
4.693659543991089,63.42353567834269,-2.655503539
4.693665266036987,67.0727719432331,-2.310828605
4.693671226501465,65.03349285402965,-2.418861047
4.69367790222168,62.88688328644704,-2.387994635
4.897381782531738,64.71150141889224,-2.434294253
4.89743185043335,65.57014524592529,-2.372561429
4.897442817687988,63.20887472158443,-2.5834819110000002
4.897450923919678,67.28743289999137,-2.197651761
4.897457599639893,64.38950998375486,-2.434294253
4.897464752197266,64.1748490269966,-2.5217490870000003
4.897471904754639,66.10679763782093,-2.341695017
4.897491693496704,63.852857591859205,-2.460016263
4.897498369216919,64.06751854861747,-2.5526154990000003
4.897505521774292,66.53611955133745,-2.2388069770000003
4.897511959075928,60.84760419724358,-2.727525167
4.897518157958984,63.74552711348008,-2.336550615
4.89752459526062,66.64345002971659,-2.5474710970000003
4.897531509399414,63.638196635100954,-2.496027077
4.897538423538208,64.38950998375486,-2.449727459
4.8975465297698975,65.89213668106268,-2.346839419
4.8975536823272705,60.31095180534792,-2.634925931
4.8975677490234375,68.4680681621618,-2.161640947
4.897579193115234,61.276926110760094,-2.5680487050000003
4.897586107254028,66.85811098647484,-2.413716645
4.897592306137085,64.38950998375486,-2.424005449
4.897598505020142,65.35548428916704,-2.501171479
4.897605657577515,62.564891851309646,-2.444583057
4.89761209487915,66.3214585945792,-2.2336625750000003
4.897619009017944,65.89213668106268,-2.305684203
4.897625207901001,61.49158706751835,-2.5886263130000002
4.897632122039795,67.0727719432331,-2.341695017
4.8976380825042725,61.706248024276604,-2.5629043030000003
4.897645473480225,64.38950998375486,-2.5268934890000003
4.89765191078186,66.10679763782093,-2.413716645
4.897657632827759,58.16434223776532,-2.676081147
4.8976640701293945,66.42878907295832,-2.336550615
4.8976709842681885,65.14082333240877,-2.315973007
4.897677659988403,64.81883189727138,-2.5834819110000002
4.89768385887146,65.14082333240877,-2.465160665
4.897690534591675,66.3214585945792,-2.424005449
4.8976967334747314,59.45230797831488,-2.5680487050000003
4.897704124450684,69.11205103243658,-2.377705831
4.897710561752319,62.13556993779312,-2.403427841
4.897716999053955,65.46281476754616,-2.351983821
4.897723436355591,64.60417094051311,-2.408572243
4.8977296352386475,65.03349285402965,-2.408572243
4.897735834121704,65.03349285402965,-2.454871861
4.897742509841919,66.42878907295832,-2.444583057
4.8977484703063965,66.3214585945792,-2.310828605
4.897830009460449,61.59891754589748,-2.5474710970000003
4.897838115692139,67.18010242161225,-2.413716645
4.897844552993774,64.06751854861747,-2.5474710970000003
4.897851467132568,64.9261623756505,-2.367417027
4.897857666015625,65.14082333240877,-2.403427841
4.897864580154419,61.706248024276604,-2.619492725
4.897870779037476,65.14082333240877,-2.2490957810000003
4.897877216339111,64.60417094051311,-2.470305067
4.897883415222168,63.20887472158443,-2.665792343
4.897889614105225,64.38950998375486,-2.418861047
4.89789605140686,65.67747572430441,-2.470305067
4.897902250289917,64.60417094051311,-2.5217490870000003
4.897908449172974,66.21412811620007,-2.475449469
4.897914409637451,61.06226515400183,-2.501171479
4.897920370101929,65.2481538107879,-2.393139037
4.897926330566406,65.2481538107879,-2.496027077
4.897932052612305,64.60417094051311,-2.506315881
4.897938251495361,66.53611955133745,-2.310828605
4.897944211959839,62.99421376482616,-2.5886263130000002
4.897950172424316,68.89739007567832,-2.2542401830000003
4.897956848144531,60.74027371886444,-2.5166046850000003
4.897963047027588,65.03349285402965,-2.336550615
4.8979692459106445,63.20887472158443,-2.5423266950000003
4.89797568321228,66.42878907295832,-2.5783375090000002
4.897982120513916,62.67222232968878,-2.424005449
4.897989273071289,62.028239459413996,-2.5680487050000003
4.898001432418823,67.60942433512876,-2.2490957810000003
4.898008108139038,63.960188070238345,-2.454871861
4.898014545440674,62.99421376482616,-2.367417027
4.898020505905151,65.67747572430441,-2.490882675
4.89802622795105,64.71150141889224,-2.475449469
4.898031949996948,63.42353567834269,-2.398283439
4.898037910461426,65.46281476754616,-2.465160665
4.8980443477630615,61.813578502655744,-2.5320378910000003
4.898050785064697,70.07802533784874,-2.2490957810000003
4.898057460784912,64.9261623756505,-2.5731931070000003
4.898064374923706,67.18010242161225,-2.382850233
4.898070573806763,64.06751854861747,-2.413716645
4.898076295852661,62.028239459413996,-2.5731931070000003
4.898082971572876,64.60417094051311,-2.480593871
4.898088693618774,66.10679763782093,-2.2490957810000003
4.898100137710571,62.24290041617226,-2.609203921
4.898106098175049,66.10679763782093,-2.341695017
4.8981122970581055,62.77955280806791,-2.480593871
4.898118495941162,61.813578502655744,-2.485738273
4.89812445640564,68.89739007567832,-2.367417027
4.898130416870117,65.2481538107879,-2.490882675
4.898136377334595,59.23764702155662,-2.624637127
4.898142337799072,69.00472055405744,-2.336550615
4.898148536682129,65.67747572430441,-2.5629043030000003
4.8981547355651855,63.638196635100954,-2.460016263
4.898161172866821,66.85811098647484,-2.331406213
4.898167133331299,61.813578502655744,-2.5783375090000002
4.898175001144409,64.1748490269966,-2.372561429
4.898180723190308,66.75078050809572,-2.351983821
5.1021409034729,63.960188070238345,-2.465160665
5.102164268493652,64.60417094051311,-2.501171479
5.1021728515625,68.68272911892005,-2.346839419
5.102180480957031,60.09629084858966,-2.475449469
5.102187395095825,67.0727719432331,-2.418861047
5.102194786071777,64.71150141889224,-2.454871861
5.102201700210571,65.03349285402965,-2.480593871
5.102208137512207,65.46281476754616,-2.326261811
5.102214813232422,64.38950998375486,-2.475449469
5.102221250534058,64.49684046213399,-2.321117409
5.102235317230225,65.35548428916704,-2.341695017
5.10224175453186,67.93141577026616,-2.2542401830000003
5.102250099182129,64.06751854861747,-2.5937707150000002
5.102257251739502,63.74552711348008,-2.511460283
5.102263927459717,64.9261623756505,-2.511460283
5.102270126342773,64.1748490269966,-2.424005449
5.10227632522583,66.42878907295832,-2.367417027
5.102283000946045,60.84760419724358,-2.614348323
5.10228967666626,65.78480620268355,-2.2851065950000002
5.102296590805054,65.67747572430441,-2.382850233
5.10230278968811,63.316205199963555,-2.511460283
5.102309226989746,67.28743289999137,-2.480593871
5.1023170948028564,66.96544146485398,-2.403427841
5.10232400894165,61.49158706751835,-2.449727459
5.102330207824707,62.45756137293052,-2.5474710970000003
5.102337121963501,68.14607672702441,-2.218229369
5.102343320846558,61.49158706751835,-2.5886263130000002
5.102349758148193,65.9994671594418,-2.321117409
5.102355480194092,61.92090898103487,-2.485738273
5.1023619174957275,63.316205199963555,-2.429149851
5.1023688316345215,65.14082333240877,-2.326261811
5.102375507354736,63.638196635100954,-2.5371822930000003
5.102382183074951,66.10679763782093,-2.449727459
5.102388381958008,66.53611955133745,-2.362272625
5.102394104003906,61.813578502655744,-2.449727459
5.102441072463989,65.2481538107879,-2.490882675
5.102453947067261,65.57014524592529,-2.434294253
5.1024603843688965,64.71150141889224,-2.387994635
5.102467060089111,66.75078050809572,-2.413716645
5.102473497390747,62.028239459413996,-2.449727459
5.102479696273804,66.75078050809572,-2.2696733890000003
5.1024863719940186,63.53086615672182,-2.5680487050000003
5.102493047714233,64.28217950537572,-2.413716645
5.102499485015869,67.50209385674964,-2.5526154990000003
5.102505922317505,62.564891851309646,-2.444583057
5.102513313293457,64.1748490269966,-2.496027077
5.102519750595093,65.9994671594418,-2.305684203
5.102532148361206,62.13556993779312,-2.5526154990000003
5.102539300918579,66.42878907295832,-2.362272625
5.102545261383057,64.49684046213399,-2.655503539
5.102551460266113,66.10679763782093,-2.496027077
5.102558135986328,62.24290041617226,-2.465160665
5.102564573287964,70.93666916488179,-2.2748177910000003
5.102571249008179,62.028239459413996,-2.506315881
5.1025848388671875,66.3214585945792,-2.403427841
5.102591276168823,63.20887472158443,-2.5217490870000003
5.102597713470459,64.49684046213399,-2.398283439
5.102604150772095,67.82408529188702,-2.2748177910000003
5.10261082649231,60.74027371886444,-2.598915117
5.102617263793945,65.89213668106268,-2.321117409
5.102622985839844,65.57014524592529,-2.305684203
5.1026291847229,64.1748490269966,-2.5371822930000003
5.102636098861694,65.9994671594418,-2.480593871
5.10264253616333,65.57014524592529,-2.424005449
5.102648973464966,66.96544146485398,-2.2953953990000002
5.102655410766602,60.9549346756227,-2.640070333
5.102661371231079,68.79005959729919,-2.2439513790000003
5.102668046951294,62.564891851309646,-2.5937707150000002
5.10267448425293,68.14607672702441,-2.424005449
5.1026811599731445,62.35023089455139,-2.501171479
5.102687358856201,64.1748490269966,-2.398283439
5.102693319320679,66.85811098647484,-2.2851065950000002
5.102699518203735,67.28743289999137,-2.408572243
5.102705240249634,62.564891851309646,-2.5834819110000002
5.102712392807007,65.35548428916704,-2.331406213
5.102718830108643,62.35023089455139,-2.454871861
5.10272479057312,67.0727719432331,-2.460016263
5.102730989456177,67.50209385674964,-2.444583057
5.102737665176392,61.06226515400183,-2.5731931070000003
5.102744102478027,69.86336438109049,-2.2593845850000003
5.102751016616821,62.45756137293052,-2.5937707150000002
5.102757930755615,66.10679763782093,-2.300539801
5.102763891220093,61.813578502655744,-2.5474710970000003
5.102771043777466,65.2481538107879,-2.429149851
5.102776765823364,66.75078050809572,-2.460016263
5.102782726287842,66.3214585945792,-2.341695017
5.102788925170898,62.77955280806791,-2.496027077
5.102795362472534,69.43404246757397,-2.305684203
5.102801561355591,62.564891851309646,-2.619492725
5.102807998657227,64.49684046213399,-2.346839419
5.102813482284546,64.38950998375486,-2.485738273
5.102819204330444,64.71150141889224,-2.501171479
5.102824926376343,60.09629084858966,-2.5731931070000003
5.102831840515137,69.32671198919485,-2.177074153
5.102838516235352,61.38425658913922,-2.624637127
5.102844715118408,66.75078050809572,-2.2645289870000003
5.102851629257202,63.20887472158443,-2.5371822930000003
5.102857828140259,64.49684046213399,-2.408572243
5.102863788604736,65.57014524592529,-2.310828605
5.102869510650635,62.35023089455139,-2.5166046850000003
5.307105779647827,64.06751854861747,-2.413716645
5.307128190994263,67.50209385674964,-2.413716645
5.307136535644531,61.49158706751835,-2.5166046850000003
5.307231903076172,63.20887472158443,-2.480593871
5.307240009307861,65.57014524592529,-2.382850233
5.307247161865234,64.9261623756505,-2.326261811
5.307253837585449,61.38425658913922,-2.655503539
5.307260036468506,67.71675481350789,-2.207940565
5.307266712188721,61.813578502655744,-2.5526154990000003
5.307275056838989,68.25340720540353,-2.331406213
5.307281494140625,62.88688328644704,-2.475449469
5.307288408279419,64.60417094051311,-2.403427841
5.307294845581055,61.49158706751835,-2.634925931
5.30730128288269,68.57539864054093,-2.2593845850000003
5.307307958602905,61.38425658913922,-2.655503539
5.307313919067383,67.28743289999137,-2.408572243
5.3073201179504395,63.316205199963555,-2.506315881
5.307326793670654,63.74552711348008,-2.387994635
5.307332992553711,67.0727719432331,-2.310828605
5.307355642318726,65.2481538107879,-2.5577599010000003
5.307362794876099,66.10679763782093,-2.408572243
5.307368993759155,65.57014524592529,-2.387994635
5.307374954223633,63.53086615672182,-2.460016263
5.3073811531066895,65.9994671594418,-2.387994635
5.307386875152588,63.638196635100954,-2.460016263
5.307393312454224,67.3947633783705,-2.351983821
5.30742073059082,60.9549346756227,-2.665792343
5.30742883682251,70.18535581622788,-2.2696733890000003
5.307436227798462,63.960188070238345,-2.5886263130000002
5.307443141937256,65.89213668106268,-2.300539801
5.30745005607605,62.99421376482616,-2.429149851
5.307456016540527,65.2481538107879,-2.496027077
5.307462215423584,60.31095180534792,-2.640070333
5.307468414306641,68.89739007567832,-2.2696733890000003
5.307474851608276,60.9549346756227,-2.5166046850000003
5.307481527328491,66.64345002971659,-2.351983821
5.307501316070557,65.03349285402965,-2.501171479
5.307507753372192,66.75078050809572,-2.475449469
5.30751371383667,67.50209385674964,-2.2439513790000003
5.307520389556885,62.67222232968878,-2.5217490870000003
5.3075268268585205,64.38950998375486,-2.387994635
5.307532787322998,65.67747572430441,-2.398283439
5.307538747787476,63.960188070238345,-2.408572243
5.307545185089111,64.28217950537572,-2.465160665
5.307552337646484,63.638196635100954,-2.465160665
5.30755877494812,67.82408529188702,-2.341695017
5.307564973831177,60.84760419724358,-2.5166046850000003
5.307571172714233,67.71675481350789,-2.305684203
5.307577133178711,64.60417094051311,-2.454871861
5.3075830936431885,66.21412811620007,-2.460016263
5.307589292526245,62.564891851309646,-2.5629043030000003
5.30759596824646,64.81883189727138,-2.480593871
5.307601451873779,64.60417094051311,-2.511460283
5.307607650756836,65.14082333240877,-2.413716645
5.307613372802734,64.06751854861747,-2.470305067
5.307619094848633,65.9994671594418,-2.382850233
5.307626008987427,62.564891851309646,-2.5371822930000003
5.3076324462890625,64.60417094051311,-2.454871861
5.307638883590698,68.03874624864528,-2.336550615
5.307644844055176,61.06226515400183,-2.784113589
5.307650804519653,68.4680681621618,-2.2953953990000002
5.307657241821289,65.2481538107879,-2.485738273
5.3076629638671875,66.42878907295832,-2.362272625
5.307669401168823,68.03874624864528,-2.418861047
5.307675838470459,64.81883189727138,-2.511460283
5.307681560516357,69.43404246757397,-2.336550615
5.307687759399414,59.77429941345227,-2.629781529
5.307693719863892,69.11205103243658,-2.305684203
5.307700157165527,63.1015442432053,-2.5577599010000003
5.307706356048584,66.53611955133745,-2.331406213
5.307712078094482,62.45756137293052,-2.5268934890000003
5.307718753814697,64.28217950537572,-2.490882675
5.307724952697754,63.42353567834269,-2.5834819110000002
5.307731628417969,69.21938151081571,-2.326261811
5.307737588882446,61.92090898103487,-2.475449469
5.307743549346924,66.75078050809572,-2.434294253
5.3077497482299805,61.813578502655744,-2.5320378910000003
5.307756662368774,66.21412811620007,-2.470305067
5.307762861251831,68.03874624864528,-2.310828605
5.3077685832977295,62.028239459413996,-2.645214735
5.307776689529419,68.03874624864528,-2.2593845850000003
5.307783365249634,60.9549346756227,-2.5629043030000003
5.30778956413269,66.21412811620007,-2.377705831
5.307801246643066,65.14082333240877,-2.398283439
5.307807207107544,64.28217950537572,-2.398283439
5.3078131675720215,64.81883189727138,-2.434294253
5.307819128036499,64.71150141889224,-2.403427841
5.307825088500977,62.67222232968878,-2.5937707150000002
5.307831287384033,65.2481538107879,-2.321117409
5.307837247848511,62.88688328644704,-2.5371822930000003
5.307843446731567,63.74552711348008,-2.362272625
5.307848930358887,65.35548428916704,-2.470305067
5.307854652404785,65.78480620268355,-2.357128223
5.307860374450684,63.74552711348008,-2.5320378910000003
5.3078672885894775,66.64345002971659,-2.413716645
5.307873725891113,64.28217950537572,-2.387994635
5.307879447937012,63.20887472158443,-2.475449469
5.307885408401489,65.2481538107879,-2.387994635
5.307891130447388,66.3214585945792,-2.377705831
5.307896614074707,62.24290041617226,-2.645214735
5.5115673542022705,66.42878907295832,-2.454871861
5.51158595085144,65.46281476754616,-2.501171479
5.5115931034088135,60.84760419724358,-2.475449469
5.511598825454712,64.9261623756505,-2.439438655
5.5116050243377686,65.35548428916704,-2.475449469
5.511610984802246,68.14607672702441,-2.326261811
5.511616945266724,60.31095180534792,-2.609203921
5.511622190475464,69.00472055405744,-2.321117409
5.5116286277771,59.45230797831488,-2.598915117
5.511634588241577,67.3947633783705,-2.372561429
5.511639833450317,62.45756137293052,-2.496027077
5.511645555496216,65.46281476754616,-2.511460283
5.511652708053589,60.63294324048531,-2.475449469
5.511658430099487,67.18010242161225,-2.300539801
5.511663913726807,62.77955280806791,-2.501171479
5.511669635772705,65.89213668106268,-2.454871861
5.511675119400024,62.564891851309646,-2.5629043030000003
5.51168155670166,65.03349285402965,-2.413716645
5.511687278747559,67.50209385674964,-2.2902509970000002
5.511693239212036,60.52561276210618,-2.604059519
5.5116987228393555,67.71675481350789,-2.341695017
5.511704444885254,66.21412811620007,-2.485738273
5.511709451675415,64.38950998375486,-2.5166046850000003
5.511715650558472,68.03874624864528,-2.341695017
5.511720895767212,64.38950998375486,-2.434294253
5.511725902557373,66.21412811620007,-2.315973007
5.5117316246032715,60.84760419724358,-2.676081147
5.511737108230591,67.18010242161225,-2.321117409
5.51174259185791,65.03349285402965,-2.465160665
5.5117480754852295,65.46281476754616,-2.367417027
5.511753559112549,63.20887472158443,-2.5423266950000003
5.511759281158447,64.9261623756505,-2.5166046850000003
5.511765480041504,63.74552711348008,-2.377705831
5.5117714405059814,68.03874624864528,-2.310828605
5.51177716255188,63.20887472158443,-2.5577599010000003
5.511782646179199,67.18010242161225,-2.429149851
5.5117881298065186,64.60417094051311,-2.5886263130000002
5.511794328689575,65.14082333240877,-2.393139037
5.5117998123168945,68.14607672702441,-2.315973007
5.511805057525635,60.52561276210618,-2.511460283
5.511810541152954,68.79005959729919,-2.2645289870000003
5.5118162631988525,62.99421376482616,-2.511460283
5.511821985244751,63.638196635100954,-2.393139037
5.511827707290649,65.67747572430441,-2.470305067
5.511833667755127,62.77955280806791,-2.434294253
5.511839151382446,67.82408529188702,-2.341695017
5.511844158172607,61.169595632380954,-2.624637127
5.511850118637085,69.00472055405744,-2.2336625750000003
5.511855602264404,61.92090898103487,-2.5629043030000003
5.511861324310303,68.25340720540353,-2.413716645
5.511867046356201,64.60417094051311,-2.634925931
5.511872053146362,63.852857591859205,-2.403427841
5.51187801361084,61.169595632380954,-2.5320378910000003
5.511883497238159,69.86336438109049,-2.197651761
5.511889457702637,62.35023089455139,-2.629781529
5.511894702911377,68.36073768378266,-2.418861047
5.511899709701538,64.28217950537572,-2.5629043030000003
5.511905908584595,66.53611955133745,-2.470305067
5.511911153793335,66.53611955133745,-2.305684203
5.511937141418457,63.42353567834269,-2.5629043030000003
5.511942625045776,64.9261623756505,-2.331406213
5.511948108673096,66.64345002971659,-2.5268934890000003
5.512022018432617,63.53086615672182,-2.418861047
5.512028455734253,64.06751854861747,-2.403427841
5.512033700942993,63.960188070238345,-2.480593871
5.512039422988892,69.5413729459531,-2.310828605
5.512044906616211,59.77429941345227,-2.609203921
5.512050628662109,69.43404246757397,-2.218229369
5.512056112289429,59.13031654317749,-2.5680487050000003
5.512061834335327,67.93141577026616,-2.341695017
5.512067079544067,66.64345002971659,-2.496027077
5.512072801589966,65.9994671594418,-2.444583057
5.512077808380127,61.706248024276604,-2.640070333
5.512083292007446,67.50209385674964,-2.166785349
5.512088298797607,61.276926110760094,-2.5577599010000003
5.512093782424927,65.35548428916704,-2.321117409
5.512098789215088,64.60417094051311,-2.5834819110000002
5.512104034423828,63.42353567834269,-2.475449469
5.51210880279541,65.89213668106268,-2.2902509970000002
5.5121166706085205,64.06751854861747,-2.5320378910000003
5.51212215423584,67.3947633783705,-2.182218555
5.51212739944458,60.41828228372705,-2.5217490870000003
5.512132883071899,67.82408529188702,-2.336550615
5.51213812828064,64.28217950537572,-2.444583057
5.512143135070801,65.35548428916704,-2.501171479
5.512148380279541,66.10679763782093,-2.341695017
5.512153387069702,62.564891851309646,-2.485738273
5.512159585952759,67.0727719432331,-2.501171479
5.51216459274292,64.81883189727138,-2.372561429
5.51216983795166,63.316205199963555,-2.465160665
5.512174844741821,62.45756137293052,-2.501171479
5.512179851531982,65.2481538107879,-2.485738273
5.5121848583221436,68.14607672702441,-2.387994635
5.512190103530884,66.10679763782093,-2.408572243
5.512194871902466,65.03349285402965,-2.403427841
5.512200832366943,66.53611955133745,-2.454871861
5.5122058391571045,63.638196635100954,-2.429149851
5.512211322784424,65.57014524592529,-2.449727459
5.512216091156006,65.89213668106268,-2.398283439
5.512221336364746,61.276926110760094,-2.660647941
5.715675592422485,69.5413729459531,-2.2902509970000002
5.715697526931763,62.77955280806791,-2.5474710970000003
5.7157063484191895,67.82408529188702,-2.351983821
5.715714454650879,66.64345002971659,-2.465160665
5.715721130371094,65.46281476754616,-2.475449469
5.715728044509888,66.42878907295832,-2.341695017
5.715734243392944,62.35023089455139,-2.454871861
5.715740442276001,65.2481538107879,-2.439438655
5.715747356414795,64.49684046213399,-2.403427841
5.715753555297852,65.35548428916704,-2.5217490870000003
5.715759992599487,62.88688328644704,-2.429149851
5.715766191482544,63.20887472158443,-2.403427841
5.715771436691284,63.638196635100954,-2.424005449
5.71577787399292,65.89213668106268,-2.660647941
5.715784072875977,65.14082333240877,-2.434294253
5.7157909870147705,65.78480620268355,-2.382850233
5.715797424316406,64.38950998375486,-2.501171479
5.715803384780884,65.35548428916704,-2.439438655
5.715809345245361,67.60942433512876,-2.305684203
5.715815305709839,62.88688328644704,-2.5937707150000002
5.715821027755737,71.36599107839831,-2.310828605
5.715827226638794,61.813578502655744,-2.5577599010000003
5.715833902359009,62.77955280806791,-2.341695017
5.715840101242065,65.35548428916704,-2.444583057
5.715846538543701,64.60417094051311,-2.418861047
5.715852975845337,67.3947633783705,-2.357128223
5.7158589363098145,60.9549346756227,-2.506315881
5.715865135192871,67.0727719432331,-2.408572243
5.715871334075928,63.1015442432053,-2.460016263
5.715877294540405,66.85811098647484,-2.454871861
5.715883016586304,63.638196635100954,-2.5474710970000003
5.7158894538879395,64.28217950537572,-2.465160665
5.715895414352417,64.1748490269966,-2.5577599010000003
5.715901613235474,67.0727719432331,-2.377705831
5.715907573699951,63.1015442432053,-2.454871861
5.715913534164429,64.9261623756505,-2.424005449
5.715919256210327,62.67222232968878,-2.5217490870000003
5.715930938720703,66.10679763782093,-2.485738273
5.715937852859497,67.28743289999137,-2.393139037
5.715945482254028,59.77429941345227,-2.686369951
5.715951442718506,66.96544146485398,-2.182218555
5.715957164764404,63.638196635100954,-2.501171479
5.715963125228882,65.03349285402965,-2.5783375090000002
5.715969085693359,65.9994671594418,-2.470305067
5.715975046157837,64.9261623756505,-2.5320378910000003
5.7159812450408936,68.25340720540353,-2.341695017
5.715986967086792,59.988960370210535,-2.5937707150000002
5.715993165969849,67.60942433512876,-2.398283439
5.715998649597168,62.13556993779312,-2.429149851
5.716004371643066,67.28743289999137,-2.408572243
5.716009855270386,62.35023089455139,-2.5629043030000003
5.716015815734863,63.42353567834269,-2.480593871
5.7160210609436035,65.78480620268355,-2.449727459
5.716027498245239,65.67747572430441,-2.485738273
5.716033220291138,64.38950998375486,-2.490882675
5.716039180755615,64.49684046213399,-2.403427841
5.716044664382935,63.53086615672182,-2.5783375090000002
5.716050624847412,63.960188070238345,-2.418861047
5.71605658531189,69.64870342433223,-2.315973007
5.716062784194946,63.53086615672182,-2.640070333
5.716068506240845,67.60942433512876,-2.321117409
5.716074228286743,65.57014524592529,-2.444583057
5.716079950332642,63.638196635100954,-2.454871861
5.71608567237854,64.71150141889224,-2.408572243
5.716090679168701,63.960188070238345,-2.439438655
5.716097593307495,67.28743289999137,-2.331406213
5.716103553771973,61.706248024276604,-2.640070333
5.716109037399292,70.29268629460701,-2.305684203
5.716115236282349,63.960188070238345,-2.357128223
5.716120719909668,64.49684046213399,-2.300539801
5.716126203536987,63.316205199963555,-2.444583057
5.716133117675781,65.46281476754616,-2.5217490870000003
5.716139078140259,61.813578502655744,-2.5320378910000003
5.716145038604736,69.32671198919485,-2.166785349
5.716150522232056,62.45756137293052,-2.506315881
5.716156244277954,68.25340720540353,-2.357128223
5.7161619663238525,62.88688328644704,-2.485738273
5.716167688369751,64.28217950537572,-2.408572243
5.71617317199707,68.25340720540353,-2.377705831
5.71617865562439,64.60417094051311,-2.496027077
5.716184377670288,66.96544146485398,-2.382850233
5.716189861297607,61.59891754589748,-2.5886263130000002
5.716195583343506,67.50209385674964,-2.393139037
5.716201066970825,64.1748490269966,-2.429149851
5.716206312179565,64.9261623756505,-2.434294253
5.716212272644043,65.03349285402965,-2.382850233
5.7162182331085205,63.852857591859205,-2.490882675
5.716224193572998,64.06751854861747,-2.480593871
5.716230154037476,64.71150141889224,-2.2902509970000002
5.716236114501953,64.9261623756505,-2.439438655
5.716242074966431,63.638196635100954,-2.5577599010000003
5.716248512268066,64.1748490269966,-2.424005449
5.716253757476807,68.03874624864528,-2.382850233
5.716259241104126,64.60417094051311,-2.5268934890000003
5.716264724731445,68.14607672702441,-2.362272625
5.716270208358765,65.78480620268355,-2.5268934890000003
5.716276168823242,64.71150141889224,-2.439438655
5.716281414031982,64.28217950537572,-2.424005449
5.716287136077881,66.3214585945792,-2.336550615
5.716292381286621,61.169595632380954,-2.629781529
5.920021057128906,67.71675481350789,-2.207940565
5.920037746429443,62.67222232968878,-2.506315881
5.9200439453125,69.11205103243658,-2.387994635
5.920049667358398,64.9261623756505,-2.403427841
5.920055150985718,64.38950998375486,-2.496027077
5.920060396194458,67.93141577026616,-2.362272625
5.92006516456604,61.38425658913922,-2.490882675
5.920072793960571,65.35548428916704,-2.465160665
5.920077562332153,62.13556993779312,-2.382850233
5.920082092285156,66.64345002971659,-2.485738273
5.920087099075317,64.06751854861747,-2.5886263130000002
5.920093536376953,64.71150141889224,-2.444583057
5.920098304748535,68.4680681621618,-2.362272625
5.920122146606445,67.28743289999137,-2.408572243
5.9201273918151855,64.81883189727138,-2.305684203
5.920132637023926,65.03349285402965,-2.444583057
5.920137882232666,66.21412811620007,-2.465160665
5.920142412185669,62.35023089455139,-2.418861047
5.92014741897583,65.9994671594418,-2.2645289870000003
5.9201531410217285,60.52561276210618,-2.5886263130000002
5.920158386230469,67.60942433512876,-2.2490957810000003
5.920163869857788,63.74552711348008,-2.5834819110000002
5.920231103897095,67.50209385674964,-2.2851065950000002
5.920237064361572,66.10679763782093,-2.480593871
5.9202423095703125,64.81883189727138,-2.382850233
5.920247554779053,66.75078050809572,-2.351983821
5.920252799987793,61.169595632380954,-2.5783375090000002
5.920258283615112,68.36073768378266,-2.393139037
5.920263051986694,62.67222232968878,-2.439438655
5.920268535614014,66.3214585945792,-2.496027077
5.920273303985596,64.81883189727138,-2.5680487050000003
5.920278310775757,64.38950998375486,-2.434294253
5.920283317565918,64.9261623756505,-2.480593871
5.920287609100342,68.25340720540353,-2.202796163
5.920292139053345,61.706248024276604,-2.501171479
5.920297145843506,66.21412811620007,-2.372561429
5.920301914215088,64.49684046213399,-2.598915117
5.920306444168091,64.71150141889224,-2.387994635
5.920311212539673,67.3947633783705,-2.2748177910000003
5.920316219329834,63.53086615672182,-2.629781529
5.920320749282837,66.64345002971659,-2.2593845850000003
5.920325517654419,64.81883189727138,-2.434294253
5.920329809188843,65.35548428916704,-2.444583057
5.920334339141846,67.71675481350789,-2.434294253
5.9203386306762695,64.38950998375486,-2.475449469
5.9203431606292725,69.11205103243658,-2.357128223
5.920347452163696,59.66696893507314,-2.598915117
5.92035174369812,69.64870342433223,-2.2439513790000003
5.92035698890686,62.564891851309646,-2.367417027
5.920361280441284,67.18010242161225,-2.362272625
5.920365571975708,64.60417094051311,-2.5577599010000003
5.920370817184448,65.03349285402965,-2.470305067
5.920375108718872,64.38950998375486,-2.496027077
5.920379161834717,68.14607672702441,-2.2748177910000003
5.920384168624878,62.77955280806791,-2.5731931070000003
5.920389413833618,67.60942433512876,-2.398283439
5.920393705368042,62.564891851309646,-2.5577599010000003
5.920398950576782,64.28217950537572,-2.429149851
5.920430660247803,66.96544146485398,-2.2388069770000003
5.920435428619385,61.49158706751835,-2.748102775
5.920440435409546,66.10679763782093,-2.336550615
5.92044472694397,65.78480620268355,-2.465160665
5.9204490184783936,62.35023089455139,-2.470305067
5.920454502105713,66.53611955133745,-2.207940565
5.920459032058716,65.67747572430441,-2.449727459
5.920463800430298,66.42878907295832,-2.2902509970000002
5.92046856880188,61.92090898103487,-2.5731931070000003
5.920473098754883,69.00472055405744,-2.351983821
5.920477628707886,64.1748490269966,-2.393139037
5.92048192024231,66.85811098647484,-2.387994635
5.920486211776733,62.77955280806791,-2.496027077
5.920490503311157,62.88688328644704,-2.465160665
5.920495271682739,62.13556993779312,-2.485738273
5.920499563217163,69.11205103243658,-2.403427841
5.920503616333008,63.852857591859205,-2.403427841
5.920508861541748,65.89213668106268,-2.367417027
5.920513391494751,62.35023089455139,-2.5731931070000003
5.9205241203308105,64.81883189727138,-2.454871861
5.920529127120972,67.18010242161225,-2.331406213
5.920533895492554,60.203621326968786,-2.604059519
5.920538663864136,68.4680681621618,-2.2336625750000003
5.920543432235718,62.028239459413996,-2.5474710970000003
5.920548439025879,68.68272911892005,-2.341695017
5.920552730560303,65.57014524592529,-2.506315881
5.920557498931885,65.03349285402965,-2.382850233
5.920561790466309,65.9994671594418,-2.460016263
5.9205663204193115,66.53611955133745,-2.434294253
5.920571327209473,62.35023089455139,-2.5834819110000002
5.920576333999634,66.85811098647484,-2.341695017
5.9205803871154785,64.71150141889224,-2.598915117
5.9205851554870605,63.852857591859205,-2.449727459
5.9205896854400635,64.60417094051311,-2.439438655
5.9205944538116455,67.3947633783705,-2.2696733890000003
5.920602560043335,63.42353567834269,-2.645214735
5.920606851577759,68.03874624864528,-2.341695017
5.920611143112183,61.92090898103487,-2.5474710970000003
5.920615911483765,64.28217950537572,-2.413716645
5.9206202030181885,63.1015442432053,-2.454871861
5.920624732971191,66.3214585945792,-2.300539801
5.920631170272827,60.84760419724358,-2.614348323
6.124021053314209,68.68272911892005,-2.146207741
6.124038934707642,62.45756137293052,-2.475449469
6.1240458488464355,65.67747572430441,-2.480593871
6.124051809310913,63.53086615672182,-2.480593871
6.124056816101074,64.49684046213399,-2.434294253
6.124062538146973,65.2481538107879,-2.454871861
6.124068260192871,63.638196635100954,-2.372561429
6.1240739822387695,64.28217950537572,-2.475449469
6.124079465866089,66.3214585945792,-2.372561429
6.124084711074829,64.1748490269966,-2.490882675
6.124089479446411,59.988960370210535,-2.490882675
6.124094247817993,65.03349285402965,-2.439438655
6.1240997314453125,70.6146777297444,-2.2902509970000002
6.124106407165527,63.316205199963555,-2.5629043030000003
6.124111890792847,67.71675481350789,-2.403427841
6.124118804931641,66.10679763782093,-2.501171479
6.124125003814697,65.35548428916704,-2.444583057
6.124130487442017,65.89213668106268,-2.485738273
6.124135255813599,67.71675481350789,-2.403427841
6.12414026260376,61.276926110760094,-2.660647941
6.124145984649658,70.50734725136526,-2.336550615
6.124152660369873,67.82408529188702,-2.5217490870000003
6.12415885925293,65.14082333240877,-2.413716645
6.124166965484619,64.38950998375486,-2.346839419
6.124172210693359,62.77955280806791,-2.449727459
6.1241772174835205,67.0727719432331,-2.2696733890000003
6.124182939529419,60.84760419724358,-2.645214735
6.124187469482422,69.97069485946962,-2.362272625
6.124192476272583,63.53086615672182,-2.490882675
6.124197483062744,66.21412811620007,-2.465160665
6.124202728271484,64.9261623756505,-2.5577599010000003
6.124209403991699,65.35548428916704,-2.5783375090000002
6.124215126037598,63.42353567834269,-2.5937707150000002
6.124220609664917,68.36073768378266,-2.351983821
6.124225616455078,63.42353567834269,-2.387994635
6.124230623245239,65.57014524592529,-2.382850233
6.1242356300354,62.77955280806791,-2.434294253
6.124240398406982,65.03349285402965,-2.418861047
6.124245882034302,65.67747572430441,-2.429149851
6.124251127243042,62.88688328644704,-2.5937707150000002
6.124256134033203,68.57539864054093,-2.2851065950000002
6.124261379241943,62.67222232968878,-2.614348323
6.1242663860321045,65.57014524592529,-2.5371822930000003
6.124271631240845,63.638196635100954,-2.449727459
6.124277114868164,65.89213668106268,-2.5783375090000002
6.124282121658325,66.42878907295832,-2.408572243
6.124287128448486,64.1748490269966,-2.434294253
6.124295473098755,63.960188070238345,-2.5423266950000003
6.124300956726074,64.60417094051311,-2.377705831
6.1243062019348145,65.78480620268355,-2.5783375090000002
6.124311685562134,64.71150141889224,-2.398283439
6.124317407608032,63.638196635100954,-2.439438655
6.124322891235352,69.86336438109049,-2.2336625750000003
6.124333620071411,63.20887472158443,-2.5577599010000003
6.12433934211731,66.75078050809572,-2.2696733890000003
6.124345064163208,63.42353567834269,-2.506315881
6.124350547790527,65.46281476754616,-2.398283439
6.124356985092163,65.46281476754616,-2.449727459
6.124361515045166,65.67747572430441,-2.465160665
6.124366760253906,60.84760419724358,-2.5731931070000003
6.124371767044067,68.03874624864528,-2.336550615
6.12437629699707,62.77955280806791,-2.665792343
6.124381065368652,65.89213668106268,-2.5320378910000003
6.1243860721588135,62.77955280806791,-2.506315881
6.124391078948975,65.46281476754616,-2.434294253
6.124396324157715,64.9261623756505,-2.485738273
6.1244118213653564,65.89213668106268,-2.331406213
6.124418497085571,61.169595632380954,-2.629781529
6.124423027038574,68.89739007567832,-2.377705831
6.124429702758789,61.06226515400183,-2.5731931070000003
6.12443470954895,65.46281476754616,-2.346839419
6.124439716339111,64.49684046213399,-2.454871861
6.124444484710693,68.14607672702441,-2.336550615
6.124449253082275,62.35023089455139,-2.634925931
6.124454021453857,69.97069485946962,-2.315973007
6.12445855140686,61.169595632380954,-2.5474710970000003
6.124463796615601,66.21412811620007,-2.310828605
6.124468564987183,63.20887472158443,-2.506315881
6.124473571777344,63.42353567834269,-2.460016263
6.124478578567505,65.2481538107879,-2.362272625
6.124482870101929,64.28217950537572,-2.465160665
6.124545335769653,66.10679763782093,-2.2851065950000002
6.124551773071289,64.06751854861747,-2.449727459
6.124556541442871,63.852857591859205,-2.367417027
6.12456202507019,63.960188070238345,-2.490882675
6.124567747116089,64.81883189727138,-2.413716645
6.12457275390625,67.60942433512876,-2.449727459
6.124593019485474,63.316205199963555,-2.424005449
6.124597787857056,65.14082333240877,-2.5680487050000003
6.124603509902954,63.53086615672182,-2.511460283
6.124608516693115,67.28743289999137,-2.351983821
6.124613523483276,63.20887472158443,-2.454871861
6.124618053436279,64.1748490269966,-2.403427841
6.124622821807861,66.85811098647484,-2.496027077
6.124627590179443,62.99421376482616,-2.614348323
6.124632120132446,67.28743289999137,-2.367417027
6.124637126922607,64.38950998375486,-2.490882675
6.12464165687561,63.960188070238345,-2.511460283
6.124646902084351,65.89213668106268,-2.341695017
6.124651908874512,68.25340720540353,-2.321117409
6.328213930130005,60.09629084858966,-2.650359137
6.328234434127808,68.36073768378266,-2.2542401830000003
6.328240871429443,62.67222232968878,-2.634925931
6.328246593475342,68.36073768378266,-2.393139037
6.328251361846924,62.67222232968878,-2.429149851
6.328256130218506,64.49684046213399,-2.403427841
6.328261375427246,64.9261623756505,-2.439438655
6.3282670974731445,65.57014524592529,-2.351983821
6.328272104263306,60.9549346756227,-2.619492725
6.328277111053467,67.28743289999137,-2.357128223
6.328282356262207,67.71675481350789,-2.336550615
6.328287124633789,63.20887472158443,-2.511460283
6.32829213142395,64.81883189727138,-2.465160665
6.32829737663269,64.81883189727138,-2.413716645
6.328301906585693,63.53086615672182,-2.614348323
6.328306436538696,68.14607672702441,-2.393139037
6.328311204910278,64.49684046213399,-2.393139037
6.32831597328186,64.28217950537572,-2.418861047
6.328321218490601,65.2481538107879,-2.357128223
6.3283257484436035,69.00472055405744,-2.377705831
6.328331232070923,61.276926110760094,-2.655503539
6.328336954116821,70.29268629460701,-2.351983821
6.328342437744141,63.852857591859205,-2.470305067
6.32834792137146,65.35548428916704,-2.2645289870000003
6.328353643417358,65.57014524592529,-2.5371822930000003
6.328358888626099,64.06751854861747,-2.351983821
6.32836389541626,65.78480620268355,-2.2902509970000002
6.328369379043579,66.75078050809572,-2.310828605
6.328374147415161,60.41828228372705,-2.5834819110000002
6.3283796310424805,67.50209385674964,-2.357128223
6.328388214111328,63.1015442432053,-2.480593871
6.328393459320068,61.813578502655744,-2.5886263130000002
6.328398942947388,64.9261623756505,-2.475449469
6.328426122665405,65.9994671594418,-2.398283439
6.328431129455566,61.38425658913922,-2.5937707150000002
6.328436374664307,69.32671198919485,-2.213084967
6.328441143035889,63.852857591859205,-2.5320378910000003
6.328446626663208,66.21412811620007,-2.382850233
6.328451156616211,65.57014524592529,-2.331406213
6.328455924987793,66.21412811620007,-2.310828605
6.328460454940796,61.92090898103487,-2.629781529
6.328464984893799,69.86336438109049,-2.321117409
6.328469753265381,62.564891851309646,-2.511460283
6.328479528427124,66.53611955133745,-2.321117409
6.328484296798706,65.46281476754616,-2.5371822930000003
6.328488826751709,64.71150141889224,-2.439438655
6.328493595123291,64.71150141889224,-2.511460283
6.328498363494873,66.53611955133745,-2.341695017
6.328502655029297,60.52561276210618,-2.634925931
6.3285071849823,69.11205103243658,-2.2799621930000002
6.32851243019104,64.1748490269966,-2.480593871
6.328516721725464,63.316205199963555,-2.5886263130000002
6.328521490097046,63.960188070238345,-2.5423266950000003
6.328526496887207,67.28743289999137,-2.341695017
6.32853102684021,60.84760419724358,-2.665792343
6.328535318374634,70.82933868650265,-2.2953953990000002
6.328540325164795,63.74552711348008,-2.604059519
6.328545093536377,66.85811098647484,-2.372561429
6.328551769256592,65.46281476754616,-2.5629043030000003
6.328556776046753,69.64870342433223,-2.429149851
6.328561544418335,60.203621326968786,-2.5783375090000002
6.328566312789917,69.00472055405744,-2.321117409
6.328570604324341,60.9549346756227,-2.434294253
6.328575372695923,66.10679763782093,-2.321117409
6.328580141067505,63.638196635100954,-2.5423266950000003
6.328585147857666,64.81883189727138,-2.501171479
6.3286120891571045,63.638196635100954,-2.454871861
6.328617095947266,68.14607672702441,-2.346839419
6.3286216259002686,60.31095180534792,-2.650359137
6.3286261558532715,68.03874624864528,-2.2593845850000003
6.328631162643433,64.38950998375486,-2.5423266950000003
6.328635931015015,64.28217950537572,-2.5834819110000002
6.328640937805176,64.38950998375486,-2.449727459
6.3286452293396,64.71150141889224,-2.341695017
6.328649997711182,63.53086615672182,-2.655503539
6.328654766082764,68.03874624864528,-2.315973007
6.328659296035767,63.316205199963555,-2.634925931
6.3286638259887695,64.71150141889224,-2.408572243
6.32866907119751,67.28743289999137,-2.393139037
6.328673362731934,64.60417094051311,-2.362272625
6.3286778926849365,61.59891754589748,-2.5474710970000003
6.328682899475098,65.57014524592529,-2.511460283
6.32868766784668,64.81883189727138,-2.454871861
6.3286919593811035,66.64345002971659,-2.362272625
6.328696966171265,64.9261623756505,-2.362272625
6.328701496124268,64.9261623756505,-2.501171479
6.3287060260772705,64.1748490269966,-2.439438655
6.328711271286011,67.60942433512876,-2.321117409
6.328715562820435,60.41828228372705,-2.706947559
6.3287200927734375,68.25340720540353,-2.310828605
6.328725814819336,62.45756137293052,-2.5577599010000003
6.328731060028076,61.169595632380954,-2.454871861
6.328735828399658,64.71150141889224,-2.418861047
6.328740119934082,67.82408529188702,-2.413716645
6.328748464584351,58.8083251080401,-2.732669569
6.328752756118774,68.25340720540353,-2.2233737710000003
6.3287577629089355,61.813578502655744,-2.5629043030000003
6.328763246536255,65.67747572430441,-2.372561429
6.328767538070679,64.9261623756505,-2.465160665
6.328771591186523,66.21412811620007,-2.403427841
6.532340049743652,59.66696893507314,-2.609203921
6.53236198425293,69.00472055405744,-2.182218555
6.532369136810303,63.20887472158443,-2.475449469
6.5323755741119385,67.3947633783705,-2.424005449
6.532382249832153,64.28217950537572,-2.5577599010000003
6.532389402389526,65.35548428916704,-2.5268934890000003
6.532396078109741,66.85811098647484,-2.300539801
6.532423973083496,61.169595632380954,-2.670936745
6.532430410385132,68.36073768378266,-2.372561429
6.532436847686768,62.77955280806791,-2.485738273
6.53248143196106,67.18010242161225,-2.413716645
6.532487392425537,64.49684046213399,-2.465160665
6.5324928760528564,69.32671198919485,-2.310828605
6.532498836517334,60.09629084858966,-2.598915117
6.532504081726074,67.93141577026616,-2.2696733890000003
6.53251051902771,61.92090898103487,-2.5577599010000003
6.532516717910767,65.89213668106268,-2.300539801
6.532521963119507,64.49684046213399,-2.5371822930000003
6.532527685165405,64.71150141889224,-2.2593845850000003
6.532533168792725,63.74552711348008,-2.372561429
6.532538414001465,65.57014524592529,-2.465160665
6.532544136047363,64.28217950537572,-2.418861047
6.5325493812561035,66.75078050809572,-2.207940565
6.53255558013916,62.13556993779312,-2.501171479
6.5325610637664795,65.2481538107879,-2.429149851
6.532575607299805,63.960188070238345,-2.465160665
6.532581090927124,67.60942433512876,-2.2799621930000002
6.5325868129730225,60.74027371886444,-2.634925931
6.5325927734375,68.25340720540353,-2.2799621930000002
6.532599687576294,61.169595632380954,-2.634925931
6.532605886459351,65.03349285402965,-2.372561429
6.532611608505249,65.9994671594418,-2.475449469
6.532617092132568,67.60942433512876,-2.372561429
6.532622575759888,61.169595632380954,-2.686369951
6.532627582550049,68.25340720540353,-2.161640947
6.532633543014526,62.67222232968878,-2.629781529
6.532638788223267,66.42878907295832,-2.341695017
6.532644033432007,64.49684046213399,-2.465160665
6.532648801803589,65.03349285402965,-2.475449469
6.532654523849487,63.20887472158443,-2.470305067
6.532659530639648,66.85811098647484,-2.496027077
6.532740354537964,61.169595632380954,-2.496027077
6.5327465534210205,65.9994671594418,-2.398283439
6.532752275466919,65.9994671594418,-2.5731931070000003
6.532757997512817,65.78480620268355,-2.362272625
6.532763957977295,65.03349285402965,-2.506315881
6.5327699184417725,67.50209385674964,-2.336550615
6.53277587890625,61.276926110760094,-2.670936745
6.53278112411499,65.9994671594418,-2.2542401830000003
6.532788276672363,59.988960370210535,-2.614348323
6.532794237136841,67.28743289999137,-2.434294253
6.53279972076416,64.60417094051311,-2.418861047
6.5328052043914795,65.9994671594418,-2.5217490870000003
6.532811164855957,59.02298606479835,-2.681225549
6.532816171646118,68.89739007567832,-2.2851065950000002
6.532822132110596,61.276926110760094,-2.5217490870000003
6.532827615737915,68.4680681621618,-2.408572243
6.532833099365234,64.06751854861747,-2.5371822930000003
6.532839059829712,61.706248024276604,-2.485738273
6.532844305038452,62.45756137293052,-2.382850233
6.5328497886657715,69.11205103243658,-2.429149851
6.5328545570373535,64.71150141889224,-2.496027077
6.532860040664673,66.42878907295832,-2.418861047
6.532865047454834,63.53086615672182,-2.5217490870000003
6.532870292663574,65.78480620268355,-2.470305067
6.5328755378723145,64.38950998375486,-2.470305067
6.532881498336792,67.50209385674964,-2.2645289870000003
6.53288722038269,61.06226515400183,-2.655503539
6.532892227172852,67.93141577026616,-2.2748177910000003
6.53289794921875,63.42353567834269,-2.598915117
6.532902956008911,66.42878907295832,-2.382850233
6.5329084396362305,65.14082333240877,-2.5371822930000003
6.532914400100708,66.75078050809572,-2.408572243
6.532925367355347,61.169595632380954,-2.763535981
6.532931566238403,71.58065203515658,-2.310828605
6.532940149307251,61.813578502655744,-2.5577599010000003
6.532950162887573,68.36073768378266,-2.326261811
6.532958745956421,63.20887472158443,-2.465160665
6.532965898513794,65.46281476754616,-2.475449469
6.532973289489746,64.71150141889224,-2.341695017
6.532999753952026,61.92090898103487,-2.5629043030000003
6.533010244369507,67.28743289999137,-2.2490957810000003
6.533020496368408,63.42353567834269,-2.496027077
6.5330259799957275,66.42878907295832,-2.429149851
6.533031225204468,62.99421376482616,-2.5526154990000003
6.533036947250366,65.46281476754616,-2.429149851
6.533041715621948,65.57014524592529,-2.310828605
6.533046722412109,61.706248024276604,-2.444583057
6.53305196762085,68.03874624864528,-2.470305067
6.53305721282959,62.67222232968878,-2.439438655
6.533062219619751,67.0727719432331,-2.377705831
6.533066987991333,63.316205199963555,-2.470305067
6.533072471618652,66.53611955133745,-2.501171479
6.533077239990234,63.1015442432053,-2.454871861
6.533083200454712,65.46281476754616,-2.439438655
6.533087968826294,63.852857591859205,-2.382850233
6.533093214035034,66.3214585945792,-2.382850233
6.533098459243774,61.813578502655744,-2.506315881
6.533103704452515,65.57014524592529,-2.475449469
6.533108711242676,68.79005959729919,-2.315973007
6.736731290817261,62.35023089455139,-2.670936745
6.736749649047852,68.57539864054093,-2.213084967
6.7367565631866455,63.1015442432053,-2.506315881
6.73676323890686,67.28743289999137,-2.5268934890000003
6.736769676208496,62.99421376482616,-2.470305067
6.736775159835815,65.35548428916704,-2.413716645
6.736781358718872,66.42878907295832,-2.424005449
6.7367870807647705,63.1015442432053,-2.470305067
6.736792802810669,63.852857591859205,-2.5731931070000003
6.736799240112305,63.1015442432053,-2.424005449
6.736804723739624,65.78480620268355,-2.2593845850000003
6.736810684204102,63.1015442432053,-2.434294253
6.736816167831421,67.0727719432331,-2.418861047
6.736822605133057,66.21412811620007,-2.5320378910000003
6.736829042434692,63.53086615672182,-2.609203921
6.736834526062012,66.21412811620007,-2.377705831
6.736840009689331,65.35548428916704,-2.506315881
6.736845970153809,65.35548428916704,-2.475449469
6.7368528842926025,65.57014524592529,-2.418861047
6.736858606338501,68.25340720540353,-2.341695017
6.7368645668029785,62.99421376482616,-2.676081147
6.736870288848877,68.68272911892005,-2.305684203
6.736876010894775,61.38425658913922,-2.511460283
6.736881494522095,66.75078050809572,-2.300539801
6.736887216567993,62.24290041617226,-2.511460283
6.736892223358154,64.81883189727138,-2.424005449
6.736897706985474,65.46281476754616,-2.454871861
6.736902952194214,65.03349285402965,-2.377705831
6.736908674240112,64.49684046213399,-2.424005449
6.736913442611694,65.2481538107879,-2.367417027
6.736918687820435,67.82408529188702,-2.439438655
6.736924171447754,65.03349285402965,-2.511460283
6.736929416656494,65.03349285402965,-2.5320378910000003
6.736934423446655,64.60417094051311,-2.357128223
6.736940383911133,63.42353567834269,-2.5526154990000003
6.736946105957031,65.57014524592529,-2.351983821
6.73695182800293,66.21412811620007,-2.449727459
6.736957550048828,62.77955280806791,-2.413716645
6.736962795257568,68.03874624864528,-2.351983821
6.736968040466309,67.71675481350789,-2.315973007
6.736974000930786,60.31095180534792,-2.5166046850000003
6.7369794845581055,68.89739007567832,-2.2645289870000003
6.736985445022583,64.71150141889224,-2.5783375090000002
6.7369911670684814,65.46281476754616,-2.357128223
6.736996412277222,63.20887472158443,-2.465160665
6.737001895904541,66.53611955133745,-2.485738273
6.737006902694702,66.53611955133745,-2.418861047
6.73701286315918,61.706248024276604,-2.5217490870000003
6.737018346786499,65.46281476754616,-2.496027077
6.7370240688323975,62.35023089455139,-2.485738273
6.737030029296875,65.67747572430441,-2.2645289870000003
6.737039804458618,66.10679763782093,-2.501171479
6.737045049667358,67.60942433512876,-2.326261811
6.737050533294678,61.59891754589748,-2.5474710970000003
6.737056255340576,68.03874624864528,-2.418861047
6.7370617389678955,62.028239459413996,-2.501171479
6.737067461013794,65.9994671594418,-2.387994635
6.737072467803955,62.13556993779312,-2.5680487050000003
6.737077951431274,63.316205199963555,-2.434294253
6.737083196640015,67.28743289999137,-2.362272625
6.737088441848755,62.88688328644704,-2.604059519
6.737093687057495,66.85811098647484,-2.058752907
6.737098932266235,65.78480620268355,-2.501171479
6.737104177474976,65.35548428916704,-2.418861047
6.737109184265137,64.71150141889224,-2.449727459
6.737114429473877,64.38950998375486,-2.460016263
6.737119913101196,67.93141577026616,-2.310828605
6.737124681472778,61.06226515400183,-2.655503539
6.7371299266815186,67.28743289999137,-2.2388069770000003
6.737135171890259,62.13556993779312,-2.5886263130000002
6.737140893936157,65.78480620268355,-2.413716645
6.737145662307739,64.81883189727138,-2.377705831
6.737151145935059,66.3214585945792,-2.315973007
6.737156391143799,60.203621326968786,-2.629781529
6.73716139793396,68.36073768378266,-2.2542401830000003
6.7371666431427,61.276926110760094,-2.5731931070000003
6.7371721267700195,65.03349285402965,-2.403427841
6.737178802490234,65.03349285402965,-2.5217490870000003
6.737184047698975,65.89213668106268,-2.439438655
6.737190008163452,62.24290041617226,-2.511460283
6.737195014953613,66.85811098647484,-2.511460283
6.737200498580933,66.75078050809572,-2.197651761
6.737205743789673,62.67222232968878,-2.5577599010000003
6.737211227416992,64.28217950537572,-2.429149851
6.737216234207153,64.1748490269966,-2.485738273
6.737221717834473,63.53086615672182,-2.393139037
6.737226486206055,67.0727719432331,-2.321117409
6.737231969833374,60.31095180534792,-2.634925931
6.737236738204956,69.75603390271137,-2.2851065950000002
6.7372424602508545,60.9549346756227,-2.629781529
6.737248182296753,64.28217950537572,-2.346839419
6.737253189086914,65.14082333240877,-2.387994635
6.737257957458496,67.18010242161225,-2.403427841
6.737263917922974,61.06226515400183,-2.676081147
6.737268924713135,70.50734725136526,-2.2799621930000002
6.737273931503296,61.813578502655744,-2.5937707150000002
6.7372801303863525,65.2481538107879,-2.393139037
6.737285137176514,64.60417094051311,-2.408572243
6.737290143966675,64.81883189727138,-2.377705831
6.737294912338257,61.706248024276604,-2.496027077
6.9410576820373535,68.89739007567832,-2.192507359
6.941075801849365,62.028239459413996,-2.485738273
6.941082239151001,67.0727719432331,-2.346839419
6.941088676452637,65.89213668106268,-2.5268934890000003
6.941095590591431,65.14082333240877,-2.413716645
6.941100835800171,64.38950998375486,-2.444583057
6.941106796264648,65.57014524592529,-2.351983821
6.941112518310547,64.60417094051311,-2.5526154990000003
6.9411187171936035,66.85811098647484,-2.2953953990000002
6.941124677658081,62.77955280806791,-2.5680487050000003
6.941130876541138,64.60417094051311,-2.429149851
6.941136360168457,63.53086615672182,-2.5423266950000003
6.941141843795776,68.89739007567832,-2.367417027
6.9411468505859375,61.38425658913922,-2.609203921
6.941152334213257,67.82408529188702,-2.207940565
6.941157341003418,63.20887472158443,-2.5526154990000003
6.941163063049316,64.81883189727138,-2.367417027
6.941168546676636,63.74552711348008,-2.465160665
6.941173553466797,65.89213668106268,-2.490882675
6.941178560256958,58.91565558641923,-2.609203921
6.941183567047119,68.68272911892005,-2.2542401830000003
6.941189289093018,59.66696893507314,-2.5320378910000003
6.941194534301758,66.75078050809572,-2.2902509970000002
6.941200494766235,65.89213668106268,-2.501171479
6.941205739974976,64.9261623756505,-2.418861047
6.941211938858032,63.852857591859205,-2.439438655
6.941234827041626,65.67747572430441,-2.387994635
6.941239833831787,62.67222232968878,-2.5783375090000002
6.9412455558776855,67.60942433512876,-2.2748177910000003
6.941251516342163,65.67747572430441,-2.5320378910000003
6.941256999969482,63.53086615672182,-2.465160665
6.941262245178223,65.2481538107879,-2.480593871
6.941267251968384,69.00472055405744,-2.2645289870000003
6.94127345085144,63.1015442432053,-2.5886263130000002
6.941279649734497,68.03874624864528,-2.310828605
6.941285133361816,63.74552711348008,-2.5731931070000003
6.941290855407715,66.3214585945792,-2.382850233
6.941295862197876,64.06751854861747,-2.429149851
6.941301345825195,65.14082333240877,-2.475449469
6.9413063526153564,62.67222232968878,-2.408572243
6.941311836242676,69.00472055405744,-2.2336625750000003
6.941319704055786,61.813578502655744,-2.5629043030000003
6.941325426101685,66.53611955133745,-2.362272625
6.941330909729004,63.1015442432053,-2.5268934890000003
6.941336631774902,64.9261623756505,-2.387994635
6.941342353820801,65.9994671594418,-2.444583057
6.941347599029541,65.03349285402965,-2.454871861
6.94135308265686,64.9261623756505,-2.449727459
6.9413580894470215,67.0727719432331,-2.315973007
6.941363573074341,66.53611955133745,-2.490882675
6.94136905670166,62.24290041617226,-2.506315881
6.941375017166138,64.49684046213399,-2.485738273
6.941380262374878,67.93141577026616,-2.336550615
6.941394090652466,64.1748490269966,-2.655503539
6.941430330276489,67.71675481350789,-2.357128223
6.941436290740967,65.35548428916704,-2.465160665
6.941441774368286,64.71150141889224,-2.444583057
6.941447496414185,64.28217950537572,-2.470305067
6.941453218460083,69.75603390271137,-2.367417027
6.941458225250244,59.66696893507314,-2.629781529
6.9414637088775635,69.11205103243658,-2.2388069770000003
6.941469192504883,62.028239459413996,-2.5371822930000003
6.94147515296936,66.21412811620007,-2.321117409
6.94148063659668,63.53086615672182,-2.336550615
6.941486120223999,64.60417094051311,-2.382850233
6.941491603851318,65.9994671594418,-2.367417027
6.941497087478638,64.60417094051311,-2.424005449
6.941502571105957,64.49684046213399,-2.5731931070000003
6.9415082931518555,67.82408529188702,-2.2799621930000002
6.941513776779175,61.92090898103487,-2.5474710970000003
6.941519021987915,64.06751854861747,-2.485738273
6.941523790359497,65.35548428916704,-2.434294253
6.941528797149658,67.71675481350789,-2.377705831
6.9415342807769775,61.38425658913922,-2.634925931
6.941539525985718,68.57539864054093,-2.213084967
6.941545009613037,62.24290041617226,-2.5577599010000003
6.9415504932403564,66.64345002971659,-2.387994635
6.941558122634888,63.74552711348008,-2.496027077
6.941563844680786,65.46281476754616,-2.475449469
6.941568851470947,62.35023089455139,-2.470305067
6.941574573516846,66.85811098647484,-2.496027077
6.941579580307007,68.89739007567832,-2.357128223
6.941584348678589,64.49684046213399,-2.480593871
6.94158935546875,66.53611955133745,-2.398283439
6.941594362258911,64.60417094051311,-2.460016263
6.941599607467651,64.60417094051311,-2.434294253
6.941604852676392,67.0727719432331,-2.351983821
6.941609621047974,60.9549346756227,-2.5680487050000003
6.941614866256714,68.14607672702441,-2.439438655
6.941620588302612,63.316205199963555,-2.393139037
6.9416303634643555,67.0727719432331,-2.315973007
6.941635370254517,63.852857591859205,-2.393139037
6.941640615463257,64.71150141889224,-2.429149851
6.941646575927734,64.60417094051311,-2.465160665
6.941652297973633,65.2481538107879,-2.501171479
6.941658020019531,65.35548428916704,-2.434294253
6.941663026809692,65.03349285402965,-2.439438655
6.941668272018433,63.20887472158443,-2.501171479
6.941673517227173,68.03874624864528,-2.434294253
6.941679000854492,68.4680681621618,-2.341695017
7.146765470504761,61.49158706751835,-2.629781529
7.146784543991089,70.18535581622788,-2.2953953990000002
7.1467931270599365,62.77955280806791,-2.5474710970000003
7.146813631057739,65.14082333240877,-2.418861047
7.146820545196533,62.35023089455139,-2.460016263
7.146826982498169,65.67747572430441,-2.424005449
7.1468329429626465,65.9994671594418,-2.439438655
7.146838665008545,62.99421376482616,-2.470305067
7.146844863891602,66.53611955133745,-2.485738273
7.146852493286133,61.59891754589748,-2.367417027
7.1468589305877686,65.67747572430441,-2.413716645
7.146864414215088,63.53086615672182,-2.5268934890000003
7.146870374679565,66.3214585945792,-2.506315881
7.146880149841309,63.1015442432053,-2.357128223
7.146885395050049,64.49684046213399,-2.511460283
7.146891117095947,66.3214585945792,-2.434294253
7.146896839141846,67.93141577026616,-2.485738273
7.146901607513428,61.706248024276604,-2.449727459
7.146907567977905,64.60417094051311,-2.429149851
7.146913290023804,68.4680681621618,-2.372561429
7.146919012069702,60.203621326968786,-2.634925931
7.146924734115601,67.28743289999137,-2.300539801
7.146929740905762,60.9549346756227,-2.624637127
7.146935224533081,65.2481538107879,-2.372561429
7.146940231323242,62.99421376482616,-2.5166046850000003
7.14694619178772,65.67747572430441,-2.424005449
7.146951675415039,66.42878907295832,-2.485738273
7.146957159042358,64.71150141889224,-2.5577599010000003
7.146963119506836,66.10679763782093,-2.367417027
7.1469690799713135,62.67222232968878,-2.449727459
7.146974563598633,68.57539864054093,-2.470305067
7.146979808807373,65.67747572430441,-2.506315881
7.146985292434692,65.35548428916704,-2.326261811
7.146990776062012,62.028239459413996,-2.5937707150000002
7.146996974945068,67.18010242161225,-2.454871861
7.147002220153809,64.38950998375486,-2.490882675
7.147007942199707,67.3947633783705,-2.454871861
7.147013425827026,62.45756137293052,-2.5577599010000003
7.147019147872925,65.14082333240877,-2.398283439
7.147023916244507,69.32671198919485,-2.321117409
7.147029399871826,62.99421376482616,-2.5680487050000003
7.1470348834991455,66.96544146485398,-2.2748177910000003
7.147040605545044,66.64345002971659,-2.5886263130000002
7.147046327590942,65.35548428916704,-2.300539801
7.1470513343811035,65.9994671594418,-2.5423266950000003
7.147057056427002,65.89213668106268,-2.408572243
7.147062540054321,66.21412811620007,-2.393139037
7.14706826210022,63.42353567834269,-2.5268934890000003
7.14707350730896,66.21412811620007,-2.326261811
7.1470794677734375,62.67222232968878,-2.5629043030000003
7.147085666656494,68.68272911892005,-2.2851065950000002
7.147091388702393,64.49684046213399,-2.485738273
7.147096395492554,67.82408529188702,-2.429149851
7.147101879119873,61.813578502655744,-2.5371822930000003
7.147107124328613,66.10679763782093,-2.413716645
7.147112846374512,61.706248024276604,-2.5166046850000003
7.14711856842041,65.89213668106268,-2.341695017
7.1471240520477295,62.45756137293052,-2.490882675
7.147129774093628,62.564891851309646,-2.490882675
7.1472084522247314,67.71675481350789,-2.367417027
7.147215366363525,60.74027371886444,-2.604059519
7.147221088409424,69.11205103243658,-2.321117409
7.147227048873901,62.99421376482616,-2.496027077
7.147232532501221,65.9994671594418,-2.418861047
7.147238254547119,64.71150141889224,-2.5320378910000003
7.147243976593018,64.9261623756505,-2.362272625
7.147248983383179,66.10679763782093,-2.418861047
7.147260904312134,63.20887472158443,-2.403427841
7.147266864776611,63.53086615672182,-2.444583057
7.14727258682251,69.00472055405744,-2.382850233
7.147277593612671,65.46281476754616,-2.372561429
7.147282838821411,60.84760419724358,-2.5217490870000003
7.147288084030151,62.88688328644704,-2.5166046850000003
7.14729380607605,65.57014524592529,-2.362272625
7.147298812866211,61.59891754589748,-2.609203921
7.147303819656372,68.89739007567832,-2.2336625750000003
7.147310018539429,65.03349285402965,-2.5423266950000003
7.147315502166748,64.9261623756505,-2.336550615
7.147320747375488,66.3214585945792,-2.485738273
7.147325754165649,67.82408529188702,-2.341695017
7.1473305225372314,61.276926110760094,-2.5371822930000003
7.14733624458313,63.53086615672182,-2.5217490870000003
7.147342205047607,61.706248024276604,-2.5423266950000003
7.147347688674927,65.78480620268355,-2.496027077
7.147353410720825,66.3214585945792,-2.362272625
7.147358655929565,62.564891851309646,-2.485738273
7.1473634243011475,64.71150141889224,-2.393139037
7.147368431091309,66.64345002971659,-2.341695017
7.14737343788147,61.59891754589748,-2.367417027
7.147381067276001,68.68272911892005,-2.434294253
7.1473894119262695,62.77955280806791,-2.604059519
7.14741063117981,64.49684046213399,-2.398283439
7.147419691085815,63.53086615672182,-2.5526154990000003
7.147427558898926,65.89213668106268,-2.429149851
7.147435188293457,62.13556993779312,-2.501171479
7.147449016571045,66.96544146485398,-2.403427841
7.147458553314209,63.1015442432053,-2.5166046850000003
7.147468328475952,66.21412811620007,-2.300539801
7.147475004196167,62.99421376482616,-2.418861047
7.147480249404907,65.03349285402965,-2.465160665
7.35127329826355,64.38950998375486,-2.387994635
7.351294040679932,63.960188070238345,-2.485738273
7.351303577423096,62.24290041617226,-2.418861047
7.351310968399048,66.21412811620007,-2.429149851
7.351317644119263,66.3214585945792,-2.351983821
7.351324558258057,66.10679763782093,-2.490882675
7.3513312339782715,63.960188070238345,-2.439438655
7.3513383865356445,67.28743289999137,-2.346839419
7.35134482383728,60.52561276210618,-2.5629043030000003
7.351352691650391,68.89739007567832,-2.341695017
7.351359844207764,63.1015442432053,-2.629781529
7.3513665199279785,63.960188070238345,-2.393139037
7.3513734340667725,68.4680681621618,-2.501171479
7.351380109786987,66.42878907295832,-2.398283439
7.351386785507202,62.13556993779312,-2.5423266950000003
7.351393938064575,67.50209385674964,-2.341695017
7.351434946060181,62.028239459413996,-2.408572243
7.351442098617554,66.85811098647484,-2.434294253
7.35144829750061,62.88688328644704,-2.5320378910000003
7.351455211639404,64.9261623756505,-2.429149851
7.35146164894104,63.638196635100954,-2.315973007
7.351468086242676,63.1015442432053,-2.614348323
7.3514769077301025,66.85811098647484,-2.2902509970000002
7.3514838218688965,64.60417094051311,-2.480593871
7.351491212844849,66.3214585945792,-2.408572243
7.351497411727905,62.564891851309646,-2.5783375090000002
7.351503610610962,64.60417094051311,-2.393139037
7.351510286331177,65.14082333240877,-2.424005449
7.35153865814209,66.3214585945792,-2.362272625
7.351544618606567,66.3214585945792,-2.480593871
7.351550817489624,63.74552711348008,-2.5577599010000003
7.351557970046997,65.14082333240877,-2.351983821
7.351564407348633,65.9994671594418,-2.413716645
7.351571559906006,64.81883189727138,-2.460016263
7.351578235626221,65.2481538107879,-2.439438655
7.351584434509277,64.60417094051311,-2.501171479
7.351593255996704,62.45756137293052,-2.424005449
7.35159969329834,65.14082333240877,-2.362272625
7.3516058921813965,63.638196635100954,-2.501171479
7.351612567901611,65.67747572430441,-2.444583057
7.351619005203247,69.32671198919485,-2.362272625
7.351624965667725,61.169595632380954,-2.640070333
7.351631164550781,66.21412811620007,-2.2490957810000003
7.351638078689575,62.13556993779312,-2.506315881
7.351649522781372,67.71675481350789,-2.398283439
7.351655721664429,62.35023089455139,-2.5371822930000003
7.3516623973846436,64.9261623756505,-2.346839419
7.3516685962677,65.46281476754616,-2.413716645
7.351675033569336,65.46281476754616,-2.331406213
7.351681470870972,64.71150141889224,-2.5526154990000003
7.351687669754028,62.35023089455139,-2.403427841
7.351694107055664,65.2481538107879,-2.336550615
7.351700305938721,69.86336438109049,-2.398283439
7.3517067432403564,64.38950998375486,-2.429149851
7.351713418960571,67.28743289999137,-2.429149851
7.351718902587891,64.49684046213399,-2.598915117
7.351724863052368,64.71150141889224,-2.377705831
7.351731061935425,65.46281476754616,-2.5217490870000003
7.3517374992370605,63.1015442432053,-2.5474710970000003
7.351743936538696,64.60417094051311,-2.408572243
7.351749897003174,68.03874624864528,-2.300539801
7.351756572723389,60.52561276210618,-2.5577599010000003
7.3517632484436035,67.93141577026616,-2.197651761
7.351769685745239,59.66696893507314,-2.5320378910000003
7.351776361465454,65.9994671594418,-2.418861047
7.3517820835113525,64.38950998375486,-2.501171479
7.351788520812988,63.74552711348008,-2.398283439
7.351794719696045,66.10679763782093,-2.398283439
7.35180139541626,65.78480620268355,-2.331406213
7.351808071136475,65.03349285402965,-2.645214735
7.351830005645752,63.638196635100954,-2.5166046850000003
7.351836681365967,67.50209385674964,-2.377705831
7.351842641830444,66.10679763782093,-2.454871861
7.35184907913208,65.14082333240877,-2.485738273
7.351855039596558,66.3214585945792,-2.341695017
7.351860761642456,62.028239459413996,-2.650359137
7.351866960525513,68.79005959729919,-2.315973007
7.35187292098999,65.78480620268355,-2.5371822930000003
7.351879596710205,61.92090898103487,-2.506315881
7.351885557174683,65.46281476754616,-2.413716645
7.351891756057739,63.53086615672182,-2.403427841
7.351897954940796,62.564891851309646,-2.470305067
7.351904630661011,68.68272911892005,-2.341695017
7.351910591125488,61.169595632380954,-2.434294253
7.351917028427124,65.78480620268355,-2.496027077
7.35192346572876,65.9994671594418,-2.367417027
7.351929664611816,63.20887472158443,-2.480593871
7.351935625076294,64.9261623756505,-2.480593871
7.351941823959351,67.50209385674964,-2.331406213
7.351947784423828,61.276926110760094,-2.768680383
7.351954460144043,68.79005959729919,-2.2953953990000002
7.351961135864258,65.35548428916704,-2.393139037
7.351966857910156,63.852857591859205,-2.439438655
7.351973056793213,65.57014524592529,-2.506315881
7.351978778839111,67.93141577026616,-2.341695017
7.351984739303589,59.55963845669401,-2.686369951
7.351990699768066,68.03874624864528,-2.2233737710000003
7.35199761390686,63.42353567834269,-2.5320378910000003
7.352003812789917,63.74552711348008,-2.5371822930000003
7.352010250091553,64.49684046213399,-2.454871861
7.556485652923584,67.50209385674964,-2.351983821
7.556532382965088,61.59891754589748,-2.650359137
7.55653977394104,67.60942433512876,-2.326261811
7.556546688079834,62.45756137293052,-2.5783375090000002
7.556554079055786,65.9994671594418,-2.382850233
7.556560754776001,64.49684046213399,-2.403427841
7.556567430496216,64.71150141889224,-2.351983821
7.556573867797852,64.49684046213399,-2.449727459
7.556581020355225,67.50209385674964,-2.357128223
7.556586980819702,62.99421376482616,-2.5937707150000002
7.556593894958496,63.316205199963555,-2.439438655
7.556601285934448,66.3214585945792,-2.2233737710000003
7.556607484817505,67.28743289999137,-2.305684203
7.556613922119141,65.03349285402965,-2.470305067
7.5566205978393555,63.960188070238345,-2.382850233
7.55662727355957,64.49684046213399,-2.5886263130000002
7.556633710861206,63.20887472158443,-2.454871861
7.556639909744263,66.42878907295832,-2.362272625
7.55664587020874,63.960188070238345,-2.429149851
7.556735038757324,63.316205199963555,-2.408572243
7.556742191314697,67.50209385674964,-2.2285181730000003
7.556764602661133,62.45756137293052,-2.640070333
7.5567710399627686,69.21938151081571,-2.372561429
7.556777238845825,62.13556993779312,-2.5886263130000002
7.556783199310303,65.78480620268355,-2.408572243
7.556788921356201,63.852857591859205,-2.5166046850000003
7.556794881820679,65.2481538107879,-2.413716645
7.556800127029419,64.49684046213399,-2.475449469
7.556805610656738,65.14082333240877,-2.351983821
7.5568108558654785,61.92090898103487,-2.645214735
7.556816577911377,63.316205199963555,-2.5423266950000003
7.556822061538696,67.82408529188702,-2.346839419
7.5568273067474365,64.49684046213399,-2.5577599010000003
7.556833028793335,64.06751854861747,-2.454871861
7.556838274002075,66.85811098647484,-2.2542401830000003
7.556843996047974,62.35023089455139,-2.5937707150000002
7.556849956512451,66.64345002971659,-2.2851065950000002
7.55685567855835,65.35548428916704,-2.5474710970000003
7.556861162185669,68.14607672702441,-2.5268934890000003
7.556866884231567,65.14082333240877,-2.377705831
7.556872367858887,64.38950998375486,-2.2953953990000002
7.556877613067627,61.276926110760094,-2.645214735
7.556883096694946,70.93666916488179,-2.2799621930000002
7.556888103485107,62.564891851309646,-2.5268934890000003
7.556894063949585,64.28217950537572,-2.393139037
7.556899309158325,64.60417094051311,-2.377705831
7.556904554367065,64.71150141889224,-2.444583057
7.556909561157227,64.81883189727138,-2.460016263
7.556915760040283,68.25340720540353,-2.367417027
7.55692458152771,59.34497749993575,-2.634925931
7.5569329261779785,66.96544146485398,-2.2953953990000002
7.556942462921143,65.9994671594418,-2.393139037
7.556949615478516,62.564891851309646,-2.5268934890000003
7.556979656219482,65.9994671594418,-2.506315881
7.556987524032593,67.71675481350789,-2.372561429
7.556996583938599,60.84760419724358,-2.676081147
7.5570056438446045,66.85811098647484,-2.2285181730000003
7.557016372680664,64.9261623756505,-2.609203921
7.557021856307983,66.3214585945792,-2.480593871
7.5570268630981445,65.03349285402965,-2.424005449
7.557032823562622,66.53611955133745,-2.372561429
7.5570387840271,61.276926110760094,-2.506315881
7.557043790817261,67.82408529188702,-2.413716645
7.557048797607422,64.28217950537572,-2.454871861
7.557054042816162,64.49684046213399,-2.485738273
7.557059049606323,66.3214585945792,-2.393139037
7.557064056396484,65.57014524592529,-2.424005449
7.557069301605225,66.21412811620007,-2.465160665
7.557074785232544,66.96544146485398,-2.2953953990000002
7.557079792022705,58.700994629660975,-2.665792343
7.557085037231445,67.82408529188702,-2.305684203
7.5570902824401855,66.21412811620007,-2.321117409
7.557096242904663,62.564891851309646,-2.5166046850000003
7.557101726531982,64.38950998375486,-2.408572243
7.5571064949035645,67.50209385674964,-2.336550615
7.557112216949463,61.92090898103487,-2.598915117
7.557117223739624,66.85811098647484,-2.300539801
7.557122468948364,61.276926110760094,-2.5937707150000002
7.557128190994263,67.18010242161225,-2.367417027
7.557133436203003,64.9261623756505,-2.439438655
7.557138204574585,65.14082333240877,-2.475449469
7.557143211364746,67.82408529188702,-2.367417027
7.557148218154907,61.06226515400183,-2.670936745
7.557152986526489,70.07802533784874,-2.2593845850000003
7.5571653842926025,63.74552711348008,-2.485738273
7.557170867919922,65.14082333240877,-2.367417027
7.557175874710083,64.71150141889224,-2.449727459
7.557181119918823,64.81883189727138,-2.5320378910000003
7.557186603546143,65.78480620268355,-2.454871861
7.557191848754883,67.0727719432331,-2.372561429
7.557196617126465,63.42353567834269,-2.460016263
7.557201862335205,61.813578502655744,-2.5320378910000003
7.557207345962524,67.0727719432331,-2.357128223
7.557212591171265,63.42353567834269,-2.496027077
7.557217359542847,64.1748490269966,-2.449727459
7.557222366333008,69.5413729459531,-2.357128223
7.557229042053223,60.41828228372705,-2.5886263130000002
7.5572350025177,68.36073768378266,-2.2388069770000003
7.557240724563599,64.71150141889224,-2.5268934890000003
7.557246208190918,65.14082333240877,-2.367417027
7.761282444000244,65.14082333240877,-2.367417027
7.761301279067993,65.89213668106268,-2.5268934890000003
7.7613091468811035,62.67222232968878,-2.424005449
7.761316537857056,66.10679763782093,-2.393139037
7.761322736740112,68.36073768378266,-2.305684203
7.761328458786011,60.84760419724358,-2.5423266950000003
7.7613348960876465,66.53611955133745,-2.367417027
7.761341094970703,61.813578502655744,-2.5166046850000003
7.761347055435181,66.3214585945792,-2.490882675
7.7613525390625,63.852857591859205,-2.408572243
7.761358976364136,60.31095180534792,-2.619492725
7.761364459991455,68.03874624864528,-2.202796163
7.761388778686523,67.18010242161225,-2.418861047
7.76139497756958,64.1748490269966,-2.387994635
7.761416435241699,65.57014524592529,-2.475449469
7.761422634124756,63.638196635100954,-2.460016263
7.761431694030762,64.60417094051311,-2.372561429
7.76143741607666,64.81883189727138,-2.5217490870000003
7.761444330215454,62.24290041617226,-2.496027077
7.761449813842773,67.50209385674964,-2.496027077
7.761455535888672,64.60417094051311,-2.5423266950000003
7.7614617347717285,64.9261623756505,-2.454871861
7.761468172073364,68.14607672702441,-2.2233737710000003
7.761474847793579,59.55963845669401,-2.5731931070000003
7.761481046676636,66.53611955133745,-2.346839419
7.761487722396851,65.67747572430441,-2.321117409
7.761493682861328,63.638196635100954,-2.5268934890000003
7.761499643325806,65.35548428916704,-2.341695017
7.761505842208862,63.638196635100954,-2.429149851
7.76151180267334,63.53086615672182,-2.2851065950000002
7.7615180015563965,64.9261623756505,-2.326261811
7.761523723602295,69.5413729459531,-2.326261811
7.761531829833984,62.99421376482616,-2.5886263130000002
7.761537551879883,65.14082333240877,-2.310828605
7.761543273925781,63.1015442432053,-2.5423266950000003
7.761549711227417,64.1748490269966,-2.465160665
7.761555194854736,67.50209385674964,-2.326261811
7.761561393737793,59.988960370210535,-2.660647941
7.76156759262085,67.18010242161225,-2.2645289870000003
7.761573791503906,65.03349285402965,-2.475449469
7.761580228805542,64.60417094051311,-2.496027077
7.761585474014282,65.67747572430441,-2.460016263
7.761591911315918,65.57014524592529,-2.490882675
7.7615978717803955,65.9994671594418,-2.336550615
7.761603832244873,62.028239459413996,-2.676081147
7.761609792709351,69.43404246757397,-2.2593845850000003
7.761615991592407,61.49158706751835,-2.5629043030000003
7.761622190475464,67.0727719432331,-2.393139037
7.761629104614258,62.45756137293052,-2.460016263
7.761635065078735,63.42353567834269,-2.454871861
7.761640310287476,66.3214585945792,-2.336550615
7.761645555496216,61.38425658913922,-2.686369951
7.761651039123535,64.9261623756505,-2.2748177910000003
7.761656284332275,64.1748490269966,-2.454871861
7.761661529541016,64.1748490269966,-2.408572243
7.761667013168335,64.38950998375486,-2.418861047
7.761672258377075,63.53086615672182,-2.454871861
7.7616777420043945,62.88688328644704,-2.393139037
7.761682748794556,67.93141577026616,-2.331406213
7.761688470840454,61.92090898103487,-2.506315881
7.761693477630615,67.28743289999137,-2.2696733890000003
7.761699438095093,63.316205199963555,-2.418861047
7.761710166931152,64.06751854861747,-2.511460283
7.7617151737213135,66.96544146485398,-2.2799621930000002
7.761721134185791,61.92090898103487,-2.5268934890000003
7.7617270946502686,65.35548428916704,-2.470305067
7.761732578277588,67.50209385674964,-2.362272625
7.761738061904907,65.46281476754616,-2.5166046850000003
7.761744022369385,66.53611955133745,-2.465160665
7.761749029159546,63.42353567834269,-2.454871861
7.761754035949707,67.0727719432331,-2.475449469
7.761759042739868,60.63294324048531,-2.634925931
7.761764287948608,68.14607672702441,-2.2490957810000003
7.761769771575928,62.67222232968878,-2.604059519
7.761775255203247,65.9994671594418,-2.372561429
7.761780500411987,62.77955280806791,-2.5217490870000003
7.761785984039307,64.28217950537572,-2.424005449
7.761873483657837,68.68272911892005,-2.326261811
7.761879920959473,62.99421376482616,-2.5783375090000002
7.76188588142395,64.9261623756505,-2.300539801
7.761891603469849,65.03349285402965,-2.475449469
7.761897325515747,65.46281476754616,-2.2902509970000002
7.761903524398804,63.1015442432053,-2.429149851
7.761908531188965,64.81883189727138,-2.460016263
7.761913776397705,68.03874624864528,-2.351983821
7.761918544769287,62.99421376482616,-2.485738273
7.761923551559448,64.81883189727138,-2.424005449
7.761928558349609,65.9994671594418,-2.496027077
7.7619335651397705,65.14082333240877,-2.496027077
7.761939287185669,63.42353567834269,-2.382850233
7.761944055557251,65.2481538107879,-2.408572243
7.761949300765991,67.50209385674964,-2.2490957810000003
7.7619545459747314,69.86336438109049,-2.454871861
7.761959552764893,66.64345002971659,-2.434294253
7.761964559555054,65.35548428916704,-2.5526154990000003
7.761970043182373,64.49684046213399,-2.393139037
7.7619874477386475,65.35548428916704,-2.439438655
7.761992454528809,66.3214585945792,-2.362272625
7.76199746131897,60.41828228372705,-2.490882675
7.762002468109131,69.43404246757397,-2.192507359
7.965919733047485,62.13556993779312,-2.598915117
7.965957164764404,66.10679763782093,-2.351983821
7.965965747833252,64.28217950537572,-2.5937707150000002
7.965973138809204,65.78480620268355,-2.434294253
7.96597957611084,66.75078050809572,-2.408572243
7.965985059738159,65.57014524592529,-2.346839419
7.965991020202637,59.02298606479835,-2.619492725
7.965996026992798,69.64870342433223,-2.2748177910000003
7.966002464294434,61.92090898103487,-2.5423266950000003
7.966008424758911,64.60417094051311,-2.321117409
7.966014623641968,64.9261623756505,-2.501171479
7.966020107269287,68.14607672702441,-2.460016263
7.9660255908966064,58.37900319452358,-2.5577599010000003
7.966031789779663,69.97069485946962,-2.2799621930000002
7.966037273406982,61.49158706751835,-2.5320378910000003
7.966042757034302,67.18010242161225,-2.408572243
7.966048240661621,62.99421376482616,-2.454871861
7.96605372428894,65.14082333240877,-2.5217490870000003
7.966068506240845,67.28743289999137,-2.336550615
7.966075658798218,61.276926110760094,-2.629781529
7.966081142425537,64.9261623756505,-2.2902509970000002
7.9660866260528564,64.49684046213399,-2.465160665
7.966092109680176,64.06751854861747,-2.444583057
7.966097593307495,64.60417094051311,-2.444583057
7.966102600097656,65.03349285402965,-2.413716645
7.966108560562134,68.36073768378266,-2.357128223
7.966114044189453,61.276926110760094,-2.5217490870000003
7.966120004653931,66.42878907295832,-2.444583057
7.96612548828125,62.99421376482616,-2.398283439
7.966130971908569,66.53611955133745,-2.429149851
7.966136455535889,63.42353567834269,-2.5680487050000003
7.966142177581787,64.81883189727138,-2.460016263
7.966147422790527,65.78480620268355,-2.336550615
7.966152667999268,63.638196635100954,-2.5526154990000003
7.966158390045166,66.85811098647484,-2.310828605
7.966163635253906,64.06751854861747,-2.424005449
7.9661688804626465,64.71150141889224,-2.418861047
7.966179609298706,64.06751854861747,-2.439438655
7.966185092926025,66.53611955133745,-2.393139037
7.966190338134766,61.06226515400183,-2.645214735
7.966196060180664,68.4680681621618,-2.305684203
7.966201543807983,62.13556993779312,-2.490882675
7.966207027435303,62.77955280806791,-2.418861047
7.966212749481201,62.99421376482616,-2.511460283
7.966217517852783,66.64345002971659,-2.449727459
7.966222763061523,65.78480620268355,-2.454871861
7.966227769851685,66.53611955133745,-2.321117409
7.966233015060425,59.881629891831395,-2.670936745
7.966238021850586,69.00472055405744,-2.2439513790000003
7.966243743896484,61.38425658913922,-2.609203921
7.9662487506866455,66.3214585945792,-2.387994635
7.966253995895386,63.960188070238345,-2.454871861
7.966259241104126,67.18010242161225,-2.351983821
7.966264963150024,60.74027371886444,-2.5783375090000002
7.966272354125977,69.64870342433223,-2.331406213
7.966277599334717,62.564891851309646,-2.5731931070000003
7.966283321380615,67.28743289999137,-2.429149851
7.9662885665893555,63.316205199963555,-2.5731931070000003
7.966294288635254,64.49684046213399,-2.424005449
7.966299772262573,66.96544146485398,-2.2799621930000002
7.9663050174713135,62.99421376482616,-2.5474710970000003
7.966310739517212,66.10679763782093,-2.321117409
7.966316223144531,65.57014524592529,-2.434294253
7.966321229934692,65.03349285402965,-2.357128223
7.9663262367248535,64.06751854861747,-2.429149851
7.9663355350494385,65.35548428916704,-2.439438655
7.966340780258179,67.18010242161225,-2.362272625
7.96634578704834,61.38425658913922,-2.5423266950000003
7.966351509094238,68.36073768378266,-2.439438655
7.966356515884399,63.1015442432053,-2.5166046850000003
7.966362476348877,65.46281476754616,-2.321117409
7.966368198394775,65.2481538107879,-2.382850233
7.966372966766357,66.75078050809572,-2.424005449
7.966378688812256,61.49158706751835,-2.5937707150000002
7.966384172439575,64.9261623756505,-2.506315881
7.966389417648315,63.1015442432053,-2.403427841
7.9663941860198975,67.50209385674964,-2.475449469
7.966413497924805,63.638196635100954,-2.511460283
7.966418981552124,65.35548428916704,-2.331406213
7.966424226760864,69.00472055405744,-2.351983821
7.966428995132446,61.06226515400183,-2.5474710970000003
7.966434717178345,67.28743289999137,-2.460016263
7.966439485549927,62.564891851309646,-2.480593871
7.966444730758667,65.9994671594418,-2.439438655
7.966449737548828,66.3214585945792,-2.382850233
7.966454982757568,63.852857591859205,-2.5268934890000003
7.966460943222046,64.28217950537572,-2.424005449
7.966466665267944,65.78480620268355,-2.485738273
7.966471433639526,65.35548428916704,-2.382850233
7.9664764404296875,64.71150141889224,-2.5423266950000003
7.966482162475586,65.03349285402965,-2.496027077
7.966487884521484,65.57014524592529,-2.403427841
7.9664928913116455,65.89213668106268,-2.490882675
7.966506242752075,64.9261623756505,-2.5474710970000003
7.9665117263793945,66.21412811620007,-2.331406213
7.966516971588135,61.169595632380954,-2.598915117
7.966522216796875,66.53611955133745,-2.305684203
7.966527223587036,64.60417094051311,-2.506315881
7.966532468795776,63.852857591859205,-2.5783375090000002
7.966537714004517,65.03349285402965,-2.444583057
8.170691728591919,66.85811098647484,-2.326261811
8.170709371566772,59.988960370210535,-2.624637127
8.170717239379883,70.72200820812353,-2.300539801
8.17072343826294,64.06751854861747,-2.5217490870000003
8.170730352401733,66.53611955133745,-2.5474710970000003
8.17073655128479,66.75078050809572,-2.346839419
8.170743703842163,64.9261623756505,-2.506315881
8.170749187469482,64.38950998375486,-2.429149851
8.17075514793396,67.60942433512876,-2.429149851
8.170760869979858,60.203621326968786,-2.609203921
8.170766592025757,68.25340720540353,-2.2645289870000003
8.170772552490234,64.9261623756505,-2.362272625
8.170778274536133,62.88688328644704,-2.5526154990000003
8.170783758163452,66.21412811620007,-2.475449469
8.17078948020935,67.82408529188702,-2.470305067
8.17079472541809,63.960188070238345,-2.429149851
8.17080044746399,68.68272911892005,-2.424005449
8.170807123184204,63.960188070238345,-2.460016263
8.170831680297852,66.42878907295832,-2.326261811
8.17083740234375,65.35548428916704,-2.5166046850000003
8.170844078063965,65.35548428916704,-2.501171479
8.170849561691284,66.53611955133745,-2.326261811
8.170855283737183,65.03349285402965,-2.645214735
8.170860290527344,68.03874624864528,-2.2593845850000003
8.17086672782898,61.92090898103487,-2.506315881
8.170872211456299,65.03349285402965,-2.372561429
8.170877695083618,65.35548428916704,-2.490882675
8.170883178710938,64.38950998375486,-2.449727459
8.170889139175415,63.316205199963555,-2.439438655
8.170894622802734,65.57014524592529,-2.424005449
8.170899868011475,68.03874624864528,-2.367417027
8.170905351638794,63.42353567834269,-2.645214735
8.170911073684692,64.60417094051311,-2.377705831
8.17091679573059,64.81883189727138,-2.460016263
8.17092227935791,65.14082333240877,-2.506315881
8.170928001403809,67.0727719432331,-2.398283439
8.17100477218628,62.99421376482616,-2.5166046850000003
8.171011447906494,66.64345002971659,-2.341695017
8.171017408370972,66.85811098647484,-2.351983821
8.171022891998291,62.88688328644704,-2.501171479
8.171029090881348,63.852857591859205,-2.403427841
8.171035051345825,69.21938151081571,-2.341695017
8.171040296554565,65.2481538107879,-2.480593871
8.171045541763306,66.53611955133745,-2.310828605
8.171050548553467,62.45756137293052,-2.5474710970000003
8.171056747436523,66.21412811620007,-2.351983821
8.171061992645264,64.28217950537572,-2.5731931070000003
8.171067953109741,67.0727719432331,-2.460016263
8.171073198318481,65.35548428916704,-2.408572243
8.171078205108643,61.706248024276604,-2.480593871
8.171083927154541,70.50734725136526,-2.310828605
8.171089172363281,63.638196635100954,-2.609203921
8.17109489440918,63.42353567834269,-2.604059519
8.171100616455078,64.49684046213399,-2.403427841
8.171105861663818,65.67747572430441,-2.5166046850000003
8.171111583709717,64.81883189727138,-2.403427841
8.171116590499878,65.9994671594418,-2.5320378910000003
8.171122312545776,61.276926110760094,-2.5783375090000002
8.171128034591675,66.42878907295832,-2.336550615
8.171133518218994,64.49684046213399,-2.5474710970000003
8.171139001846313,63.852857591859205,-2.372561429
8.171144723892212,69.64870342433223,-2.336550615
8.171150207519531,62.77955280806791,-2.645214735
8.171155214309692,66.85811098647484,-2.310828605
8.171160221099854,66.64345002971659,-2.315973007
8.171165466308594,65.2481538107879,-2.387994635
8.171170711517334,64.9261623756505,-2.341695017
8.171175718307495,67.82408529188702,-2.2593845850000003
8.171181201934814,67.18010242161225,-2.341695017
8.171189546585083,66.75078050809572,-2.444583057
8.171199083328247,60.09629084858966,-2.5731931070000003
8.171209335327148,63.1015442432053,-2.619492725
8.1712167263031,63.74552711348008,-2.393139037
8.171231269836426,67.28743289999137,-2.2799621930000002
8.171245098114014,68.89739007567832,-2.429149851
8.171252727508545,64.81883189727138,-2.460016263
8.171262264251709,64.1748490269966,-2.387994635
8.17127251625061,65.57014524592529,-2.418861047
8.171279668807983,65.03349285402965,-2.377705831
8.171284914016724,65.03349285402965,-2.336550615
8.171289920806885,63.20887472158443,-2.465160665
8.171295642852783,61.49158706751835,-2.490882675
8.171309232711792,65.9994671594418,-2.5166046850000003
8.17131495475769,65.14082333240877,-2.408572243
8.17132019996643,64.06751854861747,-2.480593871
8.171324968338013,64.06751854861747,-2.449727459
8.171329975128174,66.75078050809572,-2.310828605
8.171334981918335,66.3214585945792,-2.434294253
8.171340227127075,63.852857591859205,-2.429149851
8.171345710754395,63.20887472158443,-2.480593871
8.171351194381714,61.169595632380954,-2.470305067
8.171356201171875,63.53086615672182,-2.609203921
8.171361446380615,69.5413729459531,-2.2851065950000002
8.171366930007935,68.36073768378266,-2.2490957810000003
8.171372413635254,66.21412811620007,-2.321117409
8.171377182006836,65.9994671594418,-2.465160665
8.171382427215576,63.1015442432053,-2.501171479
8.171387195587158,64.71150141889224,-2.449727459
8.17139196395874,63.74552711348008,-2.511460283
8.17139744758606,66.64345002971659,-2.403427841
8.375560522079468,67.18010242161225,-2.321117409
8.375580310821533,66.42878907295832,-2.424005449
8.375587940216064,65.67747572430441,-2.454871861
8.375594139099121,66.64345002971659,-2.398283439
8.37559986114502,69.5413729459531,-2.341695017
8.375605821609497,65.46281476754616,-2.372561429
8.375611305236816,64.9261623756505,-2.439438655
8.375617027282715,69.00472055405744,-2.2593845850000003
8.37562346458435,67.0727719432331,-2.2696733890000003
8.375629663467407,65.89213668106268,-2.305684203
8.375635385513306,64.1748490269966,-2.5423266950000003
8.375641107559204,61.38425658913922,-2.670936745
8.375646352767944,62.77955280806791,-2.5371822930000003
8.375653505325317,63.960188070238345,-2.501171479
8.375659704208374,66.3214585945792,-2.2851065950000002
8.375665664672852,68.03874624864528,-2.336550615
8.375671863555908,66.10679763782093,-2.418861047
8.375677585601807,65.9994671594418,-2.372561429
8.375682830810547,61.276926110760094,-2.470305067
8.375688791275024,63.53086615672182,-2.506315881
8.375694751739502,62.67222232968878,-2.439438655
8.375699996948242,66.21412811620007,-2.506315881
8.37570571899414,63.1015442432053,-2.506315881
8.37571096420288,61.38425658913922,-2.609203921
8.375718593597412,62.564891851309646,-2.490882675
8.375728607177734,63.1015442432053,-2.475449469
8.37573504447937,60.63294324048531,-2.696658755
8.37574052810669,61.169595632380954,-2.5629043030000003
8.375746011734009,61.706248024276604,-2.496027077
8.375752210617065,65.9994671594418,-2.465160665
8.375757694244385,65.14082333240877,-2.424005449
8.375762939453125,65.89213668106268,-2.372561429
8.375768899917603,65.14082333240877,-2.362272625
8.375774621963501,60.52561276210618,-2.609203921
8.3757803440094,65.14082333240877,-2.372561429
8.375785827636719,65.78480620268355,-2.429149851
8.375791549682617,66.53611955133745,-2.496027077
8.375797033309937,60.09629084858966,-2.706947559
8.375802278518677,63.638196635100954,-2.5474710970000003
8.375808000564575,65.9994671594418,-2.5474710970000003
8.375813484191895,68.03874624864528,-2.341695017
8.375818729400635,69.00472055405744,-2.135918937
8.375823974609375,66.42878907295832,-2.367417027
8.375829696655273,65.67747572430441,-2.444583057
8.375835180282593,67.60942433512876,-2.336550615
8.375841856002808,68.79005959729919,-2.326261811
8.375847816467285,65.03349285402965,-2.418861047
8.375853300094604,61.92090898103487,-2.640070333
8.375860214233398,65.57014524592529,-2.465160665
8.375877141952515,66.64345002971659,-2.377705831
8.375882148742676,59.23764702155662,-2.701803157
8.375887155532837,66.85811098647484,-2.393139037
8.375892400741577,65.78480620268355,-2.213084967
8.375897884368896,64.28217950537572,-2.470305067
8.375903606414795,64.38950998375486,-2.398283439
8.375909090042114,64.38950998375486,-2.490882675
8.375914573669434,65.2481538107879,-2.429149851
8.375919342041016,65.2481538107879,-2.5834819110000002
8.375925064086914,60.84760419724358,-2.470305067
8.375935554504395,66.75078050809572,-2.321117409
8.375941038131714,62.77955280806791,-2.501171479
8.375945806503296,64.60417094051311,-2.485738273
8.375951290130615,70.40001677298613,-2.315973007
8.375956535339355,59.77429941345227,-2.670936745
8.375961542129517,67.71675481350789,-2.382850233
8.375966548919678,66.42878907295832,-2.460016263
8.375972270965576,65.89213668106268,-2.5217490870000003
8.375977993011475,65.46281476754616,-2.403427841
8.375983238220215,65.03349285402965,-2.470305067
8.375988006591797,64.38950998375486,-2.449727459
8.375993728637695,64.06751854861747,-2.357128223
8.375998735427856,68.79005959729919,-2.2799621930000002
8.376004219055176,63.42353567834269,-2.439438655
8.376008987426758,66.10679763782093,-2.367417027
8.376014232635498,63.74552711348008,-2.418861047
8.376022100448608,64.9261623756505,-2.485738273
8.376035451889038,66.96544146485398,-2.305684203
8.376040697097778,59.13031654317749,-2.696658755
8.376046180725098,64.81883189727138,-2.398283439
8.376051187515259,67.50209385674964,-2.403427841
8.37605619430542,62.99421376482616,-2.490882675
8.376061201095581,63.316205199963555,-2.511460283
8.376066446304321,65.03349285402965,-2.439438655
8.376071453094482,67.82408529188702,-2.362272625
8.376076698303223,59.77429941345227,-2.604059519
8.376082181930542,68.14607672702441,-2.2953953990000002
8.37608790397644,63.20887472158443,-2.429149851
8.37609314918518,67.18010242161225,-2.470305067
8.376098394393921,64.38950998375486,-2.398283439
8.376103162765503,65.78480620268355,-2.454871861
8.376108407974243,66.75078050809572,-2.351983821
8.376113414764404,61.813578502655744,-2.681225549
8.376118898391724,64.60417094051311,-2.470305067
8.376123666763306,64.06751854861747,-2.449727459
8.376128911972046,64.49684046213399,-2.403427841
8.376133680343628,65.2481538107879,-2.454871861
8.376138687133789,64.60417094051311,-2.439438655
8.376224279403687,64.60417094051311,-2.413716645
8.376230716705322,68.79005959729919,-2.367417027
8.376235961914062,61.813578502655744,-2.640070333
8.580493450164795,66.21412811620007,-2.326261811
8.580514192581177,64.81883189727138,-2.490882675
8.580522537231445,64.38950998375486,-2.454871861
8.58052921295166,67.93141577026616,-2.351983821
8.58054232597351,61.92090898103487,-2.465160665
8.580548524856567,67.0727719432331,-2.341695017
8.580554723739624,63.20887472158443,-2.5423266950000003
8.580562591552734,64.1748490269966,-2.341695017
8.580568313598633,63.1015442432053,-2.475449469
8.580575227737427,64.81883189727138,-2.403427841
8.580581188201904,69.43404246757397,-2.326261811
8.58058762550354,62.77955280806791,-2.614348323
8.580593824386597,60.52561276210618,-2.5320378910000003
8.580600500106812,67.28743289999137,-2.460016263
8.580606698989868,63.852857591859205,-2.377705831
8.580612659454346,65.35548428916704,-2.377705831
8.580618619918823,65.14082333240877,-2.393139037
8.58062481880188,61.06226515400183,-2.5731931070000003
8.580631732940674,66.53611955133745,-2.2490957810000003
8.580638408660889,61.169595632380954,-2.5577599010000003
8.580644369125366,70.93666916488179,-2.403427841
8.580650329589844,64.81883189727138,-2.5526154990000003
8.580657243728638,66.96544146485398,-2.454871861
8.580663204193115,66.42878907295832,-2.351983821
8.580669164657593,59.881629891831395,-2.5731931070000003
8.580674886703491,68.03874624864528,-2.305684203
8.580680847167969,62.99421376482616,-2.496027077
8.580686092376709,66.53611955133745,-2.460016263
8.580691814422607,61.706248024276604,-2.496027077
8.580697774887085,65.67747572430441,-2.454871861
8.580703735351562,66.3214585945792,-2.305684203
8.58070969581604,62.564891851309646,-2.5577599010000003
8.580716133117676,64.38950998375486,-2.5680487050000003
8.580722332000732,65.35548428916704,-2.346839419
8.58072805404663,62.45756137293052,-2.470305067
8.580734491348267,64.9261623756505,-2.444583057
8.580744743347168,65.9994671594418,-2.398283439
8.580751180648804,59.77429941345227,-2.5166046850000003
8.580758333206177,70.82933868650265,-2.300539801
8.580764770507812,62.24290041617226,-2.470305067
8.58077073097229,66.42878907295832,-2.403427841
8.58077621459961,66.42878907295832,-2.506315881
8.580782175064087,68.4680681621618,-2.398283439
8.580787897109985,66.10679763782093,-2.2593845850000003
8.580793857574463,59.66696893507314,-2.629781529
8.580799579620361,67.82408529188702,-2.336550615
8.580809831619263,63.960188070238345,-2.387994635
8.580815553665161,65.46281476754616,-2.465160665
8.58082127571106,67.28743289999137,-2.413716645
8.580827236175537,65.35548428916704,-2.454871861
8.580833673477173,65.9994671594418,-2.367417027
8.580839157104492,61.169595632380954,-2.650359137
8.580845355987549,66.53611955133745,-2.357128223
8.580851078033447,63.42353567834269,-2.5166046850000003
8.580857276916504,65.35548428916704,-2.346839419
8.580862522125244,64.60417094051311,-2.439438655
8.580868244171143,65.2481538107879,-2.454871861
8.580873489379883,67.50209385674964,-2.398283439
8.580879211425781,67.60942433512876,-2.346839419
8.580884456634521,64.06751854861747,-2.5937707150000002
8.58089017868042,66.42878907295832,-2.377705831
8.580895900726318,63.42353567834269,-2.449727459
8.580901384353638,64.71150141889224,-2.501171479
8.580907106399536,67.71675481350789,-2.351983821
8.580912351608276,62.564891851309646,-2.5474710970000003
8.580918550491333,65.14082333240877,-2.511460283
8.580924034118652,69.21938151081571,-2.331406213
8.580930233001709,61.06226515400183,-2.619492725
8.580936193466187,65.89213668106268,-2.372561429
8.580941677093506,64.60417094051311,-2.475449469
8.580947399139404,64.81883189727138,-2.2748177910000003
8.580953359603882,61.06226515400183,-2.5268934890000003
8.58095932006836,68.57539864054093,-2.105052525
8.580965995788574,60.74027371886444,-2.5423266950000003
8.580973863601685,65.89213668106268,-2.315973007
8.58098030090332,63.960188070238345,-2.501171479
8.580986261367798,65.67747572430441,-2.490882675
8.580991506576538,65.89213668106268,-2.315973007
8.580997228622437,63.852857591859205,-2.511460283
8.581002473831177,62.028239459413996,-2.424005449
8.581008195877075,65.2481538107879,-2.321117409
8.581013679504395,65.9994671594418,-2.336550615
8.581019163131714,64.81883189727138,-2.454871861
8.581024646759033,63.638196635100954,-2.454871861
8.581029891967773,67.71675481350789,-2.439438655
8.581035614013672,61.169595632380954,-2.511460283
8.581040859222412,65.9994671594418,-2.429149851
8.581046104431152,65.46281476754616,-2.470305067
8.58105206489563,65.57014524592529,-2.5526154990000003
8.581057786941528,65.35548428916704,-2.418861047
8.581063985824585,65.14082333240877,-2.449727459
8.581069946289062,67.18010242161225,-2.372561429
8.581075429916382,60.31095180534792,-2.5937707150000002
8.581081867218018,65.67747572430441,-2.362272625
8.581087350845337,65.78480620268355,-2.614348323
8.581092834472656,64.81883189727138,-2.434294253
8.581098556518555,64.9261623756505,-2.465160665
8.581104040145874,62.564891851309646,-2.5320378910000003
8.581110000610352,61.38425658913922,-2.5217490870000003
8.581120014190674,69.11205103243658,-2.2799621930000002
8.785760879516602,62.45756137293052,-2.5783375090000002
8.785780906677246,66.96544146485398,-2.336550615
8.785788536071777,64.81883189727138,-2.300539801
8.785794973373413,64.60417094051311,-2.418861047
8.785802364349365,65.67747572430441,-2.434294253
8.78580904006958,64.71150141889224,-2.377705831
8.78581714630127,61.92090898103487,-2.5886263130000002
8.785824537277222,66.64345002971659,-2.2439513790000003
8.785831212997437,61.92090898103487,-2.634925931
8.785836696624756,65.89213668106268,-2.346839419
8.785842418670654,65.14082333240877,-2.5629043030000003
8.78584909439087,66.42878907295832,-2.336550615
8.785855770111084,60.9549346756227,-2.460016263
8.785879850387573,70.50734725136526,-2.2799621930000002
8.785886287689209,62.24290041617226,-2.614348323
8.785892248153687,67.0727719432331,-2.357128223
8.785897731781006,65.46281476754616,-2.5217490870000003
8.785904169082642,64.81883189727138,-2.362272625
8.78590989112854,67.93141577026616,-2.341695017
8.785916090011597,65.2481538107879,-2.5423266950000003
8.785922288894653,64.60417094051311,-2.5834819110000002
8.78592824935913,64.28217950537572,-2.408572243
8.78593397140503,59.55963845669401,-2.660647941
8.785939455032349,66.53611955133745,-2.465160665
8.785945415496826,63.960188070238345,-2.465160665
8.785951137542725,67.60942433512876,-2.336550615
8.78595757484436,59.881629891831395,-2.5783375090000002
8.785964250564575,67.50209385674964,-2.213084967
8.785970211029053,63.20887472158443,-2.465160665
8.785975933074951,66.96544146485398,-2.357128223
8.785981893539429,63.42353567834269,-2.5629043030000003
8.785987615585327,65.14082333240877,-2.470305067
8.785993337631226,62.77955280806791,-2.454871861
8.785999298095703,66.10679763782093,-2.444583057
8.786006212234497,64.49684046213399,-2.460016263
8.786012172698975,66.53611955133745,-2.424005449
8.786018133163452,62.35023089455139,-2.501171479
8.786024570465088,65.67747572430441,-2.506315881
8.786030054092407,67.0727719432331,-2.310828605
8.786036252975464,60.203621326968786,-2.670936745
8.78604245185852,66.3214585945792,-2.218229369
8.78604793548584,62.45756137293052,-2.5217490870000003
8.786053895950317,65.9994671594418,-2.398283439
8.786059379577637,65.2481538107879,-2.501171479
8.786064624786377,64.49684046213399,-2.413716645
8.786070108413696,65.35548428916704,-2.418861047
8.786076545715332,64.06751854861747,-2.403427841
8.78608226776123,61.813578502655744,-2.5834819110000002
8.786088228225708,66.3214585945792,-2.2285181730000003
8.786094665527344,64.9261623756505,-2.511460283
8.78610110282898,63.1015442432053,-2.511460283
8.786107063293457,65.46281476754616,-2.506315881
8.786112785339355,66.42878907295832,-2.408572243
8.786118268966675,62.35023089455139,-2.624637127
8.786123514175415,67.50209385674964,-2.2851065950000002
8.786129474639893,62.564891851309646,-2.5834819110000002
8.78613567352295,66.21412811620007,-2.398283439
8.786213636398315,67.3947633783705,-2.480593871
8.786220073699951,65.46281476754616,-2.449727459
8.78622579574585,61.169595632380954,-2.5268934890000003
8.786232233047485,69.64870342433223,-2.2490957810000003
8.786238431930542,63.53086615672182,-2.640070333
8.78624439239502,66.53611955133745,-2.326261811
8.786250114440918,62.77955280806791,-2.5217490870000003
8.786256313323975,64.28217950537572,-2.429149851
8.786261558532715,65.35548428916704,-2.449727459
8.786267042160034,65.78480620268355,-2.336550615
8.786272764205933,60.31095180534792,-2.640070333
8.786278247833252,68.25340720540353,-2.367417027
8.786283493041992,64.71150141889224,-2.5371822930000003
8.786289930343628,64.1748490269966,-2.424005449
8.786295413970947,64.28217950537572,-2.449727459
8.786300659179688,67.3947633783705,-2.403427841
8.786306142807007,60.41828228372705,-2.604059519
8.786312341690063,69.00472055405744,-2.2748177910000003
8.786318063735962,63.42353567834269,-2.640070333
8.78632378578186,67.0727719432331,-2.403427841
8.786334753036499,64.60417094051311,-2.490882675
8.786340475082397,65.14082333240877,-2.496027077
8.786345481872559,62.88688328644704,-2.429149851
8.786351203918457,66.3214585945792,-2.418861047
8.786356925964355,65.9994671594418,-2.305684203
8.786362886428833,65.14082333240877,-2.490882675
8.786368131637573,66.64345002971659,-2.418861047
8.786373376846313,64.38950998375486,-2.418861047
8.786378860473633,65.67747572430441,-2.475449469
8.786383867263794,67.50209385674964,-2.387994635
8.786389350891113,62.35023089455139,-2.645214735
8.78639554977417,68.03874624864528,-2.5268934890000003
8.786419868469238,59.45230797831488,-2.598915117
8.786428451538086,65.78480620268355,-2.351983821
8.78643798828125,67.3947633783705,-2.403427841
8.78644847869873,69.97069485946962,-2.434294253
8.786456108093262,61.59891754589748,-2.619492725
8.786461591720581,69.97069485946962,-2.2696733890000003
8.78646731376648,61.59891754589748,-2.604059519
8.786473035812378,67.50209385674964,-2.398283439
8.786478519439697,63.852857591859205,-2.5834819110000002
8.78648567199707,66.10679763782093,-2.475449469
8.78649115562439,65.89213668106268,-2.2799621930000002
8.990988969802856,64.81883189727138,-2.475449469
8.991016626358032,64.06751854861747,-2.5577599010000003
8.991026163101196,63.316205199963555,-2.454871861
8.991034030914307,62.77955280806791,-2.413716645
8.991041898727417,64.71150141889224,-2.382850233
8.99104928970337,65.14082333240877,-2.367417027
8.991056442260742,67.93141577026616,-2.331406213
8.991064071655273,60.31095180534792,-2.5886263130000002
8.991072416305542,68.57539864054093,-2.2645289870000003
8.991079807281494,61.06226515400183,-2.655503539
8.991087436676025,65.46281476754616,-2.408572243
8.99109411239624,64.9261623756505,-2.444583057
8.991101026535034,66.21412811620007,-2.408572243
8.99110746383667,60.52561276210618,-2.609203921
8.991114139556885,65.89213668106268,-2.2645289870000003
8.99112057685852,62.564891851309646,-2.5423266950000003
8.991127014160156,68.03874624864528,-2.305684203
8.99113392829895,64.28217950537572,-2.5783375090000002
8.991140604019165,64.81883189727138,-2.485738273
8.9911470413208,68.89739007567832,-2.424005449
8.991153717041016,65.46281476754616,-2.496027077
8.99116063117981,65.89213668106268,-2.418861047
8.991167783737183,66.3214585945792,-2.403427841
8.991174459457397,65.78480620268355,-2.444583057
8.991180419921875,63.74552711348008,-2.465160665
8.991187334060669,65.89213668106268,-2.485738273
8.991193532943726,68.4680681621618,-2.372561429
8.991199493408203,60.41828228372705,-2.434294253
8.991205930709839,67.50209385674964,-2.377705831
8.991212606430054,61.169595632380954,-2.598915117
8.991219520568848,65.57014524592529,-2.346839419
8.991226196289062,64.9261623756505,-2.429149851
8.99123239517212,68.25340720540353,-2.166785349
8.991238832473755,61.169595632380954,-2.665792343
8.991247177124023,69.00472055405744,-2.300539801
8.991254091262817,61.813578502655744,-2.609203921
8.99126148223877,66.42878907295832,-2.377705831
8.991268396377563,64.06751854861747,-2.501171479
8.991275310516357,64.06751854861747,-2.408572243
8.991282224655151,67.28743289999137,-2.326261811
8.991289138793945,63.852857591859205,-2.454871861
8.991296291351318,64.9261623756505,-2.387994635
8.991302490234375,66.21412811620007,-2.429149851
8.99130916595459,64.60417094051311,-2.305684203
8.991316318511963,64.60417094051311,-2.403427841
8.991323471069336,64.60417094051311,-2.470305067
8.991330623626709,67.71675481350789,-2.2851065950000002
8.991338014602661,64.06751854861747,-2.5526154990000003
8.991344928741455,68.14607672702441,-2.362272625
8.991352081298828,62.88688328644704,-2.511460283
8.99135947227478,66.64345002971659,-2.393139037
8.991365671157837,66.10679763782093,-2.357128223
8.991377830505371,67.93141577026616,-2.341695017
8.99138355255127,59.23764702155662,-2.650359137
8.991389513015747,68.14607672702441,-2.362272625
8.991395473480225,62.028239459413996,-2.511460283
8.991413116455078,67.0727719432331,-2.387994635
8.991419553756714,63.316205199963555,-2.475449469
8.991426229476929,62.77955280806791,-2.490882675
8.991432666778564,66.85811098647484,-2.336550615
8.9914391040802,62.564891851309646,-2.634925931
8.991444826126099,66.75078050809572,-2.377705831
8.991451263427734,67.3947633783705,-2.351983821
8.99145770072937,66.42878907295832,-2.336550615
8.991463422775269,64.28217950537572,-2.511460283
8.991470098495483,65.35548428916704,-2.434294253
8.991477012634277,65.78480620268355,-2.377705831
8.991483211517334,61.169595632380954,-2.496027077
8.991489171981812,66.21412811620007,-2.475449469
8.991495609283447,62.67222232968878,-2.475449469
8.991501092910767,66.42878907295832,-2.377705831
8.991507053375244,64.81883189727138,-2.5166046850000003
8.991513967514038,64.81883189727138,-2.5423266950000003
8.991520166397095,63.316205199963555,-2.439438655
8.991526126861572,65.14082333240877,-2.496027077
8.991532564163208,64.71150141889224,-2.393139037
8.991538286209106,65.67747572430441,-2.398283439
8.991544961929321,64.06751854861747,-2.5217490870000003
8.991551399230957,65.35548428916704,-2.424005449
8.991557359695435,68.68272911892005,-2.362272625
8.991563558578491,62.13556993779312,-2.5834819110000002
8.991569757461548,67.93141577026616,-2.362272625
8.991575479507446,64.38950998375486,-2.357128223
8.991581916809082,67.3947633783705,-2.377705831
8.991588354110718,65.67747572430441,-2.321117409
8.991594791412354,66.21412811620007,-2.501171479
8.991600751876831,64.9261623756505,-2.475449469
8.991606950759888,67.3947633783705,-2.444583057
8.991612672805786,59.77429941345227,-2.5937707150000002
8.991619110107422,68.14607672702441,-2.2799621930000002
8.991625785827637,64.49684046213399,-2.485738273
8.991631746292114,65.35548428916704,-2.5320378910000003
8.99163818359375,64.06751854861747,-2.480593871
8.991644382476807,69.00472055405744,-2.398283439
8.991650819778442,61.59891754589748,-2.619492725
8.991657018661499,67.60942433512876,-2.2593845850000003
8.991663455963135,61.38425658913922,-2.5783375090000002
8.99166989326477,67.93141577026616,-2.300539801
8.991676092147827,65.14082333240877,-2.377705831
8.991681814193726,65.03349285402965,-2.357128223
9.196492433547974,66.85811098647484,-2.310828605
9.196513652801514,61.59891754589748,-2.629781529
9.196527004241943,65.03349285402965,-2.300539801
9.196533679962158,63.852857591859205,-2.665792343
9.196543455123901,66.85811098647484,-2.321117409
9.196549415588379,63.316205199963555,-2.511460283
9.196557760238647,65.03349285402965,-2.449727459
9.196564674377441,64.81883189727138,-2.460016263
9.196570873260498,66.53611955133745,-2.382850233
9.196577548980713,65.2481538107879,-2.465160665
9.196583986282349,61.706248024276604,-2.5526154990000003
9.196592092514038,65.03349285402965,-2.372561429
9.196598768234253,64.06751854861747,-2.470305067
9.196605205535889,65.78480620268355,-2.480593871
9.196612119674683,67.82408529188702,-2.326261811
9.19661831855774,61.38425658913922,-2.696658755
9.196624279022217,67.60942433512876,-2.341695017
9.19663119316101,63.316205199963555,-2.5526154990000003
9.196718454360962,65.03349285402965,-2.449727459
9.196725845336914,65.35548428916704,-2.429149851
9.19673228263855,67.3947633783705,-2.429149851
9.196738719940186,63.852857591859205,-2.485738273
9.196745157241821,67.60942433512876,-2.2439513790000003
9.196751594543457,64.71150141889224,-2.362272625
9.196757793426514,63.42353567834269,-2.5371822930000003
9.19676423072815,65.89213668106268,-2.2851065950000002
9.196770668029785,63.852857591859205,-2.5217490870000003
9.196777582168579,64.49684046213399,-2.398283439
9.196783781051636,66.3214585945792,-2.2902509970000002
9.19680643081665,61.92090898103487,-2.5629043030000003
9.196813583374023,68.14607672702441,-2.351983821
9.19681978225708,63.74552711348008,-2.362272625
9.196826219558716,64.28217950537572,-2.5577599010000003
9.19683289527893,64.38950998375486,-2.418861047
9.196839570999146,65.03349285402965,-2.393139037
9.19684648513794,63.638196635100954,-2.387994635
9.196852445602417,66.42878907295832,-2.382850233
9.196858406066895,63.638196635100954,-2.5320378910000003
9.196865320205688,66.75078050809572,-2.305684203
9.196871519088745,63.316205199963555,-2.449727459
9.196877717971802,64.49684046213399,-2.511460283
9.1968834400177,68.36073768378266,-2.398283439
9.196889638900757,59.77429941345227,-2.650359137
9.196896314620972,68.79005959729919,-2.2336625750000003
9.196906805038452,62.13556993779312,-2.5680487050000003
9.196918725967407,66.85811098647484,-2.413716645
9.19692873954773,64.60417094051311,-2.367417027
9.196938037872314,63.960188070238345,-2.429149851
9.19695234298706,65.03349285402965,-2.470305067
9.196975231170654,66.10679763782093,-2.387994635
9.196986436843872,65.03349285402965,-2.5731931070000003
9.19699740409851,62.13556993779312,-2.5526154990000003
9.197003841400146,67.18010242161225,-2.439438655
9.197010278701782,65.35548428916704,-2.506315881
9.197016477584839,64.9261623756505,-2.393139037
9.197022438049316,67.82408529188702,-2.326261811
9.197028398513794,61.06226515400183,-2.650359137
9.197034358978271,63.74552711348008,-2.305684203
9.197040319442749,66.10679763782093,-2.367417027
9.197046518325806,62.35023089455139,-2.5629043030000003
9.197052955627441,65.46281476754616,-2.393139037
9.197058916091919,64.28217950537572,-2.424005449
9.197064876556396,61.276926110760094,-2.5423266950000003
9.197071075439453,66.21412811620007,-2.604059519
9.197077512741089,66.53611955133745,-2.2645289870000003
9.197084188461304,61.49158706751835,-2.5783375090000002
9.19709062576294,66.85811098647484,-2.346839419
9.197096586227417,63.316205199963555,-2.5886263130000002
9.197103023529053,64.06751854861747,-2.408572243
9.197108745574951,66.96544146485398,-2.382850233
9.19711446762085,60.74027371886444,-2.742958373
9.197121620178223,66.10679763782093,-2.403427841
9.197128057479858,66.75078050809572,-2.377705831
9.197134017944336,62.88688328644704,-2.5217490870000003
9.197140455245972,66.53611955133745,-2.465160665
9.19714641571045,65.67747572430441,-2.449727459
9.197152614593506,64.60417094051311,-2.5217490870000003
9.197159051895142,67.50209385674964,-2.341695017
9.197165250778198,63.42353567834269,-2.609203921
9.197170972824097,65.57014524592529,-2.403427841
9.197177171707153,61.06226515400183,-2.501171479
9.19718337059021,65.57014524592529,-2.367417027
9.197189569473267,66.96544146485398,-2.2902509970000002
9.19719672203064,64.1748490269966,-2.418861047
9.197202444076538,63.960188070238345,-2.5731931070000003
9.197209119796753,67.82408529188702,-2.2285181730000003
9.197215795516968,62.99421376482616,-2.650359137
9.197221517562866,66.96544146485398,-2.310828605
9.197227001190186,62.99421376482616,-2.634925931
9.197233200073242,64.38950998375486,-2.449727459
9.197239398956299,67.93141577026616,-2.336550615
9.197245359420776,65.78480620268355,-2.485738273
9.197251081466675,61.59891754589748,-2.5423266950000003
9.197277545928955,67.50209385674964,-2.2851065950000002
9.197284460067749,61.92090898103487,-2.460016263
9.197292804718018,64.49684046213399,-2.465160665
9.197299003601074,67.60942433512876,-2.398283439
9.197304964065552,61.706248024276604,-2.5423266950000003
9.197311639785767,69.64870342433223,-2.2542401830000003
9.197317600250244,63.20887472158443,-2.5783375090000002
9.40229082107544,66.64345002971659,-2.351983821
9.40231204032898,64.60417094051311,-2.5526154990000003
9.402321577072144,64.81883189727138,-2.362272625
9.402328968048096,67.93141577026616,-2.326261811
9.402336120605469,62.564891851309646,-2.5629043030000003
9.402343273162842,65.46281476754616,-2.5526154990000003
9.402374267578125,67.0727719432331,-2.2645289870000003
9.402381181716919,59.66696893507314,-2.5731931070000003
9.402387857437134,67.60942433512876,-2.2696733890000003
9.402394533157349,64.1748490269966,-2.496027077
9.40243124961853,64.9261623756505,-2.454871861
9.40244436264038,61.49158706751835,-2.5629043030000003
9.402451515197754,73.29793968922266,-2.2336625750000003
9.402458190917969,61.59891754589748,-2.5937707150000002
9.402465105056763,66.10679763782093,-2.372561429
9.402471542358398,62.77955280806791,-2.5577599010000003
9.402478218078613,65.89213668106268,-2.449727459
9.40248441696167,66.96544146485398,-2.326261811
9.402490139007568,65.14082333240877,-2.5834819110000002
9.402497053146362,65.03349285402965,-2.465160665
9.402504205703735,65.35548428916704,-2.470305067
9.402510643005371,68.03874624864528,-2.362272625
9.402516841888428,64.49684046213399,-2.454871861
9.402522563934326,64.49684046213399,-2.490882675
9.402528285980225,68.25340720540353,-2.326261811
9.402534484863281,61.38425658913922,-2.5474710970000003
9.402540683746338,68.89739007567832,-2.2953953990000002
9.40254831314087,66.64345002971659,-2.387994635
9.402557849884033,65.89213668106268,-2.506315881
9.40256381034851,64.9261623756505,-2.506315881
9.40256953239441,65.03349285402965,-2.454871861
9.402575731277466,66.85811098647484,-2.362272625
9.402608871459961,66.21412811620007,-2.665792343
9.402615308761597,66.10679763782093,-2.315973007
9.402621507644653,63.316205199963555,-2.475449469
9.402628183364868,65.67747572430441,-2.341695017
9.402634143829346,65.9994671594418,-2.5268934890000003
9.402640581130981,65.35548428916704,-2.377705831
9.402646541595459,64.60417094051311,-2.321117409
9.402652978897095,66.75078050809572,-2.5166046850000003
9.402659893035889,62.35023089455139,-2.475449469
9.402666091918945,65.2481538107879,-2.413716645
9.402672290802002,63.1015442432053,-2.511460283
9.40267825126648,64.81883189727138,-2.429149851
9.402684211730957,64.28217950537572,-2.424005449
9.402690649032593,67.93141577026616,-2.2799621930000002
9.402697324752808,59.13031654317749,-2.5834819110000002
9.402703762054443,68.4680681621618,-2.2748177910000003
9.402710437774658,61.276926110760094,-2.5474710970000003
9.402717351913452,65.57014524592529,-2.351983821
9.40272307395935,65.14082333240877,-2.449727459
9.402729034423828,65.2481538107879,-2.444583057
9.402738809585571,62.45756137293052,-2.5371822930000003
9.402750253677368,68.57539864054093,-2.454871861
9.402760982513428,63.960188070238345,-2.5268934890000003
9.402770042419434,66.53611955133745,-2.2902509970000002
9.402793645858765,63.74552711348008,-2.501171479
9.402803897857666,65.03349285402965,-2.403427841
9.40281367301941,69.32671198919485,-2.382850233
9.40282392501831,59.77429941345227,-2.609203921
9.402835369110107,68.68272911892005,-2.2593845850000003
9.402847528457642,60.09629084858966,-2.5886263130000002
9.402858257293701,67.60942433512876,-2.2490957810000003
9.402864933013916,63.852857591859205,-2.5217490870000003
9.40287184715271,64.9261623756505,-2.367417027
9.402878284454346,64.9261623756505,-2.372561429
9.402884006500244,65.67747572430441,-2.310828605
9.402891159057617,60.9549346756227,-2.650359137
9.402896881103516,68.68272911892005,-2.2593845850000003
9.40290379524231,61.49158706751835,-2.5474710970000003
9.402917623519897,63.960188070238345,-2.377705831
9.402923822402954,65.67747572430441,-2.470305067
9.40293025970459,67.71675481350789,-2.346839419
9.402935981750488,61.06226515400183,-2.645214735
9.402941942214966,68.4680681621618,-2.2902509970000002
9.40302062034607,62.99421376482616,-2.5371822930000003
9.40302848815918,66.3214585945792,-2.362272625
9.403034448623657,62.88688328644704,-2.5423266950000003
9.403041362762451,64.71150141889224,-2.475449469
9.403047323226929,67.71675481350789,-2.2851065950000002
9.403053760528564,60.41828228372705,-2.660647941
9.403059720993042,65.9994671594418,-2.413716645
9.40306544303894,62.564891851309646,-2.5886263130000002
9.403071880340576,63.852857591859205,-2.424005449
9.403078556060791,64.9261623756505,-2.387994635
9.403084516525269,63.74552711348008,-2.511460283
9.403090476989746,63.1015442432053,-2.403427841
9.403096437454224,67.18010242161225,-2.2953953990000002
9.40310287475586,57.842350802627934,-2.681225549
9.403108596801758,68.68272911892005,-2.2696733890000003
9.403115034103394,63.53086615672182,-2.465160665
9.403120994567871,63.316205199963555,-2.362272625
9.403126955032349,62.67222232968878,-2.398283439
9.403132677078247,67.82408529188702,-2.454871861
9.403138637542725,64.28217950537572,-2.5268934890000003
9.40314507484436,65.03349285402965,-2.454871861
9.40315055847168,61.813578502655744,-2.444583057
9.403156757354736,67.60942433512876,-2.398283439
9.403162717819214,62.45756137293052,-2.5526154990000003
9.40316915512085,64.38950998375486,-2.485738273
9.608275890350342,66.3214585945792,-2.310828605
9.608295202255249,61.59891754589748,-2.5629043030000003
9.608304262161255,66.96544146485398,-2.460016263
9.608313083648682,63.74552711348008,-2.5937707150000002
9.608319759368896,66.75078050809572,-2.2696733890000003
9.60832667350769,62.77955280806791,-2.475449469
9.608332872390747,65.35548428916704,-2.470305067
9.608339548110962,64.60417094051311,-2.511460283
9.608346462249756,67.50209385674964,-2.357128223
9.608352422714233,61.813578502655744,-2.660647941
9.608357906341553,64.1748490269966,-2.351983821
9.60836410522461,67.28743289999137,-2.362272625
9.608369827270508,65.03349285402965,-2.511460283
9.608375549316406,64.28217950537572,-2.2953953990000002
9.608381986618042,66.85811098647484,-2.305684203
9.60838794708252,60.63294324048531,-2.609203921
9.608394384384155,68.79005959729919,-2.213084967
9.60842514038086,62.24290041617226,-2.5937707150000002
9.608432292938232,66.21412811620007,-2.305684203
9.60843801498413,63.852857591859205,-2.624637127
9.608443975448608,65.57014524592529,-2.485738273
9.60845160484314,66.21412811620007,-2.351983821
9.608457803726196,62.24290041617226,-2.640070333
9.608463525772095,68.03874624864528,-2.2696733890000003
9.608469247817993,61.169595632380954,-2.5731931070000003
9.608475685119629,66.21412811620007,-2.346839419
9.608481407165527,62.24290041617226,-2.511460283
9.608486890792847,68.14607672702441,-2.449727459
9.608493328094482,64.71150141889224,-2.5320378910000003
9.608499765396118,64.60417094051311,-2.357128223
9.608505964279175,67.0727719432331,-2.377705831
9.608511924743652,62.99421376482616,-2.624637127
9.60851764678955,66.64345002971659,-2.346839419
9.60852313041687,63.42353567834269,-2.460016263
9.608529090881348,64.71150141889224,-2.449727459
9.608535051345825,67.18010242161225,-2.377705831
9.608540534973145,63.74552711348008,-2.624637127
9.608546495437622,64.9261623756505,-2.346839419
9.608551740646362,66.3214585945792,-2.362272625
9.60855770111084,64.49684046213399,-2.5217490870000003
9.608567476272583,65.03349285402965,-2.315973007
9.60857343673706,68.03874624864528,-2.377705831
9.608579158782959,59.988960370210535,-2.696658755
9.608585357666016,67.3947633783705,-2.424005449
9.60859227180481,66.85811098647484,-2.326261811
9.60859751701355,63.638196635100954,-2.629781529
9.608603477478027,67.28743289999137,-2.387994635
9.608615398406982,65.57014524592529,-2.5217490870000003
9.608621835708618,64.38950998375486,-2.5526154990000003
9.608628034591675,67.82408529188702,-2.357128223
9.608633756637573,62.24290041617226,-2.640070333
9.608639240264893,62.564891851309646,-2.408572243
9.608647346496582,66.85811098647484,-2.357128223
9.60865306854248,62.99421376482616,-2.5629043030000003
9.608659267425537,62.35023089455139,-2.398283439
9.608664751052856,67.60942433512876,-2.418861047
9.608670711517334,61.38425658913922,-2.5680487050000003
9.608676671981812,67.82408529188702,-2.192507359
9.60868215560913,60.9549346756227,-2.5526154990000003
9.60868787765503,66.96544146485398,-2.413716645
9.608693838119507,65.35548428916704,-2.480593871
9.608699321746826,64.06751854861747,-2.460016263
9.608704805374146,65.89213668106268,-2.2593845850000003
9.608710765838623,59.77429941345227,-2.614348323
9.6087167263031,69.00472055405744,-2.310828605
9.608722448348999,63.852857591859205,-2.475449469
9.608727931976318,65.46281476754616,-2.408572243
9.608733177185059,65.57014524592529,-2.439438655
9.608738899230957,63.638196635100954,-2.501171479
9.608745098114014,64.49684046213399,-2.475449469
9.608750343322754,61.706248024276604,-2.480593871
9.60875678062439,69.32671198919485,-2.2953953990000002
9.608762741088867,66.75078050809572,-2.5937707150000002
9.608769178390503,67.18010242161225,-2.377705831
9.608774662017822,62.88688328644704,-2.5371822930000003
9.6087806224823,65.46281476754616,-2.501171479
9.608786821365356,67.60942433512876,-2.326261811
9.608792543411255,59.55963845669401,-2.660647941
9.608798027038574,66.64345002971659,-2.377705831
9.608803510665894,66.10679763782093,-2.496027077
9.608809232711792,65.14082333240877,-2.408572243
9.608814716339111,64.71150141889224,-2.5166046850000003
9.60882019996643,61.49158706751835,-2.439438655
9.608826160430908,67.18010242161225,-2.2851065950000002
9.608833312988281,63.53086615672182,-2.449727459
9.608839273452759,62.99421376482616,-2.501171479
9.608844518661499,68.14607672702441,-2.2902509970000002
9.608850479125977,62.13556993779312,-2.5937707150000002
9.608856439590454,66.85811098647484,-2.382850233
9.608862400054932,62.24290041617226,-2.5423266950000003
9.60886812210083,64.1748490269966,-2.398283439
9.60887360572815,62.99421376482616,-2.485738273
9.60887861251831,66.85811098647484,-2.2490957810000003
9.608884572982788,62.35023089455139,-2.5320378910000003
9.608890533447266,66.75078050809572,-2.372561429
9.608896017074585,63.316205199963555,-2.5834819110000002
9.608901977539062,64.28217950537572,-2.398283439
9.608908653259277,66.64345002971659,-2.346839419
9.608913660049438,61.06226515400183,-2.665792343
9.608919620513916,67.93141577026616,-2.2388069770000003
9.813712358474731,63.852857591859205,-2.5371822930000003
9.8137366771698,66.21412811620007,-2.496027077
9.813745737075806,66.42878907295832,-2.501171479
9.813753604888916,64.81883189727138,-2.480593871
9.81376314163208,66.96544146485398,-2.310828605
9.813770532608032,62.45756137293052,-2.403427841
9.813777923583984,64.06751854861747,-2.5268934890000003
9.813786268234253,66.53611955133745,-2.2696733890000003
9.813794136047363,62.028239459413996,-2.660647941
9.813801288604736,66.10679763782093,-2.341695017
9.81380820274353,64.60417094051311,-2.490882675
9.813815116882324,66.21412811620007,-2.382850233
9.813822269439697,60.203621326968786,-2.624637127
9.81382966041565,68.14607672702441,-2.2490957810000003
9.813837766647339,62.35023089455139,-2.604059519
9.813844919204712,67.3947633783705,-2.351983821
9.813852071762085,63.53086615672182,-2.5371822930000003
9.813859701156616,64.28217950537572,-2.434294253
9.813871145248413,67.71675481350789,-2.310828605
9.813878297805786,63.42353567834269,-2.506315881
9.81388545036316,66.3214585945792,-2.2233737710000003
9.813892841339111,63.53086615672182,-2.501171479
9.813899755477905,65.2481538107879,-2.460016263
9.813907384872437,64.60417094051311,-2.506315881
9.813937425613403,65.2481538107879,-2.429149851
9.813944339752197,65.78480620268355,-2.367417027
9.81395173072815,63.74552711348008,-2.475449469
9.813958406448364,63.74552711348008,-2.660647941
9.813965082168579,65.57014524592529,-2.305684203
9.813971996307373,65.46281476754616,-2.434294253
9.813978910446167,61.59891754589748,-2.5474710970000003
9.81398630142212,64.49684046213399,-2.418861047
9.813993215560913,67.82408529188702,-2.336550615
9.813999891281128,59.55963845669401,-2.665792343
9.814088821411133,69.86336438109049,-2.2953953990000002
9.81409764289856,61.38425658913922,-2.5629043030000003
9.81410527229309,66.85811098647484,-2.382850233
9.814112424850464,64.28217950537572,-2.387994635
9.814119100570679,64.60417094051311,-2.413716645
9.814125537872314,63.960188070238345,-2.310828605
9.814132452011108,67.82408529188702,-2.470305067
9.814139127731323,63.960188070238345,-2.2902509970000002
9.814146280288696,61.276926110760094,-2.5217490870000003
9.814153909683228,65.57014524592529,-2.382850233
9.814160823822021,63.638196635100954,-2.5474710970000003
9.814168453216553,66.21412811620007,-2.418861047
9.814175128936768,65.2481538107879,-2.387994635
9.814181566238403,66.42878907295832,-2.336550615
9.81418776512146,61.92090898103487,-2.686369951
9.814195394515991,65.78480620268355,-2.351983821
9.814201831817627,65.35548428916704,-2.454871861
9.814209222793579,62.99421376482616,-2.5423266950000003
9.814215660095215,64.71150141889224,-2.501171479
9.81422233581543,67.60942433512876,-2.2490957810000003
9.814229488372803,59.881629891831395,-2.645214735
9.814236164093018,69.86336438109049,-2.310828605
9.814242839813232,61.59891754589748,-2.604059519
9.814249277114868,66.75078050809572,-2.387994635
9.814255952835083,65.57014524592529,-2.5217490870000003
9.814263582229614,63.20887472158443,-2.424005449
9.814270257949829,65.14082333240877,-2.321117409
9.814276933670044,63.53086615672182,-2.5320378910000003
9.814286947250366,66.21412811620007,-2.362272625
9.814298152923584,63.74552711348008,-2.598915117
9.814310073852539,66.42878907295832,-2.372561429
9.814319133758545,61.706248024276604,-2.506315881
9.814330101013184,65.35548428916704,-2.382850233
9.814363956451416,65.9994671594418,-2.485738273
9.814376831054688,67.82408529188702,-2.346839419
9.81438946723938,61.813578502655744,-2.650359137
9.814417839050293,63.20887472158443,-2.449727459
9.814425706863403,65.57014524592529,-2.2851065950000002
9.814432144165039,60.41828228372705,-2.5731931070000003
9.814438819885254,65.35548428916704,-2.490882675
9.814444541931152,66.96544146485398,-2.362272625
9.81445050239563,59.55963845669401,-2.604059519
9.814456701278687,69.32671198919485,-2.331406213
9.814462661743164,60.9549346756227,-2.5834819110000002
9.81446886062622,65.67747572430441,-2.408572243
9.814474821090698,63.74552711348008,-2.496027077
9.814481019973755,67.93141577026616,-2.460016263
9.814487218856812,65.46281476754616,-2.434294253
9.81449294090271,63.74552711348008,-2.465160665
9.814498662948608,62.77955280806791,-2.5423266950000003
9.814505100250244,68.68272911892005,-2.2336625750000003
9.81451153755188,62.88688328644704,-2.5886263130000002
9.814517498016357,67.28743289999137,-2.424005449
9.814532995223999,63.53086615672182,-2.393139037
9.814548969268799,66.10679763782093,-2.5526154990000003
9.814555406570435,65.2481538107879,-2.398283439
9.814561128616333,60.84760419724358,-2.5937707150000002
9.81456732749939,67.60942433512876,-2.2388069770000003
9.814573287963867,66.10679763782093,-2.367417027
9.814579248428345,66.10679763782093,-2.341695017
9.814584970474243,63.74552711348008,-2.475449469
9.814590692520142,64.38950998375486,-2.444583057
9.814600944519043,66.75078050809572,-2.315973007
9.814607381820679,63.316205199963555,-2.624637127
9.814613580703735,64.28217950537572,-2.408572243
9.814619779586792,65.89213668106268,-2.387994635
10.020024061203003,63.316205199963555,-2.5423266950000003
10.02010178565979,64.60417094051311,-2.351983821
10.020111799240112,66.42878907295832,-2.393139037
10.020119905471802,65.46281476754616,-2.305684203
10.020127296447754,62.028239459413996,-2.727525167
10.020135879516602,68.36073768378266,-2.300539801
10.020143270492554,62.13556993779312,-2.470305067
10.020151138305664,66.10679763782093,-2.367417027
10.020158767700195,63.638196635100954,-2.5320378910000003
10.020167112350464,63.1015442432053,-2.403427841
10.020174503326416,66.42878907295832,-2.336550615
10.020183563232422,61.276926110760094,-2.609203921
10.020191431045532,65.35548428916704,-2.501171479
10.020199537277222,62.99421376482616,-2.604059519
10.020206689834595,65.78480620268355,-2.377705831
10.02021336555481,64.71150141889224,-2.629781529
10.020220518112183,64.49684046213399,-2.418861047
10.020227909088135,66.42878907295832,-2.2799621930000002
10.020235776901245,63.638196635100954,-2.665792343
10.020242691040039,67.28743289999137,-2.372561429
10.020249605178833,64.1748490269966,-2.434294253
10.020256519317627,64.71150141889224,-2.341695017
10.020263671875,64.71150141889224,-2.434294253
10.020270824432373,63.53086615672182,-2.424005449
10.020278215408325,69.11205103243658,-2.336550615
10.020285367965698,61.813578502655744,-2.465160665
10.02029275894165,64.71150141889224,-2.5166046850000003
10.02030086517334,68.57539864054093,-2.393139037
10.020308017730713,62.77955280806791,-2.5320378910000003
10.020315647125244,66.42878907295832,-2.496027077
10.020322561264038,65.14082333240877,-2.408572243
10.020329236984253,67.93141577026616,-2.465160665
10.020336151123047,58.700994629660975,-2.799546795
10.020343542098999,68.03874624864528,-2.2645289870000003
10.02035117149353,62.13556993779312,-2.614348323
10.020357608795166,66.85811098647484,-2.346839419
10.02036428451538,63.638196635100954,-2.5834819110000002
10.020371198654175,63.960188070238345,-2.2748177910000003
10.020379066467285,69.5413729459531,-2.2439513790000003
10.020386219024658,60.09629084858966,-2.634925931
10.020393133163452,67.82408529188702,-2.2542401830000003
10.020423412322998,63.1015442432053,-2.681225549
10.02043104171753,66.75078050809572,-2.305684203
10.020438432693481,62.77955280806791,-2.5629043030000003
10.020446062088013,65.57014524592529,-2.439438655
10.020452737808228,63.74552711348008,-2.418861047
10.020459651947021,67.82408529188702,-2.315973007
10.020466566085815,61.169595632380954,-2.650359137
10.02047348022461,67.93141577026616,-2.357128223
10.020482540130615,61.92090898103487,-2.5577599010000003
10.020490169525146,64.81883189727138,-2.501171479
10.02049708366394,66.21412811620007,-2.490882675
10.020503997802734,66.42878907295832,-2.403427841
10.020514965057373,64.60417094051311,-2.408572243
10.020522117614746,64.1748490269966,-2.640070333
10.020528793334961,66.10679763782093,-2.331406213
10.020535707473755,63.1015442432053,-2.501171479
10.02054238319397,64.9261623756505,-2.408572243
10.020548582077026,65.9994671594418,-2.372561429
10.020564317703247,66.64345002971659,-2.501171479
10.020570755004883,64.38950998375486,-2.465160665
10.020582675933838,64.49684046213399,-2.439438655
10.020589113235474,63.852857591859205,-2.321117409
10.0205979347229,63.1015442432053,-2.5423266950000003
10.020610809326172,66.75078050809572,-2.336550615
10.020617485046387,62.028239459413996,-2.490882675
10.02062463760376,66.96544146485398,-2.470305067
10.020631313323975,63.316205199963555,-2.408572243
10.020638227462769,65.89213668106268,-2.367417027
10.020645141601562,65.89213668106268,-2.5474710970000003
10.020652770996094,64.28217950537572,-2.2902509970000002
10.020660638809204,66.96544146485398,-2.341695017
10.02066707611084,66.96544146485398,-2.480593871
10.020673513412476,64.1748490269966,-2.444583057
10.02068018913269,65.46281476754616,-2.382850233
10.020687103271484,60.9549346756227,-2.624637127
10.020694017410278,67.82408529188702,-2.305684203
10.020701169967651,62.77955280806791,-2.5886263130000002
10.020708799362183,66.96544146485398,-2.341695017
10.02071499824524,63.960188070238345,-2.460016263
10.020721912384033,63.960188070238345,-2.439438655
10.020728588104248,66.96544146485398,-2.377705831
10.020735502243042,60.203621326968786,-2.5886263130000002
10.02074408531189,66.53611955133745,-2.454871861
10.020750999450684,67.82408529188702,-2.2953953990000002
10.020758390426636,61.06226515400183,-2.5731931070000003
10.020765781402588,67.0727719432331,-2.336550615
10.020772933959961,62.028239459413996,-2.5423266950000003
10.020780563354492,65.03349285402965,-2.501171479
10.020787239074707,63.960188070238345,-2.326261811
10.020793914794922,60.9549346756227,-2.660647941
10.020801067352295,67.3947633783705,-2.2696733890000003
10.020886182785034,69.86336438109049,-2.496027077
10.020894289016724,65.67747572430441,-2.454871861
10.020901203155518,63.638196635100954,-2.480593871
10.02090859413147,62.99421376482616,-2.460016263
10.020915269851685,66.53611955133745,-2.351983821
10.0209219455719,64.60417094051311,-2.5268934890000003
10.020929098129272,64.60417094051311,-2.367417027
10.020935535430908,66.53611955133745,-2.449727459
10.226345300674438,65.67747572430441,-2.480593871
10.22636890411377,64.60417094051311,-2.398283439
10.226377487182617,64.60417094051311,-2.485738273
10.22638463973999,66.96544146485398,-2.2748177910000003
10.226393461227417,59.13031654317749,-2.598915117
10.226428508758545,68.4680681621618,-2.382850233
10.226435661315918,62.24290041617226,-2.429149851
10.226442098617554,65.03349285402965,-2.490882675
10.226449012756348,65.78480620268355,-2.377705831
10.22645616531372,64.71150141889224,-2.5217490870000003
10.226463556289673,66.75078050809572,-2.470305067
10.226469993591309,62.13556993779312,-2.5680487050000003
10.226476907730103,68.68272911892005,-2.2851065950000002
10.226484060287476,61.276926110760094,-2.5629043030000003
10.22649097442627,67.82408529188702,-2.387994635
10.226497888565063,62.77955280806791,-2.5371822930000003
10.226505517959595,64.60417094051311,-2.454871861
10.2265305519104,68.57539864054093,-2.398283439
10.226540565490723,60.203621326968786,-2.614348323
10.226547479629517,67.3947633783705,-2.2336625750000003
10.22655463218689,64.81883189727138,-2.629781529
10.226560831069946,68.57539864054093,-2.351983821
10.22656774520874,65.03349285402965,-2.480593871
10.226574182510376,64.49684046213399,-2.429149851
10.226580619812012,66.10679763782093,-2.449727459
10.226587772369385,66.10679763782093,-2.310828605
10.226593732833862,60.9549346756227,-2.614348323
10.226599931716919,69.21938151081571,-2.135918937
10.226606607437134,62.45756137293052,-2.609203921
10.22661304473877,66.10679763782093,-2.362272625
10.226619482040405,63.638196635100954,-2.490882675
10.226625919342041,66.64345002971659,-2.465160665
10.226631879806519,61.92090898103487,-2.645214735
10.226639032363892,67.60942433512876,-2.351983821
10.22664475440979,64.28217950537572,-2.496027077
10.226650953292847,65.46281476754616,-2.480593871
10.226657390594482,65.14082333240877,-2.449727459
10.226664304733276,64.28217950537572,-2.408572243
10.226670503616333,66.3214585945792,-2.351983821
10.226677179336548,62.13556993779312,-2.506315881
10.226682901382446,68.57539864054093,-2.305684203
10.226691007614136,61.59891754589748,-2.5834819110000002
10.226702451705933,66.21412811620007,-2.2902509970000002
10.226710081100464,63.53086615672182,-2.5680487050000003
10.226717233657837,64.60417094051311,-2.434294253
10.226724624633789,63.638196635100954,-2.485738273
10.226730823516846,68.14607672702441,-2.300539801
10.22673773765564,61.06226515400183,-2.712091961
10.226744174957275,65.78480620268355,-2.321117409
10.226750612258911,62.35023089455139,-2.676081147
10.226757287979126,65.35548428916704,-2.341695017
10.22676396369934,66.96544146485398,-2.413716645
10.22676968574524,66.64345002971659,-2.398283439
10.226775884628296,63.960188070238345,-2.408572243
10.22678279876709,63.960188070238345,-2.665792343
10.226789474487305,67.18010242161225,-2.207940565
10.226796388626099,63.316205199963555,-2.475449469
10.226803541183472,65.67747572430441,-2.341695017
10.226809978485107,65.57014524592529,-2.470305067
10.226816177368164,66.75078050809572,-2.346839419
10.22682237625122,65.67747572430441,-2.357128223
10.226828575134277,60.74027371886444,-2.5217490870000003
10.22683572769165,63.638196635100954,-2.429149851
10.226842164993286,63.1015442432053,-2.5526154990000003
10.226848840713501,65.46281476754616,-2.367417027
10.226855278015137,64.71150141889224,-2.480593871
10.226861000061035,65.2481538107879,-2.429149851
10.226867437362671,64.49684046213399,-2.429149851
10.226873874664307,67.71675481350789,-2.321117409
10.226882696151733,59.881629891831395,-2.691514353
10.22688889503479,67.60942433512876,-2.2645289870000003
10.226895332336426,66.42878907295832,-2.460016263
10.226901531219482,61.276926110760094,-2.5783375090000002
10.226908206939697,65.35548428916704,-2.434294253
10.226914644241333,64.60417094051311,-2.511460283
10.226921319961548,65.9994671594418,-2.439438655
10.226927042007446,63.316205199963555,-2.506315881
10.226933240890503,66.96544146485398,-2.393139037
10.22693920135498,67.82408529188702,-2.434294253
10.226945638656616,62.564891851309646,-2.331406213
10.226952075958252,65.2481538107879,-2.475449469
10.226958274841309,66.42878907295832,-2.5834819110000002
10.226964712142944,63.852857591859205,-2.2388069770000003
10.22697138786316,60.09629084858966,-2.686369951
10.226977348327637,68.89739007567832,-2.2851065950000002
10.22698426246643,63.53086615672182,-2.424005449
10.226990222930908,64.60417094051311,-2.439438655
10.226996421813965,66.21412811620007,-2.2902509970000002
10.2270028591156,62.99421376482616,-2.480593871
10.227008819580078,65.57014524592529,-2.449727459
10.227015018463135,67.60942433512876,-2.372561429
10.22702145576477,66.64345002971659,-2.346839419
10.227027177810669,61.813578502655744,-2.5834819110000002
10.227034568786621,65.89213668106268,-2.357128223
10.227040529251099,62.67222232968878,-2.5166046850000003
10.227047204971313,65.67747572430441,-2.449727459
10.227052927017212,66.10679763782093,-2.439438655
10.227059364318848,62.24290041617226,-2.506315881
10.227065563201904,68.79005959729919,-2.2799621930000002
10.22707223892212,61.49158706751835,-2.501171479
10.432292461395264,67.82408529188702,-2.362272625
10.432317972183228,62.88688328644704,-2.506315881
10.432327508926392,65.03349285402965,-2.424005449
10.432335615158081,64.81883189727138,-2.454871861
10.43234372138977,67.82408529188702,-2.315973007
10.432352066040039,61.276926110760094,-2.5731931070000003
10.432361602783203,66.64345002971659,-2.393139037
10.432369232177734,66.75078050809572,-2.341695017
10.432376384735107,63.1015442432053,-2.449727459
10.43238377571106,65.2481538107879,-2.393139037
10.432391166687012,64.38950998375486,-2.305684203
10.432398557662964,67.28743289999137,-2.336550615
10.432430505752563,60.52561276210618,-2.5423266950000003
10.432438135147095,67.3947633783705,-2.2851065950000002
10.432446002960205,63.852857591859205,-2.465160665
10.432454109191895,65.03349285402965,-2.418861047
10.432461023330688,61.169595632380954,-2.490882675
10.43246865272522,65.2481538107879,-2.413716645
10.432498693466187,68.68272911892005,-2.480593871
10.432511568069458,61.06226515400183,-2.5680487050000003
10.43251919746399,68.36073768378266,-2.362272625
10.432526350021362,63.1015442432053,-2.5731931070000003
10.432533740997314,66.3214585945792,-2.398283439
10.432540893554688,63.960188070238345,-2.413716645
10.432549238204956,64.60417094051311,-2.485738273
10.43255615234375,64.06751854861747,-2.403427841
10.432563304901123,66.3214585945792,-2.424005449
10.432569980621338,65.14082333240877,-2.377705831
10.43257737159729,61.813578502655744,-2.5937707150000002
10.432585000991821,68.57539864054093,-2.372561429
10.432592153549194,65.78480620268355,-2.382850233
10.432599067687988,62.24290041617226,-2.496027077
10.432605743408203,66.53611955133745,-2.490882675
10.432612419128418,67.82408529188702,-2.357128223
10.432619333267212,61.06226515400183,-2.5423266950000003
10.432626724243164,67.3947633783705,-2.367417027
10.432633638381958,63.960188070238345,-2.444583057
10.432640552520752,67.71675481350789,-2.372561429
10.432647705078125,63.638196635100954,-2.465160665
10.432654619216919,67.60942433512876,-2.413716645
10.432661533355713,67.93141577026616,-2.2799621930000002
10.432668685913086,60.74027371886444,-2.732669569
10.43267560005188,66.64345002971659,-2.2388069770000003
10.432682514190674,65.57014524592529,-2.475449469
10.43268895149231,65.14082333240877,-2.480593871
10.432695865631104,65.78480620268355,-2.362272625
10.43270206451416,64.1748490269966,-2.5268934890000003
10.432709217071533,65.03349285402965,-2.413716645
10.432715654373169,65.2481538107879,-2.449727459
10.432801723480225,63.53086615672182,-2.470305067
10.432809591293335,67.3947633783705,-2.305684203
10.43281602859497,61.706248024276604,-2.5783375090000002
10.43282413482666,66.3214585945792,-2.403427841
10.432831287384033,65.78480620268355,-2.501171479
10.432838201522827,64.81883189727138,-2.408572243
10.432844877243042,67.3947633783705,-2.331406213
10.432851552963257,62.35023089455139,-2.598915117
10.43285846710205,69.32671198919485,-2.310828605
10.432865381240845,62.028239459413996,-2.5834819110000002
10.432872772216797,66.85811098647484,-2.357128223
10.43287968635559,63.53086615672182,-2.413716645
10.432886123657227,65.78480620268355,-2.485738273
10.432892322540283,68.03874624864528,-2.305684203
10.432898998260498,61.06226515400183,-2.5731931070000003
10.432905912399292,63.20887472158443,-2.5629043030000003
10.432913064956665,68.68272911892005,-2.2388069770000003
10.432920694351196,62.13556993779312,-2.5423266950000003
10.43292784690857,65.78480620268355,-2.387994635
10.432934284210205,63.316205199963555,-2.5268934890000003
10.432942390441895,67.18010242161225,-2.449727459
10.43294906616211,65.67747572430441,-2.439438655
10.432955741882324,61.06226515400183,-2.763535981
10.432962417602539,69.5413729459531,-2.079330515
10.432968854904175,62.564891851309646,-2.598915117
10.432976245880127,65.03349285402965,-2.321117409
10.432982683181763,62.99421376482616,-2.598915117
10.432989120483398,64.1748490269966,-2.470305067
10.432998895645142,67.28743289999137,-2.331406213
10.433010816574097,62.028239459413996,-2.660647941
10.433022260665894,68.57539864054093,-2.2593845850000003
10.433033227920532,62.028239459413996,-2.5731931070000003
10.433043003082275,66.10679763782093,-2.357128223
10.433078527450562,63.852857591859205,-2.5217490870000003
10.433091640472412,64.49684046213399,-2.490882675
10.433098793029785,63.960188070238345,-2.382850233
10.433105707168579,67.71675481350789,-2.465160665
10.433112144470215,64.71150141889224,-2.387994635
10.433118343353271,64.28217950537572,-2.665792343
10.433125019073486,67.71675481350789,-2.2696733890000003
10.43313217163086,65.46281476754616,-2.5680487050000003
10.433140277862549,64.38950998375486,-2.480593871
10.433146953582764,64.81883189727138,-2.387994635
10.433152914047241,66.21412811620007,-2.398283439
10.433159351348877,60.9549346756227,-2.5268934890000003
10.43316650390625,66.85811098647484,-2.5217490870000003
10.433173894882202,62.67222232968878,-2.346839419
10.433180093765259,66.3214585945792,-2.480593871
10.433186292648315,63.1015442432053,-2.444583057
10.433192729949951,64.71150141889224,-2.424005449
10.433199167251587,68.89739007567832,-2.449727459
10.638817071914673,61.276926110760094,-2.5268934890000003
10.638840198516846,66.42878907295832,-2.387994635
10.63884973526001,64.1748490269966,-2.362272625
10.638857126235962,64.49684046213399,-2.5474710970000003
10.638864755630493,65.89213668106268,-2.331406213
10.638871669769287,63.53086615672182,-2.434294253
10.638879299163818,65.35548428916704,-2.424005449
10.638886213302612,67.60942433512876,-2.454871861
10.638892650604248,63.638196635100954,-2.506315881
10.638899564743042,68.36073768378266,-2.444583057
10.638906240463257,62.45756137293052,-2.5217490870000003
10.638913631439209,66.10679763782093,-2.341695017
10.638920783996582,64.49684046213399,-2.439438655
10.638927459716797,64.9261623756505,-2.429149851
10.63893437385559,66.64345002971659,-2.321117409
10.638941049575806,59.13031654317749,-2.640070333
10.63894772529602,68.36073768378266,-2.197651761
10.638954401016235,61.169595632380954,-2.634925931
10.638960838317871,66.10679763782093,-2.387994635
10.63896656036377,64.71150141889224,-2.444583057
10.638973236083984,64.81883189727138,-2.449727459
10.6389799118042,67.93141577026616,-2.310828605
10.638986587524414,60.84760419724358,-2.629781529
10.63899302482605,68.03874624864528,-2.372561429
10.638999462127686,64.71150141889224,-2.362272625
10.639005422592163,61.92090898103487,-2.5320378910000003
10.639014959335327,66.21412811620007,-2.300539801
10.639021873474121,61.92090898103487,-2.418861047
10.639028310775757,64.06751854861747,-2.398283439
10.639034986495972,66.75078050809572,-2.2593845850000003
10.639041900634766,59.77429941345227,-2.5834819110000002
10.63904857635498,69.86336438109049,-2.315973007
10.639055252075195,66.53611955133745,-2.465160665
10.63906216621399,67.0727719432331,-2.418861047
10.639068603515625,63.852857591859205,-2.5423266950000003
10.639075756072998,64.28217950537572,-2.434294253
10.639082431793213,67.3947633783705,-2.2748177910000003
10.639089345932007,61.276926110760094,-2.604059519
10.63909649848938,71.36599107839831,-2.177074153
10.639103412628174,64.60417094051311,-2.5629043030000003
10.639110088348389,64.60417094051311,-2.418861047
10.639116048812866,64.81883189727138,-2.460016263
10.63912296295166,64.38950998375486,-2.429149851
10.639129400253296,66.10679763782093,-2.351983821
10.63913607597351,63.74552711348008,-2.5217490870000003
10.639142751693726,63.42353567834269,-2.5783375090000002
10.63914966583252,68.25340720540353,-2.2388069770000003
10.639156341552734,61.06226515400183,-2.681225549
10.639162302017212,68.57539864054093,-2.424005449
10.639169216156006,62.99421376482616,-2.5371822930000003
10.639175415039062,65.35548428916704,-2.439438655
10.639183044433594,64.49684046213399,-2.321117409
10.63918924331665,64.49684046213399,-2.490882675
10.639195442199707,65.67747572430441,-2.2748177910000003
10.639202117919922,62.24290041617226,-2.5268934890000003
10.639208793640137,66.85811098647484,-2.413716645
10.639214754104614,64.81883189727138,-2.465160665
10.639220476150513,65.14082333240877,-2.444583057
10.639227867126465,64.1748490269966,-2.300539801
10.639235258102417,64.28217950537572,-2.429149851
10.639248371124268,64.06751854861747,-2.161640947
10.639255046844482,65.14082333240877,-2.434294253
10.639261245727539,64.28217950537572,-2.341695017
10.639267206192017,62.88688328644704,-2.5423266950000003
10.639273643493652,65.2481538107879,-2.403427841
10.639280557632446,65.78480620268355,-2.470305067
10.639286518096924,65.89213668106268,-2.2439513790000003
10.63929271697998,61.706248024276604,-2.624637127
10.639298915863037,70.72200820812353,-2.321117409
10.639305591583252,61.169595632380954,-2.5629043030000003
10.639312267303467,67.18010242161225,-2.408572243
10.63931918144226,65.2481538107879,-2.5217490870000003
10.639325857162476,66.42878907295832,-2.424005449
10.639331579208374,65.57014524592529,-2.336550615
10.639338254928589,63.53086615672182,-2.598915117
10.639344453811646,66.75078050809572,-2.341695017
10.639350652694702,64.81883189727138,-2.5834819110000002
10.639357566833496,65.35548428916704,-2.357128223
10.639364242553711,66.42878907295832,-2.496027077
10.639371156692505,65.67747572430441,-2.444583057
10.63937759399414,66.3214585945792,-2.331406213
10.639384031295776,59.988960370210535,-2.670936745
10.639389991760254,66.64345002971659,-2.2542401830000003
10.639396667480469,61.813578502655744,-2.429149851
10.639416933059692,64.1748490269966,-2.470305067
10.639424562454224,68.68272911892005,-2.403427841
10.639430284500122,63.1015442432053,-2.501171479
10.639436721801758,64.28217950537572,-2.408572243
10.639442682266235,65.89213668106268,-2.393139037
10.639451265335083,62.13556993779312,-2.5731931070000003
10.639457941055298,69.43404246757397,-2.2953953990000002
10.639464616775513,62.564891851309646,-2.598915117
10.639470100402832,65.35548428916704,-2.351983821
10.63947606086731,63.42353567834269,-2.501171479
10.639482021331787,64.49684046213399,-2.449727459
10.639487504959106,67.60942433512876,-2.305684203
10.639493465423584,59.23764702155662,-2.598915117
10.63949966430664,69.21938151081571,-2.2285181730000003
10.639506816864014,66.75078050809572,-2.614348323
10.63951301574707,65.46281476754616,-2.326261811
10.844781398773193,68.14607672702441,-2.511460283
10.84480357170105,63.638196635100954,-2.429149851
10.844811916351318,68.14607672702441,-2.2388069770000003
10.844819784164429,64.06751854861747,-2.434294253
10.84482717514038,62.88688328644704,-2.5474710970000003
10.844927310943604,68.36073768378266,-2.2490957810000003
10.844935655593872,61.06226515400183,-2.5474710970000003
10.844942569732666,64.9261623756505,-2.439438655
10.84494948387146,65.57014524592529,-2.5217490870000003
10.844957113265991,65.67747572430441,-2.336550615
10.844964504241943,66.85811098647484,-2.372561429
10.844970464706421,61.169595632380954,-2.670936745
10.844976902008057,67.28743289999137,-2.310828605
10.844983339309692,62.24290041617226,-2.614348323
10.844990015029907,68.03874624864528,-2.413716645
10.844996929168701,62.13556993779312,-2.598915117
10.845002889633179,64.60417094051311,-2.418861047
10.845009565353394,66.3214585945792,-2.331406213
10.84501600265503,60.203621326968786,-2.624637127
10.845022439956665,69.00472055405744,-2.099908123
10.845028638839722,62.88688328644704,-2.598915117
10.8450345993042,66.10679763782093,-2.326261811
10.845041036605835,62.35023089455139,-2.506315881
10.84504771232605,65.35548428916704,-2.413716645
10.845053434371948,63.74552711348008,-2.5166046850000003
10.845060348510742,67.28743289999137,-2.377705831
10.845066547393799,62.77955280806791,-2.501171479
10.845072746276855,64.06751854861747,-2.614348323
10.845078706741333,66.96544146485398,-2.2748177910000003
10.84508490562439,63.42353567834269,-2.676081147
10.845091581344604,63.960188070238345,-2.5217490870000003
10.84509825706482,65.67747572430441,-2.387994635
10.845104694366455,64.28217950537572,-2.403427841
10.845110893249512,64.28217950537572,-2.496027077
10.845117568969727,66.42878907295832,-2.434294253
10.845127582550049,64.38950998375486,-2.351983821
10.845147848129272,65.35548428916704,-2.465160665
10.8451566696167,61.276926110760094,-2.393139037
10.845191717147827,64.81883189727138,-2.434294253
10.845202922821045,66.42878907295832,-2.439438655
10.845211744308472,65.03349285402965,-2.501171479
10.845218181610107,65.67747572430441,-2.5217490870000003
10.845224857330322,65.67747572430441,-2.398283439
10.84523057937622,62.35023089455139,-2.614348323
10.845236539840698,65.89213668106268,-2.408572243
10.845242500305176,64.1748490269966,-2.429149851
10.845249652862549,65.2481538107879,-2.372561429
10.845255613327026,65.46281476754616,-2.475449469
10.845261335372925,67.3947633783705,-2.2645289870000003
10.84526801109314,60.31095180534792,-2.799546795
10.845273971557617,66.75078050809572,-2.197651761
10.845280170440674,67.50209385674964,-2.501171479
10.845285892486572,59.23764702155662,-2.5320378910000003
10.845292568206787,64.81883189727138,-2.439438655
10.845298290252686,64.9261623756505,-2.501171479
10.845304250717163,67.50209385674964,-2.2748177910000003
10.845310688018799,62.99421376482616,-2.5886263130000002
10.845317125320435,65.46281476754616,-2.362272625
10.845324039459229,65.03349285402965,-2.485738273
10.845329999923706,65.14082333240877,-2.485738273
10.845336198806763,65.78480620268355,-2.490882675
10.845343589782715,63.74552711348008,-2.460016263
10.845349788665771,66.21412811620007,-2.362272625
10.845355749130249,58.593664151281835,-2.609203921
10.845361948013306,65.89213668106268,-2.413716645
10.845367908477783,66.3214585945792,-2.2388069770000003
10.845374345779419,64.06751854861747,-2.5680487050000003
10.845381021499634,65.14082333240877,-2.434294253
10.845386743545532,63.1015442432053,-2.506315881
10.845392942428589,63.316205199963555,-2.496027077
10.84541130065918,65.78480620268355,-2.326261811
10.845417737960815,63.852857591859205,-2.598915117
10.845423936843872,63.74552711348008,-2.326261811
10.84542965888977,64.38950998375486,-2.434294253
10.845435380935669,68.36073768378266,-2.424005449
10.845441579818726,64.38950998375486,-2.449727459
10.845447540283203,63.53086615672182,-2.475449469
10.84545373916626,67.18010242161225,-2.377705831
10.845459699630737,63.316205199963555,-2.665792343
10.845466136932373,64.49684046213399,-2.387994635
10.84547209739685,64.28217950537572,-2.398283439
10.845477819442749,66.3214585945792,-2.331406213
10.845486164093018,65.2481538107879,-2.5217490870000003
10.845493078231812,66.3214585945792,-2.454871861
10.84549880027771,65.46281476754616,-2.496027077
10.845504522323608,67.28743289999137,-2.2645289870000003
10.845510959625244,60.9549346756227,-2.650359137
10.845516681671143,69.00472055405744,-2.387994635
10.8455228805542,63.852857591859205,-2.5423266950000003
10.845529317855835,66.96544146485398,-2.372561429
10.845535278320312,64.60417094051311,-2.5423266950000003
10.845542430877686,63.74552711348008,-2.485738273
10.845548152923584,65.14082333240877,-2.454871861
10.845554113388062,59.77429941345227,-2.650359137
10.845560073852539,69.21938151081571,-2.2748177910000003
10.845566749572754,64.28217950537572,-2.5731931070000003
10.845573425292969,66.75078050809572,-2.398283439
10.845579624176025,62.88688328644704,-2.429149851
10.84558629989624,66.3214585945792,-2.429149851
10.845592498779297,66.42878907295832,-2.171929751
11.051038026809692,60.09629084858966,-2.670936745
11.051060914993286,68.36073768378266,-2.2233737710000003
11.05107069015503,62.45756137293052,-2.686369951
11.051079034805298,66.10679763782093,-2.454871861
11.051086664199829,66.85811098647484,-2.413716645
11.051094055175781,64.49684046213399,-2.439438655
11.051104068756104,64.28217950537572,-2.449727459
11.051111459732056,64.38950998375486,-2.485738273
11.05111813545227,62.67222232968878,-2.346839419
11.051125049591064,62.77955280806791,-2.640070333
11.051132202148438,63.638196635100954,-2.490882675
11.051140546798706,64.60417094051311,-2.310828605
11.051147937774658,64.38950998375486,-2.5166046850000003
11.051156520843506,64.60417094051311,-2.418861047
11.051205158233643,67.82408529188702,-2.470305067
11.051212787628174,63.852857591859205,-2.413716645
11.051219940185547,67.28743289999137,-2.501171479
11.051227807998657,62.24290041617226,-2.454871861
11.05123496055603,67.18010242161225,-2.362272625
11.051242113113403,63.316205199963555,-2.5268934890000003
11.051249980926514,64.81883189727138,-2.336550615
11.051257610321045,65.57014524592529,-2.424005449
11.051265001296997,62.88688328644704,-2.454871861
11.051271915435791,62.45756137293052,-2.660647941
11.051283597946167,68.68272911892005,-2.2388069770000003
11.051292181015015,63.53086615672182,-2.460016263
11.051299095153809,65.78480620268355,-2.429149851
11.05130648612976,65.57014524592529,-2.382850233
11.051313400268555,64.9261623756505,-2.5268934890000003
11.051321268081665,66.42878907295832,-2.496027077
11.051328420639038,66.53611955133745,-2.382850233
11.051335096359253,66.75078050809572,-2.475449469
11.051342725753784,58.700994629660975,-2.5577599010000003
11.051350116729736,65.14082333240877,-2.413716645
11.051357984542847,64.71150141889224,-2.434294253
11.05136489868164,63.852857591859205,-2.460016263
11.051371812820435,65.57014524592529,-2.480593871
11.051378726959229,64.1748490269966,-2.444583057
11.051385641098022,66.21412811620007,-2.424005449
11.051392793655396,62.99421376482616,-2.454871861
11.051411867141724,65.46281476754616,-2.403427841
11.051419258117676,63.42353567834269,-2.501171479
11.05142617225647,63.1015442432053,-2.454871861
11.051432847976685,64.28217950537572,-2.470305067
11.0514395236969,67.3947633783705,-2.326261811
11.051446437835693,62.35023089455139,-2.465160665
11.051453351974487,64.71150141889224,-2.5629043030000003
11.051460266113281,67.60942433512876,-2.2336625750000003
11.051467657089233,61.276926110760094,-2.5834819110000002
11.051474809646606,66.75078050809572,-2.367417027
11.051482200622559,66.53611955133745,-2.449727459
11.051489353179932,64.9261623756505,-2.403427841
11.051495790481567,58.8083251080401,-2.5268934890000003
11.05150318145752,64.49684046213399,-2.5783375090000002
11.05151104927063,67.18010242161225,-2.362272625
11.051517963409424,63.316205199963555,-2.5834819110000002
11.051525354385376,64.81883189727138,-2.398283439
11.05153226852417,62.88688328644704,-2.418861047
11.051539182662964,64.1748490269966,-2.449727459
11.0515456199646,67.71675481350789,-2.382850233
11.051552295684814,63.316205199963555,-2.645214735
11.05155897140503,67.82408529188702,-2.2696733890000003
11.051653861999512,66.64345002971659,-2.501171479
11.05166220664978,66.75078050809572,-2.372561429
11.051668882369995,64.1748490269966,-2.470305067
11.051676034927368,65.9994671594418,-2.511460283
11.051682949066162,64.06751854861747,-2.424005449
11.051689386367798,66.64345002971659,-2.331406213
11.051696062088013,62.35023089455139,-2.598915117
11.051702499389648,68.36073768378266,-2.393139037
11.051708936691284,61.38425658913922,-2.5474710970000003
11.051716089248657,66.3214585945792,-2.413716645
11.051722526550293,64.9261623756505,-2.465160665
11.051729202270508,64.71150141889224,-2.382850233
11.051735639572144,67.0727719432331,-2.362272625
11.0517418384552,62.67222232968878,-2.5731931070000003
11.051749467849731,68.89739007567832,-2.439438655
11.051763534545898,62.45756137293052,-2.475449469
11.051769971847534,67.28743289999137,-2.2851065950000002
11.051777362823486,64.9261623756505,-2.5783375090000002
11.05178427696228,65.03349285402965,-2.424005449
11.051791191101074,63.960188070238345,-2.465160665
11.051797866821289,66.75078050809572,-2.382850233
11.051804542541504,62.24290041617226,-2.490882675
11.051811456680298,63.852857591859205,-2.485738273
11.051818132400513,67.82408529188702,-2.182218555
11.051824569702148,62.24290041617226,-2.5680487050000003
11.051832437515259,69.21938151081571,-2.501171479
11.051839113235474,63.53086615672182,-2.501171479
11.051846027374268,64.49684046213399,-2.418861047
11.051852464675903,67.0727719432331,-2.439438655
11.051859378814697,61.276926110760094,-2.696658755
11.051869869232178,68.79005959729919,-2.336550615
11.051881790161133,61.38425658913922,-2.5629043030000003
11.051893949508667,66.21412811620007,-2.367417027
11.051904439926147,62.13556993779312,-2.5166046850000003
11.051916360855103,65.14082333240877,-2.424005449
11.051928043365479,66.75078050809572,-2.367417027
11.051939725875854,62.13556993779312,-2.501171479
11.05194878578186,67.93141577026616,-2.2851065950000002
11.257517576217651,63.638196635100954,-2.2593845850000003
11.257555723190308,66.3214585945792,-2.403427841
11.25756287574768,65.14082333240877,-2.429149851
11.257569313049316,62.99421376482616,-2.408572243
11.257574796676636,65.78480620268355,-2.460016263
11.257580280303955,64.38950998375486,-2.460016263
11.257586002349854,65.9994671594418,-2.305684203
11.257590770721436,59.66696893507314,-2.650359137
11.257596254348755,69.21938151081571,-2.2285181730000003
11.257602453231812,62.13556993779312,-2.665792343
11.257607460021973,66.85811098647484,-2.480593871
11.257612943649292,63.852857591859205,-2.362272625
11.257618427276611,66.21412811620007,-2.449727459
11.25762414932251,64.81883189727138,-2.336550615
11.257629156112671,61.706248024276604,-2.686369951
11.257635593414307,68.68272911892005,-2.2542401830000003
11.257641553878784,62.564891851309646,-2.5166046850000003
11.257647514343262,65.03349285402965,-2.362272625
11.257652521133423,63.638196635100954,-2.598915117
11.257658004760742,65.2481538107879,-2.434294253
11.25766396522522,67.3947633783705,-2.2799621930000002
11.25766921043396,61.169595632380954,-2.655503539
11.257673978805542,70.18535581622788,-2.125630133
11.257679224014282,63.42353567834269,-2.413716645
11.257683992385864,63.316205199963555,-2.475449469
11.257689714431763,66.75078050809572,-2.2696733890000003
11.257695198059082,64.06751854861747,-2.444583057
11.25770115852356,64.38950998375486,-2.444583057
11.25770616531372,65.35548428916704,-2.429149851
11.257711172103882,63.74552711348008,-2.439438655
11.257716417312622,66.21412811620007,-2.424005449
11.257721424102783,61.92090898103487,-2.5680487050000003
11.257727146148682,65.67747572430441,-2.372561429
11.257732152938843,64.38950998375486,-2.5371822930000003
11.257737636566162,64.9261623756505,-2.454871861
11.257742643356323,65.46281476754616,-2.377705831
11.257747650146484,65.35548428916704,-2.475449469
11.257752418518066,66.96544146485398,-2.429149851
11.257757663726807,65.78480620268355,-2.424005449
11.257765054702759,65.89213668106268,-2.362272625
11.25777006149292,64.06751854861747,-2.408572243
11.257774829864502,65.2481538107879,-2.429149851
11.257780075073242,65.9994671594418,-2.511460283
11.257784843444824,67.82408529188702,-2.362272625
11.257790088653564,63.53086615672182,-2.408572243
11.257795095443726,63.638196635100954,-2.634925931
11.257800102233887,68.14607672702441,-2.202796163
11.257810115814209,61.706248024276604,-2.5731931070000003
11.257815837860107,66.64345002971659,-2.429149851
11.257821798324585,62.564891851309646,-2.511460283
11.257827520370483,65.2481538107879,-2.465160665
11.257832288742065,66.53611955133745,-2.305684203
11.257838010787964,61.06226515400183,-2.640070333
11.25784420967102,68.14607672702441,-2.2233737710000003
11.257854461669922,62.99421376482616,-2.604059519
11.2578604221344,67.93141577026616,-2.362272625
11.257866144180298,63.1015442432053,-2.511460283
11.257871389389038,65.03349285402965,-2.429149851
11.257877111434937,68.57539864054093,-2.2953953990000002
11.257882356643677,64.28217950537572,-2.650359137
11.257887840270996,68.89739007567832,-2.300539801
11.257893562316895,62.45756137293052,-2.681225549
11.257898807525635,67.60942433512876,-2.377705831
11.257904052734375,63.960188070238345,-2.496027077
11.257909774780273,63.316205199963555,-2.424005449
11.257915496826172,63.960188070238345,-2.418861047
11.25792145729065,66.3214585945792,-2.336550615
11.25792646408081,64.9261623756505,-2.424005449
11.25793194770813,63.20887472158443,-2.460016263
11.25793743133545,66.85811098647484,-2.367417027
11.25794267654419,65.67747572430441,-2.372561429
11.257948160171509,63.316205199963555,-2.5629043030000003
11.257954120635986,63.42353567834269,-2.496027077
11.257959604263306,65.46281476754616,-2.429149851
11.257964611053467,63.638196635100954,-2.434294253
11.257969856262207,63.960188070238345,-2.5783375090000002
11.257975578308105,65.9994671594418,-2.403427841
11.257980585098267,66.10679763782093,-2.480593871
11.257986068725586,60.9549346756227,-2.434294253
11.257991552352905,65.2481538107879,-2.213084967
11.257996559143066,64.49684046213399,-2.5166046850000003
11.258002519607544,65.35548428916704,-2.511460283
11.258007526397705,57.7350203242488,-2.619492725
11.258012771606445,62.028239459413996,-2.5577599010000003
11.258018493652344,67.93141577026616,-2.166785349
11.258023738861084,64.06751854861747,-2.501171479
11.258029222488403,65.14082333240877,-2.490882675
11.258034229278564,65.78480620268355,-2.357128223
11.258039474487305,65.89213668106268,-2.5217490870000003
11.258044958114624,65.89213668106268,-2.5320378910000003
11.258050680160522,66.42878907295832,-2.305684203
11.258056640625,64.9261623756505,-2.403427841
11.258065462112427,62.67222232968878,-2.413716645
11.258070468902588,65.46281476754616,-2.496027077
11.258075475692749,66.75078050809572,-2.434294253
11.25808048248291,65.14082333240877,-2.5937707150000002
11.258086204528809,65.67747572430441,-2.454871861
11.258091449737549,67.60942433512876,-2.357128223
11.25809621810913,61.49158706751835,-2.794402393
11.25810170173645,68.25340720540353,-2.213084967
11.46288537979126,62.45756137293052,-2.5629043030000003
11.462905406951904,65.57014524592529,-2.2799621930000002
11.462913513183594,65.03349285402965,-2.449727459
11.462920427322388,64.81883189727138,-2.377705831
11.46292757987976,65.2481538107879,-2.480593871
11.462933540344238,68.25340720540353,-2.2748177910000003
11.462939739227295,62.35023089455139,-2.5526154990000003
11.46294617652893,63.74552711348008,-2.5937707150000002
11.462952613830566,65.03349285402965,-2.398283439
11.462958335876465,66.64345002971659,-2.501171479
11.462964057922363,62.99421376482616,-2.424005449
11.462972164154053,65.57014524592529,-2.501171479
11.46297836303711,63.852857591859205,-2.387994635
11.462984561920166,62.028239459413996,-2.506315881
11.462990760803223,65.89213668106268,-2.429149851
11.462996482849121,66.10679763782093,-2.341695017
11.46300220489502,64.38950998375486,-2.475449469
11.463008642196655,64.81883189727138,-2.2748177910000003
11.463014125823975,65.46281476754616,-2.336550615
11.463090658187866,65.14082333240877,-2.460016263
11.463097333908081,65.46281476754616,-2.321117409
11.4631028175354,63.53086615672182,-2.496027077
11.463108539581299,68.25340720540353,-2.439438655
11.463114738464355,63.1015442432053,-2.5731931070000003
11.463121175765991,65.35548428916704,-2.434294253
11.46312665939331,65.57014524592529,-2.346839419
11.46313190460205,63.20887472158443,-2.5423266950000003
11.463137865066528,66.10679763782093,-2.372561429
11.463143587112427,65.89213668106268,-2.5166046850000003
11.463149309158325,63.53086615672182,-2.480593871
11.463155031204224,67.3947633783705,-2.362272625
11.463160514831543,62.028239459413996,-2.5680487050000003
11.46316647529602,66.85811098647484,-2.444583057
11.463172435760498,63.53086615672182,-2.5320378910000003
11.463178396224976,65.89213668106268,-2.460016263
11.463183403015137,67.82408529188702,-2.398283439
11.463189125061035,61.813578502655744,-2.5577599010000003
11.463194847106934,68.4680681621618,-2.305684203
11.463200569152832,62.67222232968878,-2.336550615
11.463211059570312,67.71675481350789,-2.2953953990000002
11.463220357894897,62.35023089455139,-2.5577599010000003
11.463225841522217,65.89213668106268,-2.480593871
11.463231086730957,66.96544146485398,-2.310828605
11.463236331939697,65.67747572430441,-2.2799621930000002
11.463242530822754,61.06226515400183,-2.5629043030000003
11.463248252868652,67.0727719432331,-2.403427841
11.463253259658813,63.316205199963555,-2.2851065950000002
11.463259220123291,61.92090898103487,-2.5731931070000003
11.46326494216919,66.85811098647484,-2.429149851
11.46326994895935,63.960188070238345,-2.5577599010000003
11.463279247283936,64.71150141889224,-2.480593871
11.463288307189941,62.99421376482616,-2.439438655
11.463298320770264,67.3947633783705,-2.2953953990000002
11.46330714225769,64.9261623756505,-2.326261811
11.46333360671997,63.1015442432053,-2.5577599010000003
11.463344097137451,65.35548428916704,-2.346839419
11.463351488113403,65.03349285402965,-2.496027077
11.463356733322144,66.3214585945792,-2.351983821
11.463361978530884,68.14607672702441,-2.377705831
11.463366985321045,60.41828228372705,-2.650359137
11.463372707366943,68.68272911892005,-2.105052525
11.463377714157104,62.13556993779312,-2.5937707150000002
11.463383436203003,67.60942433512876,-2.377705831
11.463388681411743,64.1748490269966,-2.5783375090000002
11.463394165039062,64.1748490269966,-2.475449469
11.463408946990967,64.28217950537572,-2.465160665
11.463414907455444,67.28743289999137,-2.408572243
11.463419675827026,61.706248024276604,-2.5731931070000003
11.463425636291504,65.2481538107879,-2.5783375090000002
11.463430881500244,65.35548428916704,-2.2799621930000002
11.463436603546143,64.71150141889224,-2.341695017
11.463441848754883,63.1015442432053,-2.5371822930000003
11.46344780921936,65.57014524592529,-2.424005449
11.4634530544281,66.96544146485398,-2.424005449
11.463458061218262,62.45756137293052,-2.439438655
11.463463306427002,66.64345002971659,-2.5629043030000003
11.463468790054321,68.25340720540353,-2.382850233
11.463473796844482,65.03349285402965,-2.460016263
11.463479042053223,64.81883189727138,-2.408572243
11.463484287261963,65.89213668106268,-2.387994635
11.463489532470703,64.9261623756505,-2.465160665
11.46349549293518,68.14607672702441,-2.341695017
11.463500738143921,61.06226515400183,-2.634925931
11.463505744934082,65.89213668106268,-2.5371822930000003
11.463511943817139,66.85811098647484,-2.2696733890000003
11.4635169506073,62.35023089455139,-2.604059519
11.46352243423462,68.14607672702441,-2.424005449
11.463527202606201,65.46281476754616,-2.351983821
11.463532447814941,64.71150141889224,-2.5320378910000003
11.463537693023682,65.46281476754616,-2.490882675
11.463542938232422,62.77955280806791,-2.444583057
11.463547945022583,68.4680681621618,-2.2645289870000003
11.463554859161377,60.31095180534792,-2.634925931
11.463560342788696,65.9994671594418,-2.429149851
11.463565111160278,64.38950998375486,-2.424005449
11.463570594787598,64.9261623756505,-2.444583057
11.463577270507812,64.71150141889224,-2.408572243
11.463582515716553,63.1015442432053,-2.496027077
11.463587522506714,65.03349285402965,-2.449727459
11.463592290878296,64.28217950537572,-2.413716645
11.668710708618164,65.67747572430441,-2.408572243
11.668731212615967,65.57014524592529,-2.5166046850000003
11.66874074935913,65.35548428916704,-2.424005449
11.668748378753662,65.9994671594418,-2.475449469
11.668754816055298,67.0727719432331,-2.382850233
11.668761253356934,65.2481538107879,-2.382850233
11.668767213821411,63.316205199963555,-2.604059519
11.668773889541626,67.82408529188702,-2.2542401830000003
11.66878056526184,61.59891754589748,-2.490882675
11.668787002563477,66.64345002971659,-2.362272625
11.668792963027954,64.49684046213399,-2.660647941
11.66879916191101,65.2481538107879,-2.475449469
11.668807029724121,64.38950998375486,-2.393139037
11.668813943862915,61.813578502655744,-2.5937707150000002
11.66882038116455,69.5413729459531,-2.2851065950000002
11.668827295303345,62.24290041617226,-2.5783375090000002
11.668855428695679,68.03874624864528,-2.346839419
11.668861627578735,63.638196635100954,-2.5217490870000003
11.668867588043213,65.03349285402965,-2.387994635
11.66887378692627,67.60942433512876,-2.310828605
11.668879747390747,63.74552711348008,-2.5834819110000002
11.668886184692383,68.57539864054093,-2.2851065950000002
11.66889238357544,63.53086615672182,-2.5474710970000003
11.668898582458496,63.316205199963555,-2.5526154990000003
11.668904781341553,67.0727719432331,-2.2851065950000002
11.66891074180603,62.67222232968878,-2.5217490870000003
11.668917417526245,64.9261623756505,-2.321117409
11.668923377990723,64.06751854861747,-2.403427841
11.668931007385254,67.3947633783705,-2.2902509970000002
11.66893720626831,61.169595632380954,-2.624637127
11.668943166732788,68.57539864054093,-2.321117409
11.668949365615845,66.3214585945792,-2.424005449
11.668957948684692,62.564891851309646,-2.5731931070000003
11.668964147567749,63.852857591859205,-2.439438655
11.668970108032227,64.81883189727138,-2.408572243
11.668976068496704,67.0727719432331,-2.305684203
11.668981552124023,59.881629891831395,-2.681225549
11.668987274169922,71.15133012164006,-2.192507359
11.66899299621582,62.45756137293052,-2.5371822930000003
11.668998956680298,64.71150141889224,-2.341695017
11.669004440307617,64.60417094051311,-2.465160665
11.669010400772095,63.960188070238345,-2.444583057
11.669016361236572,63.960188070238345,-2.362272625
11.66902232170105,61.276926110760094,-2.5577599010000003
11.669028520584106,63.42353567834269,-2.5783375090000002
11.66903567314148,68.03874624864528,-2.2388069770000003
11.669041633605957,61.706248024276604,-2.5371822930000003
11.669048070907593,62.99421376482616,-2.444583057
11.669054508209229,62.35023089455139,-2.413716645
11.669060707092285,65.2481538107879,-2.413716645
11.669066667556763,67.3947633783705,-2.413716645
11.669072151184082,57.62768984586967,-2.696658755
11.669077634811401,69.32671198919485,-2.2748177910000003
11.669083833694458,61.706248024276604,-2.5731931070000003
11.669089794158936,66.96544146485398,-2.315973007
11.669095516204834,62.24290041617226,-2.506315881
11.669101476669312,65.67747572430441,-2.444583057
11.66910719871521,66.64345002971659,-2.341695017
11.669112920761108,60.74027371886444,-2.5886263130000002
11.669119358062744,70.50734725136526,-2.2439513790000003
11.669125318527222,61.59891754589748,-2.465160665
11.669130802154541,67.18010242161225,-2.357128223
11.66913652420044,60.41828228372705,-2.598915117
11.669142246246338,64.60417094051311,-2.5217490870000003
11.669148445129395,64.38950998375486,-2.439438655
11.669154405593872,68.03874624864528,-2.382850233
11.669160604476929,63.20887472158443,-2.5166046850000003
11.669166564941406,62.45756137293052,-2.634925931
11.669172525405884,67.28743289999137,-2.207940565
11.669178247451782,63.638196635100954,-2.629781529
11.669183492660522,62.45756137293052,-2.403427841
11.669189691543579,64.60417094051311,-2.408572243
11.66919493675232,67.3947633783705,-2.305684203
11.66920018196106,64.28217950537572,-2.454871861
11.6692795753479,64.06751854861747,-2.5423266950000003
11.669286727905273,66.96544146485398,-2.2953953990000002
11.669293403625488,64.49684046213399,-2.5474710970000003
11.669300079345703,65.46281476754616,-2.367417027
11.66930627822876,65.57014524592529,-2.429149851
11.669311761856079,64.71150141889224,-2.408572243
11.669323921203613,67.93141577026616,-2.367417027
11.669329643249512,60.9549346756227,-2.640070333
11.66933536529541,70.07802533784874,-2.177074153
11.669341325759888,66.10679763782093,-2.2748177910000003
11.669347524642944,62.028239459413996,-2.609203921
11.669353485107422,66.21412811620007,-2.367417027
11.66935920715332,62.13556993779312,-2.460016263
11.669364929199219,65.35548428916704,-2.5834819110000002
11.669370889663696,68.4680681621618,-2.480593871
11.669376373291016,66.75078050809572,-2.367417027
11.669382333755493,59.77429941345227,-2.598915117
11.669388055801392,65.57014524592529,-2.387994635
11.66939377784729,66.21412811620007,-2.403427841
11.669418096542358,65.57014524592529,-2.408572243
11.669424295425415,65.46281476754616,-2.485738273
11.669429779052734,65.57014524592529,-2.429149851
11.669435501098633,69.5413729459531,-2.336550615
11.669441223144531,61.49158706751835,-2.5577599010000003
11.669450759887695,69.21938151081571,-2.2285181730000003
11.66946291923523,62.028239459413996,-2.5577599010000003
11.87483549118042,67.93141577026616,-2.362272625
11.874855279922485,62.67222232968878,-2.598915117
11.874863147735596,64.38950998375486,-2.413716645
11.87486982345581,65.57014524592529,-2.429149851
11.874876022338867,66.64345002971659,-2.300539801
11.874882698059082,60.63294324048531,-2.5783375090000002
11.874889612197876,65.9994671594418,-2.490882675
11.87489628791809,66.96544146485398,-2.2388069770000003
11.874902963638306,62.88688328644704,-2.485738273
11.874910593032837,66.75078050809572,-2.424005449
11.874917268753052,65.03349285402965,-2.5166046850000003
11.874924182891846,65.46281476754616,-2.362272625
11.874930143356323,61.706248024276604,-2.5268934890000003
11.874937057495117,63.42353567834269,-2.5629043030000003
11.874943733215332,68.68272911892005,-2.305684203
11.874950408935547,61.59891754589748,-2.5731931070000003
11.874957084655762,66.10679763782093,-2.387994635
11.874963283538818,62.028239459413996,-2.439438655
11.874969482421875,65.9994671594418,-2.393139037
11.87497591972351,67.50209385674964,-2.2593845850000003
11.874982595443726,60.31095180534792,-2.645214735
11.874988317489624,67.71675481350789,-2.197651761
11.874994039535522,63.20887472158443,-2.305684203
11.875000238418579,63.74552711348008,-2.5577599010000003
11.875006437301636,66.10679763782093,-2.2748177910000003
11.875012636184692,61.706248024276604,-2.480593871
11.87501859664917,65.78480620268355,-2.346839419
11.875024557113647,64.1748490269966,-2.470305067
11.875030040740967,65.03349285402965,-2.2953953990000002
11.875036716461182,60.84760419724358,-2.640070333
11.87504267692566,69.43404246757397,-2.2593845850000003
11.875048637390137,66.21412811620007,-2.418861047
11.875054597854614,61.813578502655744,-2.490882675
11.875060796737671,67.3947633783705,-2.506315881
11.875066995620728,63.42353567834269,-2.444583057
11.875072479248047,68.79005959729919,-2.341695017
11.875078439712524,62.35023089455139,-2.650359137
11.875084161758423,68.36073768378266,-2.2593845850000003
11.875089883804321,62.67222232968878,-2.5937707150000002
11.875096559524536,66.96544146485398,-2.341695017
11.875102043151855,63.42353567834269,-2.5371822930000003
11.875108242034912,66.53611955133745,-2.460016263
11.875113725662231,70.93666916488179,-2.300539801
11.875119686126709,65.2481538107879,-2.331406213
11.875125408172607,60.9549346756227,-2.614348323
11.875131130218506,66.53611955133745,-2.367417027
11.875136852264404,66.53611955133745,-2.351983821
11.875142574310303,63.852857591859205,-2.5680487050000003
11.87514877319336,67.60942433512876,-2.393139037
11.875154256820679,64.49684046213399,-2.506315881
11.875159978866577,63.42353567834269,-2.5423266950000003
11.875174045562744,66.10679763782093,-2.331406213
11.87518048286438,64.06751854861747,-2.5680487050000003
11.875186204910278,68.89739007567832,-2.2439513790000003
11.875192642211914,61.59891754589748,-2.5783375090000002
11.87520432472229,67.60942433512876,-2.357128223
11.875210285186768,63.316205199963555,-2.629781529
11.875216484069824,67.0727719432331,-2.475449469
11.87522268295288,69.43404246757397,-2.454871861
11.8752281665802,59.988960370210535,-2.629781529
11.875234127044678,68.25340720540353,-2.2902509970000002
11.875240564346313,61.49158706751835,-2.645214735
11.875246047973633,66.75078050809572,-2.382850233
11.875251770019531,66.42878907295832,-2.403427841
11.875257968902588,63.53086615672182,-2.5320378910000003
11.875264406204224,64.9261623756505,-2.377705831
11.875269889831543,66.42878907295832,-2.496027077
11.87527585029602,66.96544146485398,-2.434294253
11.875282526016235,59.45230797831488,-2.5834819110000002
11.875288724899292,70.29268629460701,-2.305684203
11.875294208526611,64.06751854861747,-2.609203921
11.87529993057251,67.60942433512876,-2.398283439
11.875305891036987,65.89213668106268,-2.444583057
11.875312566757202,64.71150141889224,-2.393139037
11.875317811965942,67.71675481350789,-2.362272625
11.875324010848999,61.92090898103487,-2.5886263130000002
11.875330209732056,69.75603390271137,-2.305684203
11.875336170196533,61.706248024276604,-2.5423266950000003
11.87534236907959,66.64345002971659,-2.315973007
11.875348091125488,62.77955280806791,-2.5320378910000003
11.875354051589966,65.35548428916704,-2.398283439
11.875359773635864,63.74552711348008,-2.619492725
11.875365495681763,68.89739007567832,-2.2748177910000003
11.875372409820557,60.9549346756227,-2.424005449
11.875378608703613,63.316205199963555,-2.5268934890000003
11.875384330749512,69.5413729459531,-2.2542401830000003
11.875390529632568,62.88688328644704,-2.5371822930000003
11.875396966934204,65.67747572430441,-2.449727459
11.875422716140747,63.960188070238345,-2.444583057
11.875428676605225,65.14082333240877,-2.439438655
11.875434398651123,66.75078050809572,-2.434294253
11.875439643859863,59.13031654317749,-2.619492725
11.87544560432434,68.03874624864528,-2.2285181730000003
11.875451564788818,61.49158706751835,-2.5474710970000003
11.875457286834717,65.89213668106268,-2.408572243
11.875462770462036,62.564891851309646,-2.424005449
11.875468969345093,64.71150141889224,-2.351983821
11.875474452972412,66.42878907295832,-2.475449469
11.875479936599731,63.74552711348008,-2.305684203
11.875485181808472,65.57014524592529,-2.465160665
12.08078384399414,65.89213668106268,-2.387994635
12.080802917480469,65.03349285402965,-2.496027077
12.080810308456421,64.38950998375486,-2.444583057
12.08081865310669,62.88688328644704,-2.485738273
12.080824851989746,65.57014524592529,-2.454871861
12.080830574035645,65.67747572430441,-2.444583057
12.080836534500122,66.85811098647484,-2.2851065950000002
12.080842971801758,64.38950998375486,-2.310828605
12.080848932266235,63.852857591859205,-2.619492725
12.080854654312134,64.49684046213399,-2.2902509970000002
12.08086109161377,64.9261623756505,-2.382850233
12.08086609840393,62.88688328644704,-2.5423266950000003
12.080871820449829,61.706248024276604,-2.5268934890000003
12.080878019332886,65.2481538107879,-2.439438655
12.080884218215942,67.0727719432331,-2.377705831
12.08089017868042,61.92090898103487,-2.619492725
12.080896139144897,67.3947633783705,-2.2851065950000002
12.080901622772217,65.35548428916704,-2.5629043030000003
12.080907583236694,65.78480620268355,-2.362272625
12.080913543701172,67.0727719432331,-2.5217490870000003
12.080919027328491,64.38950998375486,-2.444583057
12.08092451095581,69.11205103243658,-2.346839419
12.080930233001709,60.09629084858966,-2.670936745
12.080937147140503,64.81883189727138,-2.5474710970000003
12.080942869186401,66.85811098647484,-2.218229369
12.080948114395142,62.028239459413996,-2.506315881
12.08095383644104,65.67747572430441,-2.465160665
12.080959796905518,65.78480620268355,-2.418861047
12.080965518951416,62.45756137293052,-2.5217490870000003
12.081071376800537,64.60417094051311,-2.465160665
12.081078052520752,66.21412811620007,-2.341695017
12.08108401298523,65.14082333240877,-2.357128223
12.081090450286865,62.028239459413996,-2.5166046850000003
12.081103801727295,63.852857591859205,-2.460016263
12.081109523773193,65.2481538107879,-2.367417027
12.081115007400513,64.60417094051311,-2.511460283
12.081120491027832,63.852857591859205,-2.398283439
12.081128120422363,69.97069485946962,-2.326261811
12.081133365631104,60.84760419724358,-2.686369951
12.081139087677002,70.07802533784874,-2.2593845850000003
12.081145286560059,62.35023089455139,-2.609203921
12.081150770187378,67.28743289999137,-2.465160665
12.081156253814697,64.49684046213399,-2.5371822930000003
12.081161737442017,66.21412811620007,-2.449727459
12.081166982650757,64.28217950537572,-2.418861047
12.081172466278076,66.85811098647484,-2.341695017
12.081178188323975,61.59891754589748,-2.460016263
12.081183195114136,63.42353567834269,-2.5577599010000003
12.081188917160034,65.57014524592529,-2.387994635
12.081194162368774,64.06751854861747,-2.5731931070000003
12.081199407577515,62.67222232968878,-2.5268934890000003
12.081204891204834,63.42353567834269,-2.418861047
12.081209897994995,67.3947633783705,-2.2902509970000002
12.081215858459473,62.99421376482616,-2.5217490870000003
12.08122181892395,64.49684046213399,-2.480593871
12.08122706413269,66.10679763782093,-2.310828605
12.081233739852905,63.74552711348008,-2.5320378910000003
12.08124303817749,68.03874624864528,-2.408572243
12.081253290176392,64.9261623756505,-2.434294253
12.081265687942505,62.88688328644704,-2.449727459
12.081274509429932,66.64345002971659,-2.341695017
12.08128309249878,59.02298606479835,-2.640070333
12.08129334449768,68.79005959729919,-2.2953953990000002
12.08130407333374,63.53086615672182,-2.470305067
12.081313371658325,65.57014524592529,-2.496027077
12.081319093704224,65.78480620268355,-2.346839419
12.081324815750122,63.638196635100954,-2.5268934890000003
12.081331253051758,63.53086615672182,-2.449727459
12.081336975097656,64.81883189727138,-2.454871861
12.081343412399292,64.71150141889224,-2.367417027
12.08135437965393,65.9994671594418,-2.418861047
12.081359624862671,62.028239459413996,-2.5577599010000003
12.081366300582886,68.4680681621618,-2.300539801
12.081372022628784,62.564891851309646,-2.5320378910000003
12.08137822151184,66.42878907295832,-2.5166046850000003
12.08138394355774,64.28217950537572,-2.460016263
12.081389665603638,67.18010242161225,-2.393139037
12.081394910812378,62.35023089455139,-2.604059519
12.08141303062439,64.81883189727138,-2.336550615
12.081418752670288,63.53086615672182,-2.418861047
12.081424236297607,65.57014524592529,-2.357128223
12.081429958343506,62.35023089455139,-2.449727459
12.081435441970825,65.14082333240877,-2.408572243
12.081441164016724,64.06751854861747,-2.424005449
12.081446409225464,66.85811098647484,-2.341695017
12.081451892852783,65.03349285402965,-2.367417027
12.081457376480103,59.77429941345227,-2.619492725
12.081463098526001,68.03874624864528,-2.300539801
12.08146858215332,61.276926110760094,-2.604059519
12.08147406578064,67.3947633783705,-2.372561429
12.081479549407959,63.1015442432053,-2.5834819110000002
12.081485748291016,64.60417094051311,-2.475449469
12.081491231918335,67.0727719432331,-2.367417027
12.081496953964233,59.66696893507314,-2.650359137
12.08150315284729,69.86336438109049,-2.331406213
12.081509113311768,62.45756137293052,-2.598915117
12.081519365310669,67.50209385674964,-2.382850233
12.081524848937988,62.77955280806791,-2.5834819110000002
12.081531047821045,69.11205103243658,-2.367417027
12.081536531448364,68.57539864054093,-2.305684203
12.286864280700684,61.38425658913922,-2.490882675
12.286886930465698,64.38950998375486,-2.403427841
12.286895513534546,64.81883189727138,-2.351983821
12.28690242767334,62.13556993779312,-2.609203921
12.286909341812134,66.96544146485398,-2.310828605
12.286916255950928,63.53086615672182,-2.398283439
12.286924362182617,64.28217950537572,-2.506315881
12.286931276321411,64.1748490269966,-2.418861047
12.286937952041626,67.93141577026616,-2.2748177910000003
12.286967039108276,60.63294324048531,-2.706947559
12.28697419166565,66.96544146485398,-2.2542401830000003
12.28698182106018,64.9261623756505,-2.5166046850000003
12.286988973617554,63.1015442432053,-2.413716645
12.286995887756348,64.06751854861747,-2.5320378910000003
12.287002563476562,64.81883189727138,-2.475449469
12.287009000778198,67.71675481350789,-2.362272625
12.287015438079834,60.9549346756227,-2.614348323
12.28702187538147,67.82408529188702,-2.351983821
12.287028551101685,61.169595632380954,-2.5577599010000003
12.287035465240479,67.28743289999137,-2.351983821
12.287041664123535,64.06751854861747,-2.429149851
12.287047863006592,65.14082333240877,-2.5577599010000003
12.287054777145386,67.60942433512876,-2.418861047
12.287060737609863,67.3947633783705,-2.387994635
12.287067174911499,59.45230797831488,-2.5731931070000003
12.287073612213135,67.28743289999137,-2.331406213
12.287079572677612,64.06751854861747,-2.326261811
12.287086009979248,62.028239459413996,-2.5268934890000003
12.287092447280884,64.1748490269966,-2.377705831
12.287099123001099,63.1015442432053,-2.485738273
12.287105798721313,62.88688328644704,-2.449727459
12.28711223602295,62.35023089455139,-2.418861047
12.287118911743164,65.9994671594418,-2.439438655
12.287125587463379,69.11205103243658,-2.341695017
12.287132263183594,63.316205199963555,-2.5680487050000003
12.287138938903809,66.42878907295832,-2.331406213
12.287145614624023,63.852857591859205,-2.475449469
12.287152290344238,64.49684046213399,-2.418861047
12.28715968132019,68.03874624864528,-2.362272625
12.287165880203247,63.42353567834269,-2.650359137
12.287172317504883,68.14607672702441,-2.202796163
12.287178754806519,64.06751854861747,-2.5834819110000002
12.287185192108154,64.81883189727138,-2.377705831
12.28719162940979,62.67222232968878,-2.470305067
12.287198305130005,65.03349285402965,-2.444583057
12.28720498085022,63.960188070238345,-2.357128223
12.287211418151855,66.21412811620007,-2.2902509970000002
12.28721809387207,61.92090898103487,-2.5937707150000002
12.287224769592285,69.86336438109049,-2.413716645
12.287230491638184,64.38950998375486,-2.5886263130000002
12.287237405776978,64.81883189727138,-2.377705831
12.287243604660034,64.1748490269966,-2.496027077
12.287250280380249,65.57014524592529,-2.465160665
12.287256479263306,67.60942433512876,-2.341695017
12.287262916564941,59.77429941345227,-2.640070333
12.287268877029419,68.4680681621618,-2.171929751
12.287275075912476,61.59891754589748,-2.5680487050000003
12.287281513214111,71.47332155677745,-2.326261811
12.287288904190063,64.1748490269966,-2.398283439
12.287295579910278,66.75078050809572,-2.609203921
12.287302255630493,70.07802533784874,-2.346839419
12.287308692932129,60.74027371886444,-2.665792343
12.287315130233765,67.82408529188702,-2.2799621930000002
12.287321329116821,67.3947633783705,-2.326261811
12.287327289581299,62.35023089455139,-2.5629043030000003
12.287334203720093,65.46281476754616,-2.398283439
12.28734040260315,63.74552711348008,-2.408572243
12.287346601486206,64.9261623756505,-2.460016263
12.287352561950684,66.10679763782093,-2.506315881
12.28735899925232,67.3947633783705,-2.362272625
12.287364721298218,64.38950998375486,-2.5834819110000002
12.287371158599854,61.06226515400183,-2.501171479
12.287377119064331,66.96544146485398,-2.413716645
12.287388324737549,63.42353567834269,-2.460016263
12.287394285202026,66.75078050809572,-2.490882675
12.287412643432617,65.78480620268355,-2.485738273
12.287419080734253,63.74552711348008,-2.490882675
12.28742527961731,65.9994671594418,-2.346839419
12.287431478500366,66.85811098647484,-2.408572243
12.287437677383423,64.81883189727138,-2.5217490870000003
12.287444353103638,60.31095180534792,-2.511460283
12.287450075149536,65.89213668106268,-2.439438655
12.287456035614014,68.14607672702441,-2.387994635
12.287461996078491,65.2481538107879,-2.403427841
12.28746771812439,67.18010242161225,-2.346839419
12.287473201751709,66.53611955133745,-2.413716645
12.287580251693726,63.74552711348008,-2.5320378910000003
12.287588357925415,64.38950998375486,-2.5629043030000003
12.287595272064209,65.57014524592529,-2.362272625
12.287602186203003,66.53611955133745,-2.470305067
12.287608623504639,67.50209385674964,-2.465160665
12.287615060806274,66.75078050809572,-2.429149851
12.287621021270752,62.67222232968878,-2.444583057
12.287627458572388,69.75603390271137,-2.2542401830000003
12.287633657455444,66.85811098647484,-2.465160665
12.28764033317566,64.71150141889224,-2.403427841
12.287646293640137,68.03874624864528,-2.367417027
12.287652254104614,69.86336438109049,-2.300539801
12.28765869140625,67.3947633783705,-2.367417027
12.287664651870728,65.57014524592529,-2.434294253
12.49354076385498,64.38950998375486,-2.490882675
12.49356198310852,68.68272911892005,-2.331406213
12.493570327758789,66.42878907295832,-2.310828605
12.49357795715332,64.81883189727138,-2.377705831
12.493584156036377,68.79005959729919,-2.2490957810000003
12.493592977523804,66.85811098647484,-2.393139037
12.493599891662598,64.06751854861747,-2.444583057
12.493606567382812,63.42353567834269,-2.5526154990000003
12.493614673614502,64.71150141889224,-2.346839419
12.493621349334717,68.57539864054093,-2.315973007
12.493628740310669,64.60417094051311,-2.403427841
12.493635892868042,65.78480620268355,-2.460016263
12.493642807006836,65.35548428916704,-2.398283439
12.49364972114563,62.45756137293052,-2.5680487050000003
12.493656873703003,62.35023089455139,-2.485738273
12.493663311004639,62.88688328644704,-2.501171479
12.493670225143433,62.24290041617226,-2.5526154990000003
12.493677139282227,61.706248024276604,-2.5217490870000003
12.493684768676758,63.74552711348008,-2.470305067
12.49369215965271,67.60942433512876,-2.377705831
12.493698835372925,67.18010242161225,-2.393139037
12.49370527267456,62.35023089455139,-2.429149851
12.493711233139038,64.1748490269966,-2.490882675
12.493718385696411,67.71675481350789,-2.511460283
12.493724822998047,60.41828228372705,-2.614348323
12.493731260299683,65.03349285402965,-2.460016263
12.493737697601318,66.42878907295832,-2.362272625
12.49374508857727,64.81883189727138,-2.413716645
12.493751525878906,64.81883189727138,-2.470305067
12.493759155273438,63.638196635100954,-2.387994635
12.493765830993652,61.92090898103487,-2.413716645
12.493772268295288,65.14082333240877,-2.331406213
12.493778705596924,63.20887472158443,-2.5937707150000002
12.493785858154297,61.169595632380954,-2.598915117
12.49379277229309,61.92090898103487,-2.5423266950000003
12.493799448013306,65.2481538107879,-2.439438655
12.493806600570679,62.99421376482616,-2.5834819110000002
12.493813276290894,64.38950998375486,-2.424005449
12.493819236755371,65.35548428916704,-2.506315881
12.493825912475586,69.64870342433223,-2.2851065950000002
12.493833541870117,69.32671198919485,-2.2851065950000002
12.493840217590332,65.78480620268355,-2.351983821
12.493846654891968,64.81883189727138,-2.434294253
12.493852615356445,66.96544146485398,-2.439438655
12.493858098983765,61.706248024276604,-2.619492725
12.49386477470398,62.564891851309646,-2.5526154990000003
12.493871927261353,65.89213668106268,-2.2748177910000003
12.493878841400146,63.960188070238345,-2.439438655
12.493885517120361,62.67222232968878,-2.5474710970000003
12.493892669677734,63.960188070238345,-2.465160665
12.493908166885376,62.77955280806791,-2.475449469
12.49391484260559,66.10679763782093,-2.5320378910000003
12.493921518325806,64.60417094051311,-2.5577599010000003
12.49392819404602,63.852857591859205,-2.665792343
12.493934631347656,61.276926110760094,-2.5423266950000003
12.493941068649292,64.71150141889224,-2.413716645
12.493947744369507,62.67222232968878,-2.598915117
12.493953943252563,61.06226515400183,-2.598915117
12.493959903717041,65.35548428916704,-2.511460283
12.493966341018677,67.28743289999137,-2.315973007
12.493972301483154,63.1015442432053,-2.5783375090000002
12.49397873878479,67.82408529188702,-2.2388069770000003
12.493985176086426,62.35023089455139,-2.480593871
12.493992805480957,65.89213668106268,-2.387994635
12.493999242782593,65.57014524592529,-2.341695017
12.494005680084229,62.564891851309646,-2.490882675
12.494011640548706,64.9261623756505,-2.393139037
12.4940185546875,64.60417094051311,-2.5217490870000003
12.494025468826294,63.1015442432053,-2.362272625
12.494032144546509,64.49684046213399,-2.5526154990000003
12.494038581848145,63.53086615672182,-2.434294253
12.494044542312622,66.53611955133745,-2.485738273
12.494050979614258,63.960188070238345,-2.496027077
12.494057655334473,67.28743289999137,-2.413716645
12.49406385421753,63.852857591859205,-2.501171479
12.494070768356323,65.14082333240877,-2.300539801
12.49407696723938,62.88688328644704,-2.5834819110000002
12.494083642959595,65.35548428916704,-2.362272625
12.494089126586914,64.60417094051311,-2.357128223
12.494095802307129,66.64345002971659,-2.413716645
12.494101524353027,64.81883189727138,-2.5937707150000002
12.494107961654663,62.24290041617226,-2.393139037
12.49411416053772,66.10679763782093,-2.382850233
12.494120597839355,66.64345002971659,-2.346839419
12.494126558303833,60.52561276210618,-2.5371822930000003
12.494132995605469,67.3947633783705,-2.424005449
12.494139194488525,64.60417094051311,-2.321117409
12.494145154953003,64.28217950537572,-2.5217490870000003
12.494151830673218,66.21412811620007,-2.5217490870000003
12.494158267974854,64.49684046213399,-2.5680487050000003
12.49416446685791,63.960188070238345,-2.449727459
12.494170904159546,64.06751854861747,-2.418861047
12.49417757987976,67.28743289999137,-2.501171479
12.494184255599976,67.28743289999137,-2.2336625750000003
12.494190692901611,63.74552711348008,-2.449727459
12.494198083877563,66.96544146485398,-2.393139037
12.494204044342041,64.38950998375486,-2.496027077
12.494210481643677,64.28217950537572,-2.444583057
12.494216203689575,68.36073768378266,-2.2953953990000002
12.49422287940979,62.35023089455139,-2.640070333
12.700092077255249,68.03874624864528,-2.2748177910000003
12.700114011764526,59.881629891831395,-2.598915117
12.700122356414795,67.18010242161225,-2.341695017
12.700130224227905,63.20887472158443,-2.5577599010000003
12.700137853622437,63.74552711348008,-2.439438655
12.700145483016968,64.49684046213399,-2.460016263
12.700152397155762,65.35548428916704,-2.403427841
12.700159311294556,62.13556993779312,-2.670936745
12.70016598701477,68.03874624864528,-2.2799621930000002
12.700172662734985,61.92090898103487,-2.5783375090000002
12.7001793384552,64.60417094051311,-2.315973007
12.700185775756836,67.3947633783705,-2.408572243
12.700191736221313,64.60417094051311,-2.465160665
12.70019793510437,67.82408529188702,-2.331406213
12.700203895568848,60.09629084858966,-2.619492725
12.700212717056274,70.6146777297444,-2.2799621930000002
12.700219631195068,61.59891754589748,-2.614348323
12.700225830078125,66.64345002971659,-2.372561429
12.700232982635498,64.49684046213399,-2.444583057
12.700239419937134,65.03349285402965,-2.424005449
12.70024585723877,66.64345002971659,-2.310828605
12.700251817703247,62.24290041617226,-2.701803157
12.700258493423462,66.85811098647484,-2.2645289870000003
12.70026445388794,66.10679763782093,-2.403427841
12.700270891189575,62.564891851309646,-2.5937707150000002
12.70027756690979,67.18010242161225,-2.336550615
12.700283765792847,63.852857591859205,-2.480593871
12.700312376022339,64.71150141889224,-2.475449469
12.700318574905396,65.57014524592529,-2.501171479
12.700325012207031,64.9261623756505,-2.403427841
12.700330972671509,66.42878907295832,-2.434294253
12.700337886810303,62.88688328644704,-2.403427841
12.700344562530518,66.96544146485398,-2.403427841
12.700350761413574,62.13556993779312,-2.470305067
12.70035719871521,65.78480620268355,-2.449727459
12.700363874435425,64.38950998375486,-2.485738273
12.700370073318481,65.03349285402965,-2.300539801
12.700376987457275,63.960188070238345,-2.645214735
12.700382947921753,63.638196635100954,-2.434294253
12.70038914680481,66.10679763782093,-2.398283439
12.700395345687866,64.06751854861747,-2.465160665
12.700416326522827,66.96544146485398,-2.5680487050000003
12.700568914413452,63.960188070238345,-2.496027077
12.700576543807983,66.64345002971659,-2.357128223
12.70058274269104,60.74027371886444,-2.670936745
12.700589418411255,62.77955280806791,-2.5577599010000003
12.700596332550049,67.93141577026616,-2.413716645
12.700602531433105,64.49684046213399,-2.362272625
12.700608491897583,63.1015442432053,-2.418861047
12.70061469078064,65.57014524592529,-2.5166046850000003
12.700621366500854,62.24290041617226,-2.485738273
12.700627565383911,66.10679763782093,-2.501171479
12.700633525848389,63.960188070238345,-2.5423266950000003
12.700639963150024,62.99421376482616,-2.645214735
12.700645923614502,62.88688328644704,-2.511460283
12.700652122497559,64.38950998375486,-2.480593871
12.700658321380615,61.706248024276604,-2.640070333
12.700665473937988,63.1015442432053,-2.5166046850000003
12.700672149658203,64.38950998375486,-2.496027077
12.700678586959839,67.0727719432331,-2.331406213
12.700684070587158,67.3947633783705,-2.341695017
12.700690031051636,65.14082333240877,-2.408572243
12.700696468353271,65.78480620268355,-2.429149851
12.700702428817749,67.0727719432331,-2.413716645
12.700708150863647,61.49158706751835,-2.691514353
12.700714111328125,62.35023089455139,-2.506315881
12.700720310211182,65.9994671594418,-2.454871861
12.700726509094238,66.3214585945792,-2.434294253
12.700733661651611,62.13556993779312,-2.496027077
12.700743675231934,63.74552711348008,-2.346839419
12.700754404067993,62.564891851309646,-2.470305067
12.700764179229736,66.75078050809572,-2.362272625
12.700773239135742,65.35548428916704,-2.5629043030000003
12.7007896900177,62.77955280806791,-2.604059519
12.700801134109497,62.99421376482616,-2.5526154990000003
12.700814485549927,66.96544146485398,-2.439438655
12.700822353363037,64.49684046213399,-2.5629043030000003
12.700829029083252,64.28217950537572,-2.501171479
12.700835227966309,63.53086615672182,-2.449727459
12.700841188430786,67.71675481350789,-2.2953953990000002
12.700847864151001,67.50209385674964,-2.336550615
12.700854063034058,67.28743289999137,-2.480593871
12.700860023498535,64.1748490269966,-2.485738273
12.70086669921875,65.03349285402965,-2.460016263
12.700873374938965,61.169595632380954,-2.645214735
12.700879096984863,63.316205199963555,-2.485738273
12.70088505744934,65.03349285402965,-2.377705831
12.700891017913818,63.1015442432053,-2.429149851
12.700896501541138,62.028239459413996,-2.604059519
12.700902938842773,64.38950998375486,-2.5217490870000003
12.70090937614441,63.1015442432053,-2.506315881
12.700924634933472,65.35548428916704,-2.393139037
12.700931072235107,67.93141577026616,-2.336550615
12.700937032699585,64.60417094051311,-2.5320378910000003
12.7009437084198,63.74552711348008,-2.511460283
12.700950622558594,66.53611955133745,-2.351983821
12.700956583023071,66.21412811620007,-2.490882675
12.700962543487549,64.49684046213399,-2.5166046850000003
12.700968742370605,63.852857591859205,-2.490882675
12.700975179672241,68.25340720540353,-2.2902509970000002
12.906867027282715,69.11205103243658,-2.2799621930000002
12.906889200210571,62.77955280806791,-2.429149851
12.906898021697998,62.77955280806791,-2.449727459
12.906904935836792,64.60417094051311,-2.393139037
12.906933307647705,61.49158706751835,-2.5217490870000003
12.906940937042236,61.706248024276604,-2.5731931070000003
12.906949043273926,65.03349285402965,-2.367417027
12.906956911087036,65.89213668106268,-2.403427841
12.906965017318726,61.169595632380954,-2.5166046850000003
12.90697193145752,62.564891851309646,-2.5371822930000003
12.906978845596313,61.92090898103487,-2.5217490870000003
12.906985759735107,67.71675481350789,-2.2542401830000003
12.906992435455322,67.0727719432331,-2.434294253
12.906998872756958,64.1748490269966,-2.5526154990000003
12.907005548477173,63.53086615672182,-2.5371822930000003
12.907012224197388,66.10679763782093,-2.408572243
12.90701937675476,66.53611955133745,-2.475449469
12.907025814056396,63.42353567834269,-2.470305067
12.907032489776611,64.60417094051311,-2.434294253
12.907040357589722,67.0727719432331,-2.2696733890000003
12.907047033309937,68.89739007567832,-2.2851065950000002
12.907055139541626,65.9994671594418,-2.403427841
12.907061576843262,65.46281476754616,-2.475449469
12.907068014144897,66.85811098647484,-2.382850233
12.907073974609375,64.28217950537572,-2.650359137
12.907081365585327,61.59891754589748,-2.5320378910000003
12.907088041305542,64.38950998375486,-2.305684203
12.907094717025757,65.9994671594418,-2.449727459
12.907100677490234,68.25340720540353,-2.346839419
12.90710711479187,60.9549346756227,-2.665792343
12.907113313674927,64.81883189727138,-2.336550615
12.907119989395142,65.78480620268355,-2.377705831
12.90712594985962,60.52561276210618,-2.470305067
12.907132387161255,65.78480620268355,-2.511460283
12.907138586044312,63.852857591859205,-2.496027077
12.907145261764526,66.96544146485398,-2.2388069770000003
12.907151937484741,61.169595632380954,-2.5526154990000003
12.907158374786377,68.25340720540353,-2.187362957
12.907164573669434,63.42353567834269,-2.5320378910000003
12.90717101097107,65.67747572430441,-2.367417027
12.907177925109863,64.1748490269966,-2.604059519
12.907183647155762,66.21412811620007,-2.5731931070000003
12.907190322875977,66.42878907295832,-2.408572243
12.907196283340454,63.53086615672182,-2.506315881
12.90720248222351,62.564891851309646,-2.604059519
12.907209157943726,69.32671198919485,-2.213084967
12.907215118408203,63.316205199963555,-2.5731931070000003
12.907222032546997,65.57014524592529,-2.444583057
12.907228708267212,63.74552711348008,-2.5268934890000003
12.907235383987427,65.57014524592529,-2.393139037
12.907241582870483,65.35548428916704,-2.424005449
12.907248258590698,61.59891754589748,-2.665792343
12.907254695892334,70.6146777297444,-2.2336625750000003
12.907261371612549,63.960188070238345,-2.434294253
12.907267808914185,65.46281476754616,-2.393139037
12.907273769378662,64.1748490269966,-2.465160665
12.907279968261719,65.14082333240877,-2.424005449
12.907286405563354,65.67747572430441,-2.403427841
12.907292604446411,63.638196635100954,-2.460016263
12.907299041748047,67.18010242161225,-2.480593871
12.907305717468262,65.78480620268355,-2.372561429
12.90731167793274,64.9261623756505,-2.454871861
12.907317876815796,65.9994671594418,-2.434294253
12.907323360443115,63.74552711348008,-2.5629043030000003
12.90733003616333,64.49684046213399,-2.403427841
12.907336235046387,63.53086615672182,-2.449727459
12.907342672348022,67.3947633783705,-2.357128223
12.907349109649658,60.9549346756227,-2.727525167
12.907360315322876,68.36073768378266,-2.2851065950000002
12.90736699104309,63.1015442432053,-2.5937707150000002
12.907373428344727,66.21412811620007,-2.418861047
12.9073805809021,65.46281476754616,-2.511460283
12.907386779785156,65.03349285402965,-2.444583057
12.907392740249634,68.36073768378266,-2.351983821
12.907411575317383,59.23764702155662,-2.640070333
12.907418489456177,69.5413729459531,-2.2593845850000003
12.907425165176392,61.06226515400183,-2.5474710970000003
12.907431602478027,67.0727719432331,-2.331406213
12.907437324523926,66.96544146485398,-2.496027077
12.907443761825562,64.1748490269966,-2.490882675
12.90744948387146,68.03874624864528,-2.321117409
12.907455682754517,60.09629084858966,-2.604059519
12.907461404800415,66.10679763782093,-2.429149851
12.907467603683472,68.79005959729919,-2.2953953990000002
12.907474279403687,61.38425658913922,-2.5371822930000003
12.90748119354248,66.42878907295832,-2.434294253
12.907487154006958,66.3214585945792,-2.429149851
12.907517433166504,63.960188070238345,-2.387994635
12.90752363204956,63.53086615672182,-2.444583057
12.907530069351196,67.0727719432331,-2.398283439
12.907536506652832,65.78480620268355,-2.5268934890000003
12.907542943954468,61.706248024276604,-2.501171479
12.907549619674683,66.42878907295832,-2.470305067
12.90755558013916,64.06751854861747,-2.424005449
12.907561540603638,64.81883189727138,-2.449727459
12.907567501068115,64.9261623756505,-2.501171479
12.907573223114014,68.57539864054093,-2.377705831
12.907579898834229,62.24290041617226,-2.742958373
12.907663583755493,66.42878907295832,-2.321117409
12.907670974731445,64.71150141889224,-2.418861047
13.113654136657715,64.49684046213399,-2.387994635
13.113676071166992,65.2481538107879,-2.475449469
13.11368465423584,65.14082333240877,-2.460016263
13.113691806793213,67.50209385674964,-2.434294253
13.113699674606323,65.57014524592529,-2.331406213
13.113706588745117,60.203621326968786,-2.650359137
13.11371374130249,69.97069485946962,-2.305684203
13.113720655441284,62.13556993779312,-2.506315881
13.113728284835815,65.57014524592529,-2.413716645
13.11373496055603,62.67222232968878,-2.5268934890000003
13.113742589950562,63.74552711348008,-2.444583057
13.113749742507935,68.14607672702441,-2.156496545
13.113756656646729,59.66696893507314,-2.670936745
13.113762855529785,69.00472055405744,-2.2696733890000003
13.113770008087158,61.169595632380954,-2.5629043030000003
13.113778114318848,65.57014524592529,-2.413716645
13.113784074783325,64.1748490269966,-2.5783375090000002
13.113791227340698,65.2481538107879,-2.434294253
13.113797903060913,66.75078050809572,-2.5268934890000003
13.113805055618286,61.169595632380954,-2.5783375090000002
13.11381220817566,67.93141577026616,-2.305684203
13.113819122314453,62.77955280806791,-2.511460283
13.11382508277893,63.638196635100954,-2.424005449
13.113831758499146,65.35548428916704,-2.326261811
13.113838195800781,63.638196635100954,-2.429149851
13.113844871520996,64.81883189727138,-2.429149851
13.113851547241211,65.35548428916704,-2.485738273
13.113858222961426,69.11205103243658,-2.326261811
13.113864421844482,60.9549346756227,-2.681225549
13.11387038230896,67.50209385674964,-2.305684203
13.113877058029175,66.10679763782093,-2.5371822930000003
13.113884449005127,64.49684046213399,-2.387994635
13.113891124725342,63.638196635100954,-2.418861047
13.113897562026978,65.2481538107879,-2.460016263
13.113903760910034,65.03349285402965,-2.403427841
13.113910436630249,62.45756137293052,-2.5731931070000003
13.113917112350464,65.03349285402965,-2.2748177910000003
13.113924026489258,64.1748490269966,-2.5268934890000003
13.113930940628052,65.78480620268355,-2.460016263
13.113938570022583,66.75078050809572,-2.439438655
13.113945007324219,65.03349285402965,-2.434294253
13.113951206207275,67.0727719432331,-2.2748177910000003
13.113957643508911,61.169595632380954,-2.634925931
13.113963603973389,68.4680681621618,-2.341695017
13.113969802856445,64.71150141889224,-2.377705831
13.113983869552612,63.852857591859205,-2.619492725
13.113991022109985,66.96544146485398,-2.398283439
13.113997220993042,63.53086615672182,-2.670936745
13.114003896713257,66.85811098647484,-2.429149851
13.11401081085205,69.21938151081571,-2.382850233
13.114017248153687,60.09629084858966,-2.660647941
13.11402416229248,69.86336438109049,-2.182218555
13.114031076431274,63.960188070238345,-2.5217490870000003
13.114037990570068,66.21412811620007,-2.372561429
13.114044189453125,62.99421376482616,-2.5423266950000003
13.114051580429077,65.03349285402965,-2.490882675
13.114057779312134,67.93141577026616,-2.418861047
13.114064455032349,60.9549346756227,-2.670936745
13.114070653915405,68.57539864054093,-2.218229369
13.114081144332886,61.706248024276604,-2.5320378910000003
13.114088296890259,66.21412811620007,-2.336550615
13.114094972610474,63.42353567834269,-2.413716645
13.11410117149353,66.21412811620007,-2.460016263
13.114107370376587,65.2481538107879,-2.460016263
13.114113569259644,67.3947633783705,-2.310828605
13.11412000656128,60.9549346756227,-2.640070333
13.114126682281494,68.25340720540353,-2.2902509970000002
13.114133596420288,64.71150141889224,-2.444583057
13.114140272140503,64.38950998375486,-2.470305067
13.114146709442139,62.13556993779312,-2.475449469
13.114152431488037,67.18010242161225,-2.490882675
13.114158630371094,68.03874624864528,-2.341695017
13.114164590835571,61.706248024276604,-2.629781529
13.114170789718628,68.89739007567832,-2.2336625750000003
13.114177465438843,61.49158706751835,-2.5680487050000003
13.114185571670532,65.46281476754616,-2.357128223
13.114192008972168,63.20887472158443,-2.506315881
13.114198207855225,65.35548428916704,-2.444583057
13.114203691482544,68.68272911892005,-2.398283439
13.11421012878418,60.41828228372705,-2.660647941
13.114216327667236,68.68272911892005,-2.2902509970000002
13.114223003387451,65.9994671594418,-2.387994635
13.11422872543335,65.03349285402965,-2.5526154990000003
13.114235162734985,65.9994671594418,-2.315973007
13.114241123199463,62.67222232968878,-2.511460283
13.114254236221313,65.14082333240877,-2.496027077
13.114259958267212,65.35548428916704,-2.429149851
13.11426591873169,68.14607672702441,-2.2748177910000003
13.114272356033325,61.06226515400183,-2.665792343
13.114278316497803,66.21412811620007,-2.326261811
13.11428427696228,65.03349285402965,-2.485738273
13.114290475845337,61.169595632380954,-2.5731931070000003
13.11429738998413,64.9261623756505,-2.413716645
13.114303350448608,64.60417094051311,-2.454871861
13.114309549331665,65.9994671594418,-2.398283439
13.114315509796143,63.960188070238345,-2.465160665
13.114321947097778,67.0727719432331,-2.331406213
13.114327907562256,65.57014524592529,-2.367417027
13.11433458328247,64.60417094051311,-2.480593871
13.114340782165527,66.3214585945792,-2.351983821
13.32033920288086,64.9261623756505,-2.485738273
13.3203604221344,64.49684046213399,-2.393139037
13.320368528366089,61.706248024276604,-2.624637127
13.3203763961792,68.03874624864528,-2.336550615
13.320383310317993,65.03349285402965,-2.460016263
13.320390462875366,62.67222232968878,-2.5783375090000002
13.320398330688477,65.14082333240877,-2.393139037
13.320460319519043,63.20887472158443,-2.439438655
13.320467233657837,63.42353567834269,-2.496027077
13.320473909378052,67.71675481350789,-2.2851065950000002
13.320481061935425,61.813578502655744,-2.619492725
13.32048749923706,63.316205199963555,-2.449727459
13.320494413375854,65.78480620268355,-2.444583057
13.320502042770386,64.28217950537572,-2.403427841
13.320509195327759,66.42878907295832,-2.5166046850000003
13.320515871047974,63.316205199963555,-2.465160665
13.320522546768188,66.10679763782093,-2.336550615
13.320529699325562,62.564891851309646,-2.650359137
13.320536136627197,67.71675481350789,-2.2490957810000003
13.32054328918457,63.53086615672182,-2.454871861
13.320549964904785,65.35548428916704,-2.413716645
13.320556163787842,66.10679763782093,-2.5320378910000003
13.320576190948486,64.9261623756505,-2.444583057
13.320582628250122,65.89213668106268,-2.429149851
13.320589542388916,66.42878907295832,-2.372561429
13.320595502853394,61.276926110760094,-2.665792343
13.320602178573608,68.89739007567832,-2.2696733890000003
13.32060980796814,61.813578502655744,-2.5423266950000003
13.320616722106934,67.71675481350789,-2.341695017
13.32062292098999,62.35023089455139,-2.5474710970000003
13.320629596710205,64.28217950537572,-2.465160665
13.32063627243042,67.0727719432331,-2.357128223
13.320642232894897,61.92090898103487,-2.598915117
13.320648431777954,69.97069485946962,-2.305684203
13.320655107498169,63.74552711348008,-2.5680487050000003
13.320662021636963,65.89213668106268,-2.341695017
13.320668458938599,64.71150141889224,-2.5731931070000003
13.320675134658813,65.89213668106268,-2.398283439
13.32068133354187,68.79005959729919,-2.357128223
13.320687294006348,61.169595632380954,-2.5577599010000003
13.32069444656372,68.89739007567832,-2.2233737710000003
13.320701122283936,62.564891851309646,-2.460016263
13.320707559585571,67.3947633783705,-2.387994635
13.320713996887207,64.9261623756505,-2.367417027
13.320720434188843,64.06751854861747,-2.5474710970000003
13.320727109909058,64.81883189727138,-2.465160665
13.320733547210693,64.60417094051311,-2.454871861
13.320740938186646,65.2481538107879,-2.377705831
13.32074761390686,61.59891754589748,-2.5629043030000003
13.320754051208496,66.3214585945792,-2.2748177910000003
13.320760488510132,65.67747572430441,-2.429149851
13.320767164230347,64.9261623756505,-2.5217490870000003
13.320773363113403,65.2481538107879,-2.449727459
13.32077932357788,64.60417094051311,-2.341695017
13.320785522460938,63.638196635100954,-2.408572243
13.320866584777832,63.316205199963555,-2.5937707150000002
13.3208749294281,65.89213668106268,-2.2902509970000002
13.320881605148315,65.89213668106268,-2.362272625
13.320888042449951,65.2481538107879,-2.470305067
13.320894241333008,63.316205199963555,-2.351983821
13.320900917053223,66.3214585945792,-2.460016263
13.32090711593628,64.1748490269966,-2.315973007
13.320913314819336,62.028239459413996,-2.5937707150000002
13.32092022895813,68.36073768378266,-2.2799621930000002
13.320927381515503,63.20887472158443,-2.449727459
13.32093334197998,65.14082333240877,-2.501171479
13.320939540863037,65.89213668106268,-2.315973007
13.320945501327515,62.77955280806791,-2.5371822930000003
13.32095193862915,64.38950998375486,-2.465160665
13.32095742225647,67.50209385674964,-2.2542401830000003
13.320963859558105,62.24290041617226,-2.5474710970000003
13.32097053527832,64.71150141889224,-2.367417027
13.320976734161377,63.20887472158443,-2.470305067
13.320983171463013,65.9994671594418,-2.377705831
13.32098937034607,64.60417094051311,-2.5783375090000002
13.320995569229126,65.14082333240877,-2.444583057
13.321001529693604,68.57539864054093,-2.393139037
13.321008205413818,60.52561276210618,-2.655503539
13.321014404296875,69.97069485946962,-2.2336625750000003
13.321021318435669,62.35023089455139,-2.5783375090000002
13.321028470993042,66.96544146485398,-2.357128223
13.32103443145752,62.24290041617226,-2.408572243
13.321040391921997,64.9261623756505,-2.398283439
13.321046352386475,64.38950998375486,-2.439438655
13.321055889129639,66.21412811620007,-2.413716645
13.321066617965698,64.60417094051311,-2.357128223
13.321083307266235,63.1015442432053,-2.614348323
13.321092128753662,68.57539864054093,-2.2388069770000003
13.321104764938354,62.564891851309646,-2.511460283
13.321115255355835,67.28743289999137,-2.372561429
13.321124792098999,65.2481538107879,-2.5268934890000003
13.321131229400635,64.71150141889224,-2.434294253
13.321137428283691,64.49684046213399,-2.424005449
13.321143388748169,63.638196635100954,-2.604059519
13.321149587631226,67.93141577026616,-2.2902509970000002
13.32115626335144,62.35023089455139,-2.629781529
13.321163177490234,65.14082333240877,-2.377705831
13.321169137954712,65.89213668106268,-2.501171479
13.32117509841919,64.49684046213399,-2.418861047
13.321181297302246,64.71150141889224,-2.2696733890000003
13.527195453643799,61.59891754589748,-2.609203921
13.52721619606018,67.50209385674964,-2.2285181730000003
13.527225255966187,63.852857591859205,-2.609203921
13.52723240852356,65.9994671594418,-2.398283439
13.527238845825195,66.10679763782093,-2.367417027
13.527244806289673,64.28217950537572,-2.465160665
13.52725100517273,64.49684046213399,-2.429149851
13.527257442474365,69.00472055405744,-2.393139037
13.52726411819458,61.49158706751835,-2.5217490870000003
13.527271270751953,67.28743289999137,-2.372561429
13.52727746963501,61.59891754589748,-2.691514353
13.527283191680908,64.9261623756505,-2.351983821
13.527289152145386,64.1748490269966,-2.434294253
13.527295351028442,63.74552711348008,-2.424005449
13.527301549911499,66.53611955133745,-2.372561429
13.527307033538818,62.028239459413996,-2.5217490870000003
13.52731442451477,67.28743289999137,-2.341695017
13.527320623397827,62.564891851309646,-2.5268934890000003
13.527327060699463,67.28743289999137,-2.300539801
13.52733325958252,62.88688328644704,-2.5268934890000003
13.527339935302734,65.57014524592529,-2.403427841
13.527345657348633,69.5413729459531,-2.305684203
13.52735185623169,62.13556993779312,-2.496027077
13.527358770370483,64.71150141889224,-2.5423266950000003
13.52736520767212,68.25340720540353,-2.2233737710000003
13.527371168136597,62.67222232968878,-2.5320378910000003
13.527377605438232,66.64345002971659,-2.367417027
13.52738356590271,64.38950998375486,-2.449727459
13.527389287948608,64.71150141889224,-2.490882675
13.527395248413086,64.81883189727138,-2.351983821
13.527459621429443,60.84760419724358,-2.614348323
13.527466058731079,68.79005959729919,-2.2233737710000003
13.527474403381348,62.67222232968878,-2.681225549
13.527480363845825,67.82408529188702,-2.465160665
13.527486324310303,63.1015442432053,-2.5371822930000003
13.527492761611938,67.28743289999137,-2.490882675
13.527498245239258,65.9994671594418,-2.418861047
13.527504444122314,60.09629084858966,-2.604059519
13.527510404586792,66.53611955133745,-2.2748177910000003
13.527516841888428,62.67222232968878,-2.5937707150000002
13.527522563934326,66.64345002971659,-2.305684203
13.527535200119019,64.28217950537572,-2.5731931070000003
13.527541875839233,64.71150141889224,-2.341695017
13.527547121047974,66.3214585945792,-2.485738273
13.52755331993103,65.9994671594418,-2.346839419
13.527559280395508,62.77955280806791,-2.408572243
13.527565240859985,64.38950998375486,-2.501171479
13.527570724487305,68.79005959729919,-2.2902509970000002
13.527577877044678,63.53086615672182,-2.619492725
13.527583837509155,66.75078050809572,-2.387994635
13.527589797973633,65.03349285402965,-2.475449469
13.52759575843811,69.43404246757397,-2.346839419
13.527601718902588,60.84760419724358,-2.5783375090000002
13.527608156204224,66.21412811620007,-2.475449469
13.52761435508728,63.852857591859205,-2.460016263
13.527620077133179,65.35548428916704,-2.434294253
13.527626037597656,64.1748490269966,-2.403427841
13.527632236480713,66.10679763782093,-2.403427841
13.527638673782349,65.57014524592529,-2.382850233
13.527644157409668,62.77955280806791,-2.604059519
13.527649641036987,67.18010242161225,-2.424005449
13.527655839920044,61.92090898103487,-2.475449469
13.527667045593262,65.78480620268355,-2.434294253
13.527673482894897,66.85811098647484,-2.351983821
13.527680397033691,63.53086615672182,-2.5577599010000003
13.527686595916748,65.35548428916704,-2.403427841
13.527692317962646,65.9994671594418,-2.475449469
13.527697801589966,66.53611955133745,-2.367417027
13.527703523635864,62.24290041617226,-2.598915117
13.527710914611816,64.28217950537572,-2.351983821
13.527716636657715,66.10679763782093,-2.449727459
13.527722597122192,66.10679763782093,-2.511460283
13.52772831916809,64.06751854861747,-2.465160665
13.52773404121399,65.78480620268355,-2.403427841
13.527740240097046,65.67747572430441,-2.465160665
13.527745962142944,65.9994671594418,-2.5937707150000002
13.527751684188843,64.71150141889224,-2.393139037
13.527757406234741,65.46281476754616,-2.408572243
13.527762651443481,63.42353567834269,-2.439438655
13.5277681350708,65.78480620268355,-2.398283439
13.5277738571167,65.03349285402965,-2.398283439
13.527779340744019,67.28743289999137,-2.408572243
13.527785062789917,61.38425658913922,-2.5577599010000003
13.527791023254395,67.18010242161225,-2.5629043030000003
13.52779769897461,67.82408529188702,-2.207940565
13.527803421020508,62.564891851309646,-2.5680487050000003
13.527809619903564,68.36073768378266,-2.424005449
13.527815341949463,62.028239459413996,-2.470305067
13.527820825576782,64.9261623756505,-2.408572243
13.527827024459839,66.96544146485398,-2.490882675
13.52783203125,62.24290041617226,-2.670936745
13.527838468551636,69.5413729459531,-2.161640947
13.527844190597534,61.813578502655744,-2.490882675
13.527849912643433,66.3214585945792,-2.2542401830000003
13.527855634689331,62.99421376482616,-2.5783375090000002
13.527861833572388,65.2481538107879,-2.496027077
13.527868032455444,66.75078050809572,-2.382850233
13.527873516082764,60.9549346756227,-2.665792343
13.527878999710083,69.5413729459531,-2.331406213
13.527884483337402,61.38425658913922,-2.5680487050000003
13.733690023422241,67.93141577026616,-2.357128223
13.733712196350098,60.84760419724358,-2.501171479
13.733721017837524,64.06751854861747,-2.413716645
13.73372745513916,66.21412811620007,-2.413716645
13.733736753463745,68.14607672702441,-2.346839419
13.733744859695435,63.316205199963555,-2.5886263130000002
13.733753204345703,66.21412811620007,-2.377705831
13.733759880065918,64.38950998375486,-2.434294253
13.733766794204712,65.2481538107879,-2.398283439
13.733773231506348,61.813578502655744,-2.424005449
13.733800888061523,65.14082333240877,-2.331406213
13.733808040618896,67.82408529188702,-2.429149851
13.733888626098633,62.77955280806791,-2.5731931070000003
13.733896970748901,68.14607672702441,-2.2388069770000003
13.733904123306274,61.92090898103487,-2.5834819110000002
13.733911275863647,67.3947633783705,-2.357128223
13.733917713165283,63.316205199963555,-2.5423266950000003
13.733924388885498,64.1748490269966,-2.403427841
13.733930587768555,67.0727719432331,-2.213084967
13.73393726348877,62.99421376482616,-2.686369951
13.733943223953247,68.36073768378266,-2.146207741
13.733949661254883,62.028239459413996,-2.722380765
13.733956336975098,66.53611955133745,-2.346839419
13.733962774276733,63.20887472158443,-2.465160665
13.733991146087646,66.3214585945792,-2.496027077
13.733997344970703,64.1748490269966,-2.398283439
13.73400354385376,65.78480620268355,-2.357128223
13.734009981155396,61.59891754589748,-2.501171479
13.734015941619873,66.85811098647484,-2.372561429
13.73402214050293,62.028239459413996,-2.449727459
13.734028577804565,66.21412811620007,-2.377705831
13.734034776687622,63.53086615672182,-2.5166046850000003
13.734041213989258,64.9261623756505,-2.5937707150000002
13.734047651290894,66.75078050809572,-2.321117409
13.73405408859253,60.52561276210618,-2.727525167
13.73406457901001,70.29268629460701,-2.321117409
13.73407530784607,60.74027371886444,-2.5217490870000003
13.734086275100708,66.42878907295832,-2.387994635
13.734129667282104,65.2481538107879,-2.490882675
13.73414134979248,63.960188070238345,-2.5320378910000003
13.734151363372803,67.18010242161225,-2.341695017
13.73415732383728,60.41828228372705,-2.604059519
13.734163522720337,68.25340720540353,-2.2285181730000003
13.73417067527771,64.60417094051311,-2.460016263
13.734176874160767,64.60417094051311,-2.501171479
13.734183549880981,65.2481538107879,-2.393139037
13.734189748764038,62.564891851309646,-2.501171479
13.734195947647095,61.49158706751835,-2.465160665
13.734201908111572,66.3214585945792,-2.434294253
13.73420786857605,61.813578502655744,-2.5783375090000002
13.734214544296265,67.50209385674964,-2.2490957810000003
13.73422122001648,65.35548428916704,-2.377705831
13.734227180480957,65.46281476754616,-2.413716645
13.734234809875488,64.9261623756505,-2.5268934890000003
13.734241008758545,65.9994671594418,-2.465160665
13.734247207641602,67.93141577026616,-2.377705831
13.734253406524658,60.63294324048531,-2.712091961
13.734259366989136,68.14607672702441,-2.2696733890000003
13.734265565872192,63.53086615672182,-2.5474710970000003
13.734272480010986,65.89213668106268,-2.434294253
13.734278202056885,64.28217950537572,-2.485738273
13.734284162521362,63.960188070238345,-2.501171479
13.73428988456726,67.18010242161225,-2.2285181730000003
13.734296321868896,62.88688328644704,-2.5834819110000002
13.734302759170532,65.14082333240877,-2.465160665
13.734308958053589,68.36073768378266,-2.305684203
13.734315156936646,63.1015442432053,-2.5834819110000002
13.734321117401123,67.0727719432331,-2.398283439
13.73432731628418,62.24290041617226,-2.5731931070000003
13.734334707260132,64.60417094051311,-2.506315881
13.734340906143188,64.81883189727138,-2.372561429
13.734347105026245,64.9261623756505,-2.418861047
13.734353303909302,63.960188070238345,-2.444583057
13.734359979629517,66.3214585945792,-2.5268934890000003
13.734365940093994,68.03874624864528,-2.429149851
13.734371900558472,65.46281476754616,-2.485738273
13.73437786102295,67.28743289999137,-2.475449469
13.734384059906006,66.64345002971659,-2.387994635
13.734390020370483,65.9994671594418,-2.506315881
13.73439621925354,62.99421376482616,-2.475449469
13.734410762786865,65.89213668106268,-2.408572243
13.734417200088501,66.21412811620007,-2.5268934890000003
13.734423875808716,64.9261623756505,-2.5783375090000002
13.734430313110352,65.89213668106268,-2.413716645
13.734436273574829,65.03349285402965,-2.424005449
13.734442234039307,68.03874624864528,-2.326261811
13.734448432922363,60.84760419724358,-2.629781529
13.73445439338684,69.43404246757397,-2.305684203
13.734460353851318,62.24290041617226,-2.5320378910000003
13.734468221664429,65.78480620268355,-2.393139037
13.734474658966064,61.276926110760094,-2.449727459
13.7344810962677,64.9261623756505,-2.490882675
13.734486818313599,65.35548428916704,-2.413716645
13.734498739242554,62.13556993779312,-2.5834819110000002
13.73450493812561,66.21412811620007,-2.2902509970000002
13.734514713287354,63.20887472158443,-2.5577599010000003
13.73452115058899,66.42878907295832,-2.393139037
13.734527111053467,65.57014524592529,-2.485738273
13.734532594680786,64.49684046213399,-2.382850233
13.734538316726685,64.81883189727138,-2.429149851
13.940689086914062,63.852857591859205,-2.5320378910000003
13.940710306167603,65.89213668106268,-2.413716645
13.94071888923645,62.77955280806791,-2.5217490870000003
13.940726518630981,65.9994671594418,-2.357128223
13.940733194351196,64.28217950537572,-2.5217490870000003
13.940742254257202,65.2481538107879,-2.449727459
13.940749406814575,64.49684046213399,-2.496027077
13.94075632095337,67.82408529188702,-2.372561429
13.940763473510742,60.63294324048531,-2.686369951
13.940770149230957,68.4680681621618,-2.2388069770000003
13.940776824951172,64.38950998375486,-2.598915117
13.940783739089966,64.60417094051311,-2.480593871
13.94079065322876,68.03874624864528,-2.408572243
13.940797090530396,64.06751854861747,-2.434294253
13.940803527832031,66.42878907295832,-2.2851065950000002
13.940831422805786,61.276926110760094,-2.732669569
13.940837860107422,66.96544146485398,-2.2851065950000002
13.940844535827637,65.89213668106268,-2.382850233
13.940851211547852,62.67222232968878,-2.346839419
13.940858125686646,64.60417094051311,-2.470305067
13.940864562988281,65.9994671594418,-2.449727459
13.940871715545654,62.35023089455139,-2.454871861
13.94087815284729,63.1015442432053,-2.5166046850000003
13.940884590148926,68.57539864054093,-2.2336625750000003
13.94089150428772,62.77955280806791,-2.5166046850000003
13.940897941589355,67.3947633783705,-2.480593871
13.940903902053833,66.21412811620007,-2.398283439
13.940910577774048,64.49684046213399,-2.506315881
13.940917253494263,63.42353567834269,-2.465160665
13.940923929214478,66.10679763782093,-2.362272625
13.940930604934692,67.3947633783705,-2.351983821
13.940936803817749,62.88688328644704,-2.784113589
13.940943241119385,65.67747572430441,-2.362272625
13.940950393676758,64.81883189727138,-2.5680487050000003
13.940957307815552,64.81883189727138,-2.351983821
13.940963506698608,64.28217950537572,-2.454871861
13.94097113609314,63.20887472158443,-2.449727459
13.940977573394775,65.2481538107879,-2.413716645
13.940983295440674,63.74552711348008,-2.506315881
13.94098973274231,66.53611955133745,-2.336550615
13.940996408462524,62.45756137293052,-2.5320378910000003
13.941004037857056,65.35548428916704,-2.336550615
13.941010475158691,67.50209385674964,-2.480593871
13.941016912460327,68.36073768378266,-2.351983821
13.941022872924805,59.988960370210535,-2.645214735
13.941029787063599,67.3947633783705,-2.305684203
13.941036462783813,63.53086615672182,-2.444583057
13.941042423248291,65.03349285402965,-2.475449469
13.941049098968506,63.74552711348008,-2.5217490870000003
13.9410560131073,65.03349285402965,-2.490882675
13.941062450408936,65.9994671594418,-2.413716645
13.941068410873413,62.13556993779312,-2.696658755
13.941074848175049,69.32671198919485,-2.2285181730000003
13.941081523895264,60.84760419724358,-2.5680487050000003
13.941088676452637,67.82408529188702,-2.305684203
13.941095352172852,64.49684046213399,-2.5731931070000003
13.941101551055908,64.81883189727138,-2.475449469
13.941107749938965,67.60942433512876,-2.2748177910000003
13.94111442565918,60.31095180534792,-2.670936745
13.941120624542236,66.96544146485398,-2.2748177910000003
13.94112753868103,62.13556993779312,-2.5268934890000003
13.941134929656982,67.0727719432331,-2.434294253
13.94114089012146,64.06751854861747,-2.5423266950000003
13.941148042678833,67.93141577026616,-2.485738273
13.941154479980469,65.2481538107879,-2.454871861
13.941160440444946,67.71675481350789,-2.2902509970000002
13.941168069839478,59.77429941345227,-2.660647941
13.941174030303955,68.25340720540353,-2.362272625
13.94126296043396,61.59891754589748,-2.5783375090000002
13.941270589828491,66.53611955133745,-2.393139037
13.941277027130127,62.99421376482616,-2.5731931070000003
13.941283941268921,64.49684046213399,-2.454871861
13.941290140151978,65.67747572430441,-2.321117409
13.941295862197876,61.59891754589748,-2.768680383
13.941301822662354,69.75603390271137,-2.2542401830000003
13.941308736801147,61.06226515400183,-2.5731931070000003
13.941315174102783,67.71675481350789,-2.439438655
13.94132137298584,62.35023089455139,-2.485738273
13.941327810287476,63.74552711348008,-2.480593871
13.941340208053589,65.9994671594418,-2.2851065950000002
13.941346883773804,60.31095180534792,-2.5783375090000002
13.94135308265686,65.35548428916704,-2.5268934890000003
13.941359758377075,67.50209385674964,-2.2490957810000003
13.94136667251587,62.13556993779312,-2.5320378910000003
13.941373109817505,65.2481538107879,-2.424005449
13.941378831863403,64.60417094051311,-2.341695017
13.94138503074646,64.28217950537572,-2.475449469
13.941390991210938,64.60417094051311,-2.418861047
13.941397190093994,68.4680681621618,-2.387994635
13.941423416137695,60.09629084858966,-2.670936745
13.941429853439331,66.10679763782093,-2.424005449
13.941435813903809,67.18010242161225,-2.434294253
13.941441535949707,64.71150141889224,-2.434294253
13.941448450088501,65.03349285402965,-2.408572243
13.941454410552979,65.14082333240877,-2.5423266950000003
13.941461086273193,67.18010242161225,-2.2851065950000002
13.941467523574829,62.99421376482616,-2.634925931
13.941482782363892,68.57539864054093,-2.393139037
13.94148874282837,64.60417094051311,-2.480593871
13.941494703292847,64.06751854861747,-2.449727459
14.149618864059448,63.852857591859205,-2.480593871
14.149644613265991,62.88688328644704,-2.444583057
14.149656057357788,67.28743289999137,-2.321117409
14.149664402008057,60.84760419724358,-2.5268934890000003
14.149673223495483,65.9994671594418,-2.470305067
14.149681806564331,66.21412811620007,-2.321117409
14.149694204330444,65.46281476754616,-2.496027077
14.149705648422241,66.10679763782093,-2.341695017
14.149716138839722,64.38950998375486,-2.511460283
14.149742364883423,64.81883189727138,-2.470305067
14.149751901626587,65.9994671594418,-2.310828605
14.149763107299805,68.25340720540353,-2.398283439
14.149776458740234,67.50209385674964,-2.341695017
14.149789810180664,62.99421376482616,-2.5474710970000003
14.149800300598145,66.96544146485398,-2.439438655
14.149807929992676,63.42353567834269,-2.444583057
14.14981484413147,65.89213668106268,-2.470305067
14.149821281433105,65.2481538107879,-2.387994635
14.149828672409058,64.06751854861747,-2.5320378910000003
14.14983606338501,64.06751854861747,-2.377705831
14.149843215942383,65.35548428916704,-2.434294253
14.149850368499756,68.25340720540353,-2.336550615
14.14985704421997,65.78480620268355,-2.496027077
14.149863958358765,65.78480620268355,-2.357128223
14.1498703956604,67.0727719432331,-2.460016263
14.149877309799194,67.28743289999137,-2.351983821
14.14988398551941,59.881629891831395,-2.696658755
14.149891138076782,69.00472055405744,-2.171929751
14.149898052215576,62.13556993779312,-2.5731931070000003
14.14990520477295,70.07802533784874,-2.403427841
14.149912357330322,66.42878907295832,-2.490882675
14.149919509887695,65.2481538107879,-2.5834819110000002
14.149926662445068,64.38950998375486,-2.449727459
14.149933815002441,61.92090898103487,-2.619492725
14.149940729141235,67.93141577026616,-2.2851065950000002
14.149954795837402,63.53086615672182,-2.5166046850000003
14.149962425231934,67.18010242161225,-2.393139037
14.149969339370728,63.960188070238345,-2.362272625
14.1499764919281,65.14082333240877,-2.398283439
14.149983167648315,66.53611955133745,-2.213084967
14.149989604949951,66.10679763782093,-2.5166046850000003
14.149997234344482,66.3214585945792,-2.2696733890000003
14.150004148483276,62.564891851309646,-2.5680487050000003
14.150011777877808,65.46281476754616,-2.310828605
14.15001893043518,62.88688328644704,-2.449727459
14.150028467178345,65.46281476754616,-2.506315881
14.150035381317139,65.35548428916704,-2.424005449
14.150042533874512,66.42878907295832,-2.377705831
14.150049448013306,59.45230797831488,-2.619492725
14.150056600570679,68.4680681621618,-2.2645289870000003
14.150063753128052,62.99421376482616,-2.418861047
14.150070905685425,62.564891851309646,-2.449727459
14.150077819824219,65.2481538107879,-2.470305067
14.150084733963013,64.71150141889224,-2.454871861
14.150091409683228,65.57014524592529,-2.315973007
14.150098085403442,63.42353567834269,-2.5577599010000003
14.150115728378296,66.85811098647484,-2.305684203
14.150123834609985,66.75078050809572,-2.449727459
14.150130987167358,63.852857591859205,-2.460016263
14.150137901306152,65.03349285402965,-2.439438655
14.150144815444946,64.9261623756505,-2.465160665
14.150153160095215,62.77955280806791,-2.434294253
14.15015959739685,63.1015442432053,-2.691514353
14.150166273117065,69.75603390271137,-2.2748177910000003
14.15017318725586,61.06226515400183,-2.604059519
14.150179862976074,65.46281476754616,-2.454871861
14.150186538696289,66.96544146485398,-2.429149851
14.150193214416504,66.3214585945792,-2.449727459
14.150199890136719,65.2481538107879,-2.475449469
14.150206565856934,65.9994671594418,-2.321117409
14.15021276473999,67.28743289999137,-2.454871861
14.150218725204468,60.203621326968786,-2.5526154990000003
14.150226354598999,66.85811098647484,-2.357128223
14.150232315063477,62.77955280806791,-2.501171479
14.150238990783691,67.50209385674964,-2.413716645
14.150245428085327,65.57014524592529,-2.454871861
14.150251865386963,62.67222232968878,-2.434294253
14.150259971618652,69.11205103243658,-2.2953953990000002
14.150267124176025,61.276926110760094,-2.5371822930000003
14.150274753570557,67.60942433512876,-2.187362957
14.150280952453613,63.20887472158443,-2.5371822930000003
14.150287866592407,64.38950998375486,-2.362272625
14.150294542312622,64.06751854861747,-2.444583057
14.150300979614258,66.75078050809572,-2.305684203
14.15030813217163,60.84760419724358,-2.5629043030000003
14.150315046310425,67.3947633783705,-2.413716645
14.150321960449219,64.49684046213399,-2.485738273
14.150328636169434,64.49684046213399,-2.475449469
14.150335311889648,64.28217950537572,-2.372561429
14.150341987609863,64.1748490269966,-2.403427841
14.150348424911499,67.82408529188702,-2.372561429
14.150355100631714,62.77955280806791,-2.686369951
14.150361061096191,67.50209385674964,-2.2645289870000003
14.150368690490723,61.813578502655744,-2.496027077
14.150375366210938,65.67747572430441,-2.377705831
14.150382280349731,61.38425658913922,-2.490882675
14.150388479232788,65.67747572430441,-2.454871861
14.150394916534424,66.53611955133745,-2.372561429
14.150415658950806,62.028239459413996,-2.624637127
14.150422811508179,70.18535581622788,-2.305684203
14.356911897659302,61.92090898103487,-2.496027077
14.356932878494263,67.18010242161225,-2.2593845850000003
14.356942653656006,65.89213668106268,-2.506315881
14.356950044631958,63.852857591859205,-2.444583057
14.35695743560791,65.78480620268355,-2.465160665
14.356964111328125,69.11205103243658,-2.424005449
14.356972217559814,61.276926110760094,-2.496027077
14.356979370117188,62.88688328644704,-2.604059519
14.35698676109314,65.9994671594418,-2.341695017
14.356993675231934,67.0727719432331,-2.449727459
14.357000350952148,63.74552711348008,-2.650359137
14.357007265090942,65.35548428916704,-2.506315881
14.357014179229736,68.4680681621618,-2.387994635
14.357020854949951,60.84760419724358,-2.5783375090000002
14.357028484344482,67.71675481350789,-2.326261811
14.357034921646118,61.38425658913922,-2.5320378910000003
14.357041835784912,70.93666916488179,-2.362272625
14.357049703598022,64.60417094051311,-2.5731931070000003
14.357057332992554,64.60417094051311,-2.393139037
14.357063293457031,67.18010242161225,-2.300539801
14.357070446014404,60.74027371886444,-2.665792343
14.35707712173462,66.53611955133745,-2.2645289870000003
14.357083797454834,63.74552711348008,-2.465160665
14.357090473175049,66.96544146485398,-2.5423266950000003
14.357097148895264,67.28743289999137,-2.382850233
14.357184410095215,63.852857591859205,-2.5268934890000003
14.357192277908325,68.03874624864528,-2.465160665
14.357198715209961,64.81883189727138,-2.418861047
14.357205867767334,62.99421376482616,-2.454871861
14.35721230506897,68.03874624864528,-2.2851065950000002
14.357218742370605,62.35023089455139,-2.640070333
14.357224941253662,66.21412811620007,-2.351983821
14.357231378555298,65.89213668106268,-2.470305067
14.357244491577148,65.03349285402965,-2.439438655
14.357251405715942,66.85811098647484,-2.357128223
14.357257843017578,60.74027371886444,-2.5731931070000003
14.357264518737793,69.86336438109049,-2.2542401830000003
14.357271194458008,61.813578502655744,-2.5783375090000002
14.357278108596802,66.21412811620007,-2.387994635
14.3572838306427,63.42353567834269,-2.511460283
14.357289791107178,65.67747572430441,-2.490882675
14.357296228408813,66.3214585945792,-2.310828605
14.357302904129028,65.03349285402965,-2.449727459
14.357308864593506,69.43404246757397,-2.2748177910000003
14.357315063476562,62.45756137293052,-2.490882675
14.357321500778198,67.0727719432331,-2.408572243
14.357327461242676,63.20887472158443,-2.351983821
14.357333660125732,64.49684046213399,-2.470305067
14.35733962059021,64.9261623756505,-2.2902509970000002
14.357346296310425,64.49684046213399,-2.5629043030000003
14.357353448867798,69.97069485946962,-2.382850233
14.357359647750854,58.700994629660975,-2.665792343
14.357365846633911,66.85811098647484,-2.403427841
14.35737156867981,62.13556993779312,-2.5423266950000003
14.357380867004395,65.03349285402965,-2.393139037
14.357391595840454,67.71675481350789,-2.424005449
14.357415914535522,61.92090898103487,-2.5166046850000003
14.357427597045898,67.50209385674964,-2.357128223
14.35744309425354,62.99421376482616,-2.5680487050000003
14.357454299926758,66.64345002971659,-2.357128223
14.357463836669922,62.88688328644704,-2.5474710970000003
14.357476472854614,64.71150141889224,-2.460016263
14.35748815536499,65.89213668106268,-2.408572243
14.357494592666626,64.1748490269966,-2.393139037
14.357500314712524,61.49158706751835,-2.660647941
14.357506275177002,67.71675481350789,-2.2696733890000003
14.357513666152954,63.1015442432053,-2.470305067
14.357519388198853,64.60417094051311,-2.465160665
14.35752534866333,63.960188070238345,-2.480593871
14.357531785964966,64.38950998375486,-2.454871861
14.357537269592285,67.50209385674964,-2.2902509970000002
14.3575439453125,60.203621326968786,-2.5783375090000002
14.357550859451294,70.40001677298613,-2.2645289870000003
14.35755729675293,60.74027371886444,-2.5423266950000003
14.357563734054565,64.49684046213399,-2.336550615
14.357569932937622,61.92090898103487,-2.614348323
14.35757565498352,65.57014524592529,-2.408572243
14.357581377029419,68.03874624864528,-2.351983821
14.357588052749634,61.813578502655744,-2.629781529
14.357594013214111,69.32671198919485,-2.2799621930000002
14.357600450515747,60.9549346756227,-2.5474710970000003
14.357606649398804,68.03874624864528,-2.382850233
14.357612609863281,64.38950998375486,-2.362272625
14.357618570327759,64.49684046213399,-2.465160665
14.357624292373657,63.638196635100954,-2.398283439
14.357630252838135,67.50209385674964,-2.393139037
14.357636213302612,65.9994671594418,-2.490882675
14.35764217376709,62.67222232968878,-2.5217490870000003
14.357649087905884,65.67747572430441,-2.326261811
14.35765528678894,65.89213668106268,-2.485738273
14.357661724090576,63.638196635100954,-2.470305067
14.357668161392212,63.316205199963555,-2.5629043030000003
14.357674837112427,68.36073768378266,-2.393139037
14.357680559158325,61.706248024276604,-2.5166046850000003
14.35768723487854,67.60942433512876,-2.403427841
14.35769271850586,65.2481538107879,-2.5268934890000003
14.357699632644653,65.78480620268355,-2.454871861
14.357710838317871,65.57014524592529,-2.5937707150000002
14.357717275619507,64.9261623756505,-2.382850233
14.357723474502563,66.21412811620007,-2.362272625
14.564273118972778,61.06226515400183,-2.640070333
14.564295291900635,68.68272911892005,-2.357128223
14.564304828643799,62.564891851309646,-2.624637127
14.564311981201172,65.89213668106268,-2.387994635
14.564318656921387,66.53611955133745,-2.413716645
14.56432557106018,64.06751854861747,-2.5371822930000003
14.564333438873291,64.28217950537572,-2.460016263
14.564341068267822,68.4680681621618,-2.382850233
14.564347982406616,61.276926110760094,-2.604059519
14.56435513496399,69.00472055405744,-2.192507359
14.564361810684204,62.564891851309646,-2.5423266950000003
14.564368963241577,61.92090898103487,-2.5937707150000002
14.56437611579895,65.46281476754616,-2.475449469
14.564382553100586,63.74552711348008,-2.434294253
14.564389705657959,68.36073768378266,-2.331406213
14.564396619796753,60.9549346756227,-2.676081147
14.56443977355957,67.28743289999137,-2.2748177910000003
14.56444787979126,65.89213668106268,-2.5783375090000002
14.564477682113647,64.06751854861747,-2.387994635
14.56448483467102,64.38950998375486,-2.424005449
14.564491271972656,63.316205199963555,-2.490882675
14.564497709274292,64.38950998375486,-2.372561429
14.564504146575928,60.31095180534792,-2.5834819110000002
14.564510583877563,68.89739007567832,-2.2439513790000003
14.564526081085205,63.316205199963555,-2.382850233
14.56453251838684,64.1748490269966,-2.5320378910000003
14.564539194107056,65.89213668106268,-2.460016263
14.56454586982727,64.28217950537572,-2.5834819110000002
14.564552068710327,66.3214585945792,-2.490882675
14.564557790756226,66.53611955133745,-2.315973007
14.56456446647644,64.38950998375486,-2.5371822930000003
14.564571142196655,63.53086615672182,-2.439438655
14.564577341079712,66.53611955133745,-2.413716645
14.564583778381348,64.60417094051311,-2.398283439
14.5645911693573,65.78480620268355,-2.424005449
14.564598083496094,63.74552711348008,-2.408572243
14.56460452079773,65.2481538107879,-2.444583057
14.564611196517944,67.93141577026616,-2.434294253
14.564617395401001,64.1748490269966,-2.393139037
14.5646231174469,65.78480620268355,-2.393139037
14.564629793167114,64.71150141889224,-2.480593871
14.564636468887329,65.67747572430441,-2.346839419
14.564642906188965,65.14082333240877,-2.382850233
14.56464958190918,67.60942433512876,-2.2902509970000002
14.564656257629395,61.706248024276604,-2.5423266950000003
14.56466293334961,63.960188070238345,-2.434294253
14.564669609069824,66.75078050809572,-2.351983821
14.564676284790039,62.77955280806791,-2.377705831
14.564682722091675,65.9994671594418,-2.418861047
14.56468915939331,66.42878907295832,-2.413716645
14.564695358276367,65.9994671594418,-2.372561429
14.564701557159424,60.9549346756227,-2.742958373
14.56470799446106,68.03874624864528,-2.300539801
14.564715385437012,62.67222232968878,-2.5783375090000002
14.564723014831543,66.85811098647484,-2.351983821
14.56472897529602,61.38425658913922,-2.501171479
14.564735412597656,64.60417094051311,-2.305684203
14.564741373062134,68.03874624864528,-2.398283439
14.56474781036377,59.77429941345227,-2.665792343
14.564754009246826,68.25340720540353,-2.2439513790000003
14.5647611618042,61.49158706751835,-2.5629043030000003
14.564767837524414,65.57014524592529,-2.310828605
14.56477427482605,62.88688328644704,-2.5834819110000002
14.564780712127686,65.46281476754616,-2.429149851
14.564786911010742,65.78480620268355,-2.460016263
14.564793109893799,66.96544146485398,-2.300539801
14.564799308776855,61.38425658913922,-2.619492725
14.564805507659912,67.60942433512876,-2.321117409
14.56481122970581,62.028239459413996,-2.5423266950000003
14.564818620681763,67.93141577026616,-2.377705831
14.564824342727661,65.2481538107879,-2.5166046850000003
14.564831256866455,68.25340720540353,-2.490882675
14.564837217330933,64.60417094051311,-2.336550615
14.56484341621399,63.20887472158443,-2.691514353
14.56485104560852,68.79005959729919,-2.156496545
14.564857482910156,63.53086615672182,-2.660647941
14.564863920211792,64.1748490269966,-2.336550615
14.56486988067627,66.64345002971659,-2.511460283
14.564876079559326,64.1748490269966,-2.439438655
14.564882040023804,64.60417094051311,-2.341695017
14.564888715744019,61.92090898103487,-2.665792343
14.564975023269653,70.07802533784874,-2.367417027
14.564982414245605,64.38950998375486,-2.5166046850000003
14.564989566802979,65.14082333240877,-2.5423266950000003
14.56499719619751,67.3947633783705,-2.351983821
14.565003395080566,64.38950998375486,-2.511460283
14.565010070800781,63.960188070238345,-2.444583057
14.565016984939575,65.57014524592529,-2.460016263
14.56502366065979,63.1015442432053,-2.418861047
14.565029859542847,66.75078050809572,-2.377705831
14.565036296844482,62.564891851309646,-2.614348323
14.565042734146118,64.1748490269966,-2.413716645
14.565048217773438,64.81883189727138,-2.367417027
14.565054655075073,64.28217950537572,-2.362272625
14.56506061553955,67.28743289999137,-2.336550615
14.565066814422607,61.169595632380954,-2.645214735
14.565073013305664,69.00472055405744,-2.151352143
14.5650794506073,62.564891851309646,-2.506315881
14.565085411071777,66.10679763782093,-2.321117409
14.565091848373413,64.1748490269966,-2.5629043030000003
14.771548748016357,65.46281476754616,-2.475449469
14.771572589874268,68.03874624864528,-2.2336625750000003
14.771583318710327,61.813578502655744,-2.5629043030000003
14.771592378616333,66.10679763782093,-2.485738273
14.771600008010864,66.53611955133745,-2.2696733890000003
14.771607398986816,63.74552711348008,-2.485738273
14.771615266799927,65.14082333240877,-2.465160665
14.77162218093872,65.2481538107879,-2.429149851
14.771629095077515,64.60417094051311,-2.449727459
14.771636009216309,62.24290041617226,-2.501171479
14.77164340019226,68.89739007567832,-2.2902509970000002
14.771652936935425,63.53086615672182,-2.5320378910000003
14.771660089492798,68.25340720540353,-2.403427841
14.771667003631592,62.24290041617226,-2.5731931070000003
14.771674871444702,65.2481538107879,-2.449727459
14.771681308746338,68.03874624864528,-2.331406213
14.771688461303711,59.13031654317749,-2.650359137
14.7716965675354,69.5413729459531,-2.207940565
14.771702766418457,62.88688328644704,-2.5423266950000003
14.771710872650146,66.53611955133745,-2.377705831
14.771717309951782,64.28217950537572,-2.444583057
14.771724462509155,65.57014524592529,-2.326261811
14.771732091903687,67.28743289999137,-2.341695017
14.77173900604248,63.74552711348008,-2.393139037
14.771745443344116,61.276926110760094,-2.717236363
14.77175235748291,68.4680681621618,-2.2233737710000003
14.771759033203125,62.77955280806791,-2.5629043030000003
14.771767377853394,65.9994671594418,-2.382850233
14.771774053573608,62.35023089455139,-2.604059519
14.771780967712402,65.35548428916704,-2.382850233
14.771787881851196,66.75078050809572,-2.336550615
14.771794557571411,66.3214585945792,-2.439438655
14.771824836730957,67.50209385674964,-2.2902509970000002
14.771832704544067,61.49158706751835,-2.5474710970000003
14.771841049194336,66.85811098647484,-2.357128223
14.771848201751709,63.20887472158443,-2.5474710970000003
14.77185606956482,64.60417094051311,-2.387994635
14.771863460540771,65.2481538107879,-2.2748177910000003
14.771870374679565,62.24290041617226,-2.5937707150000002
14.771878004074097,64.49684046213399,-2.2851065950000002
14.77188515663147,64.49684046213399,-2.5268934890000003
14.771892547607422,66.3214585945792,-2.403427841
14.771899223327637,63.638196635100954,-2.439438655
14.771906614303589,63.316205199963555,-2.393139037
14.771913528442383,65.03349285402965,-2.490882675
14.771920442581177,68.14607672702441,-2.398283439
14.77192759513855,58.48633367290271,-2.5834819110000002
14.771934747695923,66.42878907295832,-2.2799621930000002
14.771941900253296,60.9549346756227,-2.5629043030000003
14.771949052810669,66.85811098647484,-2.321117409
14.771956205368042,64.71150141889224,-2.5474710970000003
14.771963357925415,65.14082333240877,-2.490882675
14.77196979522705,65.89213668106268,-2.372561429
14.771976232528687,61.06226515400183,-2.691514353
14.77198314666748,68.57539864054093,-2.2953953990000002
14.771990537643433,62.67222232968878,-2.5526154990000003
14.771997690200806,68.36073768378266,-2.413716645
14.77200436592102,63.53086615672182,-2.496027077
14.772019386291504,64.06751854861747,-2.413716645
14.772026538848877,65.9994671594418,-2.321117409
14.772033214569092,62.67222232968878,-2.691514353
14.772040128707886,67.93141577026616,-2.326261811
14.77204704284668,62.028239459413996,-2.460016263
14.772053956985474,65.9994671594418,-2.490882675
14.772059917449951,65.46281476754616,-2.382850233
14.772066831588745,62.88688328644704,-2.444583057
14.772073745727539,66.53611955133745,-2.475449469
14.772079944610596,65.9994671594418,-2.444583057
14.772086381912231,61.06226515400183,-2.609203921
14.772093534469604,68.57539864054093,-2.351983821
14.77209997177124,63.42353567834269,-2.604059519
14.772106885910034,65.89213668106268,-2.439438655
14.772114038467407,65.78480620268355,-2.5474710970000003
14.77212142944336,63.852857591859205,-2.418861047
14.772128582000732,68.79005959729919,-2.480593871
14.772135972976685,60.52561276210618,-2.598915117
14.77214241027832,69.86336438109049,-2.2336625750000003
14.772149562835693,62.88688328644704,-2.681225549
14.772156476974487,66.3214585945792,-2.315973007
14.772162675857544,63.638196635100954,-2.465160665
14.772169589996338,64.9261623756505,-2.485738273
14.772176504135132,65.67747572430441,-2.403427841
14.772183656692505,66.85811098647484,-2.372561429
14.77219033241272,60.09629084858966,-2.676081147
14.772197008132935,69.11205103243658,-2.341695017
14.77220368385315,63.42353567834269,-2.470305067
14.772210836410522,66.10679763782093,-2.480593871
14.772217512130737,64.9261623756505,-2.413716645
14.772223711013794,66.85811098647484,-2.424005449
14.772230386734009,65.03349285402965,-2.403427841
14.772238731384277,60.203621326968786,-2.634925931
14.772245645523071,68.68272911892005,-2.2902509970000002
14.772252798080444,61.06226515400183,-2.604059519
14.77225923538208,68.03874624864528,-2.449727459
14.772265672683716,61.38425658913922,-2.5320378910000003
14.77227234840393,65.67747572430441,-2.449727459
14.772279024124146,66.85811098647484,-2.387994635
14.772285461425781,60.31095180534792,-2.506315881
14.772291898727417,68.89739007567832,-2.2799621930000002
14.77229905128479,61.38425658913922,-2.5629043030000003
14.978864908218384,67.0727719432331,-2.429149851
14.978886365890503,64.28217950537572,-2.5268934890000003
14.978896141052246,66.85811098647484,-2.475449469
14.978904008865356,63.960188070238345,-2.449727459
14.978911399841309,67.60942433512876,-2.2902509970000002
14.97891879081726,60.84760419724358,-2.614348323
14.978925943374634,65.89213668106268,-2.398283439
14.978932619094849,64.81883189727138,-2.429149851
14.978939294815063,65.35548428916704,-2.372561429
14.978945970535278,62.77955280806791,-2.424005449
14.97895359992981,66.64345002971659,-2.5629043030000003
14.97896146774292,69.32671198919485,-2.187362957
14.978968143463135,59.34497749993575,-2.681225549
14.97897481918335,68.4680681621618,-2.2696733890000003
14.978981971740723,60.52561276210618,-2.511460283
14.978989124298096,65.57014524592529,-2.454871861
14.97899580001831,63.20887472158443,-2.5783375090000002
14.979002952575684,65.35548428916704,-2.444583057
14.979009628295898,67.71675481350789,-2.398283439
14.979015827178955,58.057011759386185,-2.645214735
14.979021549224854,68.25340720540353,-2.305684203
14.97902798652649,61.813578502655744,-2.598915117
14.979034900665283,66.64345002971659,-2.470305067
14.97904109954834,65.78480620268355,-2.351983821
14.979047060012817,63.74552711348008,-2.511460283
14.979053735733032,65.2481538107879,-2.429149851
14.979059934616089,64.49684046213399,-2.485738273
14.979066371917725,66.64345002971659,-2.151352143
14.979072570800781,62.99421376482616,-2.5577599010000003
14.979079961776733,65.9994671594418,-2.2799621930000002
14.979087114334106,65.35548428916704,-2.485738273
14.979093313217163,63.316205199963555,-2.5320378910000003
14.979100465774536,65.67747572430441,-2.439438655
14.979106903076172,66.10679763782093,-2.485738273
14.979113817214966,65.9994671594418,-2.326261811
14.979125261306763,64.60417094051311,-2.614348323
14.979131937026978,65.78480620268355,-2.305684203
14.979138851165771,65.46281476754616,-2.2542401830000003
14.97922945022583,63.74552711348008,-2.5166046850000003
14.979238033294678,65.89213668106268,-2.424005449
14.979244470596313,64.60417094051311,-2.511460283
14.97925090789795,62.99421376482616,-2.444583057
14.979257345199585,61.706248024276604,-2.650359137
14.979264497756958,68.79005959729919,-2.2388069770000003
14.979271411895752,63.1015442432053,-2.444583057
14.979279518127441,64.49684046213399,-2.480593871
14.97928524017334,68.68272911892005,-2.346839419
14.979291677474976,63.1015442432053,-2.465160665
14.979297876358032,64.06751854861747,-2.429149851
14.979304075241089,66.75078050809572,-2.367417027
14.979310989379883,67.71675481350789,-2.5166046850000003
14.979317665100098,62.67222232968878,-2.470305067
14.979324102401733,64.81883189727138,-2.403427841
14.979330062866211,63.638196635100954,-2.413716645
14.979336738586426,67.0727719432331,-2.485738273
14.979342699050903,64.1748490269966,-2.403427841
14.979349136352539,62.24290041617226,-2.326261811
14.979355335235596,66.96544146485398,-2.403427841
14.979360818862915,63.1015442432053,-2.496027077
14.979367017745972,66.10679763782093,-2.367417027
14.979373216629028,63.42353567834269,-2.5217490870000003
14.979379653930664,65.03349285402965,-2.429149851
14.979385375976562,64.81883189727138,-2.434294253
14.979392051696777,66.96544146485398,-2.2748177910000003
14.979398727416992,60.31095180534792,-2.614348323
14.979416608810425,68.4680681621618,-2.326261811
14.979422569274902,62.67222232968878,-2.485738273
14.979429006576538,68.03874624864528,-2.485738273
14.979434490203857,63.638196635100954,-2.393139037
14.979440689086914,65.35548428916704,-2.413716645
14.979446411132812,66.64345002971659,-2.351983821
14.979453563690186,61.813578502655744,-2.629781529
14.979459524154663,66.64345002971659,-2.331406213
14.979465246200562,63.316205199963555,-2.5423266950000003
14.979472160339355,66.96544146485398,-2.382850233
14.979478359222412,63.53086615672182,-2.5577599010000003
14.979485034942627,63.638196635100954,-2.418861047
14.979491233825684,67.0727719432331,-2.2748177910000003
14.97949767112732,61.276926110760094,-2.712091961
14.979512453079224,68.25340720540353,-2.2696733890000003
14.979519128799438,66.64345002971659,-2.640070333
14.979524850845337,65.2481538107879,-2.372561429
14.979530811309814,64.49684046213399,-2.382850233
14.979536771774292,63.638196635100954,-2.501171479
14.979542970657349,64.1748490269966,-2.403427841
14.979548692703247,65.35548428916704,-2.5371822930000003
14.979555130004883,65.57014524592529,-2.413716645
14.97956109046936,62.77955280806791,-2.5320378910000003
14.979567766189575,62.67222232968878,-2.2748177910000003
14.979574203491211,66.21412811620007,-2.377705831
14.979580163955688,63.20887472158443,-2.5474710970000003
14.979587316513062,66.75078050809572,-2.408572243
14.979593276977539,67.3947633783705,-2.326261811
14.979599237442017,60.31095180534792,-2.665792343
14.979604959487915,69.86336438109049,-2.351983821
14.979611158370972,61.92090898103487,-2.5423266950000003
14.979617595672607,66.21412811620007,-2.336550615
14.979623794555664,64.60417094051311,-2.470305067
14.979629755020142,65.78480620268355,-2.449727459
14.979641199111938,67.60942433512876,-2.213084967
15.186136722564697,60.9549346756227,-2.712091961
15.186158180236816,69.11205103243658,-2.2645289870000003
15.18616771697998,62.564891851309646,-2.5217490870000003
15.186176300048828,65.35548428916704,-2.454871861
15.18618369102478,65.14082333240877,-2.2902509970000002
15.186190843582153,63.1015442432053,-2.434294253
15.186197757720947,65.67747572430441,-2.465160665
15.186204433441162,65.14082333240877,-2.465160665
15.186210870742798,61.813578502655744,-2.5320378910000003
15.186219453811646,69.75603390271137,-2.2902509970000002
15.18622636795044,61.92090898103487,-2.5526154990000003
15.186233520507812,65.14082333240877,-2.506315881
15.186264038085938,64.9261623756505,-2.372561429
15.186270952224731,65.78480620268355,-2.485738273
15.186277389526367,68.36073768378266,-2.315973007
15.186285972595215,61.813578502655744,-2.670936745
15.186293125152588,66.96544146485398,-2.2696733890000003
15.186300039291382,63.74552711348008,-2.506315881
15.186306953430176,65.46281476754616,-2.336550615
15.18631386756897,64.06751854861747,-2.321117409
15.186320543289185,66.85811098647484,-2.449727459
15.18632698059082,66.64345002971659,-2.321117409
15.186333179473877,59.55963845669401,-2.624637127
15.186339616775513,69.00472055405744,-2.367417027
15.186346292495728,63.852857591859205,-2.346839419
15.186352968215942,64.1748490269966,-2.475449469
15.18635892868042,66.85811098647484,-2.377705831
15.186365365982056,62.99421376482616,-2.393139037
15.186371564865112,64.60417094051311,-2.439438655
15.186378002166748,66.42878907295832,-2.326261811
15.186384677886963,64.49684046213399,-2.485738273
15.186391353607178,62.13556993779312,-2.5783375090000002
15.186397790908813,67.50209385674964,-2.398283439
15.186439514160156,63.316205199963555,-2.480593871
15.186445951461792,66.3214585945792,-2.460016263
15.186452865600586,64.9261623756505,-2.362272625
15.1864595413208,62.35023089455139,-2.485738273
15.186465978622437,68.36073768378266,-2.403427841
15.186471939086914,62.028239459413996,-2.5217490870000003
15.186478853225708,66.42878907295832,-2.362272625
15.186485528945923,62.88688328644704,-2.5217490870000003
15.186492204666138,61.813578502655744,-2.485738273
15.186498165130615,63.960188070238345,-2.429149851
15.18650484085083,67.28743289999137,-2.346839419
15.186511278152466,60.09629084858966,-2.676081147
15.18651795387268,70.82933868650265,-2.2902509970000002
15.186524152755737,64.1748490269966,-2.475449469
15.18653130531311,65.57014524592529,-2.449727459
15.186537265777588,62.24290041617226,-2.480593871
15.186543941497803,64.60417094051311,-2.403427841
15.18655014038086,66.75078050809572,-2.2696733890000003
15.186556816101074,62.564891851309646,-2.624637127
15.18656325340271,68.36073768378266,-2.2645289870000003
15.186569452285767,61.38425658913922,-2.5783375090000002
15.186576128005981,67.71675481350789,-2.408572243
15.186582088470459,64.06751854861747,-2.5423266950000003
15.186589002609253,65.57014524592529,-2.460016263
15.186595678329468,68.03874624864528,-2.321117409
15.186602115631104,61.49158706751835,-2.609203921
15.18660831451416,67.3947633783705,-2.2748177910000003
15.186614751815796,62.45756137293052,-2.5474710970000003
15.186621189117432,64.28217950537572,-2.382850233
15.186627626419067,63.53086615672182,-2.465160665
15.186633586883545,64.60417094051311,-2.408572243
15.186639547348022,64.71150141889224,-2.444583057
15.186645746231079,66.85811098647484,-2.310828605
15.186651706695557,61.92090898103487,-2.629781529
15.186658382415771,68.25340720540353,-2.192507359
15.186664819717407,61.92090898103487,-2.5783375090000002
15.186671257019043,66.10679763782093,-2.367417027
15.186678647994995,64.1748490269966,-2.372561429
15.18668532371521,66.10679763782093,-2.377705831
15.186692237854004,63.53086615672182,-2.470305067
15.186700105667114,63.638196635100954,-2.5166046850000003
15.186707735061646,65.89213668106268,-2.2851065950000002
15.186715126037598,63.960188070238345,-2.5629043030000003
15.186729669570923,63.53086615672182,-2.434294253
15.186736822128296,64.9261623756505,-2.418861047
15.186744213104248,66.64345002971659,-2.454871861
15.186750650405884,63.316205199963555,-2.408572243
15.18675708770752,65.14082333240877,-2.5526154990000003
15.186764478683472,69.75603390271137,-2.166785349
15.186770915985107,63.316205199963555,-2.444583057
15.18677830696106,64.1748490269966,-2.490882675
15.186785221099854,65.89213668106268,-2.357128223
15.18679141998291,62.88688328644704,-2.506315881
15.186797857284546,64.38950998375486,-2.501171479
15.186805725097656,64.81883189727138,-2.454871861
15.186812400817871,61.59891754589748,-2.403427841
15.186819076538086,68.89739007567832,-2.2851065950000002
15.186826229095459,62.88688328644704,-2.676081147
15.186832904815674,64.81883189727138,-2.372561429
15.18683934211731,64.71150141889224,-2.470305067
15.186846017837524,66.64345002971659,-2.485738273
15.186852216720581,67.50209385674964,-2.336550615
15.186943292617798,60.84760419724358,-2.665792343
15.186951160430908,66.42878907295832,-2.2748177910000003
15.186959266662598,64.1748490269966,-2.609203921
15.186966180801392,65.46281476754616,-2.382850233
15.186973333358765,64.60417094051311,-2.387994635
15.393754959106445,64.38950998375486,-2.367417027
15.39377760887146,66.85811098647484,-2.331406213
15.393786191940308,59.77429941345227,-2.634925931
15.39379334449768,69.21938151081571,-2.341695017
15.393800735473633,63.1015442432053,-2.444583057
15.393807888031006,63.960188070238345,-2.511460283
15.393815517425537,66.3214585945792,-2.424005449
15.393823146820068,62.99421376482616,-2.5268934890000003
15.3938307762146,64.81883189727138,-2.377705831
15.393837690353394,67.3947633783705,-2.300539801
15.393844604492188,66.21412811620007,-2.418861047
15.39385175704956,62.35023089455139,-2.5474710970000003
15.393859624862671,66.21412811620007,-2.418861047
15.393865823745728,64.28217950537572,-2.424005449
15.393872499465942,64.06751854861747,-2.418861047
15.393879175186157,64.38950998375486,-2.444583057
15.393885612487793,63.20887472158443,-2.439438655
15.39389181137085,66.75078050809572,-2.387994635
15.393899202346802,62.99421376482616,-2.465160665
15.39390516281128,66.64345002971659,-2.424005449
15.393911838531494,62.88688328644704,-2.454871861
15.39391827583313,64.38950998375486,-2.434294253
15.393924951553345,63.53086615672182,-2.460016263
15.39393138885498,67.28743289999137,-2.310828605
15.393937826156616,60.9549346756227,-2.5423266950000003
15.39394497871399,63.20887472158443,-2.480593871
15.393950939178467,67.0727719432331,-2.2645289870000003
15.393958330154419,62.13556993779312,-2.485738273
15.393965721130371,66.85811098647484,-2.449727459
15.393972396850586,64.81883189727138,-2.387994635
15.393978595733643,64.9261623756505,-2.429149851
15.3939847946167,63.638196635100954,-2.701803157
15.393991231918335,67.0727719432331,-2.439438655
15.393996953964233,65.03349285402965,-2.444583057
15.39400339126587,65.67747572430441,-2.444583057
15.394009828567505,65.03349285402965,-2.408572243
15.394017219543457,65.46281476754616,-2.2953953990000002
15.394025564193726,66.75078050809572,-2.372561429
15.394032001495361,61.59891754589748,-2.5320378910000003
15.394038677215576,68.79005959729919,-2.2953953990000002
15.39404559135437,62.564891851309646,-2.5217490870000003
15.394052267074585,66.10679763782093,-2.439438655
15.394058465957642,67.50209385674964,-2.454871861
15.394064903259277,65.57014524592529,-2.506315881
15.394071340560913,63.960188070238345,-2.346839419
15.394078016281128,65.89213668106268,-2.485738273
15.394083976745605,64.60417094051311,-2.424005449
15.39409065246582,61.813578502655744,-2.5886263130000002
15.394098043441772,64.9261623756505,-2.357128223
15.394104719161987,64.60417094051311,-2.506315881
15.394111394882202,65.14082333240877,-2.5526154990000003
15.394118547439575,64.81883189727138,-2.501171479
15.394125699996948,67.50209385674964,-2.346839419
15.39413595199585,61.92090898103487,-2.619492725
15.394142389297485,67.82408529188702,-2.413716645
15.394148826599121,63.20887472158443,-2.5371822930000003
15.394155502319336,67.60942433512876,-2.362272625
15.394161462783813,63.316205199963555,-2.511460283
15.394168138504028,65.46281476754616,-2.5680487050000003
15.394174814224243,67.0727719432331,-2.300539801
15.394181489944458,59.55963845669401,-2.640070333
15.394187927246094,69.32671198919485,-2.2490957810000003
15.394195079803467,62.13556993779312,-2.5474710970000003
15.394201755523682,64.71150141889224,-2.501171479
15.39420747756958,67.0727719432331,-2.393139037
15.394213199615479,63.852857591859205,-2.460016263
15.394219875335693,64.60417094051311,-2.5166046850000003
15.394226312637329,64.9261623756505,-2.362272625
15.394232034683228,57.842350802627934,-2.634925931
15.394238948822021,69.43404246757397,-2.2851065950000002
15.394245624542236,63.316205199963555,-2.5526154990000003
15.39425253868103,62.99421376482616,-2.475449469
15.394260168075562,65.89213668106268,-2.485738273
15.394266843795776,65.46281476754616,-2.5217490870000003
15.394273281097412,67.82408529188702,-2.372561429
15.394279479980469,61.276926110760094,-2.732669569
15.394286155700684,66.21412811620007,-2.141063339
15.394292831420898,64.60417094051311,-2.475449469
15.394298553466797,65.35548428916704,-2.424005449
15.394304275512695,65.03349285402965,-2.398283439
15.394310235977173,65.35548428916704,-2.444583057
15.39431619644165,68.36073768378266,-2.357128223
15.39432168006897,60.203621326968786,-2.624637127
15.394328117370605,67.71675481350789,-2.341695017
15.394334316253662,65.35548428916704,-2.418861047
15.39434003829956,61.706248024276604,-2.5526154990000003
15.394346475601196,65.78480620268355,-2.336550615
15.394352674484253,62.564891851309646,-2.5526154990000003
15.394359588623047,65.67747572430441,-2.511460283
15.394366264343262,66.96544146485398,-2.2902509970000002
15.394372701644897,64.71150141889224,-2.511460283
15.394378662109375,62.88688328644704,-2.511460283
15.394384860992432,65.03349285402965,-2.393139037
15.39439082145691,65.46281476754616,-2.470305067
15.394397020339966,65.57014524592529,-2.444583057
15.39441442489624,64.71150141889224,-2.439438655
15.394420385360718,64.38950998375486,-2.398283439
15.394426345825195,65.57014524592529,-2.418861047
15.394432544708252,63.638196635100954,-2.418861047
15.394438982009888,66.10679763782093,-2.382850233
15.600922107696533,63.53086615672182,-2.5320378910000003
15.600940465927124,64.49684046213399,-2.5783375090000002
15.600947618484497,64.38950998375486,-2.5166046850000003
15.600953102111816,68.57539864054093,-2.305684203
15.60096001625061,59.881629891831395,-2.5474710970000003
15.600965976715088,66.10679763782093,-2.475449469
15.600971937179565,65.03349285402965,-2.300539801
15.600977659225464,65.67747572430441,-2.382850233
15.600983142852783,63.960188070238345,-2.490882675
15.60098910331726,64.38950998375486,-2.465160665
15.600994348526001,67.82408529188702,-2.2645289870000003
15.6010000705719,60.203621326968786,-2.670936745
15.60100531578064,70.07802533784874,-2.2593845850000003
15.601010799407959,61.276926110760094,-2.5526154990000003
15.601016283035278,66.96544146485398,-2.372561429
15.60102128982544,62.24290041617226,-2.609203921
15.601027011871338,63.53086615672182,-2.5166046850000003
15.601032257080078,67.18010242161225,-2.321117409
15.601037502288818,60.84760419724358,-2.619492725
15.601042747497559,68.36073768378266,-2.2388069770000003
15.601048231124878,61.169595632380954,-2.5937707150000002
15.601053714752197,62.99421376482616,-2.465160665
15.601058959960938,62.77955280806791,-2.511460283
15.601064682006836,67.0727719432331,-2.470305067
15.601070404052734,64.49684046213399,-2.403427841
15.601075649261475,67.3947633783705,-2.2799621930000002
15.601080894470215,62.028239459413996,-2.460016263
15.601086378097534,66.64345002971659,-2.460016263
15.601091623306274,62.13556993779312,-2.634925931
15.601102113723755,66.10679763782093,-2.213084967
15.601107597351074,63.852857591859205,-2.444583057
15.601112604141235,65.67747572430441,-2.501171479
15.601118087768555,65.57014524592529,-2.326261811
15.601123094558716,60.9549346756227,-2.727525167
15.601128339767456,68.57539864054093,-2.2388069770000003
15.601133823394775,62.77955280806791,-2.5886263130000002
15.601139307022095,65.78480620268355,-2.362272625
15.601145029067993,64.60417094051311,-2.501171479
15.601150274276733,64.38950998375486,-2.470305067
15.601155042648315,67.0727719432331,-2.305684203
15.601160526275635,62.35023089455139,-2.5834819110000002
15.601165533065796,66.42878907295832,-2.377705831
15.601170301437378,61.813578502655744,-2.5629043030000003
15.601175785064697,67.3947633783705,-2.310828605
15.601181507110596,63.960188070238345,-2.470305067
15.601186275482178,64.28217950537572,-2.434294253
15.601191520690918,64.81883189727138,-2.377705831
15.601196765899658,69.5413729459531,-2.300539801
15.601202011108398,59.34497749993575,-2.670936745
15.601207494735718,70.07802533784874,-2.207940565
15.601212739944458,65.35548428916704,-2.5217490870000003
15.601283550262451,63.42353567834269,-2.5834819110000002
15.601289987564087,65.67747572430441,-2.387994635
15.601295232772827,65.67747572430441,-2.418861047
15.601300477981567,64.06751854861747,-2.408572243
15.601305484771729,65.03349285402965,-2.604059519
15.601310729980469,62.67222232968878,-2.5320378910000003
15.601316213607788,68.4680681621618,-2.490882675
15.601320743560791,63.42353567834269,-2.501171479
15.601325750350952,65.46281476754616,-2.465160665
15.601330757141113,68.03874624864528,-2.331406213
15.601335525512695,59.23764702155662,-2.773824785
15.601340532302856,67.60942433512876,-2.439438655
15.601345300674438,66.53611955133745,-2.2748177910000003
15.601350784301758,61.276926110760094,-2.5783375090000002
15.601357221603394,68.4680681621618,-2.403427841
15.601361989974976,62.67222232968878,-2.5474710970000003
15.601367473602295,69.00472055405744,-2.485738273
15.601372480392456,67.3947633783705,-2.398283439
15.601377248764038,60.9549346756227,-2.665792343
15.60138201713562,66.53611955133745,-2.305684203
15.601386785507202,67.28743289999137,-2.449727459
15.601391792297363,62.45756137293052,-2.362272625
15.601396560668945,66.42878907295832,-2.454871861
15.601417779922485,63.960188070238345,-2.485738273
15.601422786712646,65.89213668106268,-2.315973007
15.601428031921387,65.46281476754616,-2.619492725
15.601432800292969,65.89213668106268,-2.2851065950000002
15.601438045501709,66.64345002971659,-2.429149851
15.601442813873291,62.88688328644704,-2.470305067
15.601447582244873,63.852857591859205,-2.470305067
15.601452350616455,64.71150141889224,-2.413716645
15.601456880569458,66.21412811620007,-2.393139037
15.60146164894104,63.1015442432053,-2.382850233
15.6014723777771,61.06226515400183,-2.609203921
15.60147738456726,69.11205103243658,-2.2696733890000003
15.60148286819458,60.09629084858966,-2.5423266950000003
15.601487874984741,68.25340720540353,-2.362272625
15.601492643356323,63.53086615672182,-2.449727459
15.601497173309326,66.21412811620007,-2.413716645
15.601501703262329,63.638196635100954,-2.434294253
15.601507186889648,69.5413729459531,-2.300539801
15.60151743888855,63.1015442432053,-2.418861047
15.601522207260132,65.03349285402965,-2.429149851
15.601526975631714,65.2481538107879,-2.387994635
15.601531744003296,63.638196635100954,-2.434294253
15.601536273956299,65.2481538107879,-2.424005449
15.60154128074646,63.638196635100954,-2.444583057
15.601546287536621,65.03349285402965,-2.485738273
15.601550817489624,62.13556993779312,-2.490882675
