ISO-10303-21;
HEADER;
/* Generated by software containing ST-Developer
 * from STEP Tools, Inc. (www.steptools.com) 
 */
/* OPTION: using custom renumber hook */

FILE_DESCRIPTION(
/* description */ ('STEP AP203'),
/* implementation_level */ '2;1');

FILE_NAME(
/* name */ 'GEH6040IL-03-B01GEH6000IL',
/* time_stamp */ '2026-05-27T10:58:27+02:00',
/* author */ ('License CC BY-ND 4.0'),
/* organization */ ('CADENAS'),
/* preprocessor_version */ 'ST-DEVELOPER v20',
/* originating_system */ 'PARTsolutions',
/* authorisation */ '  ');

FILE_SCHEMA (('CONFIG_CONTROL_DESIGN'));
ENDSEC;

DATA;
#10=PROPERTY_DEFINITION_REPRESENTATION(#14,#12);
#11=PROPERTY_DEFINITION_REPRESENTATION(#15,#13);
#12=REPRESENTATION('',(#16),#13855);
#13=REPRESENTATION('',(#17),#13855);
#14=PROPERTY_DEFINITION('pmi validation property','',#13868);
#15=PROPERTY_DEFINITION('pmi validation property','',#13868);
#16=VALUE_REPRESENTATION_ITEM('number of annotations',COUNT_MEASURE(0.));
#17=VALUE_REPRESENTATION_ITEM('number of views',COUNT_MEASURE(0.));
#18=CONTEXT_DEPENDENT_SHAPE_REPRESENTATION(#34,#13870);
#19=CONTEXT_DEPENDENT_SHAPE_REPRESENTATION(#35,#13872);
#20=CONTEXT_DEPENDENT_SHAPE_REPRESENTATION(#36,#13874);
#21=CONTEXT_DEPENDENT_SHAPE_REPRESENTATION(#37,#13876);
#22=CONTEXT_DEPENDENT_SHAPE_REPRESENTATION(#38,#13877);
#23=CONTEXT_DEPENDENT_SHAPE_REPRESENTATION(#39,#13878);
#24=CONTEXT_DEPENDENT_SHAPE_REPRESENTATION(#40,#13879);
#25=CONTEXT_DEPENDENT_SHAPE_REPRESENTATION(#41,#13880);
#26=NEXT_ASSEMBLY_USAGE_OCCURRENCE('NAUO1',
'GEH6040IL-03-B_zyl_GEH6000IL','GEH6040IL-03-B_zyl_GEH6000IL',#13881,#13882,
'');
#27=NEXT_ASSEMBLY_USAGE_OCCURRENCE('NAUO2','CSTE00846_Stecker-',
'CSTE00846_Stecker-',#13881,#13883,'');
#28=NEXT_ASSEMBLY_USAGE_OCCURRENCE('NAUO3','GEH6040IL-03-B(Bac)',
'GEH6040IL-03-B(Bac)',#13881,#13884,'');
#29=NEXT_ASSEMBLY_USAGE_OCCURRENCE('NAUO4','DST40400_zentrierhuelse',
'DST40400_zentrierhuelse',#13881,#13885,'');
#30=NEXT_ASSEMBLY_USAGE_OCCURRENCE('NAUO5','DST40400_zentrierhuelse',
'DST40400_zentrierhuelse',#13881,#13885,'');
#31=NEXT_ASSEMBLY_USAGE_OCCURRENCE('NAUO6','GEH6040IL-03-B(Bac)',
'GEH6040IL-03-B(Bac)',#13881,#13884,'');
#32=NEXT_ASSEMBLY_USAGE_OCCURRENCE('NAUO7','DST40400_zentrierhuelse',
'DST40400_zentrierhuelse',#13881,#13885,'');
#33=NEXT_ASSEMBLY_USAGE_OCCURRENCE('NAUO8','DST40400_zentrierhuelse',
'DST40400_zentrierhuelse',#13881,#13885,'');
#34=(
REPRESENTATION_RELATIONSHIP(' ',' ',#8231,#8230)
REPRESENTATION_RELATIONSHIP_WITH_TRANSFORMATION(#42)
SHAPE_REPRESENTATION_RELATIONSHIP()
);
#35=(
REPRESENTATION_RELATIONSHIP(' ',' ',#8232,#8230)
REPRESENTATION_RELATIONSHIP_WITH_TRANSFORMATION(#43)
SHAPE_REPRESENTATION_RELATIONSHIP()
);
#36=(
REPRESENTATION_RELATIONSHIP(' ',' ',#8233,#8230)
REPRESENTATION_RELATIONSHIP_WITH_TRANSFORMATION(#44)
SHAPE_REPRESENTATION_RELATIONSHIP()
);
#37=(
REPRESENTATION_RELATIONSHIP(' ',' ',#8234,#8230)
REPRESENTATION_RELATIONSHIP_WITH_TRANSFORMATION(#45)
SHAPE_REPRESENTATION_RELATIONSHIP()
);
#38=(
REPRESENTATION_RELATIONSHIP(' ',' ',#8234,#8230)
REPRESENTATION_RELATIONSHIP_WITH_TRANSFORMATION(#46)
SHAPE_REPRESENTATION_RELATIONSHIP()
);
#39=(
REPRESENTATION_RELATIONSHIP(' ',' ',#8233,#8230)
REPRESENTATION_RELATIONSHIP_WITH_TRANSFORMATION(#47)
SHAPE_REPRESENTATION_RELATIONSHIP()
);
#40=(
REPRESENTATION_RELATIONSHIP(' ',' ',#8234,#8230)
REPRESENTATION_RELATIONSHIP_WITH_TRANSFORMATION(#48)
SHAPE_REPRESENTATION_RELATIONSHIP()
);
#41=(
REPRESENTATION_RELATIONSHIP(' ',' ',#8234,#8230)
REPRESENTATION_RELATIONSHIP_WITH_TRANSFORMATION(#49)
SHAPE_REPRESENTATION_RELATIONSHIP()
);
#42=ITEM_DEFINED_TRANSFORMATION(' ',' ',#8235,#8807);
#43=ITEM_DEFINED_TRANSFORMATION(' ',' ',#8235,#8958);
#44=ITEM_DEFINED_TRANSFORMATION(' ',' ',#8235,#9021);
#45=ITEM_DEFINED_TRANSFORMATION(' ',' ',#8235,#9038);
#46=ITEM_DEFINED_TRANSFORMATION(' ',' ',#8235,#9039);
#47=ITEM_DEFINED_TRANSFORMATION(' ',' ',#8235,#9040);
#48=ITEM_DEFINED_TRANSFORMATION(' ',' ',#8235,#9041);
#49=ITEM_DEFINED_TRANSFORMATION(' ',' ',#8235,#9042);
#50=SHAPE_REPRESENTATION_RELATIONSHIP('','',#8231,#54);
#51=SHAPE_REPRESENTATION_RELATIONSHIP('','',#8232,#55);
#52=SHAPE_REPRESENTATION_RELATIONSHIP('','',#8233,#56);
#53=SHAPE_REPRESENTATION_RELATIONSHIP('','',#8234,#57);
#54=ADVANCED_BREP_SHAPE_REPRESENTATION('',(#8221),#13856);
#55=ADVANCED_BREP_SHAPE_REPRESENTATION('',(#8222),#13857);
#56=ADVANCED_BREP_SHAPE_REPRESENTATION('',(#8223),#13858);
#57=ADVANCED_BREP_SHAPE_REPRESENTATION('',(#8224),#13859);
#58=VERTEX_LOOP('',#5452);
#59=VERTEX_LOOP('',#5454);
#60=VERTEX_LOOP('',#5458);
#61=VERTEX_LOOP('',#5460);
#62=VERTEX_LOOP('',#5462);
#63=VERTEX_LOOP('',#5465);
#64=VERTEX_LOOP('',#6006);
#65=VERTEX_LOOP('',#6011);
#66=VERTEX_LOOP('',#6016);
#67=TOROIDAL_SURFACE('',#8263,3.00000000000154,0.99999999999846);
#68=TOROIDAL_SURFACE('',#8267,3.00000000000154,0.99999999999846);
#69=TOROIDAL_SURFACE('',#8369,3.00000000000153,0.99999999999846);
#70=TOROIDAL_SURFACE('',#8370,3.00000000000153,0.99999999999846);
#71=TOROIDAL_SURFACE('',#8426,3.25000000000094,0.500000000000939);
#72=TOROIDAL_SURFACE('',#8873,3.22997455636644,0.999999999998517);
#73=TOROIDAL_SURFACE('',#8879,5.04999999999945,0.200000000000553);
#74=TOROIDAL_SURFACE('',#8883,4.60000000000054,0.20000000000054);
#75=TOROIDAL_SURFACE('',#8887,5.3999987938063,1.00000000001255);
#76=TOROIDAL_SURFACE('',#8891,4.10000385922412,0.999999999999024);
#77=TOROIDAL_SURFACE('',#8895,6.09999879379602,1.00000000000227);
#78=TOROIDAL_SURFACE('',#8899,5.00000385922459,0.999999999998562);
#79=TOROIDAL_SURFACE('',#8903,4.99999999998488,1.00000000001528);
#80=TOROIDAL_SURFACE('',#8907,5.31662699255906,0.499999999999517);
#81=TOROIDAL_SURFACE('',#8914,7.29999999999945,0.200000000000547);
#82=B_SPLINE_CURVE_WITH_KNOTS('',3,(#11472,#11473,#11474,#11475),
 .UNSPECIFIED.,.F.,.F.,(4,4),(0.00149024239343352,0.00209581876241437),
 .UNSPECIFIED.);
#83=B_SPLINE_CURVE_WITH_KNOTS('',3,(#11476,#11477,#11478,#11479),
 .UNSPECIFIED.,.F.,.F.,(4,4),(2.85271382305389E-7,0.000605861719122409),
 .UNSPECIFIED.);
#84=B_SPLINE_CURVE_WITH_KNOTS('',3,(#11481,#11482,#11483,#11484),
 .UNSPECIFIED.,.F.,.F.,(4,4),(0.00148232605879421,0.00208790242777507),
 .UNSPECIFIED.);
#85=B_SPLINE_CURVE_WITH_KNOTS('',3,(#11485,#11486,#11487,#11488),
 .UNSPECIFIED.,.F.,.F.,(4,4),(2.85688144218254E-7,0.000605862135884314),
 .UNSPECIFIED.);
#86=B_SPLINE_CURVE_WITH_KNOTS('',3,(#11490,#11491,#11492,#11493),
 .UNSPECIFIED.,.F.,.F.,(4,4),(2.85271382305544E-7,0.000605861719122426),
 .UNSPECIFIED.);
#87=B_SPLINE_CURVE_WITH_KNOTS('',3,(#11494,#11495,#11496,#11497),
 .UNSPECIFIED.,.F.,.F.,(4,4),(2.8568814422358E-7,0.000605862135884347),
 .UNSPECIFIED.);
#88=B_SPLINE_CURVE_WITH_KNOTS('',3,(#11525,#11526,#11527,#11528,#11529,
#11530),.UNSPECIFIED.,.F.,.F.,(4,1,1,4),(0.00450655823868449,0.00525695830571029,
0.00563215833922319,0.00600735837273609),.UNSPECIFIED.);
#89=B_SPLINE_CURVE_WITH_KNOTS('',3,(#11541,#11542,#11543,#11544,#11545,
#11546),.UNSPECIFIED.,.F.,.F.,(4,1,1,4),(7.97533831472078E-6,0.0003845780222106,
0.00076118070610648,0.00151438607389824),.UNSPECIFIED.);
#90=B_SPLINE_CURVE_WITH_KNOTS('',3,(#13315,#13316,#13317,#13318),
 .UNSPECIFIED.,.F.,.F.,(4,4),(0.0187638631099867,0.021788904624679),
 .UNSPECIFIED.);
#91=B_SPLINE_CURVE_WITH_KNOTS('',3,(#13320,#13321,#13322,#13323),
 .UNSPECIFIED.,.F.,.F.,(4,4),(0.021788904624679,0.024826759546115),
 .UNSPECIFIED.);
#92=B_SPLINE_CURVE_WITH_KNOTS('',3,(#13327,#13328,#13329,#13330),
 .UNSPECIFIED.,.F.,.F.,(4,4),(0.021788904624679,0.024826759546115),
 .UNSPECIFIED.);
#93=B_SPLINE_CURVE_WITH_KNOTS('',3,(#13332,#13333,#13334,#13335),
 .UNSPECIFIED.,.F.,.F.,(4,4),(0.0187638631099867,0.021788904624679),
 .UNSPECIFIED.);
#94=B_SPLINE_CURVE_WITH_KNOTS('',3,(#13364,#13365,#13366,#13367),
 .UNSPECIFIED.,.F.,.F.,(4,4),(1.87982550059512E-6,0.000578953204065904),
 .UNSPECIFIED.);
#95=B_SPLINE_CURVE_WITH_KNOTS('',3,(#13371,#13372,#13373,#13374),
 .UNSPECIFIED.,.F.,.F.,(4,4),(0.00574581680665336,0.00632020710486787),
 .UNSPECIFIED.);
#96=B_SPLINE_CURVE_WITH_KNOTS('',3,(#13376,#13377,#13378,#13379),
 .UNSPECIFIED.,.F.,.F.,(4,4),(0.00574581680665335,0.00632020710486786),
 .UNSPECIFIED.);
#97=B_SPLINE_CURVE_WITH_KNOTS('',3,(#13381,#13382,#13383,#13384),
 .UNSPECIFIED.,.F.,.F.,(4,4),(1.87982550059645E-6,0.000578953204065903),
 .UNSPECIFIED.);
#98=B_SPLINE_CURVE_WITH_KNOTS('',3,(#13388,#13389,#13390,#13391),
 .UNSPECIFIED.,.F.,.F.,(4,4),(0.00574581680665336,0.00632020710486787),
 .UNSPECIFIED.);
#99=B_SPLINE_CURVE_WITH_KNOTS('',3,(#13393,#13394,#13395,#13396),
 .UNSPECIFIED.,.F.,.F.,(4,4),(1.87982550059484E-6,0.000578953204065902),
 .UNSPECIFIED.);
#100=B_SPLINE_CURVE_WITH_KNOTS('',3,(#13400,#13401,#13402,#13403),
 .UNSPECIFIED.,.F.,.F.,(4,4),(0.00574581680665336,0.00632020710486787),
 .UNSPECIFIED.);
#101=B_SPLINE_CURVE_WITH_KNOTS('',3,(#13405,#13406,#13407,#13408),
 .UNSPECIFIED.,.F.,.F.,(4,4),(1.87982550059512E-6,0.000578953204065904),
 .UNSPECIFIED.);
#102=B_SPLINE_CURVE_WITH_KNOTS('',3,(#13412,#13413,#13414,#13415),
 .UNSPECIFIED.,.F.,.F.,(4,4),(0.00574581680665335,0.00632020710486786),
 .UNSPECIFIED.);
#103=B_SPLINE_CURVE_WITH_KNOTS('',3,(#13417,#13418,#13419,#13420),
 .UNSPECIFIED.,.F.,.F.,(4,4),(1.87982550059645E-6,0.000578953204065903),
 .UNSPECIFIED.);
#104=B_SPLINE_CURVE_WITH_KNOTS('',3,(#13424,#13425,#13426,#13427),
 .UNSPECIFIED.,.F.,.F.,(4,4),(0.00574581680665336,0.00632020710486787),
 .UNSPECIFIED.);
#105=B_SPLINE_CURVE_WITH_KNOTS('',3,(#13429,#13430,#13431,#13432),
 .UNSPECIFIED.,.F.,.F.,(4,4),(1.87982550059484E-6,0.000578953204065902),
 .UNSPECIFIED.);
#106=CONICAL_SURFACE('',#8252,5.325735931288,0.785398163397444);
#107=CONICAL_SURFACE('',#8253,5.325735931288,0.785398163397444);
#108=CONICAL_SURFACE('',#8254,5.325735931288,0.785398163397444);
#109=CONICAL_SURFACE('',#8391,6.,0.785398163397413);
#110=CONICAL_SURFACE('',#8402,2.067,0.785398163397451);
#111=CONICAL_SURFACE('',#8413,2.067,0.785398163397447);
#112=CONICAL_SURFACE('',#8414,0.,1.02974425867666);
#113=CONICAL_SURFACE('',#8417,0.,1.02974425867666);
#114=CONICAL_SURFACE('',#8429,0.,1.0297442586767);
#115=CONICAL_SURFACE('',#8432,0.,1.0297442586767);
#116=CONICAL_SURFACE('',#8435,0.,1.02974425867664);
#117=CONICAL_SURFACE('',#8439,2.067,0.785398163397448);
#118=CONICAL_SURFACE('',#8440,0.,1.02974425867664);
#119=CONICAL_SURFACE('',#8444,2.067,0.785398163397448);
#120=CONICAL_SURFACE('',#8823,6.,0.785398163397448);
#121=CONICAL_SURFACE('',#8825,6.,0.785398163397448);
#122=CONICAL_SURFACE('',#8835,6.982,0.828433776420881);
#123=CONICAL_SURFACE('',#8837,6.982,0.828433776420881);
#124=CONICAL_SURFACE('',#8839,6.982,0.828433776420881);
#125=CONICAL_SURFACE('',#8841,6.982,0.828433776420881);
#126=CONICAL_SURFACE('',#8843,6.982,0.828433776420881);
#127=CONICAL_SURFACE('',#8845,6.982,0.828433776420881);
#128=CONICAL_SURFACE('',#8861,2.752166729863,5.41682465220297E-5);
#129=CONICAL_SURFACE('',#8869,2.7505416824657,5.4168246517064E-5);
#130=CONICAL_SURFACE('',#8875,4.0961313108913,0.5233360338617);
#131=CONICAL_SURFACE('',#8889,4.4260000000002,0.226980774917144);
#132=CONICAL_SURFACE('',#8897,5.1260000000003,0.226977650078275);
#133=CONICAL_SURFACE('',#8905,5.9848922298946,0.174045239842767);
#134=CONICAL_SURFACE('',#8918,7.5,0.785398163397447);
#135=CONICAL_SURFACE('',#8923,5.25,0.785398163397435);
#136=CONICAL_SURFACE('',#8988,1.5,0.785398163397448);
#137=CONICAL_SURFACE('',#8992,1.2295,1.02974425867665);
#138=CONICAL_SURFACE('',#8997,1.5,0.785398163397448);
#139=CONICAL_SURFACE('',#9001,1.2295,1.02974425867665);
#140=CONICAL_SURFACE('',#9006,1.5,0.785398163397448);
#141=CONICAL_SURFACE('',#9010,1.2295,1.02974425867665);
#142=CONICAL_SURFACE('',#9019,0.2828427124745,0.785398163397057);
#143=CONICAL_SURFACE('',#9020,8.67361737988404E-16,0.785398163397057);
#144=CONICAL_SURFACE('',#9025,1.4999999999999,0.785398163397893);
#145=CONICAL_SURFACE('',#9029,2.4448456710674,0.785398163397895);
#146=CONICAL_SURFACE('',#9033,2.5,0.785398163397456);
#147=CONICAL_SURFACE('',#9037,1.5551543289325,0.785398163397454);
#148=PLANE('',#8244);
#149=PLANE('',#8255);
#150=PLANE('',#8277);
#151=PLANE('',#8278);
#152=PLANE('',#8280);
#153=PLANE('',#8282);
#154=PLANE('',#8285);
#155=PLANE('',#8291);
#156=PLANE('',#8293);
#157=PLANE('',#8301);
#158=PLANE('',#8306);
#159=PLANE('',#8307);
#160=PLANE('',#8308);
#161=PLANE('',#8311);
#162=PLANE('',#8312);
#163=PLANE('',#8315);
#164=PLANE('',#8318);
#165=PLANE('',#8321);
#166=PLANE('',#8324);
#167=PLANE('',#8327);
#168=PLANE('',#8328);
#169=PLANE('',#8329);
#170=PLANE('',#8330);
#171=PLANE('',#8331);
#172=PLANE('',#8332);
#173=PLANE('',#8333);
#174=PLANE('',#8334);
#175=PLANE('',#8335);
#176=PLANE('',#8336);
#177=PLANE('',#8337);
#178=PLANE('',#8338);
#179=PLANE('',#8339);
#180=PLANE('',#8340);
#181=PLANE('',#8341);
#182=PLANE('',#8342);
#183=PLANE('',#8343);
#184=PLANE('',#8344);
#185=PLANE('',#8345);
#186=PLANE('',#8346);
#187=PLANE('',#8347);
#188=PLANE('',#8348);
#189=PLANE('',#8360);
#190=PLANE('',#8361);
#191=PLANE('',#8365);
#192=PLANE('',#8378);
#193=PLANE('',#8381);
#194=PLANE('',#8386);
#195=PLANE('',#8387);
#196=PLANE('',#8394);
#197=PLANE('',#8398);
#198=PLANE('',#8405);
#199=PLANE('',#8409);
#200=PLANE('',#8420);
#201=PLANE('',#8421);
#202=PLANE('',#8422);
#203=PLANE('',#8427);
#204=PLANE('',#8428);
#205=PLANE('',#8445);
#206=PLANE('',#8446);
#207=PLANE('',#8447);
#208=PLANE('',#8448);
#209=PLANE('',#8451);
#210=PLANE('',#8452);
#211=PLANE('',#8453);
#212=PLANE('',#8456);
#213=PLANE('',#8457);
#214=PLANE('',#8460);
#215=PLANE('',#8461);
#216=PLANE('',#8464);
#217=PLANE('',#8467);
#218=PLANE('',#8470);
#219=PLANE('',#8473);
#220=PLANE('',#8474);
#221=PLANE('',#8475);
#222=PLANE('',#8476);
#223=PLANE('',#8477);
#224=PLANE('',#8478);
#225=PLANE('',#8479);
#226=PLANE('',#8480);
#227=PLANE('',#8481);
#228=PLANE('',#8482);
#229=PLANE('',#8483);
#230=PLANE('',#8484);
#231=PLANE('',#8485);
#232=PLANE('',#8486);
#233=PLANE('',#8487);
#234=PLANE('',#8488);
#235=PLANE('',#8489);
#236=PLANE('',#8490);
#237=PLANE('',#8491);
#238=PLANE('',#8492);
#239=PLANE('',#8493);
#240=PLANE('',#8494);
#241=PLANE('',#8495);
#242=PLANE('',#8496);
#243=PLANE('',#8497);
#244=PLANE('',#8498);
#245=PLANE('',#8499);
#246=PLANE('',#8500);
#247=PLANE('',#8501);
#248=PLANE('',#8502);
#249=PLANE('',#8503);
#250=PLANE('',#8504);
#251=PLANE('',#8508);
#252=PLANE('',#8509);
#253=PLANE('',#8510);
#254=PLANE('',#8511);
#255=PLANE('',#8512);
#256=PLANE('',#8513);
#257=PLANE('',#8514);
#258=PLANE('',#8515);
#259=PLANE('',#8516);
#260=PLANE('',#8517);
#261=PLANE('',#8518);
#262=PLANE('',#8519);
#263=PLANE('',#8520);
#264=PLANE('',#8521);
#265=PLANE('',#8522);
#266=PLANE('',#8523);
#267=PLANE('',#8524);
#268=PLANE('',#8528);
#269=PLANE('',#8529);
#270=PLANE('',#8530);
#271=PLANE('',#8531);
#272=PLANE('',#8532);
#273=PLANE('',#8533);
#274=PLANE('',#8534);
#275=PLANE('',#8535);
#276=PLANE('',#8536);
#277=PLANE('',#8537);
#278=PLANE('',#8538);
#279=PLANE('',#8539);
#280=PLANE('',#8540);
#281=PLANE('',#8541);
#282=PLANE('',#8542);
#283=PLANE('',#8543);
#284=PLANE('',#8544);
#285=PLANE('',#8545);
#286=PLANE('',#8546);
#287=PLANE('',#8562);
#288=PLANE('',#8623);
#289=PLANE('',#8663);
#290=PLANE('',#8664);
#291=PLANE('',#8665);
#292=PLANE('',#8666);
#293=PLANE('',#8667);
#294=PLANE('',#8668);
#295=PLANE('',#8669);
#296=PLANE('',#8670);
#297=PLANE('',#8671);
#298=PLANE('',#8675);
#299=PLANE('',#8676);
#300=PLANE('',#8677);
#301=PLANE('',#8678);
#302=PLANE('',#8679);
#303=PLANE('',#8680);
#304=PLANE('',#8681);
#305=PLANE('',#8682);
#306=PLANE('',#8683);
#307=PLANE('',#8684);
#308=PLANE('',#8691);
#309=PLANE('',#8692);
#310=PLANE('',#8693);
#311=PLANE('',#8694);
#312=PLANE('',#8695);
#313=PLANE('',#8699);
#314=PLANE('',#8700);
#315=PLANE('',#8701);
#316=PLANE('',#8702);
#317=PLANE('',#8703);
#318=PLANE('',#8704);
#319=PLANE('',#8705);
#320=PLANE('',#8706);
#321=PLANE('',#8707);
#322=PLANE('',#8708);
#323=PLANE('',#8709);
#324=PLANE('',#8710);
#325=PLANE('',#8711);
#326=PLANE('',#8715);
#327=PLANE('',#8716);
#328=PLANE('',#8717);
#329=PLANE('',#8721);
#330=PLANE('',#8722);
#331=PLANE('',#8726);
#332=PLANE('',#8727);
#333=PLANE('',#8728);
#334=PLANE('',#8729);
#335=PLANE('',#8730);
#336=PLANE('',#8734);
#337=PLANE('',#8735);
#338=PLANE('',#8742);
#339=PLANE('',#8746);
#340=PLANE('',#8747);
#341=PLANE('',#8751);
#342=PLANE('',#8755);
#343=PLANE('',#8759);
#344=PLANE('',#8760);
#345=PLANE('',#8764);
#346=PLANE('',#8765);
#347=PLANE('',#8769);
#348=PLANE('',#8773);
#349=PLANE('',#8774);
#350=PLANE('',#8775);
#351=PLANE('',#8776);
#352=PLANE('',#8777);
#353=PLANE('',#8778);
#354=PLANE('',#8779);
#355=PLANE('',#8780);
#356=PLANE('',#8781);
#357=PLANE('',#8782);
#358=PLANE('',#8783);
#359=PLANE('',#8784);
#360=PLANE('',#8785);
#361=PLANE('',#8786);
#362=PLANE('',#8787);
#363=PLANE('',#8788);
#364=PLANE('',#8789);
#365=PLANE('',#8790);
#366=PLANE('',#8791);
#367=PLANE('',#8792);
#368=PLANE('',#8793);
#369=PLANE('',#8794);
#370=PLANE('',#8795);
#371=PLANE('',#8796);
#372=PLANE('',#8797);
#373=PLANE('',#8798);
#374=PLANE('',#8799);
#375=PLANE('',#8800);
#376=PLANE('',#8801);
#377=PLANE('',#8802);
#378=PLANE('',#8803);
#379=PLANE('',#8806);
#380=PLANE('',#8808);
#381=PLANE('',#8827);
#382=PLANE('',#8859);
#383=PLANE('',#8863);
#384=PLANE('',#8867);
#385=PLANE('',#8871);
#386=PLANE('',#8881);
#387=PLANE('',#8909);
#388=PLANE('',#8912);
#389=PLANE('',#8920);
#390=PLANE('',#8925);
#391=PLANE('',#8928);
#392=PLANE('',#8929);
#393=PLANE('',#8930);
#394=PLANE('',#8931);
#395=PLANE('',#8932);
#396=PLANE('',#8933);
#397=PLANE('',#8934);
#398=PLANE('',#8935);
#399=PLANE('',#8938);
#400=PLANE('',#8941);
#401=PLANE('',#8942);
#402=PLANE('',#8945);
#403=PLANE('',#8948);
#404=PLANE('',#8951);
#405=PLANE('',#8954);
#406=PLANE('',#8957);
#407=PLANE('',#8959);
#408=PLANE('',#8962);
#409=PLANE('',#8963);
#410=PLANE('',#8964);
#411=PLANE('',#8965);
#412=PLANE('',#8966);
#413=PLANE('',#8967);
#414=PLANE('',#8968);
#415=PLANE('',#8969);
#416=PLANE('',#8970);
#417=PLANE('',#8971);
#418=PLANE('',#8972);
#419=PLANE('',#8973);
#420=PLANE('',#8974);
#421=PLANE('',#8975);
#422=PLANE('',#8976);
#423=PLANE('',#8977);
#424=PLANE('',#8978);
#425=PLANE('',#8979);
#426=PLANE('',#8983);
#427=PLANE('',#8986);
#428=PLANE('',#8995);
#429=PLANE('',#9004);
#430=PLANE('',#9011);
#431=PLANE('',#9012);
#432=PLANE('',#9013);
#433=PLANE('',#9014);
#434=PLANE('',#9015);
#435=PLANE('',#9016);
#436=PLANE('',#9017);
#437=PLANE('',#9018);
#438=PLANE('',#9027);
#439=PLANE('',#9035);
#440=LINE('',#11423,#1197);
#441=LINE('',#11427,#1198);
#442=LINE('',#11431,#1199);
#443=LINE('',#11435,#1200);
#444=LINE('',#11439,#1201);
#445=LINE('',#11443,#1202);
#446=LINE('',#11450,#1203);
#447=LINE('',#11454,#1204);
#448=LINE('',#11458,#1205);
#449=LINE('',#11462,#1206);
#450=LINE('',#11466,#1207);
#451=LINE('',#11470,#1208);
#452=LINE('',#11507,#1209);
#453=LINE('',#11510,#1210);
#454=LINE('',#11512,#1211);
#455=LINE('',#11514,#1212);
#456=LINE('',#11516,#1213);
#457=LINE('',#11521,#1214);
#458=LINE('',#11553,#1215);
#459=LINE('',#11554,#1216);
#460=LINE('',#11562,#1217);
#461=LINE('',#11563,#1218);
#462=LINE('',#11565,#1219);
#463=LINE('',#11568,#1220);
#464=LINE('',#11570,#1221);
#465=LINE('',#11572,#1222);
#466=LINE('',#11574,#1223);
#467=LINE('',#11577,#1224);
#468=LINE('',#11579,#1225);
#469=LINE('',#11581,#1226);
#470=LINE('',#11585,#1227);
#471=LINE('',#11587,#1228);
#472=LINE('',#11589,#1229);
#473=LINE('',#11591,#1230);
#474=LINE('',#11592,#1231);
#475=LINE('',#11594,#1232);
#476=LINE('',#11596,#1233);
#477=LINE('',#11598,#1234);
#478=LINE('',#11600,#1235);
#479=LINE('',#11602,#1236);
#480=LINE('',#11604,#1237);
#481=LINE('',#11606,#1238);
#482=LINE('',#11608,#1239);
#483=LINE('',#11610,#1240);
#484=LINE('',#11612,#1241);
#485=LINE('',#11614,#1242);
#486=LINE('',#11616,#1243);
#487=LINE('',#11618,#1244);
#488=LINE('',#11620,#1245);
#489=LINE('',#11622,#1246);
#490=LINE('',#11624,#1247);
#491=LINE('',#11626,#1248);
#492=LINE('',#11628,#1249);
#493=LINE('',#11630,#1250);
#494=LINE('',#11632,#1251);
#495=LINE('',#11634,#1252);
#496=LINE('',#11636,#1253);
#497=LINE('',#11638,#1254);
#498=LINE('',#11640,#1255);
#499=LINE('',#11642,#1256);
#500=LINE('',#11644,#1257);
#501=LINE('',#11646,#1258);
#502=LINE('',#11648,#1259);
#503=LINE('',#11650,#1260);
#504=LINE('',#11652,#1261);
#505=LINE('',#11656,#1262);
#506=LINE('',#11660,#1263);
#507=LINE('',#11663,#1264);
#508=LINE('',#11664,#1265);
#509=LINE('',#11668,#1266);
#510=LINE('',#11670,#1267);
#511=LINE('',#11672,#1268);
#512=LINE('',#11674,#1269);
#513=LINE('',#11676,#1270);
#514=LINE('',#11678,#1271);
#515=LINE('',#11680,#1272);
#516=LINE('',#11682,#1273);
#517=LINE('',#11684,#1274);
#518=LINE('',#11686,#1275);
#519=LINE('',#11688,#1276);
#520=LINE('',#11690,#1277);
#521=LINE('',#11692,#1278);
#522=LINE('',#11694,#1279);
#523=LINE('',#11696,#1280);
#524=LINE('',#11698,#1281);
#525=LINE('',#11700,#1282);
#526=LINE('',#11702,#1283);
#527=LINE('',#11704,#1284);
#528=LINE('',#11706,#1285);
#529=LINE('',#11708,#1286);
#530=LINE('',#11710,#1287);
#531=LINE('',#11712,#1288);
#532=LINE('',#11714,#1289);
#533=LINE('',#11716,#1290);
#534=LINE('',#11718,#1291);
#535=LINE('',#11720,#1292);
#536=LINE('',#11722,#1293);
#537=LINE('',#11724,#1294);
#538=LINE('',#11726,#1295);
#539=LINE('',#11728,#1296);
#540=LINE('',#11729,#1297);
#541=LINE('',#11731,#1298);
#542=LINE('',#11743,#1299);
#543=LINE('',#11744,#1300);
#544=LINE('',#11746,#1301);
#545=LINE('',#11751,#1302);
#546=LINE('',#11753,#1303);
#547=LINE('',#11755,#1304);
#548=LINE('',#11757,#1305);
#549=LINE('',#11760,#1306);
#550=LINE('',#11766,#1307);
#551=LINE('',#11772,#1308);
#552=LINE('',#11774,#1309);
#553=LINE('',#11779,#1310);
#554=LINE('',#11783,#1311);
#555=LINE('',#11787,#1312);
#556=LINE('',#11790,#1313);
#557=LINE('',#11792,#1314);
#558=LINE('',#11794,#1315);
#559=LINE('',#11796,#1316);
#560=LINE('',#11798,#1317);
#561=LINE('',#11800,#1318);
#562=LINE('',#11802,#1319);
#563=LINE('',#11804,#1320);
#564=LINE('',#11806,#1321);
#565=LINE('',#11811,#1322);
#566=LINE('',#11813,#1323);
#567=LINE('',#11815,#1324);
#568=LINE('',#11819,#1325);
#569=LINE('',#11821,#1326);
#570=LINE('',#11823,#1327);
#571=LINE('',#11825,#1328);
#572=LINE('',#11827,#1329);
#573=LINE('',#11830,#1330);
#574=LINE('',#11835,#1331);
#575=LINE('',#11838,#1332);
#576=LINE('',#11844,#1333);
#577=LINE('',#11846,#1334);
#578=LINE('',#11848,#1335);
#579=LINE('',#11851,#1336);
#580=LINE('',#11856,#1337);
#581=LINE('',#11858,#1338);
#582=LINE('',#11860,#1339);
#583=LINE('',#11862,#1340);
#584=LINE('',#11864,#1341);
#585=LINE('',#11866,#1342);
#586=LINE('',#11868,#1343);
#587=LINE('',#11870,#1344);
#588=LINE('',#11872,#1345);
#589=LINE('',#11874,#1346);
#590=LINE('',#11876,#1347);
#591=LINE('',#11879,#1348);
#592=LINE('',#11881,#1349);
#593=LINE('',#11883,#1350);
#594=LINE('',#11885,#1351);
#595=LINE('',#11887,#1352);
#596=LINE('',#11889,#1353);
#597=LINE('',#11891,#1354);
#598=LINE('',#11893,#1355);
#599=LINE('',#11895,#1356);
#600=LINE('',#11897,#1357);
#601=LINE('',#11911,#1358);
#602=LINE('',#11914,#1359);
#603=LINE('',#11916,#1360);
#604=LINE('',#11918,#1361);
#605=LINE('',#11920,#1362);
#606=LINE('',#11922,#1363);
#607=LINE('',#11927,#1364);
#608=LINE('',#11929,#1365);
#609=LINE('',#11934,#1366);
#610=LINE('',#11936,#1367);
#611=LINE('',#11938,#1368);
#612=LINE('',#11940,#1369);
#613=LINE('',#11949,#1370);
#614=LINE('',#11951,#1371);
#615=LINE('',#11955,#1372);
#616=LINE('',#11958,#1373);
#617=LINE('',#11960,#1374);
#618=LINE('',#11962,#1375);
#619=LINE('',#11963,#1376);
#620=LINE('',#11967,#1377);
#621=LINE('',#11973,#1378);
#622=LINE('',#12024,#1379);
#623=LINE('',#12062,#1380);
#624=LINE('',#12065,#1381);
#625=LINE('',#12067,#1382);
#626=LINE('',#12069,#1383);
#627=LINE('',#12071,#1384);
#628=LINE('',#12076,#1385);
#629=LINE('',#12078,#1386);
#630=LINE('',#12080,#1387);
#631=LINE('',#12082,#1388);
#632=LINE('',#12087,#1389);
#633=LINE('',#12089,#1390);
#634=LINE('',#12091,#1391);
#635=LINE('',#12095,#1392);
#636=LINE('',#12098,#1393);
#637=LINE('',#12102,#1394);
#638=LINE('',#12104,#1395);
#639=LINE('',#12106,#1396);
#640=LINE('',#12108,#1397);
#641=LINE('',#12112,#1398);
#642=LINE('',#12114,#1399);
#643=LINE('',#12116,#1400);
#644=LINE('',#12120,#1401);
#645=LINE('',#12122,#1402);
#646=LINE('',#12124,#1403);
#647=LINE('',#12128,#1404);
#648=LINE('',#12131,#1405);
#649=LINE('',#12133,#1406);
#650=LINE('',#12135,#1407);
#651=LINE('',#12137,#1408);
#652=LINE('',#12139,#1409);
#653=LINE('',#12141,#1410);
#654=LINE('',#12143,#1411);
#655=LINE('',#12146,#1412);
#656=LINE('',#12148,#1413);
#657=LINE('',#12150,#1414);
#658=LINE('',#12152,#1415);
#659=LINE('',#12154,#1416);
#660=LINE('',#12156,#1417);
#661=LINE('',#12158,#1418);
#662=LINE('',#12160,#1419);
#663=LINE('',#12162,#1420);
#664=LINE('',#12164,#1421);
#665=LINE('',#12167,#1422);
#666=LINE('',#12169,#1423);
#667=LINE('',#12171,#1424);
#668=LINE('',#12173,#1425);
#669=LINE('',#12175,#1426);
#670=LINE('',#12177,#1427);
#671=LINE('',#12179,#1428);
#672=LINE('',#12182,#1429);
#673=LINE('',#12184,#1430);
#674=LINE('',#12186,#1431);
#675=LINE('',#12188,#1432);
#676=LINE('',#12190,#1433);
#677=LINE('',#12192,#1434);
#678=LINE('',#12194,#1435);
#679=LINE('',#12197,#1436);
#680=LINE('',#12199,#1437);
#681=LINE('',#12201,#1438);
#682=LINE('',#12203,#1439);
#683=LINE('',#12205,#1440);
#684=LINE('',#12207,#1441);
#685=LINE('',#12209,#1442);
#686=LINE('',#12212,#1443);
#687=LINE('',#12214,#1444);
#688=LINE('',#12216,#1445);
#689=LINE('',#12218,#1446);
#690=LINE('',#12220,#1447);
#691=LINE('',#12222,#1448);
#692=LINE('',#12224,#1449);
#693=LINE('',#12227,#1450);
#694=LINE('',#12229,#1451);
#695=LINE('',#12231,#1452);
#696=LINE('',#12233,#1453);
#697=LINE('',#12235,#1454);
#698=LINE('',#12237,#1455);
#699=LINE('',#12239,#1456);
#700=LINE('',#12241,#1457);
#701=LINE('',#12243,#1458);
#702=LINE('',#12245,#1459);
#703=LINE('',#12247,#1460);
#704=LINE('',#12249,#1461);
#705=LINE('',#12251,#1462);
#706=LINE('',#12253,#1463);
#707=LINE('',#12255,#1464);
#708=LINE('',#12257,#1465);
#709=LINE('',#12259,#1466);
#710=LINE('',#12261,#1467);
#711=LINE('',#12263,#1468);
#712=LINE('',#12265,#1469);
#713=LINE('',#12267,#1470);
#714=LINE('',#12269,#1471);
#715=LINE('',#12271,#1472);
#716=LINE('',#12273,#1473);
#717=LINE('',#12275,#1474);
#718=LINE('',#12277,#1475);
#719=LINE('',#12279,#1476);
#720=LINE('',#12281,#1477);
#721=LINE('',#12283,#1478);
#722=LINE('',#12285,#1479);
#723=LINE('',#12287,#1480);
#724=LINE('',#12289,#1481);
#725=LINE('',#12291,#1482);
#726=LINE('',#12293,#1483);
#727=LINE('',#12295,#1484);
#728=LINE('',#12297,#1485);
#729=LINE('',#12299,#1486);
#730=LINE('',#12301,#1487);
#731=LINE('',#12303,#1488);
#732=LINE('',#12305,#1489);
#733=LINE('',#12307,#1490);
#734=LINE('',#12309,#1491);
#735=LINE('',#12311,#1492);
#736=LINE('',#12313,#1493);
#737=LINE('',#12315,#1494);
#738=LINE('',#12317,#1495);
#739=LINE('',#12320,#1496);
#740=LINE('',#12322,#1497);
#741=LINE('',#12324,#1498);
#742=LINE('',#12326,#1499);
#743=LINE('',#12328,#1500);
#744=LINE('',#12330,#1501);
#745=LINE('',#12332,#1502);
#746=LINE('',#12334,#1503);
#747=LINE('',#12336,#1504);
#748=LINE('',#12338,#1505);
#749=LINE('',#12341,#1506);
#750=LINE('',#12343,#1507);
#751=LINE('',#12345,#1508);
#752=LINE('',#12349,#1509);
#753=LINE('',#12353,#1510);
#754=LINE('',#12355,#1511);
#755=LINE('',#12357,#1512);
#756=LINE('',#12359,#1513);
#757=LINE('',#12362,#1514);
#758=LINE('',#12364,#1515);
#759=LINE('',#12366,#1516);
#760=LINE('',#12368,#1517);
#761=LINE('',#12370,#1518);
#762=LINE('',#12372,#1519);
#763=LINE('',#12374,#1520);
#764=LINE('',#12377,#1521);
#765=LINE('',#12379,#1522);
#766=LINE('',#12381,#1523);
#767=LINE('',#12383,#1524);
#768=LINE('',#12385,#1525);
#769=LINE('',#12387,#1526);
#770=LINE('',#12389,#1527);
#771=LINE('',#12392,#1528);
#772=LINE('',#12394,#1529);
#773=LINE('',#12396,#1530);
#774=LINE('',#12398,#1531);
#775=LINE('',#12400,#1532);
#776=LINE('',#12402,#1533);
#777=LINE('',#12404,#1534);
#778=LINE('',#12407,#1535);
#779=LINE('',#12409,#1536);
#780=LINE('',#12411,#1537);
#781=LINE('',#12413,#1538);
#782=LINE('',#12415,#1539);
#783=LINE('',#12417,#1540);
#784=LINE('',#12419,#1541);
#785=LINE('',#12422,#1542);
#786=LINE('',#12424,#1543);
#787=LINE('',#12426,#1544);
#788=LINE('',#12428,#1545);
#789=LINE('',#12430,#1546);
#790=LINE('',#12432,#1547);
#791=LINE('',#12434,#1548);
#792=LINE('',#12436,#1549);
#793=LINE('',#12438,#1550);
#794=LINE('',#12440,#1551);
#795=LINE('',#12442,#1552);
#796=LINE('',#12444,#1553);
#797=LINE('',#12446,#1554);
#798=LINE('',#12448,#1555);
#799=LINE('',#12450,#1556);
#800=LINE('',#12452,#1557);
#801=LINE('',#12454,#1558);
#802=LINE('',#12456,#1559);
#803=LINE('',#12458,#1560);
#804=LINE('',#12460,#1561);
#805=LINE('',#12462,#1562);
#806=LINE('',#12464,#1563);
#807=LINE('',#12466,#1564);
#808=LINE('',#12468,#1565);
#809=LINE('',#12472,#1566);
#810=LINE('',#12476,#1567);
#811=LINE('',#12478,#1568);
#812=LINE('',#12480,#1569);
#813=LINE('',#12482,#1570);
#814=LINE('',#12484,#1571);
#815=LINE('',#12486,#1572);
#816=LINE('',#12488,#1573);
#817=LINE('',#12490,#1574);
#818=LINE('',#12492,#1575);
#819=LINE('',#12494,#1576);
#820=LINE('',#12496,#1577);
#821=LINE('',#12498,#1578);
#822=LINE('',#12500,#1579);
#823=LINE('',#12502,#1580);
#824=LINE('',#12504,#1581);
#825=LINE('',#12506,#1582);
#826=LINE('',#12508,#1583);
#827=LINE('',#12510,#1584);
#828=LINE('',#12512,#1585);
#829=LINE('',#12514,#1586);
#830=LINE('',#12516,#1587);
#831=LINE('',#12518,#1588);
#832=LINE('',#12520,#1589);
#833=LINE('',#12522,#1590);
#834=LINE('',#12524,#1591);
#835=LINE('',#12527,#1592);
#836=LINE('',#12529,#1593);
#837=LINE('',#12531,#1594);
#838=LINE('',#12533,#1595);
#839=LINE('',#12535,#1596);
#840=LINE('',#12537,#1597);
#841=LINE('',#12539,#1598);
#842=LINE('',#12541,#1599);
#843=LINE('',#12543,#1600);
#844=LINE('',#12545,#1601);
#845=LINE('',#12547,#1602);
#846=LINE('',#12549,#1603);
#847=LINE('',#12551,#1604);
#848=LINE('',#12553,#1605);
#849=LINE('',#12555,#1606);
#850=LINE('',#12557,#1607);
#851=LINE('',#12559,#1608);
#852=LINE('',#12561,#1609);
#853=LINE('',#12563,#1610);
#854=LINE('',#12565,#1611);
#855=LINE('',#12567,#1612);
#856=LINE('',#12569,#1613);
#857=LINE('',#12571,#1614);
#858=LINE('',#12573,#1615);
#859=LINE('',#12575,#1616);
#860=LINE('',#12577,#1617);
#861=LINE('',#12579,#1618);
#862=LINE('',#12581,#1619);
#863=LINE('',#12583,#1620);
#864=LINE('',#12585,#1621);
#865=LINE('',#12587,#1622);
#866=LINE('',#12589,#1623);
#867=LINE('',#12591,#1624);
#868=LINE('',#12596,#1625);
#869=LINE('',#12600,#1626);
#870=LINE('',#12604,#1627);
#871=LINE('',#12610,#1628);
#872=LINE('',#12616,#1629);
#873=LINE('',#12622,#1630);
#874=LINE('',#12626,#1631);
#875=LINE('',#12628,#1632);
#876=LINE('',#12630,#1633);
#877=LINE('',#12634,#1634);
#878=LINE('',#12640,#1635);
#879=LINE('',#12646,#1636);
#880=LINE('',#12652,#1637);
#881=LINE('',#12658,#1638);
#882=LINE('',#12664,#1639);
#883=LINE('',#12670,#1640);
#884=LINE('',#12676,#1641);
#885=LINE('',#12682,#1642);
#886=LINE('',#12688,#1643);
#887=LINE('',#12694,#1644);
#888=LINE('',#12700,#1645);
#889=LINE('',#12706,#1646);
#890=LINE('',#12712,#1647);
#891=LINE('',#12718,#1648);
#892=LINE('',#12724,#1649);
#893=LINE('',#12730,#1650);
#894=LINE('',#12736,#1651);
#895=LINE('',#12742,#1652);
#896=LINE('',#12748,#1653);
#897=LINE('',#12752,#1654);
#898=LINE('',#12754,#1655);
#899=LINE('',#12756,#1656);
#900=LINE('',#12760,#1657);
#901=LINE('',#12766,#1658);
#902=LINE('',#12772,#1659);
#903=LINE('',#12778,#1660);
#904=LINE('',#12784,#1661);
#905=LINE('',#12790,#1662);
#906=LINE('',#12796,#1663);
#907=LINE('',#12802,#1664);
#908=LINE('',#12808,#1665);
#909=LINE('',#12814,#1666);
#910=LINE('',#12820,#1667);
#911=LINE('',#12826,#1668);
#912=LINE('',#12832,#1669);
#913=LINE('',#12836,#1670);
#914=LINE('',#12839,#1671);
#915=LINE('',#12841,#1672);
#916=LINE('',#12843,#1673);
#917=LINE('',#12845,#1674);
#918=LINE('',#12847,#1675);
#919=LINE('',#12849,#1676);
#920=LINE('',#12851,#1677);
#921=LINE('',#12853,#1678);
#922=LINE('',#12855,#1679);
#923=LINE('',#12857,#1680);
#924=LINE('',#12860,#1681);
#925=LINE('',#12862,#1682);
#926=LINE('',#12864,#1683);
#927=LINE('',#12866,#1684);
#928=LINE('',#12868,#1685);
#929=LINE('',#12870,#1686);
#930=LINE('',#12872,#1687);
#931=LINE('',#12874,#1688);
#932=LINE('',#12876,#1689);
#933=LINE('',#12878,#1690);
#934=LINE('',#12880,#1691);
#935=LINE('',#12882,#1692);
#936=LINE('',#12884,#1693);
#937=LINE('',#12886,#1694);
#938=LINE('',#12888,#1695);
#939=LINE('',#12890,#1696);
#940=LINE('',#12893,#1697);
#941=LINE('',#12895,#1698);
#942=LINE('',#12897,#1699);
#943=LINE('',#12901,#1700);
#944=LINE('',#12905,#1701);
#945=LINE('',#12907,#1702);
#946=LINE('',#12909,#1703);
#947=LINE('',#12911,#1704);
#948=LINE('',#12914,#1705);
#949=LINE('',#12916,#1706);
#950=LINE('',#12918,#1707);
#951=LINE('',#12920,#1708);
#952=LINE('',#12922,#1709);
#953=LINE('',#12924,#1710);
#954=LINE('',#12926,#1711);
#955=LINE('',#12928,#1712);
#956=LINE('',#12930,#1713);
#957=LINE('',#12932,#1714);
#958=LINE('',#12935,#1715);
#959=LINE('',#12937,#1716);
#960=LINE('',#12939,#1717);
#961=LINE('',#12941,#1718);
#962=LINE('',#12943,#1719);
#963=LINE('',#12945,#1720);
#964=LINE('',#12947,#1721);
#965=LINE('',#12950,#1722);
#966=LINE('',#12952,#1723);
#967=LINE('',#12954,#1724);
#968=LINE('',#12956,#1725);
#969=LINE('',#12958,#1726);
#970=LINE('',#12960,#1727);
#971=LINE('',#12962,#1728);
#972=LINE('',#12964,#1729);
#973=LINE('',#12966,#1730);
#974=LINE('',#12968,#1731);
#975=LINE('',#12970,#1732);
#976=LINE('',#12972,#1733);
#977=LINE('',#12976,#1734);
#978=LINE('',#12982,#1735);
#979=LINE('',#12986,#1736);
#980=LINE('',#12988,#1737);
#981=LINE('',#12990,#1738);
#982=LINE('',#12992,#1739);
#983=LINE('',#12994,#1740);
#984=LINE('',#12996,#1741);
#985=LINE('',#12998,#1742);
#986=LINE('',#13000,#1743);
#987=LINE('',#13002,#1744);
#988=LINE('',#13004,#1745);
#989=LINE('',#13006,#1746);
#990=LINE('',#13008,#1747);
#991=LINE('',#13010,#1748);
#992=LINE('',#13012,#1749);
#993=LINE('',#13014,#1750);
#994=LINE('',#13018,#1751);
#995=LINE('',#13022,#1752);
#996=LINE('',#13024,#1753);
#997=LINE('',#13026,#1754);
#998=LINE('',#13028,#1755);
#999=LINE('',#13031,#1756);
#1000=LINE('',#13033,#1757);
#1001=LINE('',#13035,#1758);
#1002=LINE('',#13037,#1759);
#1003=LINE('',#13039,#1760);
#1004=LINE('',#13041,#1761);
#1005=LINE('',#13043,#1762);
#1006=LINE('',#13045,#1763);
#1007=LINE('',#13047,#1764);
#1008=LINE('',#13049,#1765);
#1009=LINE('',#13051,#1766);
#1010=LINE('',#13053,#1767);
#1011=LINE('',#13055,#1768);
#1012=LINE('',#13057,#1769);
#1013=LINE('',#13059,#1770);
#1014=LINE('',#13061,#1771);
#1015=LINE('',#13063,#1772);
#1016=LINE('',#13065,#1773);
#1017=LINE('',#13067,#1774);
#1018=LINE('',#13069,#1775);
#1019=LINE('',#13071,#1776);
#1020=LINE('',#13073,#1777);
#1021=LINE('',#13075,#1778);
#1022=LINE('',#13077,#1779);
#1023=LINE('',#13079,#1780);
#1024=LINE('',#13081,#1781);
#1025=LINE('',#13083,#1782);
#1026=LINE('',#13085,#1783);
#1027=LINE('',#13087,#1784);
#1028=LINE('',#13089,#1785);
#1029=LINE('',#13091,#1786);
#1030=LINE('',#13093,#1787);
#1031=LINE('',#13095,#1788);
#1032=LINE('',#13097,#1789);
#1033=LINE('',#13100,#1790);
#1034=LINE('',#13102,#1791);
#1035=LINE('',#13104,#1792);
#1036=LINE('',#13108,#1793);
#1037=LINE('',#13112,#1794);
#1038=LINE('',#13114,#1795);
#1039=LINE('',#13116,#1796);
#1040=LINE('',#13118,#1797);
#1041=LINE('',#13120,#1798);
#1042=LINE('',#13122,#1799);
#1043=LINE('',#13124,#1800);
#1044=LINE('',#13126,#1801);
#1045=LINE('',#13128,#1802);
#1046=LINE('',#13132,#1803);
#1047=LINE('',#13136,#1804);
#1048=LINE('',#13138,#1805);
#1049=LINE('',#13140,#1806);
#1050=LINE('',#13142,#1807);
#1051=LINE('',#13143,#1808);
#1052=LINE('',#13150,#1809);
#1053=LINE('',#13151,#1810);
#1054=LINE('',#13153,#1811);
#1055=LINE('',#13154,#1812);
#1056=LINE('',#13156,#1813);
#1057=LINE('',#13157,#1814);
#1058=LINE('',#13159,#1815);
#1059=LINE('',#13160,#1816);
#1060=LINE('',#13162,#1817);
#1061=LINE('',#13163,#1818);
#1062=LINE('',#13170,#1819);
#1063=LINE('',#13171,#1820);
#1064=LINE('',#13173,#1821);
#1065=LINE('',#13174,#1822);
#1066=LINE('',#13184,#1823);
#1067=LINE('',#13185,#1824);
#1068=LINE('',#13192,#1825);
#1069=LINE('',#13193,#1826);
#1070=LINE('',#13195,#1827);
#1071=LINE('',#13196,#1828);
#1072=LINE('',#13203,#1829);
#1073=LINE('',#13204,#1830);
#1074=LINE('',#13209,#1831);
#1075=LINE('',#13210,#1832);
#1076=LINE('',#13215,#1833);
#1077=LINE('',#13216,#1834);
#1078=LINE('',#13218,#1835);
#1079=LINE('',#13219,#1836);
#1080=LINE('',#13224,#1837);
#1081=LINE('',#13225,#1838);
#1082=LINE('',#13227,#1839);
#1083=LINE('',#13228,#1840);
#1084=LINE('',#13233,#1841);
#1085=LINE('',#13234,#1842);
#1086=LINE('',#13239,#1843);
#1087=LINE('',#13291,#1844);
#1088=LINE('',#13295,#1845);
#1089=LINE('',#13297,#1846);
#1090=LINE('',#13302,#1847);
#1091=LINE('',#13306,#1848);
#1092=LINE('',#13311,#1849);
#1093=LINE('',#13339,#1850);
#1094=LINE('',#13344,#1851);
#1095=LINE('',#13348,#1852);
#1096=LINE('',#13352,#1853);
#1097=LINE('',#13356,#1854);
#1098=LINE('',#13360,#1855);
#1099=LINE('',#13436,#1856);
#1100=LINE('',#13438,#1857);
#1101=LINE('',#13442,#1858);
#1102=LINE('',#13446,#1859);
#1103=LINE('',#13448,#1860);
#1104=LINE('',#13450,#1861);
#1105=LINE('',#13454,#1862);
#1106=LINE('',#13456,#1863);
#1107=LINE('',#13460,#1864);
#1108=LINE('',#13462,#1865);
#1109=LINE('',#13466,#1866);
#1110=LINE('',#13468,#1867);
#1111=LINE('',#13551,#1868);
#1112=LINE('',#13552,#1869);
#1113=LINE('',#13553,#1870);
#1114=LINE('',#13554,#1871);
#1115=LINE('',#13555,#1872);
#1116=LINE('',#13556,#1873);
#1117=LINE('',#13569,#1874);
#1118=LINE('',#13570,#1875);
#1119=LINE('',#13590,#1876);
#1120=LINE('',#13594,#1877);
#1121=LINE('',#13596,#1878);
#1122=LINE('',#13598,#1879);
#1123=LINE('',#13600,#1880);
#1124=LINE('',#13604,#1881);
#1125=LINE('',#13628,#1882);
#1126=LINE('',#13633,#1883);
#1127=LINE('',#13635,#1884);
#1128=LINE('',#13637,#1885);
#1129=LINE('',#13639,#1886);
#1130=LINE('',#13641,#1887);
#1131=LINE('',#13645,#1888);
#1132=LINE('',#13647,#1889);
#1133=LINE('',#13649,#1890);
#1134=LINE('',#13652,#1891);
#1135=LINE('',#13653,#1892);
#1136=LINE('',#13655,#1893);
#1137=LINE('',#13657,#1894);
#1138=LINE('',#13659,#1895);
#1139=LINE('',#13662,#1896);
#1140=LINE('',#13663,#1897);
#1141=LINE('',#13665,#1898);
#1142=LINE('',#13667,#1899);
#1143=LINE('',#13670,#1900);
#1144=LINE('',#13671,#1901);
#1145=LINE('',#13673,#1902);
#1146=LINE('',#13675,#1903);
#1147=LINE('',#13677,#1904);
#1148=LINE('',#13679,#1905);
#1149=LINE('',#13681,#1906);
#1150=LINE('',#13683,#1907);
#1151=LINE('',#13685,#1908);
#1152=LINE('',#13687,#1909);
#1153=LINE('',#13689,#1910);
#1154=LINE('',#13691,#1911);
#1155=LINE('',#13693,#1912);
#1156=LINE('',#13695,#1913);
#1157=LINE('',#13697,#1914);
#1158=LINE('',#13699,#1915);
#1159=LINE('',#13701,#1916);
#1160=LINE('',#13703,#1917);
#1161=LINE('',#13705,#1918);
#1162=LINE('',#13707,#1919);
#1163=LINE('',#13709,#1920);
#1164=LINE('',#13712,#1921);
#1165=LINE('',#13714,#1922);
#1166=LINE('',#13716,#1923);
#1167=LINE('',#13718,#1924);
#1168=LINE('',#13720,#1925);
#1169=LINE('',#13721,#1926);
#1170=LINE('',#13723,#1927);
#1171=LINE('',#13724,#1928);
#1172=LINE('',#13725,#1929);
#1173=LINE('',#13727,#1930);
#1174=LINE('',#13730,#1931);
#1175=LINE('',#13732,#1932);
#1176=LINE('',#13734,#1933);
#1177=LINE('',#13736,#1934);
#1178=LINE('',#13738,#1935);
#1179=LINE('',#13741,#1936);
#1180=LINE('',#13742,#1937);
#1181=LINE('',#13744,#1938);
#1182=LINE('',#13746,#1939);
#1183=LINE('',#13747,#1940);
#1184=LINE('',#13749,#1941);
#1185=LINE('',#13750,#1942);
#1186=LINE('',#13751,#1943);
#1187=LINE('',#13753,#1944);
#1188=LINE('',#13755,#1945);
#1189=LINE('',#13756,#1946);
#1190=LINE('',#13757,#1947);
#1191=LINE('',#13758,#1948);
#1192=LINE('',#13760,#1949);
#1193=LINE('',#13768,#1950);
#1194=LINE('',#13770,#1951);
#1195=LINE('',#13820,#1952);
#1196=LINE('',#13822,#1953);
#1197=VECTOR('',#9051,1000.);
#1198=VECTOR('',#9054,1000.);
#1199=VECTOR('',#9057,1000.);
#1200=VECTOR('',#9060,1000.);
#1201=VECTOR('',#9063,1000.);
#1202=VECTOR('',#9066,1000.);
#1203=VECTOR('',#9073,1000.);
#1204=VECTOR('',#9076,1000.);
#1205=VECTOR('',#9079,1000.);
#1206=VECTOR('',#9082,1000.);
#1207=VECTOR('',#9085,1000.);
#1208=VECTOR('',#9088,1000.);
#1209=VECTOR('',#9105,1000.);
#1210=VECTOR('',#9106,1000.);
#1211=VECTOR('',#9107,1000.);
#1212=VECTOR('',#9108,1000.);
#1213=VECTOR('',#9111,1000.);
#1214=VECTOR('',#9114,1000.);
#1215=VECTOR('',#9137,1000.);
#1216=VECTOR('',#9138,1000.);
#1217=VECTOR('',#9147,1000.);
#1218=VECTOR('',#9148,1000.);
#1219=VECTOR('',#9151,1000.);
#1220=VECTOR('',#9152,1000.);
#1221=VECTOR('',#9153,1000.);
#1222=VECTOR('',#9154,1000.);
#1223=VECTOR('',#9157,1000.);
#1224=VECTOR('',#9158,1000.);
#1225=VECTOR('',#9159,1000.);
#1226=VECTOR('',#9160,1000.);
#1227=VECTOR('',#9165,1000.);
#1228=VECTOR('',#9166,1000.);
#1229=VECTOR('',#9167,1000.);
#1230=VECTOR('',#9168,1000.);
#1231=VECTOR('',#9169,1000.);
#1232=VECTOR('',#9170,1000.);
#1233=VECTOR('',#9171,1000.);
#1234=VECTOR('',#9172,1000.);
#1235=VECTOR('',#9173,1000.);
#1236=VECTOR('',#9174,1000.);
#1237=VECTOR('',#9175,1000.);
#1238=VECTOR('',#9176,1000.);
#1239=VECTOR('',#9177,1000.);
#1240=VECTOR('',#9178,1000.);
#1241=VECTOR('',#9179,1000.);
#1242=VECTOR('',#9180,1000.);
#1243=VECTOR('',#9181,1000.);
#1244=VECTOR('',#9182,1000.);
#1245=VECTOR('',#9183,1000.);
#1246=VECTOR('',#9184,1000.);
#1247=VECTOR('',#9185,1000.);
#1248=VECTOR('',#9186,1000.);
#1249=VECTOR('',#9187,1000.);
#1250=VECTOR('',#9188,1000.);
#1251=VECTOR('',#9189,1000.);
#1252=VECTOR('',#9190,1000.);
#1253=VECTOR('',#9191,1000.);
#1254=VECTOR('',#9192,1000.);
#1255=VECTOR('',#9193,1000.);
#1256=VECTOR('',#9194,1000.);
#1257=VECTOR('',#9195,1000.);
#1258=VECTOR('',#9196,1000.);
#1259=VECTOR('',#9197,1000.);
#1260=VECTOR('',#9198,1000.);
#1261=VECTOR('',#9199,1000.);
#1262=VECTOR('',#9202,1000.);
#1263=VECTOR('',#9207,1000.);
#1264=VECTOR('',#9208,1000.);
#1265=VECTOR('',#9209,1000.);
#1266=VECTOR('',#9212,1000.);
#1267=VECTOR('',#9213,1000.);
#1268=VECTOR('',#9214,1000.);
#1269=VECTOR('',#9215,1000.);
#1270=VECTOR('',#9216,1000.);
#1271=VECTOR('',#9217,1000.);
#1272=VECTOR('',#9218,1000.);
#1273=VECTOR('',#9219,1000.);
#1274=VECTOR('',#9220,1000.);
#1275=VECTOR('',#9221,1000.);
#1276=VECTOR('',#9222,1000.);
#1277=VECTOR('',#9223,1000.);
#1278=VECTOR('',#9224,1000.);
#1279=VECTOR('',#9225,1000.);
#1280=VECTOR('',#9226,1000.);
#1281=VECTOR('',#9227,1000.);
#1282=VECTOR('',#9228,1000.);
#1283=VECTOR('',#9229,1000.);
#1284=VECTOR('',#9230,1000.);
#1285=VECTOR('',#9231,1000.);
#1286=VECTOR('',#9232,1000.);
#1287=VECTOR('',#9233,1000.);
#1288=VECTOR('',#9234,1000.);
#1289=VECTOR('',#9235,1000.);
#1290=VECTOR('',#9236,1000.);
#1291=VECTOR('',#9237,1000.);
#1292=VECTOR('',#9238,1000.);
#1293=VECTOR('',#9239,1000.);
#1294=VECTOR('',#9240,1000.);
#1295=VECTOR('',#9241,1000.);
#1296=VECTOR('',#9242,1000.);
#1297=VECTOR('',#9243,1000.);
#1298=VECTOR('',#9244,1000.);
#1299=VECTOR('',#9257,1000.);
#1300=VECTOR('',#9258,1000.);
#1301=VECTOR('',#9261,1000.);
#1302=VECTOR('',#9264,1000.);
#1303=VECTOR('',#9265,1000.);
#1304=VECTOR('',#9266,1000.);
#1305=VECTOR('',#9269,1000.);
#1306=VECTOR('',#9272,1000.);
#1307=VECTOR('',#9279,1000.);
#1308=VECTOR('',#9286,1000.);
#1309=VECTOR('',#9289,1000.);
#1310=VECTOR('',#9292,1000.);
#1311=VECTOR('',#9295,1000.);
#1312=VECTOR('',#9298,1000.);
#1313=VECTOR('',#9301,1000.);
#1314=VECTOR('',#9302,1000.);
#1315=VECTOR('',#9305,1000.);
#1316=VECTOR('',#9306,1000.);
#1317=VECTOR('',#9307,1000.);
#1318=VECTOR('',#9310,1000.);
#1319=VECTOR('',#9311,1000.);
#1320=VECTOR('',#9312,1000.);
#1321=VECTOR('',#9315,1000.);
#1322=VECTOR('',#9318,1000.);
#1323=VECTOR('',#9319,1000.);
#1324=VECTOR('',#9320,1000.);
#1325=VECTOR('',#9325,1000.);
#1326=VECTOR('',#9326,1000.);
#1327=VECTOR('',#9327,1000.);
#1328=VECTOR('',#9328,1000.);
#1329=VECTOR('',#9329,1000.);
#1330=VECTOR('',#9334,1000.);
#1331=VECTOR('',#9341,1000.);
#1332=VECTOR('',#9344,1000.);
#1333=VECTOR('',#9351,1000.);
#1334=VECTOR('',#9352,1000.);
#1335=VECTOR('',#9353,1000.);
#1336=VECTOR('',#9358,1000.);
#1337=VECTOR('',#9367,1000.);
#1338=VECTOR('',#9370,1000.);
#1339=VECTOR('',#9373,1000.);
#1340=VECTOR('',#9376,1000.);
#1341=VECTOR('',#9379,1000.);
#1342=VECTOR('',#9382,1000.);
#1343=VECTOR('',#9385,1000.);
#1344=VECTOR('',#9388,1000.);
#1345=VECTOR('',#9391,1000.);
#1346=VECTOR('',#9394,1000.);
#1347=VECTOR('',#9397,1000.);
#1348=VECTOR('',#9402,1000.);
#1349=VECTOR('',#9405,1000.);
#1350=VECTOR('',#9408,1000.);
#1351=VECTOR('',#9411,1000.);
#1352=VECTOR('',#9414,1000.);
#1353=VECTOR('',#9417,1000.);
#1354=VECTOR('',#9420,1000.);
#1355=VECTOR('',#9423,1000.);
#1356=VECTOR('',#9426,1000.);
#1357=VECTOR('',#9429,1000.);
#1358=VECTOR('',#9456,1000.);
#1359=VECTOR('',#9457,1000.);
#1360=VECTOR('',#9458,1000.);
#1361=VECTOR('',#9459,1000.);
#1362=VECTOR('',#9462,1000.);
#1363=VECTOR('',#9463,1000.);
#1364=VECTOR('',#9468,1000.);
#1365=VECTOR('',#9469,1000.);
#1366=VECTOR('',#9476,1000.);
#1367=VECTOR('',#9477,1000.);
#1368=VECTOR('',#9480,1000.);
#1369=VECTOR('',#9481,1000.);
#1370=VECTOR('',#9496,1000.);
#1371=VECTOR('',#9499,1000.);
#1372=VECTOR('',#9506,1000.);
#1373=VECTOR('',#9507,1000.);
#1374=VECTOR('',#9508,1000.);
#1375=VECTOR('',#9509,1000.);
#1376=VECTOR('',#9510,1000.);
#1377=VECTOR('',#9517,1000.);
#1378=VECTOR('',#9528,1000.);
#1379=VECTOR('',#9597,1000.);
#1380=VECTOR('',#9648,1000.);
#1381=VECTOR('',#9653,1000.);
#1382=VECTOR('',#9654,1000.);
#1383=VECTOR('',#9657,1000.);
#1384=VECTOR('',#9658,1000.);
#1385=VECTOR('',#9667,1000.);
#1386=VECTOR('',#9668,1000.);
#1387=VECTOR('',#9671,1000.);
#1388=VECTOR('',#9672,1000.);
#1389=VECTOR('',#9681,1000.);
#1390=VECTOR('',#9682,1000.);
#1391=VECTOR('',#9685,1000.);
#1392=VECTOR('',#9690,1000.);
#1393=VECTOR('',#9695,1000.);
#1394=VECTOR('',#9698,1000.);
#1395=VECTOR('',#9701,1000.);
#1396=VECTOR('',#9702,1000.);
#1397=VECTOR('',#9705,1000.);
#1398=VECTOR('',#9710,1000.);
#1399=VECTOR('',#9711,1000.);
#1400=VECTOR('',#9714,1000.);
#1401=VECTOR('',#9719,1000.);
#1402=VECTOR('',#9720,1000.);
#1403=VECTOR('',#9723,1000.);
#1404=VECTOR('',#9728,1000.);
#1405=VECTOR('',#9729,1000.);
#1406=VECTOR('',#9730,1000.);
#1407=VECTOR('',#9731,1000.);
#1408=VECTOR('',#9734,1000.);
#1409=VECTOR('',#9735,1000.);
#1410=VECTOR('',#9736,1000.);
#1411=VECTOR('',#9739,1000.);
#1412=VECTOR('',#9740,1000.);
#1413=VECTOR('',#9741,1000.);
#1414=VECTOR('',#9742,1000.);
#1415=VECTOR('',#9745,1000.);
#1416=VECTOR('',#9746,1000.);
#1417=VECTOR('',#9747,1000.);
#1418=VECTOR('',#9750,1000.);
#1419=VECTOR('',#9751,1000.);
#1420=VECTOR('',#9752,1000.);
#1421=VECTOR('',#9755,1000.);
#1422=VECTOR('',#9756,1000.);
#1423=VECTOR('',#9757,1000.);
#1424=VECTOR('',#9758,1000.);
#1425=VECTOR('',#9761,1000.);
#1426=VECTOR('',#9762,1000.);
#1427=VECTOR('',#9763,1000.);
#1428=VECTOR('',#9766,1000.);
#1429=VECTOR('',#9767,1000.);
#1430=VECTOR('',#9768,1000.);
#1431=VECTOR('',#9769,1000.);
#1432=VECTOR('',#9772,1000.);
#1433=VECTOR('',#9773,1000.);
#1434=VECTOR('',#9774,1000.);
#1435=VECTOR('',#9777,1000.);
#1436=VECTOR('',#9778,1000.);
#1437=VECTOR('',#9779,1000.);
#1438=VECTOR('',#9780,1000.);
#1439=VECTOR('',#9783,1000.);
#1440=VECTOR('',#9784,1000.);
#1441=VECTOR('',#9785,1000.);
#1442=VECTOR('',#9788,1000.);
#1443=VECTOR('',#9789,1000.);
#1444=VECTOR('',#9790,1000.);
#1445=VECTOR('',#9791,1000.);
#1446=VECTOR('',#9794,1000.);
#1447=VECTOR('',#9795,1000.);
#1448=VECTOR('',#9796,1000.);
#1449=VECTOR('',#9799,1000.);
#1450=VECTOR('',#9800,1000.);
#1451=VECTOR('',#9801,1000.);
#1452=VECTOR('',#9802,1000.);
#1453=VECTOR('',#9805,1000.);
#1454=VECTOR('',#9806,1000.);
#1455=VECTOR('',#9807,1000.);
#1456=VECTOR('',#9810,1000.);
#1457=VECTOR('',#9811,1000.);
#1458=VECTOR('',#9812,1000.);
#1459=VECTOR('',#9815,1000.);
#1460=VECTOR('',#9816,1000.);
#1461=VECTOR('',#9817,1000.);
#1462=VECTOR('',#9820,1000.);
#1463=VECTOR('',#9821,1000.);
#1464=VECTOR('',#9822,1000.);
#1465=VECTOR('',#9825,1000.);
#1466=VECTOR('',#9826,1000.);
#1467=VECTOR('',#9827,1000.);
#1468=VECTOR('',#9830,1000.);
#1469=VECTOR('',#9831,1000.);
#1470=VECTOR('',#9832,1000.);
#1471=VECTOR('',#9835,1000.);
#1472=VECTOR('',#9836,1000.);
#1473=VECTOR('',#9837,1000.);
#1474=VECTOR('',#9840,1000.);
#1475=VECTOR('',#9841,1000.);
#1476=VECTOR('',#9842,1000.);
#1477=VECTOR('',#9845,1000.);
#1478=VECTOR('',#9846,1000.);
#1479=VECTOR('',#9847,1000.);
#1480=VECTOR('',#9850,1000.);
#1481=VECTOR('',#9851,1000.);
#1482=VECTOR('',#9852,1000.);
#1483=VECTOR('',#9855,1000.);
#1484=VECTOR('',#9856,1000.);
#1485=VECTOR('',#9857,1000.);
#1486=VECTOR('',#9860,1000.);
#1487=VECTOR('',#9861,1000.);
#1488=VECTOR('',#9862,1000.);
#1489=VECTOR('',#9865,1000.);
#1490=VECTOR('',#9866,1000.);
#1491=VECTOR('',#9867,1000.);
#1492=VECTOR('',#9870,1000.);
#1493=VECTOR('',#9871,1000.);
#1494=VECTOR('',#9872,1000.);
#1495=VECTOR('',#9875,1000.);
#1496=VECTOR('',#9876,1000.);
#1497=VECTOR('',#9877,1000.);
#1498=VECTOR('',#9878,1000.);
#1499=VECTOR('',#9881,1000.);
#1500=VECTOR('',#9882,1000.);
#1501=VECTOR('',#9883,1000.);
#1502=VECTOR('',#9886,1000.);
#1503=VECTOR('',#9887,1000.);
#1504=VECTOR('',#9888,1000.);
#1505=VECTOR('',#9891,1000.);
#1506=VECTOR('',#9892,1000.);
#1507=VECTOR('',#9893,1000.);
#1508=VECTOR('',#9894,1000.);
#1509=VECTOR('',#9899,1000.);
#1510=VECTOR('',#9904,1000.);
#1511=VECTOR('',#9905,1000.);
#1512=VECTOR('',#9906,1000.);
#1513=VECTOR('',#9909,1000.);
#1514=VECTOR('',#9910,1000.);
#1515=VECTOR('',#9911,1000.);
#1516=VECTOR('',#9912,1000.);
#1517=VECTOR('',#9915,1000.);
#1518=VECTOR('',#9916,1000.);
#1519=VECTOR('',#9917,1000.);
#1520=VECTOR('',#9920,1000.);
#1521=VECTOR('',#9921,1000.);
#1522=VECTOR('',#9922,1000.);
#1523=VECTOR('',#9923,1000.);
#1524=VECTOR('',#9926,1000.);
#1525=VECTOR('',#9927,1000.);
#1526=VECTOR('',#9928,1000.);
#1527=VECTOR('',#9931,1000.);
#1528=VECTOR('',#9932,1000.);
#1529=VECTOR('',#9933,1000.);
#1530=VECTOR('',#9934,1000.);
#1531=VECTOR('',#9937,1000.);
#1532=VECTOR('',#9938,1000.);
#1533=VECTOR('',#9939,1000.);
#1534=VECTOR('',#9942,1000.);
#1535=VECTOR('',#9943,1000.);
#1536=VECTOR('',#9944,1000.);
#1537=VECTOR('',#9945,1000.);
#1538=VECTOR('',#9948,1000.);
#1539=VECTOR('',#9949,1000.);
#1540=VECTOR('',#9950,1000.);
#1541=VECTOR('',#9953,1000.);
#1542=VECTOR('',#9954,1000.);
#1543=VECTOR('',#9955,1000.);
#1544=VECTOR('',#9956,1000.);
#1545=VECTOR('',#9959,1000.);
#1546=VECTOR('',#9960,1000.);
#1547=VECTOR('',#9961,1000.);
#1548=VECTOR('',#9964,1000.);
#1549=VECTOR('',#9965,1000.);
#1550=VECTOR('',#9966,1000.);
#1551=VECTOR('',#9969,1000.);
#1552=VECTOR('',#9970,1000.);
#1553=VECTOR('',#9971,1000.);
#1554=VECTOR('',#9974,1000.);
#1555=VECTOR('',#9975,1000.);
#1556=VECTOR('',#9976,1000.);
#1557=VECTOR('',#9979,1000.);
#1558=VECTOR('',#9980,1000.);
#1559=VECTOR('',#9981,1000.);
#1560=VECTOR('',#9984,1000.);
#1561=VECTOR('',#9985,1000.);
#1562=VECTOR('',#9986,1000.);
#1563=VECTOR('',#9989,1000.);
#1564=VECTOR('',#9990,1000.);
#1565=VECTOR('',#9991,1000.);
#1566=VECTOR('',#9996,1000.);
#1567=VECTOR('',#10001,1000.);
#1568=VECTOR('',#10002,1000.);
#1569=VECTOR('',#10003,1000.);
#1570=VECTOR('',#10006,1000.);
#1571=VECTOR('',#10007,1000.);
#1572=VECTOR('',#10008,1000.);
#1573=VECTOR('',#10011,1000.);
#1574=VECTOR('',#10012,1000.);
#1575=VECTOR('',#10013,1000.);
#1576=VECTOR('',#10016,1000.);
#1577=VECTOR('',#10017,1000.);
#1578=VECTOR('',#10018,1000.);
#1579=VECTOR('',#10021,1000.);
#1580=VECTOR('',#10022,1000.);
#1581=VECTOR('',#10023,1000.);
#1582=VECTOR('',#10026,1000.);
#1583=VECTOR('',#10027,1000.);
#1584=VECTOR('',#10028,1000.);
#1585=VECTOR('',#10031,1000.);
#1586=VECTOR('',#10032,1000.);
#1587=VECTOR('',#10033,1000.);
#1588=VECTOR('',#10036,1000.);
#1589=VECTOR('',#10037,1000.);
#1590=VECTOR('',#10038,1000.);
#1591=VECTOR('',#10041,1000.);
#1592=VECTOR('',#10042,1000.);
#1593=VECTOR('',#10043,1000.);
#1594=VECTOR('',#10044,1000.);
#1595=VECTOR('',#10047,1000.);
#1596=VECTOR('',#10048,1000.);
#1597=VECTOR('',#10049,1000.);
#1598=VECTOR('',#10052,1000.);
#1599=VECTOR('',#10053,1000.);
#1600=VECTOR('',#10054,1000.);
#1601=VECTOR('',#10057,1000.);
#1602=VECTOR('',#10058,1000.);
#1603=VECTOR('',#10059,1000.);
#1604=VECTOR('',#10062,1000.);
#1605=VECTOR('',#10063,1000.);
#1606=VECTOR('',#10064,1000.);
#1607=VECTOR('',#10067,1000.);
#1608=VECTOR('',#10068,1000.);
#1609=VECTOR('',#10069,1000.);
#1610=VECTOR('',#10072,1000.);
#1611=VECTOR('',#10073,1000.);
#1612=VECTOR('',#10074,1000.);
#1613=VECTOR('',#10077,1000.);
#1614=VECTOR('',#10078,1000.);
#1615=VECTOR('',#10079,1000.);
#1616=VECTOR('',#10082,1000.);
#1617=VECTOR('',#10083,1000.);
#1618=VECTOR('',#10084,1000.);
#1619=VECTOR('',#10087,1000.);
#1620=VECTOR('',#10088,1000.);
#1621=VECTOR('',#10089,1000.);
#1622=VECTOR('',#10092,1000.);
#1623=VECTOR('',#10093,1000.);
#1624=VECTOR('',#10094,1000.);
#1625=VECTOR('',#10099,1000.);
#1626=VECTOR('',#10102,1000.);
#1627=VECTOR('',#10107,1000.);
#1628=VECTOR('',#10114,1000.);
#1629=VECTOR('',#10121,1000.);
#1630=VECTOR('',#10128,1000.);
#1631=VECTOR('',#10133,1000.);
#1632=VECTOR('',#10134,1000.);
#1633=VECTOR('',#10135,1000.);
#1634=VECTOR('',#10140,1000.);
#1635=VECTOR('',#10147,1000.);
#1636=VECTOR('',#10154,1000.);
#1637=VECTOR('',#10161,1000.);
#1638=VECTOR('',#10168,1000.);
#1639=VECTOR('',#10175,1000.);
#1640=VECTOR('',#10182,1000.);
#1641=VECTOR('',#10189,1000.);
#1642=VECTOR('',#10196,1000.);
#1643=VECTOR('',#10203,1000.);
#1644=VECTOR('',#10210,1000.);
#1645=VECTOR('',#10217,1000.);
#1646=VECTOR('',#10224,1000.);
#1647=VECTOR('',#10231,1000.);
#1648=VECTOR('',#10238,1000.);
#1649=VECTOR('',#10245,1000.);
#1650=VECTOR('',#10252,1000.);
#1651=VECTOR('',#10259,1000.);
#1652=VECTOR('',#10266,1000.);
#1653=VECTOR('',#10273,1000.);
#1654=VECTOR('',#10278,1000.);
#1655=VECTOR('',#10279,1000.);
#1656=VECTOR('',#10280,1000.);
#1657=VECTOR('',#10285,1000.);
#1658=VECTOR('',#10292,1000.);
#1659=VECTOR('',#10299,1000.);
#1660=VECTOR('',#10306,1000.);
#1661=VECTOR('',#10313,1000.);
#1662=VECTOR('',#10320,1000.);
#1663=VECTOR('',#10327,1000.);
#1664=VECTOR('',#10334,1000.);
#1665=VECTOR('',#10341,1000.);
#1666=VECTOR('',#10348,1000.);
#1667=VECTOR('',#10355,1000.);
#1668=VECTOR('',#10362,1000.);
#1669=VECTOR('',#10369,1000.);
#1670=VECTOR('',#10374,1000.);
#1671=VECTOR('',#10375,1000.);
#1672=VECTOR('',#10376,1000.);
#1673=VECTOR('',#10377,1000.);
#1674=VECTOR('',#10380,1000.);
#1675=VECTOR('',#10381,1000.);
#1676=VECTOR('',#10382,1000.);
#1677=VECTOR('',#10385,1000.);
#1678=VECTOR('',#10386,1000.);
#1679=VECTOR('',#10387,1000.);
#1680=VECTOR('',#10390,1000.);
#1681=VECTOR('',#10391,1000.);
#1682=VECTOR('',#10392,1000.);
#1683=VECTOR('',#10393,1000.);
#1684=VECTOR('',#10396,1000.);
#1685=VECTOR('',#10397,1000.);
#1686=VECTOR('',#10398,1000.);
#1687=VECTOR('',#10401,1000.);
#1688=VECTOR('',#10402,1000.);
#1689=VECTOR('',#10403,1000.);
#1690=VECTOR('',#10406,1000.);
#1691=VECTOR('',#10407,1000.);
#1692=VECTOR('',#10408,1000.);
#1693=VECTOR('',#10411,1000.);
#1694=VECTOR('',#10412,1000.);
#1695=VECTOR('',#10413,1000.);
#1696=VECTOR('',#10416,1000.);
#1697=VECTOR('',#10417,1000.);
#1698=VECTOR('',#10418,1000.);
#1699=VECTOR('',#10419,1000.);
#1700=VECTOR('',#10424,1000.);
#1701=VECTOR('',#10429,1000.);
#1702=VECTOR('',#10430,1000.);
#1703=VECTOR('',#10431,1000.);
#1704=VECTOR('',#10434,1000.);
#1705=VECTOR('',#10435,1000.);
#1706=VECTOR('',#10436,1000.);
#1707=VECTOR('',#10437,1000.);
#1708=VECTOR('',#10440,1000.);
#1709=VECTOR('',#10441,1000.);
#1710=VECTOR('',#10442,1000.);
#1711=VECTOR('',#10445,1000.);
#1712=VECTOR('',#10446,1000.);
#1713=VECTOR('',#10447,1000.);
#1714=VECTOR('',#10450,1000.);
#1715=VECTOR('',#10451,1000.);
#1716=VECTOR('',#10452,1000.);
#1717=VECTOR('',#10453,1000.);
#1718=VECTOR('',#10456,1000.);
#1719=VECTOR('',#10457,1000.);
#1720=VECTOR('',#10458,1000.);
#1721=VECTOR('',#10461,1000.);
#1722=VECTOR('',#10462,1000.);
#1723=VECTOR('',#10463,1000.);
#1724=VECTOR('',#10464,1000.);
#1725=VECTOR('',#10467,1000.);
#1726=VECTOR('',#10468,1000.);
#1727=VECTOR('',#10469,1000.);
#1728=VECTOR('',#10472,1000.);
#1729=VECTOR('',#10473,1000.);
#1730=VECTOR('',#10474,1000.);
#1731=VECTOR('',#10477,1000.);
#1732=VECTOR('',#10478,1000.);
#1733=VECTOR('',#10479,1000.);
#1734=VECTOR('',#10484,1000.);
#1735=VECTOR('',#10491,1000.);
#1736=VECTOR('',#10496,1000.);
#1737=VECTOR('',#10497,1000.);
#1738=VECTOR('',#10498,1000.);
#1739=VECTOR('',#10501,1000.);
#1740=VECTOR('',#10502,1000.);
#1741=VECTOR('',#10503,1000.);
#1742=VECTOR('',#10506,1000.);
#1743=VECTOR('',#10507,1000.);
#1744=VECTOR('',#10508,1000.);
#1745=VECTOR('',#10511,1000.);
#1746=VECTOR('',#10512,1000.);
#1747=VECTOR('',#10513,1000.);
#1748=VECTOR('',#10516,1000.);
#1749=VECTOR('',#10517,1000.);
#1750=VECTOR('',#10518,1000.);
#1751=VECTOR('',#10523,1000.);
#1752=VECTOR('',#10528,1000.);
#1753=VECTOR('',#10529,1000.);
#1754=VECTOR('',#10530,1000.);
#1755=VECTOR('',#10533,1000.);
#1756=VECTOR('',#10534,1000.);
#1757=VECTOR('',#10535,1000.);
#1758=VECTOR('',#10536,1000.);
#1759=VECTOR('',#10539,1000.);
#1760=VECTOR('',#10540,1000.);
#1761=VECTOR('',#10541,1000.);
#1762=VECTOR('',#10544,1000.);
#1763=VECTOR('',#10545,1000.);
#1764=VECTOR('',#10546,1000.);
#1765=VECTOR('',#10549,1000.);
#1766=VECTOR('',#10550,1000.);
#1767=VECTOR('',#10551,1000.);
#1768=VECTOR('',#10554,1000.);
#1769=VECTOR('',#10555,1000.);
#1770=VECTOR('',#10556,1000.);
#1771=VECTOR('',#10559,1000.);
#1772=VECTOR('',#10560,1000.);
#1773=VECTOR('',#10561,1000.);
#1774=VECTOR('',#10564,1000.);
#1775=VECTOR('',#10565,1000.);
#1776=VECTOR('',#10566,1000.);
#1777=VECTOR('',#10569,1000.);
#1778=VECTOR('',#10570,1000.);
#1779=VECTOR('',#10571,1000.);
#1780=VECTOR('',#10574,1000.);
#1781=VECTOR('',#10575,1000.);
#1782=VECTOR('',#10576,1000.);
#1783=VECTOR('',#10579,1000.);
#1784=VECTOR('',#10580,1000.);
#1785=VECTOR('',#10581,1000.);
#1786=VECTOR('',#10584,1000.);
#1787=VECTOR('',#10585,1000.);
#1788=VECTOR('',#10586,1000.);
#1789=VECTOR('',#10589,1000.);
#1790=VECTOR('',#10590,1000.);
#1791=VECTOR('',#10591,1000.);
#1792=VECTOR('',#10592,1000.);
#1793=VECTOR('',#10597,1000.);
#1794=VECTOR('',#10602,1000.);
#1795=VECTOR('',#10603,1000.);
#1796=VECTOR('',#10604,1000.);
#1797=VECTOR('',#10607,1000.);
#1798=VECTOR('',#10608,1000.);
#1799=VECTOR('',#10609,1000.);
#1800=VECTOR('',#10612,1000.);
#1801=VECTOR('',#10613,1000.);
#1802=VECTOR('',#10614,1000.);
#1803=VECTOR('',#10619,1000.);
#1804=VECTOR('',#10624,1000.);
#1805=VECTOR('',#10625,1000.);
#1806=VECTOR('',#10626,1000.);
#1807=VECTOR('',#10629,1000.);
#1808=VECTOR('',#10630,1000.);
#1809=VECTOR('',#10639,1000.);
#1810=VECTOR('',#10640,1000.);
#1811=VECTOR('',#10643,1000.);
#1812=VECTOR('',#10644,1000.);
#1813=VECTOR('',#10647,1000.);
#1814=VECTOR('',#10648,1000.);
#1815=VECTOR('',#10651,1000.);
#1816=VECTOR('',#10652,1000.);
#1817=VECTOR('',#10655,1000.);
#1818=VECTOR('',#10656,1000.);
#1819=VECTOR('',#10665,1000.);
#1820=VECTOR('',#10666,1000.);
#1821=VECTOR('',#10669,1000.);
#1822=VECTOR('',#10670,1000.);
#1823=VECTOR('',#10685,1000.);
#1824=VECTOR('',#10686,1000.);
#1825=VECTOR('',#10695,1000.);
#1826=VECTOR('',#10696,1000.);
#1827=VECTOR('',#10699,1000.);
#1828=VECTOR('',#10700,1000.);
#1829=VECTOR('',#10709,1000.);
#1830=VECTOR('',#10710,1000.);
#1831=VECTOR('',#10719,1000.);
#1832=VECTOR('',#10720,1000.);
#1833=VECTOR('',#10729,1000.);
#1834=VECTOR('',#10730,1000.);
#1835=VECTOR('',#10733,1000.);
#1836=VECTOR('',#10734,1000.);
#1837=VECTOR('',#10743,1000.);
#1838=VECTOR('',#10744,1000.);
#1839=VECTOR('',#10747,1000.);
#1840=VECTOR('',#10748,1000.);
#1841=VECTOR('',#10757,1000.);
#1842=VECTOR('',#10758,1000.);
#1843=VECTOR('',#10767,1000.);
#1844=VECTOR('',#10852,1000.);
#1845=VECTOR('',#10855,1000.);
#1846=VECTOR('',#10858,1000.);
#1847=VECTOR('',#10861,1000.);
#1848=VECTOR('',#10866,1000.);
#1849=VECTOR('',#10869,1000.);
#1850=VECTOR('',#10884,1000.);
#1851=VECTOR('',#10887,1000.);
#1852=VECTOR('',#10890,1000.);
#1853=VECTOR('',#10893,1000.);
#1854=VECTOR('',#10896,1000.);
#1855=VECTOR('',#10899,1000.);
#1856=VECTOR('',#10928,1000.);
#1857=VECTOR('',#10929,1000.);
#1858=VECTOR('',#10934,1000.);
#1859=VECTOR('',#10937,1000.);
#1860=VECTOR('',#10940,1000.);
#1861=VECTOR('',#10941,1000.);
#1862=VECTOR('',#10946,1000.);
#1863=VECTOR('',#10947,1000.);
#1864=VECTOR('',#10952,1000.);
#1865=VECTOR('',#10953,1000.);
#1866=VECTOR('',#10958,1000.);
#1867=VECTOR('',#10959,1000.);
#1868=VECTOR('',#11070,1000.);
#1869=VECTOR('',#11071,1000.);
#1870=VECTOR('',#11072,1000.);
#1871=VECTOR('',#11073,1000.);
#1872=VECTOR('',#11074,1000.);
#1873=VECTOR('',#11075,1000.);
#1874=VECTOR('',#11092,1000.);
#1875=VECTOR('',#11093,1000.);
#1876=VECTOR('',#11126,1000.);
#1877=VECTOR('',#11129,1000.);
#1878=VECTOR('',#11132,1000.);
#1879=VECTOR('',#11133,1000.);
#1880=VECTOR('',#11136,1000.);
#1881=VECTOR('',#11141,1000.);
#1882=VECTOR('',#11178,1000.);
#1883=VECTOR('',#11181,1000.);
#1884=VECTOR('',#11182,1000.);
#1885=VECTOR('',#11183,1000.);
#1886=VECTOR('',#11184,1000.);
#1887=VECTOR('',#11185,1000.);
#1888=VECTOR('',#11188,1000.);
#1889=VECTOR('',#11189,1000.);
#1890=VECTOR('',#11192,1000.);
#1891=VECTOR('',#11193,1000.);
#1892=VECTOR('',#11194,1000.);
#1893=VECTOR('',#11195,1000.);
#1894=VECTOR('',#11196,1000.);
#1895=VECTOR('',#11199,1000.);
#1896=VECTOR('',#11200,1000.);
#1897=VECTOR('',#11201,1000.);
#1898=VECTOR('',#11202,1000.);
#1899=VECTOR('',#11205,1000.);
#1900=VECTOR('',#11206,1000.);
#1901=VECTOR('',#11207,1000.);
#1902=VECTOR('',#11208,1000.);
#1903=VECTOR('',#11211,1000.);
#1904=VECTOR('',#11212,1000.);
#1905=VECTOR('',#11213,1000.);
#1906=VECTOR('',#11214,1000.);
#1907=VECTOR('',#11217,1000.);
#1908=VECTOR('',#11218,1000.);
#1909=VECTOR('',#11219,1000.);
#1910=VECTOR('',#11220,1000.);
#1911=VECTOR('',#11223,1000.);
#1912=VECTOR('',#11224,1000.);
#1913=VECTOR('',#11225,1000.);
#1914=VECTOR('',#11226,1000.);
#1915=VECTOR('',#11227,1000.);
#1916=VECTOR('',#11230,1000.);
#1917=VECTOR('',#11231,1000.);
#1918=VECTOR('',#11232,1000.);
#1919=VECTOR('',#11233,1000.);
#1920=VECTOR('',#11236,1000.);
#1921=VECTOR('',#11237,1000.);
#1922=VECTOR('',#11238,1000.);
#1923=VECTOR('',#11239,1000.);
#1924=VECTOR('',#11240,1000.);
#1925=VECTOR('',#11243,1000.);
#1926=VECTOR('',#11244,1000.);
#1927=VECTOR('',#11247,1000.);
#1928=VECTOR('',#11248,1000.);
#1929=VECTOR('',#11249,1000.);
#1930=VECTOR('',#11252,1000.);
#1931=VECTOR('',#11253,1000.);
#1932=VECTOR('',#11254,1000.);
#1933=VECTOR('',#11255,1000.);
#1934=VECTOR('',#11256,1000.);
#1935=VECTOR('',#11259,1000.);
#1936=VECTOR('',#11260,1000.);
#1937=VECTOR('',#11261,1000.);
#1938=VECTOR('',#11262,1000.);
#1939=VECTOR('',#11265,1000.);
#1940=VECTOR('',#11266,1000.);
#1941=VECTOR('',#11269,1000.);
#1942=VECTOR('',#11270,1000.);
#1943=VECTOR('',#11271,1000.);
#1944=VECTOR('',#11274,1000.);
#1945=VECTOR('',#11277,1000.);
#1946=VECTOR('',#11278,1000.);
#1947=VECTOR('',#11279,1000.);
#1948=VECTOR('',#11280,1000.);
#1949=VECTOR('',#11283,1000.);
#1950=VECTOR('',#11292,1000.);
#1951=VECTOR('',#11295,1000.);
#1952=VECTOR('',#11364,1000.);
#1953=VECTOR('',#11367,1000.);
#1954=ORIENTED_EDGE('',*,*,#4152,.T.);
#1955=ORIENTED_EDGE('',*,*,#4153,.F.);
#1956=ORIENTED_EDGE('',*,*,#4154,.T.);
#1957=ORIENTED_EDGE('',*,*,#4155,.T.);
#1958=ORIENTED_EDGE('',*,*,#4156,.T.);
#1959=ORIENTED_EDGE('',*,*,#4157,.F.);
#1960=ORIENTED_EDGE('',*,*,#4158,.T.);
#1961=ORIENTED_EDGE('',*,*,#4159,.T.);
#1962=ORIENTED_EDGE('',*,*,#4160,.T.);
#1963=ORIENTED_EDGE('',*,*,#4161,.F.);
#1964=ORIENTED_EDGE('',*,*,#4162,.T.);
#1965=ORIENTED_EDGE('',*,*,#4163,.T.);
#1966=ORIENTED_EDGE('',*,*,#4164,.T.);
#1967=ORIENTED_EDGE('',*,*,#4165,.F.);
#1968=ORIENTED_EDGE('',*,*,#4166,.F.);
#1969=ORIENTED_EDGE('',*,*,#4167,.T.);
#1970=ORIENTED_EDGE('',*,*,#4168,.T.);
#1971=ORIENTED_EDGE('',*,*,#4169,.T.);
#1972=ORIENTED_EDGE('',*,*,#4170,.F.);
#1973=ORIENTED_EDGE('',*,*,#4171,.T.);
#1974=ORIENTED_EDGE('',*,*,#4172,.T.);
#1975=ORIENTED_EDGE('',*,*,#4173,.T.);
#1976=ORIENTED_EDGE('',*,*,#4174,.F.);
#1977=ORIENTED_EDGE('',*,*,#4175,.T.);
#1978=ORIENTED_EDGE('',*,*,#4176,.T.);
#1979=ORIENTED_EDGE('',*,*,#4177,.T.);
#1980=ORIENTED_EDGE('',*,*,#4168,.F.);
#1981=ORIENTED_EDGE('',*,*,#4178,.T.);
#1982=ORIENTED_EDGE('',*,*,#4161,.T.);
#1983=ORIENTED_EDGE('',*,*,#4179,.T.);
#1984=ORIENTED_EDGE('',*,*,#4153,.T.);
#1985=ORIENTED_EDGE('',*,*,#4180,.T.);
#1986=ORIENTED_EDGE('',*,*,#4176,.F.);
#1987=ORIENTED_EDGE('',*,*,#4181,.T.);
#1988=ORIENTED_EDGE('',*,*,#4157,.T.);
#1989=ORIENTED_EDGE('',*,*,#4182,.T.);
#1990=ORIENTED_EDGE('',*,*,#4172,.F.);
#1991=ORIENTED_EDGE('',*,*,#4183,.T.);
#1992=ORIENTED_EDGE('',*,*,#4184,.F.);
#1993=ORIENTED_EDGE('',*,*,#4185,.F.);
#1994=ORIENTED_EDGE('',*,*,#4186,.F.);
#1995=ORIENTED_EDGE('',*,*,#4187,.F.);
#1996=ORIENTED_EDGE('',*,*,#4188,.T.);
#1997=ORIENTED_EDGE('',*,*,#4189,.T.);
#1998=ORIENTED_EDGE('',*,*,#4190,.T.);
#1999=ORIENTED_EDGE('',*,*,#4191,.F.);
#2000=ORIENTED_EDGE('',*,*,#4192,.F.);
#2001=ORIENTED_EDGE('',*,*,#4193,.F.);
#2002=ORIENTED_EDGE('',*,*,#4194,.T.);
#2003=ORIENTED_EDGE('',*,*,#4195,.T.);
#2004=ORIENTED_EDGE('',*,*,#4193,.T.);
#2005=ORIENTED_EDGE('',*,*,#4196,.T.);
#2006=ORIENTED_EDGE('',*,*,#4197,.F.);
#2007=ORIENTED_EDGE('',*,*,#4198,.T.);
#2008=ORIENTED_EDGE('',*,*,#4199,.T.);
#2009=ORIENTED_EDGE('',*,*,#4200,.T.);
#2010=ORIENTED_EDGE('',*,*,#4201,.T.);
#2011=ORIENTED_EDGE('',*,*,#4195,.F.);
#2012=ORIENTED_EDGE('',*,*,#4202,.F.);
#2013=ORIENTED_EDGE('',*,*,#4203,.T.);
#2014=ORIENTED_EDGE('',*,*,#4204,.F.);
#2015=ORIENTED_EDGE('',*,*,#4205,.F.);
#2016=ORIENTED_EDGE('',*,*,#4200,.F.);
#2017=ORIENTED_EDGE('',*,*,#4206,.T.);
#2018=ORIENTED_EDGE('',*,*,#4207,.T.);
#2019=ORIENTED_EDGE('',*,*,#4189,.F.);
#2020=ORIENTED_EDGE('',*,*,#4208,.F.);
#2021=ORIENTED_EDGE('',*,*,#4191,.T.);
#2022=ORIENTED_EDGE('',*,*,#4209,.T.);
#2023=ORIENTED_EDGE('',*,*,#4210,.F.);
#2024=ORIENTED_EDGE('',*,*,#4197,.T.);
#2025=ORIENTED_EDGE('',*,*,#4211,.F.);
#2026=ORIENTED_EDGE('',*,*,#4212,.T.);
#2027=ORIENTED_EDGE('',*,*,#4213,.F.);
#2028=ORIENTED_EDGE('',*,*,#4214,.F.);
#2029=ORIENTED_EDGE('',*,*,#4215,.F.);
#2030=ORIENTED_EDGE('',*,*,#4216,.F.);
#2031=ORIENTED_EDGE('',*,*,#4217,.T.);
#2032=ORIENTED_EDGE('',*,*,#4218,.F.);
#2033=ORIENTED_EDGE('',*,*,#4219,.F.);
#2034=ORIENTED_EDGE('',*,*,#4220,.T.);
#2035=ORIENTED_EDGE('',*,*,#4152,.F.);
#2036=ORIENTED_EDGE('',*,*,#4221,.T.);
#2037=ORIENTED_EDGE('',*,*,#4222,.F.);
#2038=ORIENTED_EDGE('',*,*,#4223,.F.);
#2039=ORIENTED_EDGE('',*,*,#4224,.T.);
#2040=ORIENTED_EDGE('',*,*,#4206,.F.);
#2041=ORIENTED_EDGE('',*,*,#4225,.T.);
#2042=ORIENTED_EDGE('',*,*,#4226,.F.);
#2043=ORIENTED_EDGE('',*,*,#4227,.F.);
#2044=ORIENTED_EDGE('',*,*,#4228,.F.);
#2045=ORIENTED_EDGE('',*,*,#4229,.F.);
#2046=ORIENTED_EDGE('',*,*,#4230,.F.);
#2047=ORIENTED_EDGE('',*,*,#4231,.F.);
#2048=ORIENTED_EDGE('',*,*,#4232,.F.);
#2049=ORIENTED_EDGE('',*,*,#4233,.F.);
#2050=ORIENTED_EDGE('',*,*,#4234,.F.);
#2051=ORIENTED_EDGE('',*,*,#4235,.F.);
#2052=ORIENTED_EDGE('',*,*,#4236,.F.);
#2053=ORIENTED_EDGE('',*,*,#4237,.F.);
#2054=ORIENTED_EDGE('',*,*,#4238,.F.);
#2055=ORIENTED_EDGE('',*,*,#4239,.F.);
#2056=ORIENTED_EDGE('',*,*,#4240,.F.);
#2057=ORIENTED_EDGE('',*,*,#4241,.F.);
#2058=ORIENTED_EDGE('',*,*,#4242,.F.);
#2059=ORIENTED_EDGE('',*,*,#4243,.F.);
#2060=ORIENTED_EDGE('',*,*,#4244,.F.);
#2061=ORIENTED_EDGE('',*,*,#4245,.F.);
#2062=ORIENTED_EDGE('',*,*,#4246,.F.);
#2063=ORIENTED_EDGE('',*,*,#4247,.F.);
#2064=ORIENTED_EDGE('',*,*,#4248,.F.);
#2065=ORIENTED_EDGE('',*,*,#4249,.F.);
#2066=ORIENTED_EDGE('',*,*,#4250,.F.);
#2067=ORIENTED_EDGE('',*,*,#4251,.F.);
#2068=ORIENTED_EDGE('',*,*,#4252,.F.);
#2069=ORIENTED_EDGE('',*,*,#4253,.F.);
#2070=ORIENTED_EDGE('',*,*,#4254,.T.);
#2071=ORIENTED_EDGE('',*,*,#4255,.T.);
#2072=ORIENTED_EDGE('',*,*,#4256,.T.);
#2073=ORIENTED_EDGE('',*,*,#4257,.T.);
#2074=ORIENTED_EDGE('',*,*,#4215,.T.);
#2075=ORIENTED_EDGE('',*,*,#4258,.F.);
#2076=ORIENTED_EDGE('',*,*,#4259,.T.);
#2077=ORIENTED_EDGE('',*,*,#4260,.F.);
#2078=ORIENTED_EDGE('',*,*,#4213,.T.);
#2079=ORIENTED_EDGE('',*,*,#4261,.F.);
#2080=ORIENTED_EDGE('',*,*,#4262,.F.);
#2081=ORIENTED_EDGE('',*,*,#4263,.F.);
#2082=ORIENTED_EDGE('',*,*,#4264,.F.);
#2083=ORIENTED_EDGE('',*,*,#4265,.T.);
#2084=ORIENTED_EDGE('',*,*,#4266,.T.);
#2085=ORIENTED_EDGE('',*,*,#4267,.T.);
#2086=ORIENTED_EDGE('',*,*,#4268,.T.);
#2087=ORIENTED_EDGE('',*,*,#4269,.T.);
#2088=ORIENTED_EDGE('',*,*,#4270,.T.);
#2089=ORIENTED_EDGE('',*,*,#4271,.T.);
#2090=ORIENTED_EDGE('',*,*,#4272,.T.);
#2091=ORIENTED_EDGE('',*,*,#4273,.T.);
#2092=ORIENTED_EDGE('',*,*,#4274,.T.);
#2093=ORIENTED_EDGE('',*,*,#4275,.T.);
#2094=ORIENTED_EDGE('',*,*,#4276,.T.);
#2095=ORIENTED_EDGE('',*,*,#4277,.T.);
#2096=ORIENTED_EDGE('',*,*,#4278,.T.);
#2097=ORIENTED_EDGE('',*,*,#4279,.T.);
#2098=ORIENTED_EDGE('',*,*,#4280,.T.);
#2099=ORIENTED_EDGE('',*,*,#4281,.T.);
#2100=ORIENTED_EDGE('',*,*,#4282,.T.);
#2101=ORIENTED_EDGE('',*,*,#4283,.T.);
#2102=ORIENTED_EDGE('',*,*,#4284,.T.);
#2103=ORIENTED_EDGE('',*,*,#4285,.T.);
#2104=ORIENTED_EDGE('',*,*,#4286,.T.);
#2105=ORIENTED_EDGE('',*,*,#4287,.T.);
#2106=ORIENTED_EDGE('',*,*,#4288,.T.);
#2107=ORIENTED_EDGE('',*,*,#4289,.T.);
#2108=ORIENTED_EDGE('',*,*,#4290,.T.);
#2109=ORIENTED_EDGE('',*,*,#4291,.T.);
#2110=ORIENTED_EDGE('',*,*,#4292,.T.);
#2111=ORIENTED_EDGE('',*,*,#4293,.F.);
#2112=ORIENTED_EDGE('',*,*,#4210,.T.);
#2113=ORIENTED_EDGE('',*,*,#4294,.T.);
#2114=ORIENTED_EDGE('',*,*,#4295,.T.);
#2115=ORIENTED_EDGE('',*,*,#4296,.F.);
#2116=ORIENTED_EDGE('',*,*,#4297,.F.);
#2117=ORIENTED_EDGE('',*,*,#4298,.F.);
#2118=ORIENTED_EDGE('',*,*,#4299,.F.);
#2119=ORIENTED_EDGE('',*,*,#4300,.F.);
#2120=ORIENTED_EDGE('',*,*,#4301,.T.);
#2121=ORIENTED_EDGE('',*,*,#4259,.F.);
#2122=ORIENTED_EDGE('',*,*,#4302,.T.);
#2123=ORIENTED_EDGE('',*,*,#4222,.T.);
#2124=ORIENTED_EDGE('',*,*,#4303,.T.);
#2125=ORIENTED_EDGE('',*,*,#4304,.F.);
#2126=ORIENTED_EDGE('',*,*,#4305,.T.);
#2127=ORIENTED_EDGE('',*,*,#4306,.T.);
#2128=ORIENTED_EDGE('',*,*,#4307,.F.);
#2129=ORIENTED_EDGE('',*,*,#4308,.F.);
#2130=ORIENTED_EDGE('',*,*,#4307,.T.);
#2131=ORIENTED_EDGE('',*,*,#4309,.T.);
#2132=ORIENTED_EDGE('',*,*,#4310,.F.);
#2133=ORIENTED_EDGE('',*,*,#4311,.T.);
#2134=ORIENTED_EDGE('',*,*,#4217,.F.);
#2135=ORIENTED_EDGE('',*,*,#4264,.T.);
#2136=ORIENTED_EDGE('',*,*,#4312,.F.);
#2137=ORIENTED_EDGE('',*,*,#4313,.F.);
#2138=ORIENTED_EDGE('',*,*,#4314,.T.);
#2139=ORIENTED_EDGE('',*,*,#4306,.F.);
#2140=ORIENTED_EDGE('',*,*,#4315,.F.);
#2141=ORIENTED_EDGE('',*,*,#4316,.T.);
#2142=ORIENTED_EDGE('',*,*,#4309,.F.);
#2143=ORIENTED_EDGE('',*,*,#4317,.F.);
#2144=ORIENTED_EDGE('',*,*,#4318,.F.);
#2145=ORIENTED_EDGE('',*,*,#4319,.F.);
#2146=ORIENTED_EDGE('',*,*,#4320,.F.);
#2147=ORIENTED_EDGE('',*,*,#4321,.F.);
#2148=ORIENTED_EDGE('',*,*,#4322,.F.);
#2149=ORIENTED_EDGE('',*,*,#4323,.F.);
#2150=ORIENTED_EDGE('',*,*,#4324,.F.);
#2151=ORIENTED_EDGE('',*,*,#4310,.T.);
#2152=ORIENTED_EDGE('',*,*,#4316,.F.);
#2153=ORIENTED_EDGE('',*,*,#4325,.F.);
#2154=ORIENTED_EDGE('',*,*,#4326,.T.);
#2155=ORIENTED_EDGE('',*,*,#4327,.T.);
#2156=ORIENTED_EDGE('',*,*,#4328,.F.);
#2157=ORIENTED_EDGE('',*,*,#4329,.F.);
#2158=ORIENTED_EDGE('',*,*,#4313,.T.);
#2159=ORIENTED_EDGE('',*,*,#4330,.F.);
#2160=ORIENTED_EDGE('',*,*,#4202,.T.);
#2161=ORIENTED_EDGE('',*,*,#4194,.F.);
#2162=ORIENTED_EDGE('',*,*,#4199,.F.);
#2163=ORIENTED_EDGE('',*,*,#4331,.T.);
#2164=ORIENTED_EDGE('',*,*,#4332,.T.);
#2165=ORIENTED_EDGE('',*,*,#4333,.T.);
#2166=ORIENTED_EDGE('',*,*,#4334,.T.);
#2167=ORIENTED_EDGE('',*,*,#4335,.T.);
#2168=ORIENTED_EDGE('',*,*,#4336,.F.);
#2169=ORIENTED_EDGE('',*,*,#4337,.F.);
#2170=ORIENTED_EDGE('',*,*,#4338,.F.);
#2171=ORIENTED_EDGE('',*,*,#4261,.T.);
#2172=ORIENTED_EDGE('',*,*,#4212,.F.);
#2173=ORIENTED_EDGE('',*,*,#4257,.F.);
#2174=ORIENTED_EDGE('',*,*,#4339,.F.);
#2175=ORIENTED_EDGE('',*,*,#4340,.T.);
#2176=ORIENTED_EDGE('',*,*,#4341,.T.);
#2177=ORIENTED_EDGE('',*,*,#4342,.F.);
#2178=ORIENTED_EDGE('',*,*,#4343,.T.);
#2179=ORIENTED_EDGE('',*,*,#4344,.F.);
#2180=ORIENTED_EDGE('',*,*,#4252,.T.);
#2181=ORIENTED_EDGE('',*,*,#4345,.F.);
#2182=ORIENTED_EDGE('',*,*,#4266,.F.);
#2183=ORIENTED_EDGE('',*,*,#4346,.F.);
#2184=ORIENTED_EDGE('',*,*,#4336,.T.);
#2185=ORIENTED_EDGE('',*,*,#4347,.F.);
#2186=ORIENTED_EDGE('',*,*,#4348,.F.);
#2187=ORIENTED_EDGE('',*,*,#4349,.F.);
#2188=ORIENTED_EDGE('',*,*,#4278,.F.);
#2189=ORIENTED_EDGE('',*,*,#4350,.T.);
#2190=ORIENTED_EDGE('',*,*,#4240,.T.);
#2191=ORIENTED_EDGE('',*,*,#4351,.T.);
#2192=ORIENTED_EDGE('',*,*,#4352,.T.);
#2193=ORIENTED_EDGE('',*,*,#4348,.T.);
#2194=ORIENTED_EDGE('',*,*,#4353,.F.);
#2195=ORIENTED_EDGE('',*,*,#4354,.F.);
#2196=ORIENTED_EDGE('',*,*,#4355,.T.);
#2197=ORIENTED_EDGE('',*,*,#4354,.T.);
#2198=ORIENTED_EDGE('',*,*,#4356,.T.);
#2199=ORIENTED_EDGE('',*,*,#4238,.T.);
#2200=ORIENTED_EDGE('',*,*,#4357,.F.);
#2201=ORIENTED_EDGE('',*,*,#4280,.F.);
#2202=ORIENTED_EDGE('',*,*,#4358,.T.);
#2203=ORIENTED_EDGE('',*,*,#4226,.T.);
#2204=ORIENTED_EDGE('',*,*,#4359,.T.);
#2205=ORIENTED_EDGE('',*,*,#4332,.F.);
#2206=ORIENTED_EDGE('',*,*,#4360,.T.);
#2207=ORIENTED_EDGE('',*,*,#4292,.F.);
#2208=ORIENTED_EDGE('',*,*,#4361,.T.);
#2209=ORIENTED_EDGE('',*,*,#4251,.T.);
#2210=ORIENTED_EDGE('',*,*,#4362,.F.);
#2211=ORIENTED_EDGE('',*,*,#4267,.F.);
#2212=ORIENTED_EDGE('',*,*,#4345,.T.);
#2213=ORIENTED_EDGE('',*,*,#4250,.T.);
#2214=ORIENTED_EDGE('',*,*,#4363,.F.);
#2215=ORIENTED_EDGE('',*,*,#4268,.F.);
#2216=ORIENTED_EDGE('',*,*,#4362,.T.);
#2217=ORIENTED_EDGE('',*,*,#4249,.T.);
#2218=ORIENTED_EDGE('',*,*,#4364,.F.);
#2219=ORIENTED_EDGE('',*,*,#4269,.F.);
#2220=ORIENTED_EDGE('',*,*,#4363,.T.);
#2221=ORIENTED_EDGE('',*,*,#4248,.T.);
#2222=ORIENTED_EDGE('',*,*,#4365,.F.);
#2223=ORIENTED_EDGE('',*,*,#4270,.F.);
#2224=ORIENTED_EDGE('',*,*,#4364,.T.);
#2225=ORIENTED_EDGE('',*,*,#4247,.T.);
#2226=ORIENTED_EDGE('',*,*,#4366,.F.);
#2227=ORIENTED_EDGE('',*,*,#4271,.F.);
#2228=ORIENTED_EDGE('',*,*,#4365,.T.);
#2229=ORIENTED_EDGE('',*,*,#4246,.T.);
#2230=ORIENTED_EDGE('',*,*,#4367,.F.);
#2231=ORIENTED_EDGE('',*,*,#4272,.F.);
#2232=ORIENTED_EDGE('',*,*,#4366,.T.);
#2233=ORIENTED_EDGE('',*,*,#4245,.T.);
#2234=ORIENTED_EDGE('',*,*,#4368,.F.);
#2235=ORIENTED_EDGE('',*,*,#4273,.F.);
#2236=ORIENTED_EDGE('',*,*,#4367,.T.);
#2237=ORIENTED_EDGE('',*,*,#4244,.T.);
#2238=ORIENTED_EDGE('',*,*,#4369,.F.);
#2239=ORIENTED_EDGE('',*,*,#4274,.F.);
#2240=ORIENTED_EDGE('',*,*,#4368,.T.);
#2241=ORIENTED_EDGE('',*,*,#4243,.T.);
#2242=ORIENTED_EDGE('',*,*,#4370,.F.);
#2243=ORIENTED_EDGE('',*,*,#4275,.F.);
#2244=ORIENTED_EDGE('',*,*,#4369,.T.);
#2245=ORIENTED_EDGE('',*,*,#4242,.T.);
#2246=ORIENTED_EDGE('',*,*,#4371,.F.);
#2247=ORIENTED_EDGE('',*,*,#4276,.F.);
#2248=ORIENTED_EDGE('',*,*,#4370,.T.);
#2249=ORIENTED_EDGE('',*,*,#4241,.T.);
#2250=ORIENTED_EDGE('',*,*,#4350,.F.);
#2251=ORIENTED_EDGE('',*,*,#4277,.F.);
#2252=ORIENTED_EDGE('',*,*,#4371,.T.);
#2253=ORIENTED_EDGE('',*,*,#4237,.T.);
#2254=ORIENTED_EDGE('',*,*,#4372,.F.);
#2255=ORIENTED_EDGE('',*,*,#4281,.F.);
#2256=ORIENTED_EDGE('',*,*,#4357,.T.);
#2257=ORIENTED_EDGE('',*,*,#4236,.T.);
#2258=ORIENTED_EDGE('',*,*,#4373,.F.);
#2259=ORIENTED_EDGE('',*,*,#4282,.F.);
#2260=ORIENTED_EDGE('',*,*,#4372,.T.);
#2261=ORIENTED_EDGE('',*,*,#4235,.T.);
#2262=ORIENTED_EDGE('',*,*,#4374,.F.);
#2263=ORIENTED_EDGE('',*,*,#4283,.F.);
#2264=ORIENTED_EDGE('',*,*,#4373,.T.);
#2265=ORIENTED_EDGE('',*,*,#4234,.T.);
#2266=ORIENTED_EDGE('',*,*,#4375,.F.);
#2267=ORIENTED_EDGE('',*,*,#4284,.F.);
#2268=ORIENTED_EDGE('',*,*,#4374,.T.);
#2269=ORIENTED_EDGE('',*,*,#4233,.T.);
#2270=ORIENTED_EDGE('',*,*,#4376,.F.);
#2271=ORIENTED_EDGE('',*,*,#4285,.F.);
#2272=ORIENTED_EDGE('',*,*,#4375,.T.);
#2273=ORIENTED_EDGE('',*,*,#4232,.T.);
#2274=ORIENTED_EDGE('',*,*,#4377,.F.);
#2275=ORIENTED_EDGE('',*,*,#4286,.F.);
#2276=ORIENTED_EDGE('',*,*,#4376,.T.);
#2277=ORIENTED_EDGE('',*,*,#4231,.T.);
#2278=ORIENTED_EDGE('',*,*,#4378,.F.);
#2279=ORIENTED_EDGE('',*,*,#4287,.F.);
#2280=ORIENTED_EDGE('',*,*,#4377,.T.);
#2281=ORIENTED_EDGE('',*,*,#4230,.T.);
#2282=ORIENTED_EDGE('',*,*,#4379,.F.);
#2283=ORIENTED_EDGE('',*,*,#4288,.F.);
#2284=ORIENTED_EDGE('',*,*,#4378,.T.);
#2285=ORIENTED_EDGE('',*,*,#4229,.T.);
#2286=ORIENTED_EDGE('',*,*,#4380,.F.);
#2287=ORIENTED_EDGE('',*,*,#4289,.F.);
#2288=ORIENTED_EDGE('',*,*,#4379,.T.);
#2289=ORIENTED_EDGE('',*,*,#4228,.T.);
#2290=ORIENTED_EDGE('',*,*,#4381,.F.);
#2291=ORIENTED_EDGE('',*,*,#4290,.F.);
#2292=ORIENTED_EDGE('',*,*,#4380,.T.);
#2293=ORIENTED_EDGE('',*,*,#4227,.T.);
#2294=ORIENTED_EDGE('',*,*,#4361,.F.);
#2295=ORIENTED_EDGE('',*,*,#4291,.F.);
#2296=ORIENTED_EDGE('',*,*,#4381,.T.);
#2297=ORIENTED_EDGE('',*,*,#4353,.T.);
#2298=ORIENTED_EDGE('',*,*,#4347,.T.);
#2299=ORIENTED_EDGE('',*,*,#4239,.T.);
#2300=ORIENTED_EDGE('',*,*,#4356,.F.);
#2301=ORIENTED_EDGE('',*,*,#4225,.F.);
#2302=ORIENTED_EDGE('',*,*,#4203,.F.);
#2303=ORIENTED_EDGE('',*,*,#4330,.T.);
#2304=ORIENTED_EDGE('',*,*,#4359,.F.);
#2305=ORIENTED_EDGE('',*,*,#4279,.F.);
#2306=ORIENTED_EDGE('',*,*,#4349,.T.);
#2307=ORIENTED_EDGE('',*,*,#4355,.F.);
#2308=ORIENTED_EDGE('',*,*,#4358,.F.);
#2309=ORIENTED_EDGE('',*,*,#4331,.F.);
#2310=ORIENTED_EDGE('',*,*,#4198,.F.);
#2311=ORIENTED_EDGE('',*,*,#4293,.T.);
#2312=ORIENTED_EDGE('',*,*,#4360,.F.);
#2313=ORIENTED_EDGE('',*,*,#4346,.T.);
#2314=ORIENTED_EDGE('',*,*,#4265,.F.);
#2315=ORIENTED_EDGE('',*,*,#4382,.T.);
#2316=ORIENTED_EDGE('',*,*,#4337,.T.);
#2317=ORIENTED_EDGE('',*,*,#4344,.T.);
#2318=ORIENTED_EDGE('',*,*,#4335,.F.);
#2319=ORIENTED_EDGE('',*,*,#4383,.T.);
#2320=ORIENTED_EDGE('',*,*,#4253,.T.);
#2321=ORIENTED_EDGE('',*,*,#4384,.T.);
#2322=ORIENTED_EDGE('',*,*,#4333,.F.);
#2323=ORIENTED_EDGE('',*,*,#4385,.F.);
#2324=ORIENTED_EDGE('',*,*,#4329,.T.);
#2325=ORIENTED_EDGE('',*,*,#4386,.F.);
#2326=ORIENTED_EDGE('',*,*,#4387,.F.);
#2327=ORIENTED_EDGE('',*,*,#4388,.T.);
#2328=ORIENTED_EDGE('',*,*,#4389,.T.);
#2329=ORIENTED_EDGE('',*,*,#4325,.T.);
#2330=ORIENTED_EDGE('',*,*,#4315,.T.);
#2331=ORIENTED_EDGE('',*,*,#4305,.F.);
#2332=ORIENTED_EDGE('',*,*,#4390,.F.);
#2333=ORIENTED_EDGE('',*,*,#4391,.T.);
#2334=ORIENTED_EDGE('',*,*,#4392,.F.);
#2335=ORIENTED_EDGE('',*,*,#4389,.F.);
#2336=ORIENTED_EDGE('',*,*,#4393,.T.);
#2337=ORIENTED_EDGE('',*,*,#4394,.F.);
#2338=ORIENTED_EDGE('',*,*,#4395,.T.);
#2339=ORIENTED_EDGE('',*,*,#4219,.T.);
#2340=ORIENTED_EDGE('',*,*,#4396,.F.);
#2341=ORIENTED_EDGE('',*,*,#4387,.T.);
#2342=ORIENTED_EDGE('',*,*,#4397,.T.);
#2343=ORIENTED_EDGE('',*,*,#4398,.T.);
#2344=ORIENTED_EDGE('',*,*,#4399,.T.);
#2345=ORIENTED_EDGE('',*,*,#4255,.F.);
#2346=ORIENTED_EDGE('',*,*,#4400,.F.);
#2347=ORIENTED_EDGE('',*,*,#4327,.F.);
#2348=ORIENTED_EDGE('',*,*,#4312,.T.);
#2349=ORIENTED_EDGE('',*,*,#4263,.T.);
#2350=ORIENTED_EDGE('',*,*,#4401,.F.);
#2351=ORIENTED_EDGE('',*,*,#4402,.F.);
#2352=ORIENTED_EDGE('',*,*,#4403,.F.);
#2353=ORIENTED_EDGE('',*,*,#4314,.F.);
#2354=ORIENTED_EDGE('',*,*,#4385,.T.);
#2355=ORIENTED_EDGE('',*,*,#4338,.T.);
#2356=ORIENTED_EDGE('',*,*,#4382,.F.);
#2357=ORIENTED_EDGE('',*,*,#4334,.F.);
#2358=ORIENTED_EDGE('',*,*,#4384,.F.);
#2359=ORIENTED_EDGE('',*,*,#4404,.T.);
#2360=ORIENTED_EDGE('',*,*,#4383,.F.);
#2361=ORIENTED_EDGE('',*,*,#4328,.T.);
#2362=ORIENTED_EDGE('',*,*,#4400,.T.);
#2363=ORIENTED_EDGE('',*,*,#4254,.F.);
#2364=ORIENTED_EDGE('',*,*,#4404,.F.);
#2365=ORIENTED_EDGE('',*,*,#4326,.F.);
#2366=ORIENTED_EDGE('',*,*,#4396,.T.);
#2367=ORIENTED_EDGE('',*,*,#4218,.T.);
#2368=ORIENTED_EDGE('',*,*,#4311,.F.);
#2369=ORIENTED_EDGE('',*,*,#4397,.F.);
#2370=ORIENTED_EDGE('',*,*,#4386,.T.);
#2371=ORIENTED_EDGE('',*,*,#4392,.T.);
#2372=ORIENTED_EDGE('',*,*,#4405,.T.);
#2373=ORIENTED_EDGE('',*,*,#4393,.F.);
#2374=ORIENTED_EDGE('',*,*,#4388,.F.);
#2375=ORIENTED_EDGE('',*,*,#4403,.T.);
#2376=ORIENTED_EDGE('',*,*,#4406,.T.);
#2377=ORIENTED_EDGE('',*,*,#4262,.T.);
#2378=ORIENTED_EDGE('',*,*,#4343,.F.);
#2379=ORIENTED_EDGE('',*,*,#4407,.F.);
#2380=ORIENTED_EDGE('',*,*,#4401,.T.);
#2381=ORIENTED_EDGE('',*,*,#4408,.F.);
#2382=ORIENTED_EDGE('',*,*,#4409,.F.);
#2383=ORIENTED_EDGE('',*,*,#4410,.T.);
#2384=ORIENTED_EDGE('',*,*,#4411,.T.);
#2385=ORIENTED_EDGE('',*,*,#4303,.F.);
#2386=ORIENTED_EDGE('',*,*,#4308,.T.);
#2387=ORIENTED_EDGE('',*,*,#4216,.T.);
#2388=ORIENTED_EDGE('',*,*,#4412,.F.);
#2389=ORIENTED_EDGE('',*,*,#4220,.F.);
#2390=ORIENTED_EDGE('',*,*,#4395,.F.);
#2391=ORIENTED_EDGE('',*,*,#4413,.T.);
#2392=ORIENTED_EDGE('',*,*,#4412,.T.);
#2393=ORIENTED_EDGE('',*,*,#4414,.F.);
#2394=ORIENTED_EDGE('',*,*,#4408,.T.);
#2395=ORIENTED_EDGE('',*,*,#4413,.F.);
#2396=ORIENTED_EDGE('',*,*,#4394,.T.);
#2397=ORIENTED_EDGE('',*,*,#4406,.F.);
#2398=ORIENTED_EDGE('',*,*,#4402,.T.);
#2399=ORIENTED_EDGE('',*,*,#4407,.T.);
#2400=ORIENTED_EDGE('',*,*,#4342,.T.);
#2401=ORIENTED_EDGE('',*,*,#4256,.F.);
#2402=ORIENTED_EDGE('',*,*,#4399,.F.);
#2403=ORIENTED_EDGE('',*,*,#4415,.T.);
#2404=ORIENTED_EDGE('',*,*,#4339,.T.);
#2405=ORIENTED_EDGE('',*,*,#4304,.T.);
#2406=ORIENTED_EDGE('',*,*,#4411,.F.);
#2407=ORIENTED_EDGE('',*,*,#4416,.F.);
#2408=ORIENTED_EDGE('',*,*,#4390,.T.);
#2409=ORIENTED_EDGE('',*,*,#4410,.F.);
#2410=ORIENTED_EDGE('',*,*,#4417,.T.);
#2411=ORIENTED_EDGE('',*,*,#4340,.F.);
#2412=ORIENTED_EDGE('',*,*,#4415,.F.);
#2413=ORIENTED_EDGE('',*,*,#4398,.F.);
#2414=ORIENTED_EDGE('',*,*,#4405,.F.);
#2415=ORIENTED_EDGE('',*,*,#4391,.F.);
#2416=ORIENTED_EDGE('',*,*,#4416,.T.);
#2417=ORIENTED_EDGE('',*,*,#4418,.T.);
#2418=ORIENTED_EDGE('',*,*,#4419,.T.);
#2419=ORIENTED_EDGE('',*,*,#4418,.F.);
#2420=ORIENTED_EDGE('',*,*,#4300,.T.);
#2421=ORIENTED_EDGE('',*,*,#4419,.F.);
#2422=ORIENTED_EDGE('',*,*,#4420,.T.);
#2423=ORIENTED_EDGE('',*,*,#4352,.F.);
#2424=ORIENTED_EDGE('',*,*,#4421,.T.);
#2425=ORIENTED_EDGE('',*,*,#4420,.F.);
#2426=ORIENTED_EDGE('',*,*,#4422,.T.);
#2427=ORIENTED_EDGE('',*,*,#4421,.F.);
#2428=ORIENTED_EDGE('',*,*,#4423,.T.);
#2429=ORIENTED_EDGE('',*,*,#4422,.F.);
#2430=ORIENTED_EDGE('',*,*,#4424,.T.);
#2431=ORIENTED_EDGE('',*,*,#4423,.F.);
#2432=ORIENTED_EDGE('',*,*,#4299,.T.);
#2433=ORIENTED_EDGE('',*,*,#4424,.F.);
#2434=ORIENTED_EDGE('',*,*,#4425,.T.);
#2435=ORIENTED_EDGE('',*,*,#4351,.F.);
#2436=ORIENTED_EDGE('',*,*,#4426,.T.);
#2437=ORIENTED_EDGE('',*,*,#4425,.F.);
#2438=ORIENTED_EDGE('',*,*,#4427,.T.);
#2439=ORIENTED_EDGE('',*,*,#4426,.F.);
#2440=ORIENTED_EDGE('',*,*,#4428,.T.);
#2441=ORIENTED_EDGE('',*,*,#4427,.F.);
#2442=ORIENTED_EDGE('',*,*,#4429,.T.);
#2443=ORIENTED_EDGE('',*,*,#4428,.F.);
#2444=ORIENTED_EDGE('',*,*,#4298,.T.);
#2445=ORIENTED_EDGE('',*,*,#4429,.F.);
#2446=ORIENTED_EDGE('',*,*,#4430,.T.);
#2447=ORIENTED_EDGE('',*,*,#4297,.T.);
#2448=ORIENTED_EDGE('',*,*,#4430,.F.);
#2449=ORIENTED_EDGE('',*,*,#4431,.T.);
#2450=ORIENTED_EDGE('',*,*,#4296,.T.);
#2451=ORIENTED_EDGE('',*,*,#4431,.F.);
#2452=ORIENTED_EDGE('',*,*,#4224,.F.);
#2453=ORIENTED_EDGE('',*,*,#4432,.F.);
#2454=ORIENTED_EDGE('',*,*,#4294,.F.);
#2455=ORIENTED_EDGE('',*,*,#4209,.F.);
#2456=ORIENTED_EDGE('',*,*,#4190,.F.);
#2457=ORIENTED_EDGE('',*,*,#4207,.F.);
#2458=ORIENTED_EDGE('',*,*,#4302,.F.);
#2459=ORIENTED_EDGE('',*,*,#4295,.F.);
#2460=ORIENTED_EDGE('',*,*,#4432,.T.);
#2461=ORIENTED_EDGE('',*,*,#4223,.T.);
#2462=ORIENTED_EDGE('',*,*,#4301,.F.);
#2463=ORIENTED_EDGE('',*,*,#4221,.F.);
#2464=ORIENTED_EDGE('',*,*,#4214,.T.);
#2465=ORIENTED_EDGE('',*,*,#4260,.T.);
#2466=ORIENTED_EDGE('',*,*,#4433,.T.);
#2467=ORIENTED_EDGE('',*,*,#4434,.T.);
#2468=ORIENTED_EDGE('',*,*,#4165,.T.);
#2469=ORIENTED_EDGE('',*,*,#4433,.F.);
#2470=ORIENTED_EDGE('',*,*,#4434,.F.);
#2471=ORIENTED_EDGE('',*,*,#4414,.T.);
#2472=ORIENTED_EDGE('',*,*,#4341,.F.);
#2473=ORIENTED_EDGE('',*,*,#4417,.F.);
#2474=ORIENTED_EDGE('',*,*,#4409,.T.);
#2475=ORIENTED_EDGE('',*,*,#4435,.T.);
#2476=ORIENTED_EDGE('',*,*,#4184,.T.);
#2477=ORIENTED_EDGE('',*,*,#4435,.F.);
#2478=ORIENTED_EDGE('',*,*,#4436,.T.);
#2479=ORIENTED_EDGE('',*,*,#4185,.T.);
#2480=ORIENTED_EDGE('',*,*,#4436,.F.);
#2481=ORIENTED_EDGE('',*,*,#4437,.T.);
#2482=ORIENTED_EDGE('',*,*,#4438,.T.);
#2483=ORIENTED_EDGE('',*,*,#4437,.F.);
#2484=ORIENTED_EDGE('',*,*,#4186,.T.);
#2485=ORIENTED_EDGE('',*,*,#4438,.F.);
#2486=ORIENTED_EDGE('',*,*,#4439,.T.);
#2487=ORIENTED_EDGE('',*,*,#4440,.T.);
#2488=ORIENTED_EDGE('',*,*,#4439,.F.);
#2489=ORIENTED_EDGE('',*,*,#4187,.T.);
#2490=ORIENTED_EDGE('',*,*,#4440,.F.);
#2491=ORIENTED_EDGE('',*,*,#4204,.T.);
#2492=ORIENTED_EDGE('',*,*,#4188,.F.);
#2493=ORIENTED_EDGE('',*,*,#4208,.T.);
#2494=ORIENTED_EDGE('',*,*,#4441,.T.);
#2495=ORIENTED_EDGE('',*,*,#4205,.T.);
#2496=ORIENTED_EDGE('',*,*,#4441,.F.);
#2497=ORIENTED_EDGE('',*,*,#4211,.T.);
#2498=ORIENTED_EDGE('',*,*,#4196,.F.);
#2499=ORIENTED_EDGE('',*,*,#4192,.T.);
#2500=ORIENTED_EDGE('',*,*,#4201,.F.);
#2501=ORIENTED_EDGE('',*,*,#4442,.T.);
#2502=ORIENTED_EDGE('',*,*,#4443,.T.);
#2503=ORIENTED_EDGE('',*,*,#4169,.F.);
#2504=ORIENTED_EDGE('',*,*,#4179,.F.);
#2505=ORIENTED_EDGE('',*,*,#4160,.F.);
#2506=ORIENTED_EDGE('',*,*,#4183,.F.);
#2507=ORIENTED_EDGE('',*,*,#4171,.F.);
#2508=ORIENTED_EDGE('',*,*,#4444,.F.);
#2509=ORIENTED_EDGE('',*,*,#4445,.T.);
#2510=ORIENTED_EDGE('',*,*,#4158,.F.);
#2511=ORIENTED_EDGE('',*,*,#4170,.T.);
#2512=ORIENTED_EDGE('',*,*,#4443,.F.);
#2513=ORIENTED_EDGE('',*,*,#4446,.F.);
#2514=ORIENTED_EDGE('',*,*,#4444,.T.);
#2515=ORIENTED_EDGE('',*,*,#4445,.F.);
#2516=ORIENTED_EDGE('',*,*,#4446,.T.);
#2517=ORIENTED_EDGE('',*,*,#4442,.F.);
#2518=ORIENTED_EDGE('',*,*,#4159,.F.);
#2519=ORIENTED_EDGE('',*,*,#4447,.T.);
#2520=ORIENTED_EDGE('',*,*,#4448,.T.);
#2521=ORIENTED_EDGE('',*,*,#4173,.F.);
#2522=ORIENTED_EDGE('',*,*,#4182,.F.);
#2523=ORIENTED_EDGE('',*,*,#4156,.F.);
#2524=ORIENTED_EDGE('',*,*,#4181,.F.);
#2525=ORIENTED_EDGE('',*,*,#4175,.F.);
#2526=ORIENTED_EDGE('',*,*,#4449,.F.);
#2527=ORIENTED_EDGE('',*,*,#4450,.T.);
#2528=ORIENTED_EDGE('',*,*,#4154,.F.);
#2529=ORIENTED_EDGE('',*,*,#4174,.T.);
#2530=ORIENTED_EDGE('',*,*,#4448,.F.);
#2531=ORIENTED_EDGE('',*,*,#4451,.F.);
#2532=ORIENTED_EDGE('',*,*,#4449,.T.);
#2533=ORIENTED_EDGE('',*,*,#4450,.F.);
#2534=ORIENTED_EDGE('',*,*,#4451,.T.);
#2535=ORIENTED_EDGE('',*,*,#4447,.F.);
#2536=ORIENTED_EDGE('',*,*,#4155,.F.);
#2537=ORIENTED_EDGE('',*,*,#4178,.F.);
#2538=ORIENTED_EDGE('',*,*,#4167,.F.);
#2539=ORIENTED_EDGE('',*,*,#4452,.F.);
#2540=ORIENTED_EDGE('',*,*,#4453,.T.);
#2541=ORIENTED_EDGE('',*,*,#4162,.F.);
#2542=ORIENTED_EDGE('',*,*,#4166,.T.);
#2543=ORIENTED_EDGE('',*,*,#4454,.F.);
#2544=ORIENTED_EDGE('',*,*,#4455,.F.);
#2545=ORIENTED_EDGE('',*,*,#4452,.T.);
#2546=ORIENTED_EDGE('',*,*,#4456,.T.);
#2547=ORIENTED_EDGE('',*,*,#4454,.T.);
#2548=ORIENTED_EDGE('',*,*,#4177,.F.);
#2549=ORIENTED_EDGE('',*,*,#4180,.F.);
#2550=ORIENTED_EDGE('',*,*,#4164,.F.);
#2551=ORIENTED_EDGE('',*,*,#4453,.F.);
#2552=ORIENTED_EDGE('',*,*,#4455,.T.);
#2553=ORIENTED_EDGE('',*,*,#4456,.F.);
#2554=ORIENTED_EDGE('',*,*,#4163,.F.);
#2555=ORIENTED_EDGE('',*,*,#4318,.T.);
#2556=ORIENTED_EDGE('',*,*,#4457,.F.);
#2557=ORIENTED_EDGE('',*,*,#4458,.F.);
#2558=ORIENTED_EDGE('',*,*,#4459,.T.);
#2559=ORIENTED_EDGE('',*,*,#4317,.T.);
#2560=ORIENTED_EDGE('',*,*,#4460,.F.);
#2561=ORIENTED_EDGE('',*,*,#4461,.F.);
#2562=ORIENTED_EDGE('',*,*,#4457,.T.);
#2563=ORIENTED_EDGE('',*,*,#4324,.T.);
#2564=ORIENTED_EDGE('',*,*,#4462,.F.);
#2565=ORIENTED_EDGE('',*,*,#4463,.F.);
#2566=ORIENTED_EDGE('',*,*,#4460,.T.);
#2567=ORIENTED_EDGE('',*,*,#4323,.T.);
#2568=ORIENTED_EDGE('',*,*,#4464,.F.);
#2569=ORIENTED_EDGE('',*,*,#4465,.F.);
#2570=ORIENTED_EDGE('',*,*,#4462,.T.);
#2571=ORIENTED_EDGE('',*,*,#4322,.T.);
#2572=ORIENTED_EDGE('',*,*,#4466,.F.);
#2573=ORIENTED_EDGE('',*,*,#4467,.F.);
#2574=ORIENTED_EDGE('',*,*,#4464,.T.);
#2575=ORIENTED_EDGE('',*,*,#4321,.T.);
#2576=ORIENTED_EDGE('',*,*,#4468,.F.);
#2577=ORIENTED_EDGE('',*,*,#4469,.F.);
#2578=ORIENTED_EDGE('',*,*,#4466,.T.);
#2579=ORIENTED_EDGE('',*,*,#4320,.T.);
#2580=ORIENTED_EDGE('',*,*,#4470,.F.);
#2581=ORIENTED_EDGE('',*,*,#4471,.F.);
#2582=ORIENTED_EDGE('',*,*,#4468,.T.);
#2583=ORIENTED_EDGE('',*,*,#4472,.F.);
#2584=ORIENTED_EDGE('',*,*,#4473,.F.);
#2585=ORIENTED_EDGE('',*,*,#4474,.T.);
#2586=ORIENTED_EDGE('',*,*,#4475,.T.);
#2587=ORIENTED_EDGE('',*,*,#4476,.F.);
#2588=ORIENTED_EDGE('',*,*,#4477,.F.);
#2589=ORIENTED_EDGE('',*,*,#4478,.T.);
#2590=ORIENTED_EDGE('',*,*,#4473,.T.);
#2591=ORIENTED_EDGE('',*,*,#4479,.F.);
#2592=ORIENTED_EDGE('',*,*,#4480,.F.);
#2593=ORIENTED_EDGE('',*,*,#4481,.T.);
#2594=ORIENTED_EDGE('',*,*,#4482,.T.);
#2595=ORIENTED_EDGE('',*,*,#4483,.F.);
#2596=ORIENTED_EDGE('',*,*,#4484,.F.);
#2597=ORIENTED_EDGE('',*,*,#4485,.T.);
#2598=ORIENTED_EDGE('',*,*,#4480,.T.);
#2599=ORIENTED_EDGE('',*,*,#4486,.F.);
#2600=ORIENTED_EDGE('',*,*,#4487,.F.);
#2601=ORIENTED_EDGE('',*,*,#4488,.T.);
#2602=ORIENTED_EDGE('',*,*,#4484,.T.);
#2603=ORIENTED_EDGE('',*,*,#4489,.F.);
#2604=ORIENTED_EDGE('',*,*,#4490,.F.);
#2605=ORIENTED_EDGE('',*,*,#4491,.T.);
#2606=ORIENTED_EDGE('',*,*,#4492,.T.);
#2607=ORIENTED_EDGE('',*,*,#4493,.F.);
#2608=ORIENTED_EDGE('',*,*,#4494,.F.);
#2609=ORIENTED_EDGE('',*,*,#4495,.T.);
#2610=ORIENTED_EDGE('',*,*,#4490,.T.);
#2611=ORIENTED_EDGE('',*,*,#4496,.F.);
#2612=ORIENTED_EDGE('',*,*,#4497,.F.);
#2613=ORIENTED_EDGE('',*,*,#4498,.T.);
#2614=ORIENTED_EDGE('',*,*,#4499,.T.);
#2615=ORIENTED_EDGE('',*,*,#4500,.F.);
#2616=ORIENTED_EDGE('',*,*,#4501,.F.);
#2617=ORIENTED_EDGE('',*,*,#4502,.T.);
#2618=ORIENTED_EDGE('',*,*,#4497,.T.);
#2619=ORIENTED_EDGE('',*,*,#4503,.F.);
#2620=ORIENTED_EDGE('',*,*,#4504,.F.);
#2621=ORIENTED_EDGE('',*,*,#4505,.T.);
#2622=ORIENTED_EDGE('',*,*,#4506,.T.);
#2623=ORIENTED_EDGE('',*,*,#4507,.F.);
#2624=ORIENTED_EDGE('',*,*,#4508,.F.);
#2625=ORIENTED_EDGE('',*,*,#4509,.T.);
#2626=ORIENTED_EDGE('',*,*,#4504,.T.);
#2627=ORIENTED_EDGE('',*,*,#4510,.F.);
#2628=ORIENTED_EDGE('',*,*,#4511,.F.);
#2629=ORIENTED_EDGE('',*,*,#4512,.T.);
#2630=ORIENTED_EDGE('',*,*,#4513,.T.);
#2631=ORIENTED_EDGE('',*,*,#4514,.F.);
#2632=ORIENTED_EDGE('',*,*,#4515,.F.);
#2633=ORIENTED_EDGE('',*,*,#4516,.T.);
#2634=ORIENTED_EDGE('',*,*,#4511,.T.);
#2635=ORIENTED_EDGE('',*,*,#4517,.F.);
#2636=ORIENTED_EDGE('',*,*,#4518,.F.);
#2637=ORIENTED_EDGE('',*,*,#4519,.T.);
#2638=ORIENTED_EDGE('',*,*,#4520,.T.);
#2639=ORIENTED_EDGE('',*,*,#4521,.F.);
#2640=ORIENTED_EDGE('',*,*,#4522,.F.);
#2641=ORIENTED_EDGE('',*,*,#4523,.T.);
#2642=ORIENTED_EDGE('',*,*,#4518,.T.);
#2643=ORIENTED_EDGE('',*,*,#4524,.F.);
#2644=ORIENTED_EDGE('',*,*,#4525,.F.);
#2645=ORIENTED_EDGE('',*,*,#4526,.T.);
#2646=ORIENTED_EDGE('',*,*,#4522,.T.);
#2647=ORIENTED_EDGE('',*,*,#4527,.F.);
#2648=ORIENTED_EDGE('',*,*,#4528,.F.);
#2649=ORIENTED_EDGE('',*,*,#4529,.T.);
#2650=ORIENTED_EDGE('',*,*,#4525,.T.);
#2651=ORIENTED_EDGE('',*,*,#4530,.F.);
#2652=ORIENTED_EDGE('',*,*,#4531,.F.);
#2653=ORIENTED_EDGE('',*,*,#4532,.T.);
#2654=ORIENTED_EDGE('',*,*,#4528,.T.);
#2655=ORIENTED_EDGE('',*,*,#4533,.F.);
#2656=ORIENTED_EDGE('',*,*,#4534,.F.);
#2657=ORIENTED_EDGE('',*,*,#4535,.T.);
#2658=ORIENTED_EDGE('',*,*,#4531,.T.);
#2659=ORIENTED_EDGE('',*,*,#4536,.F.);
#2660=ORIENTED_EDGE('',*,*,#4537,.F.);
#2661=ORIENTED_EDGE('',*,*,#4538,.T.);
#2662=ORIENTED_EDGE('',*,*,#4534,.T.);
#2663=ORIENTED_EDGE('',*,*,#4539,.F.);
#2664=ORIENTED_EDGE('',*,*,#4540,.F.);
#2665=ORIENTED_EDGE('',*,*,#4541,.T.);
#2666=ORIENTED_EDGE('',*,*,#4537,.T.);
#2667=ORIENTED_EDGE('',*,*,#4542,.F.);
#2668=ORIENTED_EDGE('',*,*,#4543,.F.);
#2669=ORIENTED_EDGE('',*,*,#4544,.T.);
#2670=ORIENTED_EDGE('',*,*,#4540,.T.);
#2671=ORIENTED_EDGE('',*,*,#4545,.F.);
#2672=ORIENTED_EDGE('',*,*,#4546,.F.);
#2673=ORIENTED_EDGE('',*,*,#4547,.T.);
#2674=ORIENTED_EDGE('',*,*,#4543,.T.);
#2675=ORIENTED_EDGE('',*,*,#4548,.F.);
#2676=ORIENTED_EDGE('',*,*,#4549,.F.);
#2677=ORIENTED_EDGE('',*,*,#4550,.T.);
#2678=ORIENTED_EDGE('',*,*,#4546,.T.);
#2679=ORIENTED_EDGE('',*,*,#4551,.F.);
#2680=ORIENTED_EDGE('',*,*,#4552,.F.);
#2681=ORIENTED_EDGE('',*,*,#4553,.T.);
#2682=ORIENTED_EDGE('',*,*,#4549,.T.);
#2683=ORIENTED_EDGE('',*,*,#4554,.F.);
#2684=ORIENTED_EDGE('',*,*,#4555,.F.);
#2685=ORIENTED_EDGE('',*,*,#4556,.T.);
#2686=ORIENTED_EDGE('',*,*,#4552,.T.);
#2687=ORIENTED_EDGE('',*,*,#4557,.F.);
#2688=ORIENTED_EDGE('',*,*,#4558,.F.);
#2689=ORIENTED_EDGE('',*,*,#4559,.T.);
#2690=ORIENTED_EDGE('',*,*,#4555,.T.);
#2691=ORIENTED_EDGE('',*,*,#4560,.F.);
#2692=ORIENTED_EDGE('',*,*,#4561,.F.);
#2693=ORIENTED_EDGE('',*,*,#4562,.T.);
#2694=ORIENTED_EDGE('',*,*,#4558,.T.);
#2695=ORIENTED_EDGE('',*,*,#4563,.F.);
#2696=ORIENTED_EDGE('',*,*,#4564,.F.);
#2697=ORIENTED_EDGE('',*,*,#4565,.T.);
#2698=ORIENTED_EDGE('',*,*,#4566,.T.);
#2699=ORIENTED_EDGE('',*,*,#4567,.F.);
#2700=ORIENTED_EDGE('',*,*,#4568,.F.);
#2701=ORIENTED_EDGE('',*,*,#4569,.T.);
#2702=ORIENTED_EDGE('',*,*,#4564,.T.);
#2703=ORIENTED_EDGE('',*,*,#4570,.F.);
#2704=ORIENTED_EDGE('',*,*,#4571,.F.);
#2705=ORIENTED_EDGE('',*,*,#4572,.T.);
#2706=ORIENTED_EDGE('',*,*,#4568,.T.);
#2707=ORIENTED_EDGE('',*,*,#4573,.F.);
#2708=ORIENTED_EDGE('',*,*,#4574,.F.);
#2709=ORIENTED_EDGE('',*,*,#4575,.T.);
#2710=ORIENTED_EDGE('',*,*,#4576,.T.);
#2711=ORIENTED_EDGE('',*,*,#4577,.T.);
#2712=ORIENTED_EDGE('',*,*,#4578,.F.);
#2713=ORIENTED_EDGE('',*,*,#4579,.F.);
#2714=ORIENTED_EDGE('',*,*,#4574,.T.);
#2715=ORIENTED_EDGE('',*,*,#4580,.F.);
#2716=ORIENTED_EDGE('',*,*,#4581,.F.);
#2717=ORIENTED_EDGE('',*,*,#4582,.T.);
#2718=ORIENTED_EDGE('',*,*,#4578,.T.);
#2719=ORIENTED_EDGE('',*,*,#4583,.F.);
#2720=ORIENTED_EDGE('',*,*,#4584,.F.);
#2721=ORIENTED_EDGE('',*,*,#4585,.T.);
#2722=ORIENTED_EDGE('',*,*,#4586,.T.);
#2723=ORIENTED_EDGE('',*,*,#4587,.F.);
#2724=ORIENTED_EDGE('',*,*,#4588,.F.);
#2725=ORIENTED_EDGE('',*,*,#4589,.T.);
#2726=ORIENTED_EDGE('',*,*,#4584,.T.);
#2727=ORIENTED_EDGE('',*,*,#4590,.F.);
#2728=ORIENTED_EDGE('',*,*,#4591,.F.);
#2729=ORIENTED_EDGE('',*,*,#4592,.T.);
#2730=ORIENTED_EDGE('',*,*,#4593,.T.);
#2731=ORIENTED_EDGE('',*,*,#4594,.F.);
#2732=ORIENTED_EDGE('',*,*,#4595,.F.);
#2733=ORIENTED_EDGE('',*,*,#4596,.T.);
#2734=ORIENTED_EDGE('',*,*,#4591,.T.);
#2735=ORIENTED_EDGE('',*,*,#4597,.F.);
#2736=ORIENTED_EDGE('',*,*,#4598,.F.);
#2737=ORIENTED_EDGE('',*,*,#4599,.T.);
#2738=ORIENTED_EDGE('',*,*,#4600,.T.);
#2739=ORIENTED_EDGE('',*,*,#4601,.F.);
#2740=ORIENTED_EDGE('',*,*,#4602,.F.);
#2741=ORIENTED_EDGE('',*,*,#4603,.T.);
#2742=ORIENTED_EDGE('',*,*,#4598,.T.);
#2743=ORIENTED_EDGE('',*,*,#4604,.F.);
#2744=ORIENTED_EDGE('',*,*,#4605,.F.);
#2745=ORIENTED_EDGE('',*,*,#4606,.T.);
#2746=ORIENTED_EDGE('',*,*,#4607,.T.);
#2747=ORIENTED_EDGE('',*,*,#4608,.F.);
#2748=ORIENTED_EDGE('',*,*,#4609,.F.);
#2749=ORIENTED_EDGE('',*,*,#4610,.T.);
#2750=ORIENTED_EDGE('',*,*,#4605,.T.);
#2751=ORIENTED_EDGE('',*,*,#4611,.F.);
#2752=ORIENTED_EDGE('',*,*,#4612,.F.);
#2753=ORIENTED_EDGE('',*,*,#4613,.T.);
#2754=ORIENTED_EDGE('',*,*,#4614,.T.);
#2755=ORIENTED_EDGE('',*,*,#4615,.F.);
#2756=ORIENTED_EDGE('',*,*,#4616,.F.);
#2757=ORIENTED_EDGE('',*,*,#4617,.T.);
#2758=ORIENTED_EDGE('',*,*,#4612,.T.);
#2759=ORIENTED_EDGE('',*,*,#4618,.F.);
#2760=ORIENTED_EDGE('',*,*,#4619,.F.);
#2761=ORIENTED_EDGE('',*,*,#4620,.T.);
#2762=ORIENTED_EDGE('',*,*,#4616,.T.);
#2763=ORIENTED_EDGE('',*,*,#4621,.F.);
#2764=ORIENTED_EDGE('',*,*,#4622,.F.);
#2765=ORIENTED_EDGE('',*,*,#4623,.T.);
#2766=ORIENTED_EDGE('',*,*,#4619,.T.);
#2767=ORIENTED_EDGE('',*,*,#4624,.F.);
#2768=ORIENTED_EDGE('',*,*,#4625,.F.);
#2769=ORIENTED_EDGE('',*,*,#4626,.T.);
#2770=ORIENTED_EDGE('',*,*,#4622,.T.);
#2771=ORIENTED_EDGE('',*,*,#4627,.F.);
#2772=ORIENTED_EDGE('',*,*,#4628,.F.);
#2773=ORIENTED_EDGE('',*,*,#4629,.T.);
#2774=ORIENTED_EDGE('',*,*,#4625,.T.);
#2775=ORIENTED_EDGE('',*,*,#4630,.F.);
#2776=ORIENTED_EDGE('',*,*,#4631,.F.);
#2777=ORIENTED_EDGE('',*,*,#4632,.T.);
#2778=ORIENTED_EDGE('',*,*,#4628,.T.);
#2779=ORIENTED_EDGE('',*,*,#4633,.F.);
#2780=ORIENTED_EDGE('',*,*,#4634,.F.);
#2781=ORIENTED_EDGE('',*,*,#4635,.T.);
#2782=ORIENTED_EDGE('',*,*,#4631,.T.);
#2783=ORIENTED_EDGE('',*,*,#4636,.F.);
#2784=ORIENTED_EDGE('',*,*,#4637,.F.);
#2785=ORIENTED_EDGE('',*,*,#4638,.T.);
#2786=ORIENTED_EDGE('',*,*,#4634,.T.);
#2787=ORIENTED_EDGE('',*,*,#4639,.F.);
#2788=ORIENTED_EDGE('',*,*,#4640,.F.);
#2789=ORIENTED_EDGE('',*,*,#4641,.T.);
#2790=ORIENTED_EDGE('',*,*,#4637,.T.);
#2791=ORIENTED_EDGE('',*,*,#4642,.F.);
#2792=ORIENTED_EDGE('',*,*,#4643,.F.);
#2793=ORIENTED_EDGE('',*,*,#4644,.T.);
#2794=ORIENTED_EDGE('',*,*,#4640,.T.);
#2795=ORIENTED_EDGE('',*,*,#4645,.F.);
#2796=ORIENTED_EDGE('',*,*,#4646,.F.);
#2797=ORIENTED_EDGE('',*,*,#4647,.T.);
#2798=ORIENTED_EDGE('',*,*,#4643,.T.);
#2799=ORIENTED_EDGE('',*,*,#4648,.F.);
#2800=ORIENTED_EDGE('',*,*,#4649,.F.);
#2801=ORIENTED_EDGE('',*,*,#4650,.T.);
#2802=ORIENTED_EDGE('',*,*,#4646,.T.);
#2803=ORIENTED_EDGE('',*,*,#4651,.F.);
#2804=ORIENTED_EDGE('',*,*,#4652,.F.);
#2805=ORIENTED_EDGE('',*,*,#4653,.T.);
#2806=ORIENTED_EDGE('',*,*,#4649,.T.);
#2807=ORIENTED_EDGE('',*,*,#4654,.F.);
#2808=ORIENTED_EDGE('',*,*,#4655,.F.);
#2809=ORIENTED_EDGE('',*,*,#4656,.T.);
#2810=ORIENTED_EDGE('',*,*,#4652,.T.);
#2811=ORIENTED_EDGE('',*,*,#4657,.F.);
#2812=ORIENTED_EDGE('',*,*,#4658,.F.);
#2813=ORIENTED_EDGE('',*,*,#4659,.T.);
#2814=ORIENTED_EDGE('',*,*,#4655,.T.);
#2815=ORIENTED_EDGE('',*,*,#4660,.F.);
#2816=ORIENTED_EDGE('',*,*,#4661,.F.);
#2817=ORIENTED_EDGE('',*,*,#4662,.T.);
#2818=ORIENTED_EDGE('',*,*,#4658,.T.);
#2819=ORIENTED_EDGE('',*,*,#4663,.F.);
#2820=ORIENTED_EDGE('',*,*,#4664,.F.);
#2821=ORIENTED_EDGE('',*,*,#4665,.T.);
#2822=ORIENTED_EDGE('',*,*,#4666,.T.);
#2823=ORIENTED_EDGE('',*,*,#4667,.F.);
#2824=ORIENTED_EDGE('',*,*,#4668,.F.);
#2825=ORIENTED_EDGE('',*,*,#4669,.T.);
#2826=ORIENTED_EDGE('',*,*,#4664,.T.);
#2827=ORIENTED_EDGE('',*,*,#4670,.F.);
#2828=ORIENTED_EDGE('',*,*,#4671,.F.);
#2829=ORIENTED_EDGE('',*,*,#4672,.T.);
#2830=ORIENTED_EDGE('',*,*,#4668,.T.);
#2831=ORIENTED_EDGE('',*,*,#4673,.F.);
#2832=ORIENTED_EDGE('',*,*,#4674,.F.);
#2833=ORIENTED_EDGE('',*,*,#4675,.T.);
#2834=ORIENTED_EDGE('',*,*,#4671,.T.);
#2835=ORIENTED_EDGE('',*,*,#4676,.F.);
#2836=ORIENTED_EDGE('',*,*,#4677,.F.);
#2837=ORIENTED_EDGE('',*,*,#4678,.T.);
#2838=ORIENTED_EDGE('',*,*,#4674,.T.);
#2839=ORIENTED_EDGE('',*,*,#4679,.F.);
#2840=ORIENTED_EDGE('',*,*,#4680,.F.);
#2841=ORIENTED_EDGE('',*,*,#4681,.T.);
#2842=ORIENTED_EDGE('',*,*,#4677,.T.);
#2843=ORIENTED_EDGE('',*,*,#4682,.F.);
#2844=ORIENTED_EDGE('',*,*,#4683,.F.);
#2845=ORIENTED_EDGE('',*,*,#4684,.T.);
#2846=ORIENTED_EDGE('',*,*,#4680,.T.);
#2847=ORIENTED_EDGE('',*,*,#4685,.F.);
#2848=ORIENTED_EDGE('',*,*,#4686,.F.);
#2849=ORIENTED_EDGE('',*,*,#4687,.T.);
#2850=ORIENTED_EDGE('',*,*,#4683,.T.);
#2851=ORIENTED_EDGE('',*,*,#4688,.F.);
#2852=ORIENTED_EDGE('',*,*,#4689,.F.);
#2853=ORIENTED_EDGE('',*,*,#4690,.T.);
#2854=ORIENTED_EDGE('',*,*,#4686,.T.);
#2855=ORIENTED_EDGE('',*,*,#4691,.F.);
#2856=ORIENTED_EDGE('',*,*,#4692,.F.);
#2857=ORIENTED_EDGE('',*,*,#4693,.T.);
#2858=ORIENTED_EDGE('',*,*,#4689,.T.);
#2859=ORIENTED_EDGE('',*,*,#4694,.F.);
#2860=ORIENTED_EDGE('',*,*,#4695,.F.);
#2861=ORIENTED_EDGE('',*,*,#4696,.T.);
#2862=ORIENTED_EDGE('',*,*,#4692,.T.);
#2863=ORIENTED_EDGE('',*,*,#4697,.F.);
#2864=ORIENTED_EDGE('',*,*,#4698,.F.);
#2865=ORIENTED_EDGE('',*,*,#4699,.T.);
#2866=ORIENTED_EDGE('',*,*,#4700,.T.);
#2867=ORIENTED_EDGE('',*,*,#4701,.F.);
#2868=ORIENTED_EDGE('',*,*,#4702,.F.);
#2869=ORIENTED_EDGE('',*,*,#4703,.T.);
#2870=ORIENTED_EDGE('',*,*,#4698,.T.);
#2871=ORIENTED_EDGE('',*,*,#4704,.F.);
#2872=ORIENTED_EDGE('',*,*,#4705,.F.);
#2873=ORIENTED_EDGE('',*,*,#4706,.T.);
#2874=ORIENTED_EDGE('',*,*,#4702,.T.);
#2875=ORIENTED_EDGE('',*,*,#4707,.F.);
#2876=ORIENTED_EDGE('',*,*,#4708,.F.);
#2877=ORIENTED_EDGE('',*,*,#4709,.T.);
#2878=ORIENTED_EDGE('',*,*,#4705,.T.);
#2879=ORIENTED_EDGE('',*,*,#4710,.F.);
#2880=ORIENTED_EDGE('',*,*,#4711,.F.);
#2881=ORIENTED_EDGE('',*,*,#4712,.T.);
#2882=ORIENTED_EDGE('',*,*,#4708,.T.);
#2883=ORIENTED_EDGE('',*,*,#4713,.F.);
#2884=ORIENTED_EDGE('',*,*,#4714,.F.);
#2885=ORIENTED_EDGE('',*,*,#4715,.T.);
#2886=ORIENTED_EDGE('',*,*,#4711,.T.);
#2887=ORIENTED_EDGE('',*,*,#4716,.T.);
#2888=ORIENTED_EDGE('',*,*,#4717,.F.);
#2889=ORIENTED_EDGE('',*,*,#4718,.F.);
#2890=ORIENTED_EDGE('',*,*,#4714,.T.);
#2891=ORIENTED_EDGE('',*,*,#4719,.T.);
#2892=ORIENTED_EDGE('',*,*,#4720,.F.);
#2893=ORIENTED_EDGE('',*,*,#4721,.F.);
#2894=ORIENTED_EDGE('',*,*,#4717,.T.);
#2895=ORIENTED_EDGE('',*,*,#4722,.T.);
#2896=ORIENTED_EDGE('',*,*,#4723,.F.);
#2897=ORIENTED_EDGE('',*,*,#4724,.F.);
#2898=ORIENTED_EDGE('',*,*,#4720,.T.);
#2899=ORIENTED_EDGE('',*,*,#4725,.T.);
#2900=ORIENTED_EDGE('',*,*,#4726,.F.);
#2901=ORIENTED_EDGE('',*,*,#4727,.F.);
#2902=ORIENTED_EDGE('',*,*,#4723,.T.);
#2903=ORIENTED_EDGE('',*,*,#4728,.T.);
#2904=ORIENTED_EDGE('',*,*,#4729,.F.);
#2905=ORIENTED_EDGE('',*,*,#4730,.F.);
#2906=ORIENTED_EDGE('',*,*,#4726,.T.);
#2907=ORIENTED_EDGE('',*,*,#4731,.T.);
#2908=ORIENTED_EDGE('',*,*,#4732,.F.);
#2909=ORIENTED_EDGE('',*,*,#4733,.F.);
#2910=ORIENTED_EDGE('',*,*,#4729,.T.);
#2911=ORIENTED_EDGE('',*,*,#4734,.T.);
#2912=ORIENTED_EDGE('',*,*,#4735,.F.);
#2913=ORIENTED_EDGE('',*,*,#4736,.F.);
#2914=ORIENTED_EDGE('',*,*,#4732,.T.);
#2915=ORIENTED_EDGE('',*,*,#4737,.T.);
#2916=ORIENTED_EDGE('',*,*,#4738,.F.);
#2917=ORIENTED_EDGE('',*,*,#4739,.F.);
#2918=ORIENTED_EDGE('',*,*,#4735,.T.);
#2919=ORIENTED_EDGE('',*,*,#4740,.T.);
#2920=ORIENTED_EDGE('',*,*,#4741,.F.);
#2921=ORIENTED_EDGE('',*,*,#4742,.F.);
#2922=ORIENTED_EDGE('',*,*,#4738,.T.);
#2923=ORIENTED_EDGE('',*,*,#4743,.T.);
#2924=ORIENTED_EDGE('',*,*,#4744,.F.);
#2925=ORIENTED_EDGE('',*,*,#4745,.F.);
#2926=ORIENTED_EDGE('',*,*,#4741,.T.);
#2927=ORIENTED_EDGE('',*,*,#4746,.T.);
#2928=ORIENTED_EDGE('',*,*,#4747,.F.);
#2929=ORIENTED_EDGE('',*,*,#4748,.F.);
#2930=ORIENTED_EDGE('',*,*,#4744,.T.);
#2931=ORIENTED_EDGE('',*,*,#4749,.T.);
#2932=ORIENTED_EDGE('',*,*,#4750,.F.);
#2933=ORIENTED_EDGE('',*,*,#4751,.F.);
#2934=ORIENTED_EDGE('',*,*,#4747,.T.);
#2935=ORIENTED_EDGE('',*,*,#4752,.T.);
#2936=ORIENTED_EDGE('',*,*,#4753,.F.);
#2937=ORIENTED_EDGE('',*,*,#4754,.F.);
#2938=ORIENTED_EDGE('',*,*,#4750,.T.);
#2939=ORIENTED_EDGE('',*,*,#4755,.T.);
#2940=ORIENTED_EDGE('',*,*,#4756,.F.);
#2941=ORIENTED_EDGE('',*,*,#4757,.F.);
#2942=ORIENTED_EDGE('',*,*,#4753,.T.);
#2943=ORIENTED_EDGE('',*,*,#4758,.T.);
#2944=ORIENTED_EDGE('',*,*,#4759,.F.);
#2945=ORIENTED_EDGE('',*,*,#4760,.F.);
#2946=ORIENTED_EDGE('',*,*,#4756,.T.);
#2947=ORIENTED_EDGE('',*,*,#4761,.T.);
#2948=ORIENTED_EDGE('',*,*,#4762,.F.);
#2949=ORIENTED_EDGE('',*,*,#4763,.F.);
#2950=ORIENTED_EDGE('',*,*,#4759,.T.);
#2951=ORIENTED_EDGE('',*,*,#4764,.T.);
#2952=ORIENTED_EDGE('',*,*,#4765,.F.);
#2953=ORIENTED_EDGE('',*,*,#4766,.F.);
#2954=ORIENTED_EDGE('',*,*,#4762,.T.);
#2955=ORIENTED_EDGE('',*,*,#4767,.T.);
#2956=ORIENTED_EDGE('',*,*,#4768,.F.);
#2957=ORIENTED_EDGE('',*,*,#4769,.F.);
#2958=ORIENTED_EDGE('',*,*,#4765,.T.);
#2959=ORIENTED_EDGE('',*,*,#4770,.T.);
#2960=ORIENTED_EDGE('',*,*,#4771,.F.);
#2961=ORIENTED_EDGE('',*,*,#4772,.F.);
#2962=ORIENTED_EDGE('',*,*,#4768,.T.);
#2963=ORIENTED_EDGE('',*,*,#4773,.T.);
#2964=ORIENTED_EDGE('',*,*,#4774,.F.);
#2965=ORIENTED_EDGE('',*,*,#4775,.F.);
#2966=ORIENTED_EDGE('',*,*,#4771,.T.);
#2967=ORIENTED_EDGE('',*,*,#4776,.F.);
#2968=ORIENTED_EDGE('',*,*,#4777,.F.);
#2969=ORIENTED_EDGE('',*,*,#4778,.T.);
#2970=ORIENTED_EDGE('',*,*,#4774,.T.);
#2971=ORIENTED_EDGE('',*,*,#4779,.F.);
#2972=ORIENTED_EDGE('',*,*,#4780,.F.);
#2973=ORIENTED_EDGE('',*,*,#4781,.T.);
#2974=ORIENTED_EDGE('',*,*,#4777,.T.);
#2975=ORIENTED_EDGE('',*,*,#4782,.F.);
#2976=ORIENTED_EDGE('',*,*,#4783,.F.);
#2977=ORIENTED_EDGE('',*,*,#4784,.T.);
#2978=ORIENTED_EDGE('',*,*,#4780,.T.);
#2979=ORIENTED_EDGE('',*,*,#4785,.F.);
#2980=ORIENTED_EDGE('',*,*,#4786,.F.);
#2981=ORIENTED_EDGE('',*,*,#4787,.T.);
#2982=ORIENTED_EDGE('',*,*,#4783,.T.);
#2983=ORIENTED_EDGE('',*,*,#4788,.F.);
#2984=ORIENTED_EDGE('',*,*,#4789,.F.);
#2985=ORIENTED_EDGE('',*,*,#4790,.T.);
#2986=ORIENTED_EDGE('',*,*,#4786,.T.);
#2987=ORIENTED_EDGE('',*,*,#4791,.F.);
#2988=ORIENTED_EDGE('',*,*,#4792,.F.);
#2989=ORIENTED_EDGE('',*,*,#4793,.T.);
#2990=ORIENTED_EDGE('',*,*,#4789,.T.);
#2991=ORIENTED_EDGE('',*,*,#4794,.F.);
#2992=ORIENTED_EDGE('',*,*,#4795,.F.);
#2993=ORIENTED_EDGE('',*,*,#4796,.T.);
#2994=ORIENTED_EDGE('',*,*,#4792,.T.);
#2995=ORIENTED_EDGE('',*,*,#4797,.F.);
#2996=ORIENTED_EDGE('',*,*,#4798,.F.);
#2997=ORIENTED_EDGE('',*,*,#4799,.T.);
#2998=ORIENTED_EDGE('',*,*,#4795,.T.);
#2999=ORIENTED_EDGE('',*,*,#4800,.F.);
#3000=ORIENTED_EDGE('',*,*,#4801,.F.);
#3001=ORIENTED_EDGE('',*,*,#4802,.T.);
#3002=ORIENTED_EDGE('',*,*,#4798,.T.);
#3003=ORIENTED_EDGE('',*,*,#4803,.F.);
#3004=ORIENTED_EDGE('',*,*,#4804,.F.);
#3005=ORIENTED_EDGE('',*,*,#4805,.T.);
#3006=ORIENTED_EDGE('',*,*,#4801,.T.);
#3007=ORIENTED_EDGE('',*,*,#4806,.F.);
#3008=ORIENTED_EDGE('',*,*,#4807,.F.);
#3009=ORIENTED_EDGE('',*,*,#4808,.T.);
#3010=ORIENTED_EDGE('',*,*,#4804,.T.);
#3011=ORIENTED_EDGE('',*,*,#4809,.F.);
#3012=ORIENTED_EDGE('',*,*,#4810,.F.);
#3013=ORIENTED_EDGE('',*,*,#4811,.T.);
#3014=ORIENTED_EDGE('',*,*,#4807,.T.);
#3015=ORIENTED_EDGE('',*,*,#4812,.F.);
#3016=ORIENTED_EDGE('',*,*,#4813,.F.);
#3017=ORIENTED_EDGE('',*,*,#4814,.T.);
#3018=ORIENTED_EDGE('',*,*,#4810,.T.);
#3019=ORIENTED_EDGE('',*,*,#4815,.F.);
#3020=ORIENTED_EDGE('',*,*,#4816,.F.);
#3021=ORIENTED_EDGE('',*,*,#4817,.T.);
#3022=ORIENTED_EDGE('',*,*,#4813,.T.);
#3023=ORIENTED_EDGE('',*,*,#4818,.F.);
#3024=ORIENTED_EDGE('',*,*,#4819,.F.);
#3025=ORIENTED_EDGE('',*,*,#4820,.T.);
#3026=ORIENTED_EDGE('',*,*,#4821,.T.);
#3027=ORIENTED_EDGE('',*,*,#4822,.F.);
#3028=ORIENTED_EDGE('',*,*,#4823,.F.);
#3029=ORIENTED_EDGE('',*,*,#4824,.T.);
#3030=ORIENTED_EDGE('',*,*,#4819,.T.);
#3031=ORIENTED_EDGE('',*,*,#4825,.F.);
#3032=ORIENTED_EDGE('',*,*,#4826,.F.);
#3033=ORIENTED_EDGE('',*,*,#4827,.T.);
#3034=ORIENTED_EDGE('',*,*,#4823,.T.);
#3035=ORIENTED_EDGE('',*,*,#4828,.F.);
#3036=ORIENTED_EDGE('',*,*,#4829,.F.);
#3037=ORIENTED_EDGE('',*,*,#4830,.T.);
#3038=ORIENTED_EDGE('',*,*,#4831,.T.);
#3039=ORIENTED_EDGE('',*,*,#4832,.F.);
#3040=ORIENTED_EDGE('',*,*,#4833,.F.);
#3041=ORIENTED_EDGE('',*,*,#4834,.T.);
#3042=ORIENTED_EDGE('',*,*,#4829,.T.);
#3043=ORIENTED_EDGE('',*,*,#4835,.F.);
#3044=ORIENTED_EDGE('',*,*,#4836,.F.);
#3045=ORIENTED_EDGE('',*,*,#4837,.T.);
#3046=ORIENTED_EDGE('',*,*,#4833,.T.);
#3047=ORIENTED_EDGE('',*,*,#4838,.F.);
#3048=ORIENTED_EDGE('',*,*,#4839,.F.);
#3049=ORIENTED_EDGE('',*,*,#4840,.T.);
#3050=ORIENTED_EDGE('',*,*,#4836,.T.);
#3051=ORIENTED_EDGE('',*,*,#4841,.F.);
#3052=ORIENTED_EDGE('',*,*,#4842,.F.);
#3053=ORIENTED_EDGE('',*,*,#4843,.T.);
#3054=ORIENTED_EDGE('',*,*,#4839,.T.);
#3055=ORIENTED_EDGE('',*,*,#4844,.F.);
#3056=ORIENTED_EDGE('',*,*,#4845,.F.);
#3057=ORIENTED_EDGE('',*,*,#4846,.T.);
#3058=ORIENTED_EDGE('',*,*,#4847,.T.);
#3059=ORIENTED_EDGE('',*,*,#4848,.T.);
#3060=ORIENTED_EDGE('',*,*,#4849,.F.);
#3061=ORIENTED_EDGE('',*,*,#4850,.F.);
#3062=ORIENTED_EDGE('',*,*,#4845,.T.);
#3063=ORIENTED_EDGE('',*,*,#4851,.F.);
#3064=ORIENTED_EDGE('',*,*,#4852,.F.);
#3065=ORIENTED_EDGE('',*,*,#4853,.T.);
#3066=ORIENTED_EDGE('',*,*,#4849,.T.);
#3067=ORIENTED_EDGE('',*,*,#4854,.F.);
#3068=ORIENTED_EDGE('',*,*,#4855,.F.);
#3069=ORIENTED_EDGE('',*,*,#4856,.T.);
#3070=ORIENTED_EDGE('',*,*,#4857,.T.);
#3071=ORIENTED_EDGE('',*,*,#4858,.F.);
#3072=ORIENTED_EDGE('',*,*,#4859,.F.);
#3073=ORIENTED_EDGE('',*,*,#4860,.T.);
#3074=ORIENTED_EDGE('',*,*,#4855,.T.);
#3075=ORIENTED_EDGE('',*,*,#4861,.F.);
#3076=ORIENTED_EDGE('',*,*,#4862,.F.);
#3077=ORIENTED_EDGE('',*,*,#4863,.T.);
#3078=ORIENTED_EDGE('',*,*,#4859,.T.);
#3079=ORIENTED_EDGE('',*,*,#4864,.F.);
#3080=ORIENTED_EDGE('',*,*,#4865,.F.);
#3081=ORIENTED_EDGE('',*,*,#4866,.T.);
#3082=ORIENTED_EDGE('',*,*,#4867,.T.);
#3083=ORIENTED_EDGE('',*,*,#4868,.F.);
#3084=ORIENTED_EDGE('',*,*,#4869,.F.);
#3085=ORIENTED_EDGE('',*,*,#4870,.T.);
#3086=ORIENTED_EDGE('',*,*,#4865,.T.);
#3087=ORIENTED_EDGE('',*,*,#4871,.F.);
#3088=ORIENTED_EDGE('',*,*,#4872,.F.);
#3089=ORIENTED_EDGE('',*,*,#4873,.T.);
#3090=ORIENTED_EDGE('',*,*,#4874,.T.);
#3091=ORIENTED_EDGE('',*,*,#4875,.F.);
#3092=ORIENTED_EDGE('',*,*,#4876,.F.);
#3093=ORIENTED_EDGE('',*,*,#4877,.T.);
#3094=ORIENTED_EDGE('',*,*,#4872,.T.);
#3095=ORIENTED_EDGE('',*,*,#4878,.F.);
#3096=ORIENTED_EDGE('',*,*,#4879,.F.);
#3097=ORIENTED_EDGE('',*,*,#4880,.T.);
#3098=ORIENTED_EDGE('',*,*,#4876,.T.);
#3099=ORIENTED_EDGE('',*,*,#4881,.F.);
#3100=ORIENTED_EDGE('',*,*,#4882,.F.);
#3101=ORIENTED_EDGE('',*,*,#4883,.T.);
#3102=ORIENTED_EDGE('',*,*,#4879,.T.);
#3103=ORIENTED_EDGE('',*,*,#4884,.T.);
#3104=ORIENTED_EDGE('',*,*,#4885,.F.);
#3105=ORIENTED_EDGE('',*,*,#4886,.F.);
#3106=ORIENTED_EDGE('',*,*,#4882,.T.);
#3107=ORIENTED_EDGE('',*,*,#4887,.T.);
#3108=ORIENTED_EDGE('',*,*,#4888,.F.);
#3109=ORIENTED_EDGE('',*,*,#4889,.F.);
#3110=ORIENTED_EDGE('',*,*,#4885,.T.);
#3111=ORIENTED_EDGE('',*,*,#4890,.F.);
#3112=ORIENTED_EDGE('',*,*,#4891,.F.);
#3113=ORIENTED_EDGE('',*,*,#4892,.T.);
#3114=ORIENTED_EDGE('',*,*,#4888,.T.);
#3115=ORIENTED_EDGE('',*,*,#4893,.F.);
#3116=ORIENTED_EDGE('',*,*,#4894,.F.);
#3117=ORIENTED_EDGE('',*,*,#4895,.T.);
#3118=ORIENTED_EDGE('',*,*,#4891,.T.);
#3119=ORIENTED_EDGE('',*,*,#4896,.F.);
#3120=ORIENTED_EDGE('',*,*,#4897,.F.);
#3121=ORIENTED_EDGE('',*,*,#4898,.T.);
#3122=ORIENTED_EDGE('',*,*,#4894,.T.);
#3123=ORIENTED_EDGE('',*,*,#4899,.F.);
#3124=ORIENTED_EDGE('',*,*,#4900,.F.);
#3125=ORIENTED_EDGE('',*,*,#4901,.T.);
#3126=ORIENTED_EDGE('',*,*,#4897,.T.);
#3127=ORIENTED_EDGE('',*,*,#4902,.F.);
#3128=ORIENTED_EDGE('',*,*,#4903,.F.);
#3129=ORIENTED_EDGE('',*,*,#4904,.T.);
#3130=ORIENTED_EDGE('',*,*,#4900,.T.);
#3131=ORIENTED_EDGE('',*,*,#4905,.F.);
#3132=ORIENTED_EDGE('',*,*,#4906,.F.);
#3133=ORIENTED_EDGE('',*,*,#4907,.T.);
#3134=ORIENTED_EDGE('',*,*,#4903,.T.);
#3135=ORIENTED_EDGE('',*,*,#4908,.F.);
#3136=ORIENTED_EDGE('',*,*,#4909,.F.);
#3137=ORIENTED_EDGE('',*,*,#4910,.T.);
#3138=ORIENTED_EDGE('',*,*,#4906,.T.);
#3139=ORIENTED_EDGE('',*,*,#4911,.F.);
#3140=ORIENTED_EDGE('',*,*,#4912,.F.);
#3141=ORIENTED_EDGE('',*,*,#4913,.T.);
#3142=ORIENTED_EDGE('',*,*,#4914,.T.);
#3143=ORIENTED_EDGE('',*,*,#4915,.F.);
#3144=ORIENTED_EDGE('',*,*,#4916,.F.);
#3145=ORIENTED_EDGE('',*,*,#4917,.T.);
#3146=ORIENTED_EDGE('',*,*,#4912,.T.);
#3147=ORIENTED_EDGE('',*,*,#4918,.F.);
#3148=ORIENTED_EDGE('',*,*,#4919,.F.);
#3149=ORIENTED_EDGE('',*,*,#4920,.T.);
#3150=ORIENTED_EDGE('',*,*,#4916,.T.);
#3151=ORIENTED_EDGE('',*,*,#4921,.F.);
#3152=ORIENTED_EDGE('',*,*,#4922,.F.);
#3153=ORIENTED_EDGE('',*,*,#4923,.T.);
#3154=ORIENTED_EDGE('',*,*,#4919,.T.);
#3155=ORIENTED_EDGE('',*,*,#4924,.F.);
#3156=ORIENTED_EDGE('',*,*,#4925,.F.);
#3157=ORIENTED_EDGE('',*,*,#4926,.T.);
#3158=ORIENTED_EDGE('',*,*,#4922,.T.);
#3159=ORIENTED_EDGE('',*,*,#4927,.F.);
#3160=ORIENTED_EDGE('',*,*,#4928,.F.);
#3161=ORIENTED_EDGE('',*,*,#4929,.T.);
#3162=ORIENTED_EDGE('',*,*,#4925,.T.);
#3163=ORIENTED_EDGE('',*,*,#4930,.F.);
#3164=ORIENTED_EDGE('',*,*,#4931,.F.);
#3165=ORIENTED_EDGE('',*,*,#4932,.T.);
#3166=ORIENTED_EDGE('',*,*,#4928,.T.);
#3167=ORIENTED_EDGE('',*,*,#4933,.F.);
#3168=ORIENTED_EDGE('',*,*,#4934,.F.);
#3169=ORIENTED_EDGE('',*,*,#4935,.T.);
#3170=ORIENTED_EDGE('',*,*,#4931,.T.);
#3171=ORIENTED_EDGE('',*,*,#4936,.F.);
#3172=ORIENTED_EDGE('',*,*,#4937,.F.);
#3173=ORIENTED_EDGE('',*,*,#4938,.T.);
#3174=ORIENTED_EDGE('',*,*,#4934,.T.);
#3175=ORIENTED_EDGE('',*,*,#4939,.F.);
#3176=ORIENTED_EDGE('',*,*,#4940,.F.);
#3177=ORIENTED_EDGE('',*,*,#4941,.T.);
#3178=ORIENTED_EDGE('',*,*,#4937,.T.);
#3179=ORIENTED_EDGE('',*,*,#4942,.F.);
#3180=ORIENTED_EDGE('',*,*,#4943,.F.);
#3181=ORIENTED_EDGE('',*,*,#4944,.T.);
#3182=ORIENTED_EDGE('',*,*,#4940,.T.);
#3183=ORIENTED_EDGE('',*,*,#4945,.F.);
#3184=ORIENTED_EDGE('',*,*,#4946,.F.);
#3185=ORIENTED_EDGE('',*,*,#4947,.T.);
#3186=ORIENTED_EDGE('',*,*,#4948,.T.);
#3187=ORIENTED_EDGE('',*,*,#4949,.T.);
#3188=ORIENTED_EDGE('',*,*,#4950,.F.);
#3189=ORIENTED_EDGE('',*,*,#4951,.F.);
#3190=ORIENTED_EDGE('',*,*,#4946,.T.);
#3191=ORIENTED_EDGE('',*,*,#4952,.F.);
#3192=ORIENTED_EDGE('',*,*,#4953,.F.);
#3193=ORIENTED_EDGE('',*,*,#4954,.T.);
#3194=ORIENTED_EDGE('',*,*,#4950,.T.);
#3195=ORIENTED_EDGE('',*,*,#4955,.F.);
#3196=ORIENTED_EDGE('',*,*,#4956,.F.);
#3197=ORIENTED_EDGE('',*,*,#4957,.T.);
#3198=ORIENTED_EDGE('',*,*,#4953,.T.);
#3199=ORIENTED_EDGE('',*,*,#4958,.F.);
#3200=ORIENTED_EDGE('',*,*,#4959,.F.);
#3201=ORIENTED_EDGE('',*,*,#4960,.T.);
#3202=ORIENTED_EDGE('',*,*,#4956,.T.);
#3203=ORIENTED_EDGE('',*,*,#4961,.T.);
#3204=ORIENTED_EDGE('',*,*,#4962,.F.);
#3205=ORIENTED_EDGE('',*,*,#4963,.F.);
#3206=ORIENTED_EDGE('',*,*,#4959,.T.);
#3207=ORIENTED_EDGE('',*,*,#4964,.F.);
#3208=ORIENTED_EDGE('',*,*,#4965,.F.);
#3209=ORIENTED_EDGE('',*,*,#4966,.T.);
#3210=ORIENTED_EDGE('',*,*,#4962,.T.);
#3211=ORIENTED_EDGE('',*,*,#4967,.F.);
#3212=ORIENTED_EDGE('',*,*,#4475,.F.);
#3213=ORIENTED_EDGE('',*,*,#4968,.T.);
#3214=ORIENTED_EDGE('',*,*,#4477,.T.);
#3215=ORIENTED_EDGE('',*,*,#4969,.T.);
#3216=ORIENTED_EDGE('',*,*,#4970,.F.);
#3217=ORIENTED_EDGE('',*,*,#4971,.F.);
#3218=ORIENTED_EDGE('',*,*,#4482,.F.);
#3219=ORIENTED_EDGE('',*,*,#4972,.T.);
#3220=ORIENTED_EDGE('',*,*,#4487,.T.);
#3221=ORIENTED_EDGE('',*,*,#4973,.F.);
#3222=ORIENTED_EDGE('',*,*,#4492,.F.);
#3223=ORIENTED_EDGE('',*,*,#4974,.T.);
#3224=ORIENTED_EDGE('',*,*,#4494,.T.);
#3225=ORIENTED_EDGE('',*,*,#4975,.F.);
#3226=ORIENTED_EDGE('',*,*,#4499,.F.);
#3227=ORIENTED_EDGE('',*,*,#4976,.T.);
#3228=ORIENTED_EDGE('',*,*,#4501,.T.);
#3229=ORIENTED_EDGE('',*,*,#4977,.F.);
#3230=ORIENTED_EDGE('',*,*,#4506,.F.);
#3231=ORIENTED_EDGE('',*,*,#4978,.T.);
#3232=ORIENTED_EDGE('',*,*,#4508,.T.);
#3233=ORIENTED_EDGE('',*,*,#4979,.F.);
#3234=ORIENTED_EDGE('',*,*,#4513,.F.);
#3235=ORIENTED_EDGE('',*,*,#4980,.T.);
#3236=ORIENTED_EDGE('',*,*,#4515,.T.);
#3237=ORIENTED_EDGE('',*,*,#4981,.T.);
#3238=ORIENTED_EDGE('',*,*,#4982,.F.);
#3239=ORIENTED_EDGE('',*,*,#4983,.F.);
#3240=ORIENTED_EDGE('',*,*,#4520,.F.);
#3241=ORIENTED_EDGE('',*,*,#4984,.T.);
#3242=ORIENTED_EDGE('',*,*,#4561,.T.);
#3243=ORIENTED_EDGE('',*,*,#4985,.F.);
#3244=ORIENTED_EDGE('',*,*,#4566,.F.);
#3245=ORIENTED_EDGE('',*,*,#4986,.T.);
#3246=ORIENTED_EDGE('',*,*,#4571,.T.);
#3247=ORIENTED_EDGE('',*,*,#4987,.T.);
#3248=ORIENTED_EDGE('',*,*,#4988,.F.);
#3249=ORIENTED_EDGE('',*,*,#4989,.F.);
#3250=ORIENTED_EDGE('',*,*,#4576,.F.);
#3251=ORIENTED_EDGE('',*,*,#4990,.T.);
#3252=ORIENTED_EDGE('',*,*,#4581,.T.);
#3253=ORIENTED_EDGE('',*,*,#4991,.F.);
#3254=ORIENTED_EDGE('',*,*,#4586,.F.);
#3255=ORIENTED_EDGE('',*,*,#4992,.T.);
#3256=ORIENTED_EDGE('',*,*,#4588,.T.);
#3257=ORIENTED_EDGE('',*,*,#4993,.T.);
#3258=ORIENTED_EDGE('',*,*,#4994,.F.);
#3259=ORIENTED_EDGE('',*,*,#4995,.F.);
#3260=ORIENTED_EDGE('',*,*,#4593,.F.);
#3261=ORIENTED_EDGE('',*,*,#4996,.T.);
#3262=ORIENTED_EDGE('',*,*,#4595,.T.);
#3263=ORIENTED_EDGE('',*,*,#4997,.F.);
#3264=ORIENTED_EDGE('',*,*,#4600,.F.);
#3265=ORIENTED_EDGE('',*,*,#4998,.T.);
#3266=ORIENTED_EDGE('',*,*,#4602,.T.);
#3267=ORIENTED_EDGE('',*,*,#4999,.T.);
#3268=ORIENTED_EDGE('',*,*,#5000,.F.);
#3269=ORIENTED_EDGE('',*,*,#5001,.F.);
#3270=ORIENTED_EDGE('',*,*,#4607,.F.);
#3271=ORIENTED_EDGE('',*,*,#5002,.T.);
#3272=ORIENTED_EDGE('',*,*,#4609,.T.);
#3273=ORIENTED_EDGE('',*,*,#5003,.F.);
#3274=ORIENTED_EDGE('',*,*,#4614,.F.);
#3275=ORIENTED_EDGE('',*,*,#5004,.T.);
#3276=ORIENTED_EDGE('',*,*,#4661,.T.);
#3277=ORIENTED_EDGE('',*,*,#5005,.F.);
#3278=ORIENTED_EDGE('',*,*,#4666,.F.);
#3279=ORIENTED_EDGE('',*,*,#5006,.T.);
#3280=ORIENTED_EDGE('',*,*,#4695,.T.);
#3281=ORIENTED_EDGE('',*,*,#5007,.F.);
#3282=ORIENTED_EDGE('',*,*,#4700,.F.);
#3283=ORIENTED_EDGE('',*,*,#5008,.T.);
#3284=ORIENTED_EDGE('',*,*,#4816,.T.);
#3285=ORIENTED_EDGE('',*,*,#5009,.F.);
#3286=ORIENTED_EDGE('',*,*,#4821,.F.);
#3287=ORIENTED_EDGE('',*,*,#5010,.T.);
#3288=ORIENTED_EDGE('',*,*,#4826,.T.);
#3289=ORIENTED_EDGE('',*,*,#5011,.F.);
#3290=ORIENTED_EDGE('',*,*,#4831,.F.);
#3291=ORIENTED_EDGE('',*,*,#5012,.T.);
#3292=ORIENTED_EDGE('',*,*,#4842,.T.);
#3293=ORIENTED_EDGE('',*,*,#5013,.F.);
#3294=ORIENTED_EDGE('',*,*,#4847,.F.);
#3295=ORIENTED_EDGE('',*,*,#5014,.T.);
#3296=ORIENTED_EDGE('',*,*,#4852,.T.);
#3297=ORIENTED_EDGE('',*,*,#5015,.F.);
#3298=ORIENTED_EDGE('',*,*,#4857,.F.);
#3299=ORIENTED_EDGE('',*,*,#5016,.T.);
#3300=ORIENTED_EDGE('',*,*,#4862,.T.);
#3301=ORIENTED_EDGE('',*,*,#5017,.F.);
#3302=ORIENTED_EDGE('',*,*,#4867,.F.);
#3303=ORIENTED_EDGE('',*,*,#5018,.T.);
#3304=ORIENTED_EDGE('',*,*,#4869,.T.);
#3305=ORIENTED_EDGE('',*,*,#5019,.F.);
#3306=ORIENTED_EDGE('',*,*,#4874,.F.);
#3307=ORIENTED_EDGE('',*,*,#5020,.T.);
#3308=ORIENTED_EDGE('',*,*,#4909,.T.);
#3309=ORIENTED_EDGE('',*,*,#5021,.F.);
#3310=ORIENTED_EDGE('',*,*,#4914,.F.);
#3311=ORIENTED_EDGE('',*,*,#5022,.T.);
#3312=ORIENTED_EDGE('',*,*,#4943,.T.);
#3313=ORIENTED_EDGE('',*,*,#5023,.F.);
#3314=ORIENTED_EDGE('',*,*,#4948,.F.);
#3315=ORIENTED_EDGE('',*,*,#5024,.T.);
#3316=ORIENTED_EDGE('',*,*,#4965,.T.);
#3317=ORIENTED_EDGE('',*,*,#4319,.T.);
#3318=ORIENTED_EDGE('',*,*,#4459,.F.);
#3319=ORIENTED_EDGE('',*,*,#5025,.F.);
#3320=ORIENTED_EDGE('',*,*,#4470,.T.);
#3321=ORIENTED_EDGE('',*,*,#4947,.F.);
#3322=ORIENTED_EDGE('',*,*,#4951,.T.);
#3323=ORIENTED_EDGE('',*,*,#4954,.F.);
#3324=ORIENTED_EDGE('',*,*,#4957,.F.);
#3325=ORIENTED_EDGE('',*,*,#4960,.F.);
#3326=ORIENTED_EDGE('',*,*,#4963,.T.);
#3327=ORIENTED_EDGE('',*,*,#4966,.F.);
#3328=ORIENTED_EDGE('',*,*,#5024,.F.);
#3329=ORIENTED_EDGE('',*,*,#4913,.F.);
#3330=ORIENTED_EDGE('',*,*,#4917,.F.);
#3331=ORIENTED_EDGE('',*,*,#4920,.F.);
#3332=ORIENTED_EDGE('',*,*,#4923,.F.);
#3333=ORIENTED_EDGE('',*,*,#4926,.F.);
#3334=ORIENTED_EDGE('',*,*,#4929,.F.);
#3335=ORIENTED_EDGE('',*,*,#4932,.F.);
#3336=ORIENTED_EDGE('',*,*,#4935,.F.);
#3337=ORIENTED_EDGE('',*,*,#4938,.F.);
#3338=ORIENTED_EDGE('',*,*,#4941,.F.);
#3339=ORIENTED_EDGE('',*,*,#4944,.F.);
#3340=ORIENTED_EDGE('',*,*,#5022,.F.);
#3341=ORIENTED_EDGE('',*,*,#4873,.F.);
#3342=ORIENTED_EDGE('',*,*,#4877,.F.);
#3343=ORIENTED_EDGE('',*,*,#4880,.F.);
#3344=ORIENTED_EDGE('',*,*,#4883,.F.);
#3345=ORIENTED_EDGE('',*,*,#4886,.T.);
#3346=ORIENTED_EDGE('',*,*,#4889,.T.);
#3347=ORIENTED_EDGE('',*,*,#4892,.F.);
#3348=ORIENTED_EDGE('',*,*,#4895,.F.);
#3349=ORIENTED_EDGE('',*,*,#4898,.F.);
#3350=ORIENTED_EDGE('',*,*,#4901,.F.);
#3351=ORIENTED_EDGE('',*,*,#4904,.F.);
#3352=ORIENTED_EDGE('',*,*,#4907,.F.);
#3353=ORIENTED_EDGE('',*,*,#4910,.F.);
#3354=ORIENTED_EDGE('',*,*,#5020,.F.);
#3355=ORIENTED_EDGE('',*,*,#4866,.F.);
#3356=ORIENTED_EDGE('',*,*,#4870,.F.);
#3357=ORIENTED_EDGE('',*,*,#5018,.F.);
#3358=ORIENTED_EDGE('',*,*,#4856,.F.);
#3359=ORIENTED_EDGE('',*,*,#4860,.F.);
#3360=ORIENTED_EDGE('',*,*,#4863,.F.);
#3361=ORIENTED_EDGE('',*,*,#5016,.F.);
#3362=ORIENTED_EDGE('',*,*,#4846,.F.);
#3363=ORIENTED_EDGE('',*,*,#4850,.T.);
#3364=ORIENTED_EDGE('',*,*,#4853,.F.);
#3365=ORIENTED_EDGE('',*,*,#5014,.F.);
#3366=ORIENTED_EDGE('',*,*,#4830,.F.);
#3367=ORIENTED_EDGE('',*,*,#4834,.F.);
#3368=ORIENTED_EDGE('',*,*,#4837,.F.);
#3369=ORIENTED_EDGE('',*,*,#4840,.F.);
#3370=ORIENTED_EDGE('',*,*,#4843,.F.);
#3371=ORIENTED_EDGE('',*,*,#5012,.F.);
#3372=ORIENTED_EDGE('',*,*,#4820,.F.);
#3373=ORIENTED_EDGE('',*,*,#4824,.F.);
#3374=ORIENTED_EDGE('',*,*,#4827,.F.);
#3375=ORIENTED_EDGE('',*,*,#5010,.F.);
#3376=ORIENTED_EDGE('',*,*,#4699,.F.);
#3377=ORIENTED_EDGE('',*,*,#4703,.F.);
#3378=ORIENTED_EDGE('',*,*,#4706,.F.);
#3379=ORIENTED_EDGE('',*,*,#4709,.F.);
#3380=ORIENTED_EDGE('',*,*,#4712,.F.);
#3381=ORIENTED_EDGE('',*,*,#4715,.F.);
#3382=ORIENTED_EDGE('',*,*,#4718,.T.);
#3383=ORIENTED_EDGE('',*,*,#4721,.T.);
#3384=ORIENTED_EDGE('',*,*,#4724,.T.);
#3385=ORIENTED_EDGE('',*,*,#4727,.T.);
#3386=ORIENTED_EDGE('',*,*,#4730,.T.);
#3387=ORIENTED_EDGE('',*,*,#4733,.T.);
#3388=ORIENTED_EDGE('',*,*,#4736,.T.);
#3389=ORIENTED_EDGE('',*,*,#4739,.T.);
#3390=ORIENTED_EDGE('',*,*,#4742,.T.);
#3391=ORIENTED_EDGE('',*,*,#4745,.T.);
#3392=ORIENTED_EDGE('',*,*,#4748,.T.);
#3393=ORIENTED_EDGE('',*,*,#4751,.T.);
#3394=ORIENTED_EDGE('',*,*,#4754,.T.);
#3395=ORIENTED_EDGE('',*,*,#4757,.T.);
#3396=ORIENTED_EDGE('',*,*,#4760,.T.);
#3397=ORIENTED_EDGE('',*,*,#4763,.T.);
#3398=ORIENTED_EDGE('',*,*,#4766,.T.);
#3399=ORIENTED_EDGE('',*,*,#4769,.T.);
#3400=ORIENTED_EDGE('',*,*,#4772,.T.);
#3401=ORIENTED_EDGE('',*,*,#4775,.T.);
#3402=ORIENTED_EDGE('',*,*,#4778,.F.);
#3403=ORIENTED_EDGE('',*,*,#4781,.F.);
#3404=ORIENTED_EDGE('',*,*,#4784,.F.);
#3405=ORIENTED_EDGE('',*,*,#4787,.F.);
#3406=ORIENTED_EDGE('',*,*,#4790,.F.);
#3407=ORIENTED_EDGE('',*,*,#4793,.F.);
#3408=ORIENTED_EDGE('',*,*,#4796,.F.);
#3409=ORIENTED_EDGE('',*,*,#4799,.F.);
#3410=ORIENTED_EDGE('',*,*,#4802,.F.);
#3411=ORIENTED_EDGE('',*,*,#4805,.F.);
#3412=ORIENTED_EDGE('',*,*,#4808,.F.);
#3413=ORIENTED_EDGE('',*,*,#4811,.F.);
#3414=ORIENTED_EDGE('',*,*,#4814,.F.);
#3415=ORIENTED_EDGE('',*,*,#4817,.F.);
#3416=ORIENTED_EDGE('',*,*,#5008,.F.);
#3417=ORIENTED_EDGE('',*,*,#4665,.F.);
#3418=ORIENTED_EDGE('',*,*,#4669,.F.);
#3419=ORIENTED_EDGE('',*,*,#4672,.F.);
#3420=ORIENTED_EDGE('',*,*,#4675,.F.);
#3421=ORIENTED_EDGE('',*,*,#4678,.F.);
#3422=ORIENTED_EDGE('',*,*,#4681,.F.);
#3423=ORIENTED_EDGE('',*,*,#4684,.F.);
#3424=ORIENTED_EDGE('',*,*,#4687,.F.);
#3425=ORIENTED_EDGE('',*,*,#4690,.F.);
#3426=ORIENTED_EDGE('',*,*,#4693,.F.);
#3427=ORIENTED_EDGE('',*,*,#4696,.F.);
#3428=ORIENTED_EDGE('',*,*,#5006,.F.);
#3429=ORIENTED_EDGE('',*,*,#4613,.F.);
#3430=ORIENTED_EDGE('',*,*,#4617,.F.);
#3431=ORIENTED_EDGE('',*,*,#4620,.F.);
#3432=ORIENTED_EDGE('',*,*,#4623,.F.);
#3433=ORIENTED_EDGE('',*,*,#4626,.F.);
#3434=ORIENTED_EDGE('',*,*,#4629,.F.);
#3435=ORIENTED_EDGE('',*,*,#4632,.F.);
#3436=ORIENTED_EDGE('',*,*,#4635,.F.);
#3437=ORIENTED_EDGE('',*,*,#4638,.F.);
#3438=ORIENTED_EDGE('',*,*,#4641,.F.);
#3439=ORIENTED_EDGE('',*,*,#4644,.F.);
#3440=ORIENTED_EDGE('',*,*,#4647,.F.);
#3441=ORIENTED_EDGE('',*,*,#4650,.F.);
#3442=ORIENTED_EDGE('',*,*,#4653,.F.);
#3443=ORIENTED_EDGE('',*,*,#4656,.F.);
#3444=ORIENTED_EDGE('',*,*,#4659,.F.);
#3445=ORIENTED_EDGE('',*,*,#4662,.F.);
#3446=ORIENTED_EDGE('',*,*,#5004,.F.);
#3447=ORIENTED_EDGE('',*,*,#4606,.F.);
#3448=ORIENTED_EDGE('',*,*,#4610,.F.);
#3449=ORIENTED_EDGE('',*,*,#5002,.F.);
#3450=ORIENTED_EDGE('',*,*,#4999,.F.);
#3451=ORIENTED_EDGE('',*,*,#4599,.F.);
#3452=ORIENTED_EDGE('',*,*,#4603,.F.);
#3453=ORIENTED_EDGE('',*,*,#4998,.F.);
#3454=ORIENTED_EDGE('',*,*,#4592,.F.);
#3455=ORIENTED_EDGE('',*,*,#4596,.F.);
#3456=ORIENTED_EDGE('',*,*,#4996,.F.);
#3457=ORIENTED_EDGE('',*,*,#4993,.F.);
#3458=ORIENTED_EDGE('',*,*,#4585,.F.);
#3459=ORIENTED_EDGE('',*,*,#4589,.F.);
#3460=ORIENTED_EDGE('',*,*,#4992,.F.);
#3461=ORIENTED_EDGE('',*,*,#4575,.F.);
#3462=ORIENTED_EDGE('',*,*,#4579,.T.);
#3463=ORIENTED_EDGE('',*,*,#4582,.F.);
#3464=ORIENTED_EDGE('',*,*,#4990,.F.);
#3465=ORIENTED_EDGE('',*,*,#4987,.F.);
#3466=ORIENTED_EDGE('',*,*,#4565,.F.);
#3467=ORIENTED_EDGE('',*,*,#4569,.F.);
#3468=ORIENTED_EDGE('',*,*,#4572,.F.);
#3469=ORIENTED_EDGE('',*,*,#4986,.F.);
#3470=ORIENTED_EDGE('',*,*,#4519,.F.);
#3471=ORIENTED_EDGE('',*,*,#4523,.F.);
#3472=ORIENTED_EDGE('',*,*,#4526,.F.);
#3473=ORIENTED_EDGE('',*,*,#4529,.F.);
#3474=ORIENTED_EDGE('',*,*,#4532,.F.);
#3475=ORIENTED_EDGE('',*,*,#4535,.F.);
#3476=ORIENTED_EDGE('',*,*,#4538,.F.);
#3477=ORIENTED_EDGE('',*,*,#4541,.F.);
#3478=ORIENTED_EDGE('',*,*,#4544,.F.);
#3479=ORIENTED_EDGE('',*,*,#4547,.F.);
#3480=ORIENTED_EDGE('',*,*,#4550,.F.);
#3481=ORIENTED_EDGE('',*,*,#4553,.F.);
#3482=ORIENTED_EDGE('',*,*,#4556,.F.);
#3483=ORIENTED_EDGE('',*,*,#4559,.F.);
#3484=ORIENTED_EDGE('',*,*,#4562,.F.);
#3485=ORIENTED_EDGE('',*,*,#4984,.F.);
#3486=ORIENTED_EDGE('',*,*,#4981,.F.);
#3487=ORIENTED_EDGE('',*,*,#4512,.F.);
#3488=ORIENTED_EDGE('',*,*,#4516,.F.);
#3489=ORIENTED_EDGE('',*,*,#4980,.F.);
#3490=ORIENTED_EDGE('',*,*,#4505,.F.);
#3491=ORIENTED_EDGE('',*,*,#4509,.F.);
#3492=ORIENTED_EDGE('',*,*,#4978,.F.);
#3493=ORIENTED_EDGE('',*,*,#4498,.F.);
#3494=ORIENTED_EDGE('',*,*,#4502,.F.);
#3495=ORIENTED_EDGE('',*,*,#4976,.F.);
#3496=ORIENTED_EDGE('',*,*,#4491,.F.);
#3497=ORIENTED_EDGE('',*,*,#4495,.F.);
#3498=ORIENTED_EDGE('',*,*,#4974,.F.);
#3499=ORIENTED_EDGE('',*,*,#4481,.F.);
#3500=ORIENTED_EDGE('',*,*,#4485,.F.);
#3501=ORIENTED_EDGE('',*,*,#4488,.F.);
#3502=ORIENTED_EDGE('',*,*,#4972,.F.);
#3503=ORIENTED_EDGE('',*,*,#4969,.F.);
#3504=ORIENTED_EDGE('',*,*,#4474,.F.);
#3505=ORIENTED_EDGE('',*,*,#4478,.F.);
#3506=ORIENTED_EDGE('',*,*,#4968,.F.);
#3507=ORIENTED_EDGE('',*,*,#4458,.T.);
#3508=ORIENTED_EDGE('',*,*,#4461,.T.);
#3509=ORIENTED_EDGE('',*,*,#4463,.T.);
#3510=ORIENTED_EDGE('',*,*,#4465,.T.);
#3511=ORIENTED_EDGE('',*,*,#4467,.T.);
#3512=ORIENTED_EDGE('',*,*,#4469,.T.);
#3513=ORIENTED_EDGE('',*,*,#4471,.T.);
#3514=ORIENTED_EDGE('',*,*,#5025,.T.);
#3515=ORIENTED_EDGE('',*,*,#4945,.T.);
#3516=ORIENTED_EDGE('',*,*,#5023,.T.);
#3517=ORIENTED_EDGE('',*,*,#4964,.T.);
#3518=ORIENTED_EDGE('',*,*,#4961,.F.);
#3519=ORIENTED_EDGE('',*,*,#4958,.T.);
#3520=ORIENTED_EDGE('',*,*,#4955,.T.);
#3521=ORIENTED_EDGE('',*,*,#4952,.T.);
#3522=ORIENTED_EDGE('',*,*,#4949,.F.);
#3523=ORIENTED_EDGE('',*,*,#4911,.T.);
#3524=ORIENTED_EDGE('',*,*,#5021,.T.);
#3525=ORIENTED_EDGE('',*,*,#4942,.T.);
#3526=ORIENTED_EDGE('',*,*,#4939,.T.);
#3527=ORIENTED_EDGE('',*,*,#4936,.T.);
#3528=ORIENTED_EDGE('',*,*,#4933,.T.);
#3529=ORIENTED_EDGE('',*,*,#4930,.T.);
#3530=ORIENTED_EDGE('',*,*,#4927,.T.);
#3531=ORIENTED_EDGE('',*,*,#4924,.T.);
#3532=ORIENTED_EDGE('',*,*,#4921,.T.);
#3533=ORIENTED_EDGE('',*,*,#4918,.T.);
#3534=ORIENTED_EDGE('',*,*,#4915,.T.);
#3535=ORIENTED_EDGE('',*,*,#4871,.T.);
#3536=ORIENTED_EDGE('',*,*,#5019,.T.);
#3537=ORIENTED_EDGE('',*,*,#4908,.T.);
#3538=ORIENTED_EDGE('',*,*,#4905,.T.);
#3539=ORIENTED_EDGE('',*,*,#4902,.T.);
#3540=ORIENTED_EDGE('',*,*,#4899,.T.);
#3541=ORIENTED_EDGE('',*,*,#4896,.T.);
#3542=ORIENTED_EDGE('',*,*,#4893,.T.);
#3543=ORIENTED_EDGE('',*,*,#4890,.T.);
#3544=ORIENTED_EDGE('',*,*,#4887,.F.);
#3545=ORIENTED_EDGE('',*,*,#4884,.F.);
#3546=ORIENTED_EDGE('',*,*,#4881,.T.);
#3547=ORIENTED_EDGE('',*,*,#4878,.T.);
#3548=ORIENTED_EDGE('',*,*,#4875,.T.);
#3549=ORIENTED_EDGE('',*,*,#4864,.T.);
#3550=ORIENTED_EDGE('',*,*,#5017,.T.);
#3551=ORIENTED_EDGE('',*,*,#4868,.T.);
#3552=ORIENTED_EDGE('',*,*,#4854,.T.);
#3553=ORIENTED_EDGE('',*,*,#5015,.T.);
#3554=ORIENTED_EDGE('',*,*,#4861,.T.);
#3555=ORIENTED_EDGE('',*,*,#4858,.T.);
#3556=ORIENTED_EDGE('',*,*,#4844,.T.);
#3557=ORIENTED_EDGE('',*,*,#5013,.T.);
#3558=ORIENTED_EDGE('',*,*,#4851,.T.);
#3559=ORIENTED_EDGE('',*,*,#4848,.F.);
#3560=ORIENTED_EDGE('',*,*,#4828,.T.);
#3561=ORIENTED_EDGE('',*,*,#5011,.T.);
#3562=ORIENTED_EDGE('',*,*,#4841,.T.);
#3563=ORIENTED_EDGE('',*,*,#4838,.T.);
#3564=ORIENTED_EDGE('',*,*,#4835,.T.);
#3565=ORIENTED_EDGE('',*,*,#4832,.T.);
#3566=ORIENTED_EDGE('',*,*,#4818,.T.);
#3567=ORIENTED_EDGE('',*,*,#5009,.T.);
#3568=ORIENTED_EDGE('',*,*,#4825,.T.);
#3569=ORIENTED_EDGE('',*,*,#4822,.T.);
#3570=ORIENTED_EDGE('',*,*,#4697,.T.);
#3571=ORIENTED_EDGE('',*,*,#5007,.T.);
#3572=ORIENTED_EDGE('',*,*,#4815,.T.);
#3573=ORIENTED_EDGE('',*,*,#4812,.T.);
#3574=ORIENTED_EDGE('',*,*,#4809,.T.);
#3575=ORIENTED_EDGE('',*,*,#4806,.T.);
#3576=ORIENTED_EDGE('',*,*,#4803,.T.);
#3577=ORIENTED_EDGE('',*,*,#4800,.T.);
#3578=ORIENTED_EDGE('',*,*,#4797,.T.);
#3579=ORIENTED_EDGE('',*,*,#4794,.T.);
#3580=ORIENTED_EDGE('',*,*,#4791,.T.);
#3581=ORIENTED_EDGE('',*,*,#4788,.T.);
#3582=ORIENTED_EDGE('',*,*,#4785,.T.);
#3583=ORIENTED_EDGE('',*,*,#4782,.T.);
#3584=ORIENTED_EDGE('',*,*,#4779,.T.);
#3585=ORIENTED_EDGE('',*,*,#4776,.T.);
#3586=ORIENTED_EDGE('',*,*,#4773,.F.);
#3587=ORIENTED_EDGE('',*,*,#4770,.F.);
#3588=ORIENTED_EDGE('',*,*,#4767,.F.);
#3589=ORIENTED_EDGE('',*,*,#4764,.F.);
#3590=ORIENTED_EDGE('',*,*,#4761,.F.);
#3591=ORIENTED_EDGE('',*,*,#4758,.F.);
#3592=ORIENTED_EDGE('',*,*,#4755,.F.);
#3593=ORIENTED_EDGE('',*,*,#4752,.F.);
#3594=ORIENTED_EDGE('',*,*,#4749,.F.);
#3595=ORIENTED_EDGE('',*,*,#4746,.F.);
#3596=ORIENTED_EDGE('',*,*,#4743,.F.);
#3597=ORIENTED_EDGE('',*,*,#4740,.F.);
#3598=ORIENTED_EDGE('',*,*,#4737,.F.);
#3599=ORIENTED_EDGE('',*,*,#4734,.F.);
#3600=ORIENTED_EDGE('',*,*,#4731,.F.);
#3601=ORIENTED_EDGE('',*,*,#4728,.F.);
#3602=ORIENTED_EDGE('',*,*,#4725,.F.);
#3603=ORIENTED_EDGE('',*,*,#4722,.F.);
#3604=ORIENTED_EDGE('',*,*,#4719,.F.);
#3605=ORIENTED_EDGE('',*,*,#4716,.F.);
#3606=ORIENTED_EDGE('',*,*,#4713,.T.);
#3607=ORIENTED_EDGE('',*,*,#4710,.T.);
#3608=ORIENTED_EDGE('',*,*,#4707,.T.);
#3609=ORIENTED_EDGE('',*,*,#4704,.T.);
#3610=ORIENTED_EDGE('',*,*,#4701,.T.);
#3611=ORIENTED_EDGE('',*,*,#4663,.T.);
#3612=ORIENTED_EDGE('',*,*,#5005,.T.);
#3613=ORIENTED_EDGE('',*,*,#4694,.T.);
#3614=ORIENTED_EDGE('',*,*,#4691,.T.);
#3615=ORIENTED_EDGE('',*,*,#4688,.T.);
#3616=ORIENTED_EDGE('',*,*,#4685,.T.);
#3617=ORIENTED_EDGE('',*,*,#4682,.T.);
#3618=ORIENTED_EDGE('',*,*,#4679,.T.);
#3619=ORIENTED_EDGE('',*,*,#4676,.T.);
#3620=ORIENTED_EDGE('',*,*,#4673,.T.);
#3621=ORIENTED_EDGE('',*,*,#4670,.T.);
#3622=ORIENTED_EDGE('',*,*,#4667,.T.);
#3623=ORIENTED_EDGE('',*,*,#4611,.T.);
#3624=ORIENTED_EDGE('',*,*,#5003,.T.);
#3625=ORIENTED_EDGE('',*,*,#4660,.T.);
#3626=ORIENTED_EDGE('',*,*,#4657,.T.);
#3627=ORIENTED_EDGE('',*,*,#4654,.T.);
#3628=ORIENTED_EDGE('',*,*,#4651,.T.);
#3629=ORIENTED_EDGE('',*,*,#4648,.T.);
#3630=ORIENTED_EDGE('',*,*,#4645,.T.);
#3631=ORIENTED_EDGE('',*,*,#4642,.T.);
#3632=ORIENTED_EDGE('',*,*,#4639,.T.);
#3633=ORIENTED_EDGE('',*,*,#4636,.T.);
#3634=ORIENTED_EDGE('',*,*,#4633,.T.);
#3635=ORIENTED_EDGE('',*,*,#4630,.T.);
#3636=ORIENTED_EDGE('',*,*,#4627,.T.);
#3637=ORIENTED_EDGE('',*,*,#4624,.T.);
#3638=ORIENTED_EDGE('',*,*,#4621,.T.);
#3639=ORIENTED_EDGE('',*,*,#4618,.T.);
#3640=ORIENTED_EDGE('',*,*,#4615,.T.);
#3641=ORIENTED_EDGE('',*,*,#4604,.T.);
#3642=ORIENTED_EDGE('',*,*,#5001,.T.);
#3643=ORIENTED_EDGE('',*,*,#4608,.T.);
#3644=ORIENTED_EDGE('',*,*,#5000,.T.);
#3645=ORIENTED_EDGE('',*,*,#4597,.T.);
#3646=ORIENTED_EDGE('',*,*,#4997,.T.);
#3647=ORIENTED_EDGE('',*,*,#4601,.T.);
#3648=ORIENTED_EDGE('',*,*,#4590,.T.);
#3649=ORIENTED_EDGE('',*,*,#4995,.T.);
#3650=ORIENTED_EDGE('',*,*,#4594,.T.);
#3651=ORIENTED_EDGE('',*,*,#4994,.T.);
#3652=ORIENTED_EDGE('',*,*,#4583,.T.);
#3653=ORIENTED_EDGE('',*,*,#4991,.T.);
#3654=ORIENTED_EDGE('',*,*,#4587,.T.);
#3655=ORIENTED_EDGE('',*,*,#4573,.T.);
#3656=ORIENTED_EDGE('',*,*,#4989,.T.);
#3657=ORIENTED_EDGE('',*,*,#4580,.T.);
#3658=ORIENTED_EDGE('',*,*,#4577,.F.);
#3659=ORIENTED_EDGE('',*,*,#4988,.T.);
#3660=ORIENTED_EDGE('',*,*,#4563,.T.);
#3661=ORIENTED_EDGE('',*,*,#4985,.T.);
#3662=ORIENTED_EDGE('',*,*,#4570,.T.);
#3663=ORIENTED_EDGE('',*,*,#4567,.T.);
#3664=ORIENTED_EDGE('',*,*,#4517,.T.);
#3665=ORIENTED_EDGE('',*,*,#4983,.T.);
#3666=ORIENTED_EDGE('',*,*,#4560,.T.);
#3667=ORIENTED_EDGE('',*,*,#4557,.T.);
#3668=ORIENTED_EDGE('',*,*,#4554,.T.);
#3669=ORIENTED_EDGE('',*,*,#4551,.T.);
#3670=ORIENTED_EDGE('',*,*,#4548,.T.);
#3671=ORIENTED_EDGE('',*,*,#4545,.T.);
#3672=ORIENTED_EDGE('',*,*,#4542,.T.);
#3673=ORIENTED_EDGE('',*,*,#4539,.T.);
#3674=ORIENTED_EDGE('',*,*,#4536,.T.);
#3675=ORIENTED_EDGE('',*,*,#4533,.T.);
#3676=ORIENTED_EDGE('',*,*,#4530,.T.);
#3677=ORIENTED_EDGE('',*,*,#4527,.T.);
#3678=ORIENTED_EDGE('',*,*,#4524,.T.);
#3679=ORIENTED_EDGE('',*,*,#4521,.T.);
#3680=ORIENTED_EDGE('',*,*,#4982,.T.);
#3681=ORIENTED_EDGE('',*,*,#4510,.T.);
#3682=ORIENTED_EDGE('',*,*,#4979,.T.);
#3683=ORIENTED_EDGE('',*,*,#4514,.T.);
#3684=ORIENTED_EDGE('',*,*,#4503,.T.);
#3685=ORIENTED_EDGE('',*,*,#4977,.T.);
#3686=ORIENTED_EDGE('',*,*,#4507,.T.);
#3687=ORIENTED_EDGE('',*,*,#4496,.T.);
#3688=ORIENTED_EDGE('',*,*,#4975,.T.);
#3689=ORIENTED_EDGE('',*,*,#4500,.T.);
#3690=ORIENTED_EDGE('',*,*,#4489,.T.);
#3691=ORIENTED_EDGE('',*,*,#4973,.T.);
#3692=ORIENTED_EDGE('',*,*,#4493,.T.);
#3693=ORIENTED_EDGE('',*,*,#4479,.T.);
#3694=ORIENTED_EDGE('',*,*,#4971,.T.);
#3695=ORIENTED_EDGE('',*,*,#4486,.T.);
#3696=ORIENTED_EDGE('',*,*,#4483,.T.);
#3697=ORIENTED_EDGE('',*,*,#4970,.T.);
#3698=ORIENTED_EDGE('',*,*,#4472,.T.);
#3699=ORIENTED_EDGE('',*,*,#4967,.T.);
#3700=ORIENTED_EDGE('',*,*,#4476,.T.);
#3701=ORIENTED_EDGE('',*,*,#5026,.F.);
#3702=ORIENTED_EDGE('',*,*,#4258,.T.);
#3703=ORIENTED_EDGE('',*,*,#5026,.T.);
#3704=ORIENTED_EDGE('',*,*,#5027,.F.);
#3705=ORIENTED_EDGE('',*,*,#5028,.F.);
#3706=ORIENTED_EDGE('',*,*,#5029,.F.);
#3707=ORIENTED_EDGE('',*,*,#5030,.F.);
#3708=ORIENTED_EDGE('',*,*,#5031,.F.);
#3709=ORIENTED_EDGE('',*,*,#5032,.T.);
#3710=ORIENTED_EDGE('',*,*,#5033,.F.);
#3711=ORIENTED_EDGE('',*,*,#5034,.F.);
#3712=ORIENTED_EDGE('',*,*,#5035,.F.);
#3713=ORIENTED_EDGE('',*,*,#5036,.F.);
#3714=ORIENTED_EDGE('',*,*,#5037,.F.);
#3715=ORIENTED_EDGE('',*,*,#5038,.T.);
#3716=ORIENTED_EDGE('',*,*,#5039,.F.);
#3717=ORIENTED_EDGE('',*,*,#5040,.F.);
#3718=ORIENTED_EDGE('',*,*,#5041,.F.);
#3719=ORIENTED_EDGE('',*,*,#5042,.F.);
#3720=ORIENTED_EDGE('',*,*,#5043,.F.);
#3721=ORIENTED_EDGE('',*,*,#5044,.T.);
#3722=ORIENTED_EDGE('',*,*,#5045,.F.);
#3723=ORIENTED_EDGE('',*,*,#5040,.T.);
#3724=ORIENTED_EDGE('',*,*,#5046,.F.);
#3725=ORIENTED_EDGE('',*,*,#5047,.F.);
#3726=ORIENTED_EDGE('',*,*,#5048,.F.);
#3727=ORIENTED_EDGE('',*,*,#5049,.F.);
#3728=ORIENTED_EDGE('',*,*,#5050,.F.);
#3729=ORIENTED_EDGE('',*,*,#5042,.T.);
#3730=ORIENTED_EDGE('',*,*,#5051,.T.);
#3731=ORIENTED_EDGE('',*,*,#5052,.T.);
#3732=ORIENTED_EDGE('',*,*,#5053,.F.);
#3733=ORIENTED_EDGE('',*,*,#5054,.T.);
#3734=ORIENTED_EDGE('',*,*,#5055,.F.);
#3735=ORIENTED_EDGE('',*,*,#5056,.T.);
#3736=ORIENTED_EDGE('',*,*,#5057,.F.);
#3737=ORIENTED_EDGE('',*,*,#5058,.T.);
#3738=ORIENTED_EDGE('',*,*,#5059,.F.);
#3739=ORIENTED_EDGE('',*,*,#5060,.T.);
#3740=ORIENTED_EDGE('',*,*,#5061,.F.);
#3741=ORIENTED_EDGE('',*,*,#5062,.T.);
#3742=ORIENTED_EDGE('',*,*,#5063,.F.);
#3743=ORIENTED_EDGE('',*,*,#5064,.F.);
#3744=ORIENTED_EDGE('',*,*,#5065,.F.);
#3745=ORIENTED_EDGE('',*,*,#5066,.F.);
#3746=ORIENTED_EDGE('',*,*,#5053,.T.);
#3747=ORIENTED_EDGE('',*,*,#5067,.F.);
#3748=ORIENTED_EDGE('',*,*,#5063,.T.);
#3749=ORIENTED_EDGE('',*,*,#5068,.F.);
#3750=ORIENTED_EDGE('',*,*,#5069,.F.);
#3751=ORIENTED_EDGE('',*,*,#5070,.F.);
#3752=ORIENTED_EDGE('',*,*,#5061,.T.);
#3753=ORIENTED_EDGE('',*,*,#5071,.F.);
#3754=ORIENTED_EDGE('',*,*,#5072,.F.);
#3755=ORIENTED_EDGE('',*,*,#5073,.F.);
#3756=ORIENTED_EDGE('',*,*,#5059,.T.);
#3757=ORIENTED_EDGE('',*,*,#5074,.F.);
#3758=ORIENTED_EDGE('',*,*,#5075,.F.);
#3759=ORIENTED_EDGE('',*,*,#5076,.F.);
#3760=ORIENTED_EDGE('',*,*,#5057,.T.);
#3761=ORIENTED_EDGE('',*,*,#5077,.F.);
#3762=ORIENTED_EDGE('',*,*,#5078,.F.);
#3763=ORIENTED_EDGE('',*,*,#5079,.F.);
#3764=ORIENTED_EDGE('',*,*,#5055,.T.);
#3765=ORIENTED_EDGE('',*,*,#5080,.F.);
#3766=ORIENTED_EDGE('',*,*,#5081,.F.);
#3767=ORIENTED_EDGE('',*,*,#5082,.F.);
#3768=ORIENTED_EDGE('',*,*,#5069,.T.);
#3769=ORIENTED_EDGE('',*,*,#5083,.F.);
#3770=ORIENTED_EDGE('',*,*,#5084,.F.);
#3771=ORIENTED_EDGE('',*,*,#5085,.F.);
#3772=ORIENTED_EDGE('',*,*,#5086,.F.);
#3773=ORIENTED_EDGE('',*,*,#5087,.F.);
#3774=ORIENTED_EDGE('',*,*,#5065,.T.);
#3775=ORIENTED_EDGE('',*,*,#5088,.F.);
#3776=ORIENTED_EDGE('',*,*,#5072,.T.);
#3777=ORIENTED_EDGE('',*,*,#5089,.F.);
#3778=ORIENTED_EDGE('',*,*,#5090,.F.);
#3779=ORIENTED_EDGE('',*,*,#5091,.F.);
#3780=ORIENTED_EDGE('',*,*,#5075,.T.);
#3781=ORIENTED_EDGE('',*,*,#5092,.F.);
#3782=ORIENTED_EDGE('',*,*,#5093,.F.);
#3783=ORIENTED_EDGE('',*,*,#5094,.F.);
#3784=ORIENTED_EDGE('',*,*,#5078,.T.);
#3785=ORIENTED_EDGE('',*,*,#5095,.F.);
#3786=ORIENTED_EDGE('',*,*,#5096,.F.);
#3787=ORIENTED_EDGE('',*,*,#5097,.F.);
#3788=ORIENTED_EDGE('',*,*,#5081,.T.);
#3789=ORIENTED_EDGE('',*,*,#5098,.F.);
#3790=ORIENTED_EDGE('',*,*,#5099,.F.);
#3791=ORIENTED_EDGE('',*,*,#5100,.F.);
#3792=ORIENTED_EDGE('',*,*,#5101,.F.);
#3793=ORIENTED_EDGE('',*,*,#5100,.T.);
#3794=ORIENTED_EDGE('',*,*,#5102,.F.);
#3795=ORIENTED_EDGE('',*,*,#5101,.T.);
#3796=ORIENTED_EDGE('',*,*,#5103,.F.);
#3797=ORIENTED_EDGE('',*,*,#5102,.T.);
#3798=ORIENTED_EDGE('',*,*,#5104,.F.);
#3799=ORIENTED_EDGE('',*,*,#5103,.T.);
#3800=ORIENTED_EDGE('',*,*,#5105,.F.);
#3801=ORIENTED_EDGE('',*,*,#5104,.T.);
#3802=ORIENTED_EDGE('',*,*,#5106,.F.);
#3803=ORIENTED_EDGE('',*,*,#5105,.T.);
#3804=ORIENTED_EDGE('',*,*,#5106,.T.);
#3805=ORIENTED_EDGE('',*,*,#5107,.F.);
#3806=ORIENTED_EDGE('',*,*,#5108,.F.);
#3807=ORIENTED_EDGE('',*,*,#5107,.T.);
#3808=ORIENTED_EDGE('',*,*,#5109,.F.);
#3809=ORIENTED_EDGE('',*,*,#5108,.T.);
#3810=ORIENTED_EDGE('',*,*,#5109,.T.);
#3811=ORIENTED_EDGE('',*,*,#5110,.F.);
#3812=ORIENTED_EDGE('',*,*,#5111,.F.);
#3813=ORIENTED_EDGE('',*,*,#5110,.T.);
#3814=ORIENTED_EDGE('',*,*,#5112,.F.);
#3815=ORIENTED_EDGE('',*,*,#5111,.T.);
#3816=ORIENTED_EDGE('',*,*,#5113,.F.);
#3817=ORIENTED_EDGE('',*,*,#5112,.T.);
#3818=ORIENTED_EDGE('',*,*,#5114,.F.);
#3819=ORIENTED_EDGE('',*,*,#5113,.T.);
#3820=ORIENTED_EDGE('',*,*,#5115,.F.);
#3821=ORIENTED_EDGE('',*,*,#5114,.T.);
#3822=ORIENTED_EDGE('',*,*,#5115,.T.);
#3823=ORIENTED_EDGE('',*,*,#5116,.F.);
#3824=ORIENTED_EDGE('',*,*,#5117,.F.);
#3825=ORIENTED_EDGE('',*,*,#5116,.T.);
#3826=ORIENTED_EDGE('',*,*,#5118,.F.);
#3827=ORIENTED_EDGE('',*,*,#5117,.T.);
#3828=ORIENTED_EDGE('',*,*,#5119,.F.);
#3829=ORIENTED_EDGE('',*,*,#5118,.T.);
#3830=ORIENTED_EDGE('',*,*,#5119,.T.);
#3831=ORIENTED_EDGE('',*,*,#5120,.F.);
#3832=ORIENTED_EDGE('',*,*,#5121,.F.);
#3833=ORIENTED_EDGE('',*,*,#5120,.T.);
#3834=ORIENTED_EDGE('',*,*,#5121,.T.);
#3835=ORIENTED_EDGE('',*,*,#5122,.F.);
#3836=ORIENTED_EDGE('',*,*,#5123,.F.);
#3837=ORIENTED_EDGE('',*,*,#5122,.T.);
#3838=ORIENTED_EDGE('',*,*,#5123,.T.);
#3839=ORIENTED_EDGE('',*,*,#5124,.F.);
#3840=ORIENTED_EDGE('',*,*,#5125,.F.);
#3841=ORIENTED_EDGE('',*,*,#5124,.T.);
#3842=ORIENTED_EDGE('',*,*,#5051,.F.);
#3843=ORIENTED_EDGE('',*,*,#5125,.T.);
#3844=ORIENTED_EDGE('',*,*,#5086,.T.);
#3845=ORIENTED_EDGE('',*,*,#5126,.F.);
#3846=ORIENTED_EDGE('',*,*,#5084,.T.);
#3847=ORIENTED_EDGE('',*,*,#5127,.F.);
#3848=ORIENTED_EDGE('',*,*,#5090,.T.);
#3849=ORIENTED_EDGE('',*,*,#5128,.F.);
#3850=ORIENTED_EDGE('',*,*,#5093,.T.);
#3851=ORIENTED_EDGE('',*,*,#5129,.F.);
#3852=ORIENTED_EDGE('',*,*,#5096,.T.);
#3853=ORIENTED_EDGE('',*,*,#5130,.F.);
#3854=ORIENTED_EDGE('',*,*,#5099,.T.);
#3855=ORIENTED_EDGE('',*,*,#5131,.F.);
#3856=ORIENTED_EDGE('',*,*,#5132,.F.);
#3857=ORIENTED_EDGE('',*,*,#5132,.T.);
#3858=ORIENTED_EDGE('',*,*,#5133,.F.);
#3859=ORIENTED_EDGE('',*,*,#5134,.F.);
#3860=ORIENTED_EDGE('',*,*,#5133,.T.);
#3861=ORIENTED_EDGE('',*,*,#5135,.F.);
#3862=ORIENTED_EDGE('',*,*,#5134,.T.);
#3863=ORIENTED_EDGE('',*,*,#5038,.F.);
#3864=ORIENTED_EDGE('',*,*,#5136,.F.);
#3865=ORIENTED_EDGE('',*,*,#5044,.F.);
#3866=ORIENTED_EDGE('',*,*,#5137,.F.);
#3867=ORIENTED_EDGE('',*,*,#5135,.T.);
#3868=ORIENTED_EDGE('',*,*,#5138,.F.);
#3869=ORIENTED_EDGE('',*,*,#5049,.T.);
#3870=ORIENTED_EDGE('',*,*,#5047,.T.);
#3871=ORIENTED_EDGE('',*,*,#5139,.F.);
#3872=ORIENTED_EDGE('',*,*,#5138,.T.);
#3873=ORIENTED_EDGE('',*,*,#5140,.F.);
#3874=ORIENTED_EDGE('',*,*,#5139,.T.);
#3875=ORIENTED_EDGE('',*,*,#5032,.F.);
#3876=ORIENTED_EDGE('',*,*,#5140,.T.);
#3877=ORIENTED_EDGE('',*,*,#5066,.T.);
#3878=ORIENTED_EDGE('',*,*,#5087,.T.);
#3879=ORIENTED_EDGE('',*,*,#5131,.T.);
#3880=ORIENTED_EDGE('',*,*,#5098,.T.);
#3881=ORIENTED_EDGE('',*,*,#5080,.T.);
#3882=ORIENTED_EDGE('',*,*,#5054,.F.);
#3883=ORIENTED_EDGE('',*,*,#5067,.T.);
#3884=ORIENTED_EDGE('',*,*,#5082,.T.);
#3885=ORIENTED_EDGE('',*,*,#5126,.T.);
#3886=ORIENTED_EDGE('',*,*,#5085,.T.);
#3887=ORIENTED_EDGE('',*,*,#5064,.T.);
#3888=ORIENTED_EDGE('',*,*,#5052,.F.);
#3889=ORIENTED_EDGE('',*,*,#5070,.T.);
#3890=ORIENTED_EDGE('',*,*,#5088,.T.);
#3891=ORIENTED_EDGE('',*,*,#5127,.T.);
#3892=ORIENTED_EDGE('',*,*,#5083,.T.);
#3893=ORIENTED_EDGE('',*,*,#5068,.T.);
#3894=ORIENTED_EDGE('',*,*,#5062,.F.);
#3895=ORIENTED_EDGE('',*,*,#5073,.T.);
#3896=ORIENTED_EDGE('',*,*,#5091,.T.);
#3897=ORIENTED_EDGE('',*,*,#5128,.T.);
#3898=ORIENTED_EDGE('',*,*,#5089,.T.);
#3899=ORIENTED_EDGE('',*,*,#5071,.T.);
#3900=ORIENTED_EDGE('',*,*,#5060,.F.);
#3901=ORIENTED_EDGE('',*,*,#5076,.T.);
#3902=ORIENTED_EDGE('',*,*,#5094,.T.);
#3903=ORIENTED_EDGE('',*,*,#5129,.T.);
#3904=ORIENTED_EDGE('',*,*,#5092,.T.);
#3905=ORIENTED_EDGE('',*,*,#5074,.T.);
#3906=ORIENTED_EDGE('',*,*,#5058,.F.);
#3907=ORIENTED_EDGE('',*,*,#5079,.T.);
#3908=ORIENTED_EDGE('',*,*,#5097,.T.);
#3909=ORIENTED_EDGE('',*,*,#5130,.T.);
#3910=ORIENTED_EDGE('',*,*,#5095,.T.);
#3911=ORIENTED_EDGE('',*,*,#5077,.T.);
#3912=ORIENTED_EDGE('',*,*,#5056,.F.);
#3913=ORIENTED_EDGE('',*,*,#5043,.T.);
#3914=ORIENTED_EDGE('',*,*,#5050,.T.);
#3915=ORIENTED_EDGE('',*,*,#5046,.T.);
#3916=ORIENTED_EDGE('',*,*,#5039,.T.);
#3917=ORIENTED_EDGE('',*,*,#5137,.T.);
#3918=ORIENTED_EDGE('',*,*,#5037,.T.);
#3919=ORIENTED_EDGE('',*,*,#5045,.T.);
#3920=ORIENTED_EDGE('',*,*,#5048,.T.);
#3921=ORIENTED_EDGE('',*,*,#5041,.T.);
#3922=ORIENTED_EDGE('',*,*,#5136,.T.);
#3923=ORIENTED_EDGE('',*,*,#5033,.T.);
#3924=ORIENTED_EDGE('',*,*,#5141,.F.);
#3925=ORIENTED_EDGE('',*,*,#5142,.F.);
#3926=ORIENTED_EDGE('',*,*,#5143,.T.);
#3927=ORIENTED_EDGE('',*,*,#5036,.T.);
#3928=ORIENTED_EDGE('',*,*,#5144,.F.);
#3929=ORIENTED_EDGE('',*,*,#5145,.F.);
#3930=ORIENTED_EDGE('',*,*,#5141,.T.);
#3931=ORIENTED_EDGE('',*,*,#5035,.T.);
#3932=ORIENTED_EDGE('',*,*,#5146,.F.);
#3933=ORIENTED_EDGE('',*,*,#5147,.F.);
#3934=ORIENTED_EDGE('',*,*,#5144,.T.);
#3935=ORIENTED_EDGE('',*,*,#5034,.T.);
#3936=ORIENTED_EDGE('',*,*,#5143,.F.);
#3937=ORIENTED_EDGE('',*,*,#5148,.F.);
#3938=ORIENTED_EDGE('',*,*,#5146,.T.);
#3939=ORIENTED_EDGE('',*,*,#5142,.T.);
#3940=ORIENTED_EDGE('',*,*,#5145,.T.);
#3941=ORIENTED_EDGE('',*,*,#5147,.T.);
#3942=ORIENTED_EDGE('',*,*,#5148,.T.);
#3943=ORIENTED_EDGE('',*,*,#5149,.F.);
#3944=ORIENTED_EDGE('',*,*,#5031,.T.);
#3945=ORIENTED_EDGE('',*,*,#5149,.T.);
#3946=ORIENTED_EDGE('',*,*,#5150,.F.);
#3947=ORIENTED_EDGE('',*,*,#5030,.T.);
#3948=ORIENTED_EDGE('',*,*,#5150,.T.);
#3949=ORIENTED_EDGE('',*,*,#5151,.F.);
#3950=ORIENTED_EDGE('',*,*,#5029,.T.);
#3951=ORIENTED_EDGE('',*,*,#5151,.T.);
#3952=ORIENTED_EDGE('',*,*,#5152,.F.);
#3953=ORIENTED_EDGE('',*,*,#5028,.T.);
#3954=ORIENTED_EDGE('',*,*,#5152,.T.);
#3955=ORIENTED_EDGE('',*,*,#5153,.F.);
#3956=ORIENTED_EDGE('',*,*,#5027,.T.);
#3957=ORIENTED_EDGE('',*,*,#5153,.T.);
#3958=ORIENTED_EDGE('',*,*,#5154,.T.);
#3959=ORIENTED_EDGE('',*,*,#5155,.F.);
#3960=ORIENTED_EDGE('',*,*,#5156,.F.);
#3961=ORIENTED_EDGE('',*,*,#5157,.T.);
#3962=ORIENTED_EDGE('',*,*,#5158,.F.);
#3963=ORIENTED_EDGE('',*,*,#5159,.F.);
#3964=ORIENTED_EDGE('',*,*,#5160,.T.);
#3965=ORIENTED_EDGE('',*,*,#5161,.T.);
#3966=ORIENTED_EDGE('',*,*,#5162,.F.);
#3967=ORIENTED_EDGE('',*,*,#5163,.T.);
#3968=ORIENTED_EDGE('',*,*,#5164,.F.);
#3969=ORIENTED_EDGE('',*,*,#5165,.T.);
#3970=ORIENTED_EDGE('',*,*,#5163,.F.);
#3971=ORIENTED_EDGE('',*,*,#5166,.T.);
#3972=ORIENTED_EDGE('',*,*,#5167,.F.);
#3973=ORIENTED_EDGE('',*,*,#5168,.T.);
#3974=ORIENTED_EDGE('',*,*,#5169,.T.);
#3975=ORIENTED_EDGE('',*,*,#5170,.T.);
#3976=ORIENTED_EDGE('',*,*,#5164,.T.);
#3977=ORIENTED_EDGE('',*,*,#5171,.F.);
#3978=ORIENTED_EDGE('',*,*,#5172,.T.);
#3979=ORIENTED_EDGE('',*,*,#5173,.T.);
#3980=ORIENTED_EDGE('',*,*,#5174,.T.);
#3981=ORIENTED_EDGE('',*,*,#5169,.F.);
#3982=ORIENTED_EDGE('',*,*,#5175,.T.);
#3983=ORIENTED_EDGE('',*,*,#5176,.F.);
#3984=ORIENTED_EDGE('',*,*,#5167,.T.);
#3985=ORIENTED_EDGE('',*,*,#5177,.T.);
#3986=ORIENTED_EDGE('',*,*,#5178,.F.);
#3987=ORIENTED_EDGE('',*,*,#5179,.T.);
#3988=ORIENTED_EDGE('',*,*,#5180,.T.);
#3989=ORIENTED_EDGE('',*,*,#5178,.T.);
#3990=ORIENTED_EDGE('',*,*,#5181,.T.);
#3991=ORIENTED_EDGE('',*,*,#5182,.F.);
#3992=ORIENTED_EDGE('',*,*,#5183,.T.);
#3993=ORIENTED_EDGE('',*,*,#5184,.T.);
#3994=ORIENTED_EDGE('',*,*,#5158,.T.);
#3995=ORIENTED_EDGE('',*,*,#5185,.T.);
#3996=ORIENTED_EDGE('',*,*,#5186,.F.);
#3997=ORIENTED_EDGE('',*,*,#5187,.F.);
#3998=ORIENTED_EDGE('',*,*,#5188,.F.);
#3999=ORIENTED_EDGE('',*,*,#5189,.T.);
#4000=ORIENTED_EDGE('',*,*,#5186,.T.);
#4001=ORIENTED_EDGE('',*,*,#5190,.T.);
#4002=ORIENTED_EDGE('',*,*,#5191,.F.);
#4003=ORIENTED_EDGE('',*,*,#5192,.T.);
#4004=ORIENTED_EDGE('',*,*,#5193,.T.);
#4005=ORIENTED_EDGE('',*,*,#5194,.T.);
#4006=ORIENTED_EDGE('',*,*,#5195,.T.);
#4007=ORIENTED_EDGE('',*,*,#5196,.F.);
#4008=ORIENTED_EDGE('',*,*,#5197,.F.);
#4009=ORIENTED_EDGE('',*,*,#5198,.F.);
#4010=ORIENTED_EDGE('',*,*,#5191,.T.);
#4011=ORIENTED_EDGE('',*,*,#5199,.F.);
#4012=ORIENTED_EDGE('',*,*,#5194,.F.);
#4013=ORIENTED_EDGE('',*,*,#5200,.T.);
#4014=ORIENTED_EDGE('',*,*,#5201,.F.);
#4015=ORIENTED_EDGE('',*,*,#5156,.T.);
#4016=ORIENTED_EDGE('',*,*,#5202,.T.);
#4017=ORIENTED_EDGE('',*,*,#5203,.T.);
#4018=ORIENTED_EDGE('',*,*,#5196,.T.);
#4019=ORIENTED_EDGE('',*,*,#5204,.T.);
#4020=ORIENTED_EDGE('',*,*,#5205,.T.);
#4021=ORIENTED_EDGE('',*,*,#5206,.F.);
#4022=ORIENTED_EDGE('',*,*,#5207,.T.);
#4023=ORIENTED_EDGE('',*,*,#5208,.T.);
#4024=ORIENTED_EDGE('',*,*,#5209,.T.);
#4025=ORIENTED_EDGE('',*,*,#5210,.T.);
#4026=ORIENTED_EDGE('',*,*,#5188,.T.);
#4027=ORIENTED_EDGE('',*,*,#5211,.F.);
#4028=ORIENTED_EDGE('',*,*,#5212,.T.);
#4029=ORIENTED_EDGE('',*,*,#5206,.T.);
#4030=ORIENTED_EDGE('',*,*,#5213,.T.);
#4031=ORIENTED_EDGE('',*,*,#5209,.F.);
#4032=ORIENTED_EDGE('',*,*,#5214,.T.);
#4033=ORIENTED_EDGE('',*,*,#5160,.F.);
#4034=ORIENTED_EDGE('',*,*,#5215,.T.);
#4035=ORIENTED_EDGE('',*,*,#5204,.F.);
#4036=ORIENTED_EDGE('',*,*,#5216,.T.);
#4037=ORIENTED_EDGE('',*,*,#5217,.F.);
#4038=ORIENTED_EDGE('',*,*,#5182,.T.);
#4039=ORIENTED_EDGE('',*,*,#5216,.F.);
#4040=ORIENTED_EDGE('',*,*,#5208,.F.);
#4041=ORIENTED_EDGE('',*,*,#5218,.T.);
#4042=ORIENTED_EDGE('',*,*,#5200,.F.);
#4043=ORIENTED_EDGE('',*,*,#5219,.T.);
#4044=ORIENTED_EDGE('',*,*,#5175,.F.);
#4045=ORIENTED_EDGE('',*,*,#5220,.F.);
#4046=ORIENTED_EDGE('',*,*,#5184,.F.);
#4047=ORIENTED_EDGE('',*,*,#5221,.F.);
#4048=ORIENTED_EDGE('',*,*,#5214,.F.);
#4049=ORIENTED_EDGE('',*,*,#5222,.T.);
#4050=ORIENTED_EDGE('',*,*,#5193,.F.);
#4051=ORIENTED_EDGE('',*,*,#5223,.F.);
#4052=ORIENTED_EDGE('',*,*,#5211,.T.);
#4053=ORIENTED_EDGE('',*,*,#5187,.T.);
#4054=ORIENTED_EDGE('',*,*,#5224,.T.);
#4055=ORIENTED_EDGE('',*,*,#5225,.T.);
#4056=ORIENTED_EDGE('',*,*,#5226,.T.);
#4057=ORIENTED_EDGE('',*,*,#5180,.F.);
#4058=ORIENTED_EDGE('',*,*,#5227,.T.);
#4059=ORIENTED_EDGE('',*,*,#5171,.T.);
#4060=ORIENTED_EDGE('',*,*,#5168,.F.);
#4061=ORIENTED_EDGE('',*,*,#5203,.F.);
#4062=ORIENTED_EDGE('',*,*,#5173,.F.);
#4063=ORIENTED_EDGE('',*,*,#5228,.F.);
#4064=ORIENTED_EDGE('',*,*,#5197,.T.);
#4065=ORIENTED_EDGE('',*,*,#5229,.T.);
#4066=ORIENTED_EDGE('',*,*,#5226,.F.);
#4067=ORIENTED_EDGE('',*,*,#5230,.T.);
#4068=ORIENTED_EDGE('',*,*,#5229,.F.);
#4069=ORIENTED_EDGE('',*,*,#5231,.T.);
#4070=ORIENTED_EDGE('',*,*,#5230,.F.);
#4071=ORIENTED_EDGE('',*,*,#5232,.T.);
#4072=ORIENTED_EDGE('',*,*,#5231,.F.);
#4073=ORIENTED_EDGE('',*,*,#5232,.F.);
#4074=ORIENTED_EDGE('',*,*,#5233,.T.);
#4075=ORIENTED_EDGE('',*,*,#5225,.F.);
#4076=ORIENTED_EDGE('',*,*,#5234,.T.);
#4077=ORIENTED_EDGE('',*,*,#5233,.F.);
#4078=ORIENTED_EDGE('',*,*,#5235,.T.);
#4079=ORIENTED_EDGE('',*,*,#5234,.F.);
#4080=ORIENTED_EDGE('',*,*,#5236,.T.);
#4081=ORIENTED_EDGE('',*,*,#5235,.F.);
#4082=ORIENTED_EDGE('',*,*,#5236,.F.);
#4083=ORIENTED_EDGE('',*,*,#5237,.T.);
#4084=ORIENTED_EDGE('',*,*,#5224,.F.);
#4085=ORIENTED_EDGE('',*,*,#5238,.T.);
#4086=ORIENTED_EDGE('',*,*,#5237,.F.);
#4087=ORIENTED_EDGE('',*,*,#5239,.T.);
#4088=ORIENTED_EDGE('',*,*,#5238,.F.);
#4089=ORIENTED_EDGE('',*,*,#5240,.T.);
#4090=ORIENTED_EDGE('',*,*,#5239,.F.);
#4091=ORIENTED_EDGE('',*,*,#5240,.F.);
#4092=ORIENTED_EDGE('',*,*,#5220,.T.);
#4093=ORIENTED_EDGE('',*,*,#5172,.F.);
#4094=ORIENTED_EDGE('',*,*,#5227,.F.);
#4095=ORIENTED_EDGE('',*,*,#5179,.F.);
#4096=ORIENTED_EDGE('',*,*,#5222,.F.);
#4097=ORIENTED_EDGE('',*,*,#5212,.F.);
#4098=ORIENTED_EDGE('',*,*,#5223,.T.);
#4099=ORIENTED_EDGE('',*,*,#5192,.F.);
#4100=ORIENTED_EDGE('',*,*,#5221,.T.);
#4101=ORIENTED_EDGE('',*,*,#5183,.F.);
#4102=ORIENTED_EDGE('',*,*,#5218,.F.);
#4103=ORIENTED_EDGE('',*,*,#5207,.F.);
#4104=ORIENTED_EDGE('',*,*,#5198,.T.);
#4105=ORIENTED_EDGE('',*,*,#5228,.T.);
#4106=ORIENTED_EDGE('',*,*,#5176,.T.);
#4107=ORIENTED_EDGE('',*,*,#5219,.F.);
#4108=ORIENTED_EDGE('',*,*,#5213,.F.);
#4109=ORIENTED_EDGE('',*,*,#5205,.F.);
#4110=ORIENTED_EDGE('',*,*,#5215,.F.);
#4111=ORIENTED_EDGE('',*,*,#5159,.T.);
#4112=ORIENTED_EDGE('',*,*,#5189,.F.);
#4113=ORIENTED_EDGE('',*,*,#5210,.F.);
#4114=ORIENTED_EDGE('',*,*,#5157,.F.);
#4115=ORIENTED_EDGE('',*,*,#5201,.T.);
#4116=ORIENTED_EDGE('',*,*,#5195,.F.);
#4117=ORIENTED_EDGE('',*,*,#5199,.T.);
#4118=ORIENTED_EDGE('',*,*,#5190,.F.);
#4119=ORIENTED_EDGE('',*,*,#5185,.F.);
#4120=ORIENTED_EDGE('',*,*,#5166,.F.);
#4121=ORIENTED_EDGE('',*,*,#5162,.T.);
#4122=ORIENTED_EDGE('',*,*,#5241,.F.);
#4123=ORIENTED_EDGE('',*,*,#5181,.F.);
#4124=ORIENTED_EDGE('',*,*,#5177,.F.);
#4125=ORIENTED_EDGE('',*,*,#5170,.F.);
#4126=ORIENTED_EDGE('',*,*,#5174,.F.);
#4127=ORIENTED_EDGE('',*,*,#5242,.F.);
#4128=ORIENTED_EDGE('',*,*,#5154,.F.);
#4129=ORIENTED_EDGE('',*,*,#5165,.F.);
#4130=ORIENTED_EDGE('',*,*,#5217,.T.);
#4131=ORIENTED_EDGE('',*,*,#5241,.T.);
#4132=ORIENTED_EDGE('',*,*,#5161,.F.);
#4133=ORIENTED_EDGE('',*,*,#5155,.T.);
#4134=ORIENTED_EDGE('',*,*,#5242,.T.);
#4135=ORIENTED_EDGE('',*,*,#5202,.F.);
#4136=ORIENTED_EDGE('',*,*,#5243,.T.);
#4137=ORIENTED_EDGE('',*,*,#5244,.F.);
#4138=ORIENTED_EDGE('',*,*,#5245,.T.);
#4139=ORIENTED_EDGE('',*,*,#5243,.F.);
#4140=ORIENTED_EDGE('',*,*,#5246,.T.);
#4141=ORIENTED_EDGE('',*,*,#5245,.F.);
#4142=ORIENTED_EDGE('',*,*,#5247,.T.);
#4143=ORIENTED_EDGE('',*,*,#5246,.F.);
#4144=ORIENTED_EDGE('',*,*,#5248,.T.);
#4145=ORIENTED_EDGE('',*,*,#5247,.F.);
#4146=ORIENTED_EDGE('',*,*,#5249,.T.);
#4147=ORIENTED_EDGE('',*,*,#5248,.F.);
#4148=ORIENTED_EDGE('',*,*,#5250,.T.);
#4149=ORIENTED_EDGE('',*,*,#5249,.F.);
#4150=ORIENTED_EDGE('',*,*,#5244,.T.);
#4151=ORIENTED_EDGE('',*,*,#5250,.F.);
#4152=EDGE_CURVE('',#5251,#5251,#6025,.T.);
#4153=EDGE_CURVE('',#5252,#5253,#6026,.T.);
#4154=EDGE_CURVE('',#5252,#5254,#440,.F.);
#4155=EDGE_CURVE('',#5254,#5255,#6027,.F.);
#4156=EDGE_CURVE('',#5255,#5256,#441,.T.);
#4157=EDGE_CURVE('',#5257,#5256,#6028,.T.);
#4158=EDGE_CURVE('',#5257,#5258,#442,.F.);
#4159=EDGE_CURVE('',#5258,#5259,#6029,.F.);
#4160=EDGE_CURVE('',#5259,#5260,#443,.T.);
#4161=EDGE_CURVE('',#5261,#5260,#6030,.T.);
#4162=EDGE_CURVE('',#5261,#5262,#444,.F.);
#4163=EDGE_CURVE('',#5262,#5263,#6031,.F.);
#4164=EDGE_CURVE('',#5263,#5253,#445,.T.);
#4165=EDGE_CURVE('',#5264,#5264,#6032,.T.);
#4166=EDGE_CURVE('',#5265,#5266,#6033,.T.);
#4167=EDGE_CURVE('',#5265,#5267,#446,.T.);
#4168=EDGE_CURVE('',#5267,#5268,#6034,.T.);
#4169=EDGE_CURVE('',#5268,#5269,#447,.T.);
#4170=EDGE_CURVE('',#5270,#5269,#6035,.T.);
#4171=EDGE_CURVE('',#5270,#5271,#448,.T.);
#4172=EDGE_CURVE('',#5271,#5272,#6036,.T.);
#4173=EDGE_CURVE('',#5272,#5273,#449,.T.);
#4174=EDGE_CURVE('',#5274,#5273,#6037,.T.);
#4175=EDGE_CURVE('',#5274,#5275,#450,.T.);
#4176=EDGE_CURVE('',#5275,#5276,#6038,.T.);
#4177=EDGE_CURVE('',#5276,#5266,#451,.T.);
#4178=EDGE_CURVE('',#5267,#5261,#82,.T.);
#4179=EDGE_CURVE('',#5260,#5268,#83,.T.);
#4180=EDGE_CURVE('',#5253,#5276,#84,.T.);
#4181=EDGE_CURVE('',#5275,#5252,#85,.T.);
#4182=EDGE_CURVE('',#5256,#5272,#86,.T.);
#4183=EDGE_CURVE('',#5271,#5257,#87,.T.);
#4184=EDGE_CURVE('',#5277,#5277,#6039,.T.);
#4185=EDGE_CURVE('',#5278,#5278,#6040,.T.);
#4186=EDGE_CURVE('',#5279,#5279,#6041,.T.);
#4187=EDGE_CURVE('',#5280,#5280,#6042,.T.);
#4188=EDGE_CURVE('',#5281,#5282,#452,.T.);
#4189=EDGE_CURVE('',#5282,#5283,#453,.T.);
#4190=EDGE_CURVE('',#5283,#5284,#454,.T.);
#4191=EDGE_CURVE('',#5281,#5284,#455,.T.);
#4192=EDGE_CURVE('',#5285,#5286,#456,.T.);
#4193=EDGE_CURVE('',#5287,#5285,#6043,.T.);
#4194=EDGE_CURVE('',#5287,#5288,#457,.T.);
#4195=EDGE_CURVE('',#5288,#5286,#6044,.T.);
#4196=EDGE_CURVE('',#5285,#5289,#88,.T.);
#4197=EDGE_CURVE('',#5290,#5289,#6045,.T.);
#4198=EDGE_CURVE('',#5290,#5291,#6046,.T.);
#4199=EDGE_CURVE('',#5291,#5287,#6047,.T.);
#4200=EDGE_CURVE('',#5292,#5293,#6048,.T.);
#4201=EDGE_CURVE('',#5293,#5286,#89,.T.);
#4202=EDGE_CURVE('',#5294,#5288,#6049,.T.);
#4203=EDGE_CURVE('',#5294,#5292,#6050,.T.);
#4204=EDGE_CURVE('',#5295,#5282,#6051,.T.);
#4205=EDGE_CURVE('',#5293,#5295,#458,.T.);
#4206=EDGE_CURVE('',#5292,#5296,#459,.T.);
#4207=EDGE_CURVE('',#5296,#5283,#6052,.T.);
#4208=EDGE_CURVE('',#5281,#5297,#6053,.T.);
#4209=EDGE_CURVE('',#5284,#5298,#6054,.T.);
#4210=EDGE_CURVE('',#5290,#5298,#460,.T.);
#4211=EDGE_CURVE('',#5297,#5289,#461,.F.);
#4212=EDGE_CURVE('',#5299,#5300,#462,.T.);
#4213=EDGE_CURVE('',#5301,#5300,#463,.T.);
#4214=EDGE_CURVE('',#5302,#5301,#464,.T.);
#4215=EDGE_CURVE('',#5299,#5302,#465,.T.);
#4216=EDGE_CURVE('',#5303,#5304,#466,.T.);
#4217=EDGE_CURVE('',#5303,#5305,#467,.T.);
#4218=EDGE_CURVE('',#5306,#5305,#468,.T.);
#4219=EDGE_CURVE('',#5307,#5306,#469,.T.);
#4220=EDGE_CURVE('',#5307,#5304,#6055,.T.);
#4221=EDGE_CURVE('',#5302,#5308,#470,.T.);
#4222=EDGE_CURVE('',#5309,#5308,#471,.T.);
#4223=EDGE_CURVE('',#5310,#5309,#472,.T.);
#4224=EDGE_CURVE('',#5310,#5296,#473,.T.);
#4225=EDGE_CURVE('',#5292,#5311,#474,.T.);
#4226=EDGE_CURVE('',#5312,#5311,#475,.T.);
#4227=EDGE_CURVE('',#5313,#5312,#476,.T.);
#4228=EDGE_CURVE('',#5314,#5313,#477,.T.);
#4229=EDGE_CURVE('',#5315,#5314,#478,.T.);
#4230=EDGE_CURVE('',#5316,#5315,#479,.T.);
#4231=EDGE_CURVE('',#5317,#5316,#480,.T.);
#4232=EDGE_CURVE('',#5318,#5317,#481,.T.);
#4233=EDGE_CURVE('',#5319,#5318,#482,.T.);
#4234=EDGE_CURVE('',#5320,#5319,#483,.T.);
#4235=EDGE_CURVE('',#5321,#5320,#484,.T.);
#4236=EDGE_CURVE('',#5322,#5321,#485,.T.);
#4237=EDGE_CURVE('',#5323,#5322,#486,.T.);
#4238=EDGE_CURVE('',#5324,#5323,#487,.T.);
#4239=EDGE_CURVE('',#5325,#5324,#488,.F.);
#4240=EDGE_CURVE('',#5326,#5325,#489,.T.);
#4241=EDGE_CURVE('',#5327,#5326,#490,.T.);
#4242=EDGE_CURVE('',#5328,#5327,#491,.T.);
#4243=EDGE_CURVE('',#5329,#5328,#492,.T.);
#4244=EDGE_CURVE('',#5330,#5329,#493,.T.);
#4245=EDGE_CURVE('',#5331,#5330,#494,.T.);
#4246=EDGE_CURVE('',#5332,#5331,#495,.T.);
#4247=EDGE_CURVE('',#5333,#5332,#496,.T.);
#4248=EDGE_CURVE('',#5334,#5333,#497,.T.);
#4249=EDGE_CURVE('',#5335,#5334,#498,.T.);
#4250=EDGE_CURVE('',#5336,#5335,#499,.T.);
#4251=EDGE_CURVE('',#5337,#5336,#500,.T.);
#4252=EDGE_CURVE('',#5338,#5337,#501,.T.);
#4253=EDGE_CURVE('',#5339,#5338,#502,.T.);
#4254=EDGE_CURVE('',#5339,#5340,#503,.T.);
#4255=EDGE_CURVE('',#5340,#5341,#504,.T.);
#4256=EDGE_CURVE('',#5341,#5342,#6056,.T.);
#4257=EDGE_CURVE('',#5342,#5299,#505,.T.);
#4258=EDGE_CURVE('',#5343,#5343,#6057,.T.);
#4259=EDGE_CURVE('',#5344,#5345,#506,.T.);
#4260=EDGE_CURVE('',#5301,#5345,#507,.T.);
#4261=EDGE_CURVE('',#5346,#5300,#508,.T.);
#4262=EDGE_CURVE('',#5347,#5346,#6058,.T.);
#4263=EDGE_CURVE('',#5348,#5347,#509,.T.);
#4264=EDGE_CURVE('',#5349,#5348,#510,.T.);
#4265=EDGE_CURVE('',#5349,#5350,#511,.T.);
#4266=EDGE_CURVE('',#5350,#5351,#512,.T.);
#4267=EDGE_CURVE('',#5351,#5352,#513,.T.);
#4268=EDGE_CURVE('',#5352,#5353,#514,.T.);
#4269=EDGE_CURVE('',#5353,#5354,#515,.T.);
#4270=EDGE_CURVE('',#5354,#5355,#516,.T.);
#4271=EDGE_CURVE('',#5355,#5356,#517,.T.);
#4272=EDGE_CURVE('',#5356,#5357,#518,.T.);
#4273=EDGE_CURVE('',#5357,#5358,#519,.T.);
#4274=EDGE_CURVE('',#5358,#5359,#520,.T.);
#4275=EDGE_CURVE('',#5359,#5360,#521,.T.);
#4276=EDGE_CURVE('',#5360,#5361,#522,.T.);
#4277=EDGE_CURVE('',#5361,#5362,#523,.T.);
#4278=EDGE_CURVE('',#5362,#5363,#524,.T.);
#4279=EDGE_CURVE('',#5363,#5364,#525,.T.);
#4280=EDGE_CURVE('',#5364,#5365,#526,.T.);
#4281=EDGE_CURVE('',#5365,#5366,#527,.T.);
#4282=EDGE_CURVE('',#5366,#5367,#528,.T.);
#4283=EDGE_CURVE('',#5367,#5368,#529,.T.);
#4284=EDGE_CURVE('',#5368,#5369,#530,.T.);
#4285=EDGE_CURVE('',#5369,#5370,#531,.T.);
#4286=EDGE_CURVE('',#5370,#5371,#532,.T.);
#4287=EDGE_CURVE('',#5371,#5372,#533,.T.);
#4288=EDGE_CURVE('',#5372,#5373,#534,.T.);
#4289=EDGE_CURVE('',#5373,#5374,#535,.T.);
#4290=EDGE_CURVE('',#5374,#5375,#536,.T.);
#4291=EDGE_CURVE('',#5375,#5376,#537,.T.);
#4292=EDGE_CURVE('',#5376,#5377,#538,.T.);
#4293=EDGE_CURVE('',#5290,#5377,#539,.T.);
#4294=EDGE_CURVE('',#5298,#5378,#540,.T.);
#4295=EDGE_CURVE('',#5378,#5344,#541,.T.);
#4296=EDGE_CURVE('',#5379,#5379,#6059,.T.);
#4297=EDGE_CURVE('',#5380,#5380,#6060,.T.);
#4298=EDGE_CURVE('',#5381,#5381,#6061,.T.);
#4299=EDGE_CURVE('',#5382,#5382,#6062,.T.);
#4300=EDGE_CURVE('',#5383,#5383,#6063,.T.);
#4301=EDGE_CURVE('',#5308,#5345,#542,.T.);
#4302=EDGE_CURVE('',#5344,#5309,#543,.T.);
#4303=EDGE_CURVE('',#5384,#5385,#544,.T.);
#4304=EDGE_CURVE('',#5386,#5385,#6064,.T.);
#4305=EDGE_CURVE('',#5386,#5387,#545,.T.);
#4306=EDGE_CURVE('',#5387,#5388,#546,.T.);
#4307=EDGE_CURVE('',#5384,#5388,#547,.T.);
#4308=EDGE_CURVE('',#5384,#5303,#548,.T.);
#4309=EDGE_CURVE('',#5388,#5389,#6065,.F.);
#4310=EDGE_CURVE('',#5390,#5389,#549,.T.);
#4311=EDGE_CURVE('',#5390,#5305,#6066,.F.);
#4312=EDGE_CURVE('',#5391,#5348,#6067,.T.);
#4313=EDGE_CURVE('',#5392,#5391,#550,.T.);
#4314=EDGE_CURVE('',#5392,#5349,#6068,.T.);
#4315=EDGE_CURVE('',#5393,#5387,#6069,.T.);
#4316=EDGE_CURVE('',#5393,#5389,#551,.T.);
#4317=EDGE_CURVE('',#5394,#5395,#552,.T.);
#4318=EDGE_CURVE('',#5396,#5394,#6070,.T.);
#4319=EDGE_CURVE('',#5397,#5396,#553,.T.);
#4320=EDGE_CURVE('',#5398,#5397,#6071,.T.);
#4321=EDGE_CURVE('',#5399,#5398,#554,.T.);
#4322=EDGE_CURVE('',#5400,#5399,#6072,.T.);
#4323=EDGE_CURVE('',#5401,#5400,#555,.T.);
#4324=EDGE_CURVE('',#5395,#5401,#6073,.T.);
#4325=EDGE_CURVE('',#5402,#5393,#556,.T.);
#4326=EDGE_CURVE('',#5402,#5390,#557,.T.);
#4327=EDGE_CURVE('',#5391,#5403,#558,.T.);
#4328=EDGE_CURVE('',#5404,#5403,#559,.T.);
#4329=EDGE_CURVE('',#5392,#5404,#560,.T.);
#4330=EDGE_CURVE('',#5294,#5405,#561,.T.);
#4331=EDGE_CURVE('',#5291,#5406,#562,.T.);
#4332=EDGE_CURVE('',#5406,#5405,#563,.T.);
#4333=EDGE_CURVE('',#5407,#5408,#564,.T.);
#4334=EDGE_CURVE('',#5408,#5409,#6074,.T.);
#4335=EDGE_CURVE('',#5409,#5410,#565,.T.);
#4336=EDGE_CURVE('',#5411,#5410,#566,.T.);
#4337=EDGE_CURVE('',#5412,#5411,#567,.T.);
#4338=EDGE_CURVE('',#5407,#5412,#6075,.T.);
#4339=EDGE_CURVE('',#5413,#5342,#568,.T.);
#4340=EDGE_CURVE('',#5413,#5414,#569,.T.);
#4341=EDGE_CURVE('',#5414,#5415,#570,.T.);
#4342=EDGE_CURVE('',#5416,#5415,#571,.T.);
#4343=EDGE_CURVE('',#5416,#5346,#572,.T.);
#4344=EDGE_CURVE('',#5338,#5410,#6076,.T.);
#4345=EDGE_CURVE('',#5351,#5337,#573,.T.);
#4346=EDGE_CURVE('',#5411,#5350,#6077,.T.);
#4347=EDGE_CURVE('',#5417,#5325,#6078,.T.);
#4348=EDGE_CURVE('',#5418,#5417,#574,.T.);
#4349=EDGE_CURVE('',#5363,#5418,#6079,.T.);
#4350=EDGE_CURVE('',#5362,#5326,#575,.T.);
#4351=EDGE_CURVE('',#5419,#5419,#6080,.T.);
#4352=EDGE_CURVE('',#5420,#5420,#6081,.T.);
#4353=EDGE_CURVE('',#5421,#5417,#576,.T.);
#4354=EDGE_CURVE('',#5422,#5421,#577,.T.);
#4355=EDGE_CURVE('',#5422,#5418,#578,.T.);
#4356=EDGE_CURVE('',#5421,#5324,#6082,.F.);
#4357=EDGE_CURVE('',#5365,#5323,#579,.T.);
#4358=EDGE_CURVE('',#5364,#5422,#6083,.F.);
#4359=EDGE_CURVE('',#5311,#5405,#6084,.F.);
#4360=EDGE_CURVE('',#5406,#5377,#6085,.F.);
#4361=EDGE_CURVE('',#5376,#5312,#580,.T.);
#4362=EDGE_CURVE('',#5352,#5336,#581,.T.);
#4363=EDGE_CURVE('',#5353,#5335,#582,.T.);
#4364=EDGE_CURVE('',#5354,#5334,#583,.T.);
#4365=EDGE_CURVE('',#5355,#5333,#584,.T.);
#4366=EDGE_CURVE('',#5356,#5332,#585,.T.);
#4367=EDGE_CURVE('',#5357,#5331,#586,.T.);
#4368=EDGE_CURVE('',#5358,#5330,#587,.T.);
#4369=EDGE_CURVE('',#5359,#5329,#588,.T.);
#4370=EDGE_CURVE('',#5360,#5328,#589,.T.);
#4371=EDGE_CURVE('',#5361,#5327,#590,.T.);
#4372=EDGE_CURVE('',#5366,#5322,#591,.T.);
#4373=EDGE_CURVE('',#5367,#5321,#592,.T.);
#4374=EDGE_CURVE('',#5368,#5320,#593,.T.);
#4375=EDGE_CURVE('',#5369,#5319,#594,.T.);
#4376=EDGE_CURVE('',#5370,#5318,#595,.T.);
#4377=EDGE_CURVE('',#5371,#5317,#596,.T.);
#4378=EDGE_CURVE('',#5372,#5316,#597,.T.);
#4379=EDGE_CURVE('',#5373,#5315,#598,.T.);
#4380=EDGE_CURVE('',#5374,#5314,#599,.T.);
#4381=EDGE_CURVE('',#5375,#5313,#600,.T.);
#4382=EDGE_CURVE('',#5349,#5412,#6086,.T.);
#4383=EDGE_CURVE('',#5409,#5339,#6087,.T.);
#4384=EDGE_CURVE('',#5404,#5408,#6088,.T.);
#4385=EDGE_CURVE('',#5392,#5407,#6089,.T.);
#4386=EDGE_CURVE('',#5423,#5424,#601,.T.);
#4387=EDGE_CURVE('',#5425,#5423,#602,.T.);
#4388=EDGE_CURVE('',#5425,#5426,#603,.T.);
#4389=EDGE_CURVE('',#5426,#5424,#604,.T.);
#4390=EDGE_CURVE('',#5427,#5386,#605,.T.);
#4391=EDGE_CURVE('',#5427,#5428,#606,.T.);
#4392=EDGE_CURVE('',#5424,#5428,#6090,.T.);
#4393=EDGE_CURVE('',#5426,#5429,#6091,.T.);
#4394=EDGE_CURVE('',#5430,#5429,#607,.T.);
#4395=EDGE_CURVE('',#5430,#5307,#608,.T.);
#4396=EDGE_CURVE('',#5402,#5306,#6092,.T.);
#4397=EDGE_CURVE('',#5423,#5431,#6093,.T.);
#4398=EDGE_CURVE('',#5431,#5432,#609,.T.);
#4399=EDGE_CURVE('',#5432,#5341,#610,.T.);
#4400=EDGE_CURVE('',#5403,#5340,#6094,.T.);
#4401=EDGE_CURVE('',#5433,#5347,#611,.T.);
#4402=EDGE_CURVE('',#5434,#5433,#612,.T.);
#4403=EDGE_CURVE('',#5425,#5434,#6095,.T.);
#4404=EDGE_CURVE('',#5404,#5339,#6096,.T.);
#4405=EDGE_CURVE('',#5428,#5431,#613,.T.);
#4406=EDGE_CURVE('',#5434,#5429,#614,.T.);
#4407=EDGE_CURVE('',#5433,#5416,#6097,.T.);
#4408=EDGE_CURVE('',#5435,#5436,#615,.T.);
#4409=EDGE_CURVE('',#5437,#5435,#616,.T.);
#4410=EDGE_CURVE('',#5437,#5438,#617,.T.);
#4411=EDGE_CURVE('',#5438,#5385,#618,.T.);
#4412=EDGE_CURVE('',#5436,#5304,#619,.T.);
#4413=EDGE_CURVE('',#5430,#5436,#6098,.T.);
#4414=EDGE_CURVE('',#5435,#5415,#620,.T.);
#4415=EDGE_CURVE('',#5432,#5413,#6099,.T.);
#4416=EDGE_CURVE('',#5427,#5438,#6100,.T.);
#4417=EDGE_CURVE('',#5437,#5414,#621,.T.);
#4418=EDGE_CURVE('',#5439,#5439,#6101,.T.);
#4419=EDGE_CURVE('',#5440,#5440,#6102,.T.);
#4420=EDGE_CURVE('',#5441,#5441,#6103,.T.);
#4421=EDGE_CURVE('',#5442,#5442,#6104,.T.);
#4422=EDGE_CURVE('',#5443,#5443,#6105,.T.);
#4423=EDGE_CURVE('',#5444,#5444,#6106,.T.);
#4424=EDGE_CURVE('',#5445,#5445,#6107,.T.);
#4425=EDGE_CURVE('',#5446,#5446,#6108,.T.);
#4426=EDGE_CURVE('',#5447,#5447,#6109,.T.);
#4427=EDGE_CURVE('',#5448,#5448,#6110,.T.);
#4428=EDGE_CURVE('',#5449,#5449,#6111,.T.);
#4429=EDGE_CURVE('',#5450,#5450,#6112,.T.);
#4430=EDGE_CURVE('',#5451,#5451,#6113,.T.);
#4431=EDGE_CURVE('',#5453,#5453,#6114,.T.);
#4432=EDGE_CURVE('',#5378,#5310,#622,.T.);
#4433=EDGE_CURVE('',#5455,#5455,#6115,.T.);
#4434=EDGE_CURVE('',#5456,#5456,#6116,.F.);
#4435=EDGE_CURVE('',#5457,#5457,#6117,.T.);
#4436=EDGE_CURVE('',#5459,#5459,#6118,.T.);
#4437=EDGE_CURVE('',#5461,#5461,#6119,.T.);
#4438=EDGE_CURVE('',#5463,#5463,#6120,.T.);
#4439=EDGE_CURVE('',#5464,#5464,#6121,.T.);
#4440=EDGE_CURVE('',#5466,#5466,#6122,.T.);
#4441=EDGE_CURVE('',#5297,#5295,#623,.T.);
#4442=EDGE_CURVE('',#5259,#5467,#624,.T.);
#4443=EDGE_CURVE('',#5467,#5269,#625,.T.);
#4444=EDGE_CURVE('',#5468,#5270,#626,.T.);
#4445=EDGE_CURVE('',#5468,#5258,#627,.T.);
#4446=EDGE_CURVE('',#5468,#5467,#6123,.T.);
#4447=EDGE_CURVE('',#5255,#5469,#628,.T.);
#4448=EDGE_CURVE('',#5469,#5273,#629,.T.);
#4449=EDGE_CURVE('',#5470,#5274,#630,.T.);
#4450=EDGE_CURVE('',#5470,#5254,#631,.T.);
#4451=EDGE_CURVE('',#5470,#5469,#6124,.T.);
#4452=EDGE_CURVE('',#5471,#5265,#632,.T.);
#4453=EDGE_CURVE('',#5471,#5262,#633,.T.);
#4454=EDGE_CURVE('',#5472,#5266,#634,.T.);
#4455=EDGE_CURVE('',#5471,#5472,#6125,.T.);
#4456=EDGE_CURVE('',#5263,#5472,#635,.T.);
#4457=EDGE_CURVE('',#5473,#5394,#636,.T.);
#4458=EDGE_CURVE('',#5474,#5473,#6126,.T.);
#4459=EDGE_CURVE('',#5474,#5396,#637,.T.);
#4460=EDGE_CURVE('',#5475,#5395,#638,.T.);
#4461=EDGE_CURVE('',#5473,#5475,#639,.T.);
#4462=EDGE_CURVE('',#5476,#5401,#640,.T.);
#4463=EDGE_CURVE('',#5475,#5476,#6127,.T.);
#4464=EDGE_CURVE('',#5477,#5400,#641,.T.);
#4465=EDGE_CURVE('',#5476,#5477,#642,.T.);
#4466=EDGE_CURVE('',#5478,#5399,#643,.T.);
#4467=EDGE_CURVE('',#5477,#5478,#6128,.T.);
#4468=EDGE_CURVE('',#5479,#5398,#644,.T.);
#4469=EDGE_CURVE('',#5478,#5479,#645,.T.);
#4470=EDGE_CURVE('',#5480,#5397,#646,.T.);
#4471=EDGE_CURVE('',#5479,#5480,#6129,.T.);
#4472=EDGE_CURVE('',#5481,#5482,#647,.T.);
#4473=EDGE_CURVE('',#5483,#5481,#648,.T.);
#4474=EDGE_CURVE('',#5483,#5484,#649,.T.);
#4475=EDGE_CURVE('',#5484,#5482,#650,.T.);
#4476=EDGE_CURVE('',#5485,#5481,#651,.T.);
#4477=EDGE_CURVE('',#5486,#5485,#652,.T.);
#4478=EDGE_CURVE('',#5486,#5483,#653,.T.);
#4479=EDGE_CURVE('',#5487,#5488,#654,.T.);
#4480=EDGE_CURVE('',#5489,#5487,#655,.T.);
#4481=EDGE_CURVE('',#5489,#5490,#656,.T.);
#4482=EDGE_CURVE('',#5490,#5488,#657,.T.);
#4483=EDGE_CURVE('',#5491,#5487,#658,.T.);
#4484=EDGE_CURVE('',#5492,#5491,#659,.T.);
#4485=EDGE_CURVE('',#5492,#5489,#660,.T.);
#4486=EDGE_CURVE('',#5493,#5491,#661,.T.);
#4487=EDGE_CURVE('',#5494,#5493,#662,.T.);
#4488=EDGE_CURVE('',#5494,#5492,#663,.T.);
#4489=EDGE_CURVE('',#5495,#5496,#664,.T.);
#4490=EDGE_CURVE('',#5497,#5495,#665,.T.);
#4491=EDGE_CURVE('',#5497,#5498,#666,.T.);
#4492=EDGE_CURVE('',#5498,#5496,#667,.T.);
#4493=EDGE_CURVE('',#5499,#5495,#668,.T.);
#4494=EDGE_CURVE('',#5500,#5499,#669,.T.);
#4495=EDGE_CURVE('',#5500,#5497,#670,.T.);
#4496=EDGE_CURVE('',#5501,#5502,#671,.T.);
#4497=EDGE_CURVE('',#5503,#5501,#672,.T.);
#4498=EDGE_CURVE('',#5503,#5504,#673,.T.);
#4499=EDGE_CURVE('',#5504,#5502,#674,.T.);
#4500=EDGE_CURVE('',#5505,#5501,#675,.T.);
#4501=EDGE_CURVE('',#5506,#5505,#676,.T.);
#4502=EDGE_CURVE('',#5506,#5503,#677,.T.);
#4503=EDGE_CURVE('',#5507,#5508,#678,.T.);
#4504=EDGE_CURVE('',#5509,#5507,#679,.T.);
#4505=EDGE_CURVE('',#5509,#5510,#680,.T.);
#4506=EDGE_CURVE('',#5510,#5508,#681,.T.);
#4507=EDGE_CURVE('',#5511,#5507,#682,.T.);
#4508=EDGE_CURVE('',#5512,#5511,#683,.T.);
#4509=EDGE_CURVE('',#5512,#5509,#684,.T.);
#4510=EDGE_CURVE('',#5513,#5514,#685,.T.);
#4511=EDGE_CURVE('',#5515,#5513,#686,.T.);
#4512=EDGE_CURVE('',#5515,#5516,#687,.T.);
#4513=EDGE_CURVE('',#5516,#5514,#688,.T.);
#4514=EDGE_CURVE('',#5517,#5513,#689,.T.);
#4515=EDGE_CURVE('',#5518,#5517,#690,.T.);
#4516=EDGE_CURVE('',#5518,#5515,#691,.T.);
#4517=EDGE_CURVE('',#5519,#5520,#692,.T.);
#4518=EDGE_CURVE('',#5521,#5519,#693,.T.);
#4519=EDGE_CURVE('',#5521,#5522,#694,.T.);
#4520=EDGE_CURVE('',#5522,#5520,#695,.T.);
#4521=EDGE_CURVE('',#5523,#5519,#696,.T.);
#4522=EDGE_CURVE('',#5524,#5523,#697,.T.);
#4523=EDGE_CURVE('',#5524,#5521,#698,.T.);
#4524=EDGE_CURVE('',#5525,#5523,#699,.T.);
#4525=EDGE_CURVE('',#5526,#5525,#700,.T.);
#4526=EDGE_CURVE('',#5526,#5524,#701,.T.);
#4527=EDGE_CURVE('',#5527,#5525,#702,.T.);
#4528=EDGE_CURVE('',#5528,#5527,#703,.T.);
#4529=EDGE_CURVE('',#5528,#5526,#704,.T.);
#4530=EDGE_CURVE('',#5529,#5527,#705,.T.);
#4531=EDGE_CURVE('',#5530,#5529,#706,.T.);
#4532=EDGE_CURVE('',#5530,#5528,#707,.T.);
#4533=EDGE_CURVE('',#5531,#5529,#708,.T.);
#4534=EDGE_CURVE('',#5532,#5531,#709,.T.);
#4535=EDGE_CURVE('',#5532,#5530,#710,.T.);
#4536=EDGE_CURVE('',#5533,#5531,#711,.T.);
#4537=EDGE_CURVE('',#5534,#5533,#712,.T.);
#4538=EDGE_CURVE('',#5534,#5532,#713,.T.);
#4539=EDGE_CURVE('',#5535,#5533,#714,.T.);
#4540=EDGE_CURVE('',#5536,#5535,#715,.T.);
#4541=EDGE_CURVE('',#5536,#5534,#716,.T.);
#4542=EDGE_CURVE('',#5537,#5535,#717,.T.);
#4543=EDGE_CURVE('',#5538,#5537,#718,.T.);
#4544=EDGE_CURVE('',#5538,#5536,#719,.T.);
#4545=EDGE_CURVE('',#5539,#5537,#720,.T.);
#4546=EDGE_CURVE('',#5540,#5539,#721,.T.);
#4547=EDGE_CURVE('',#5540,#5538,#722,.T.);
#4548=EDGE_CURVE('',#5541,#5539,#723,.T.);
#4549=EDGE_CURVE('',#5542,#5541,#724,.T.);
#4550=EDGE_CURVE('',#5542,#5540,#725,.T.);
#4551=EDGE_CURVE('',#5543,#5541,#726,.T.);
#4552=EDGE_CURVE('',#5544,#5543,#727,.T.);
#4553=EDGE_CURVE('',#5544,#5542,#728,.T.);
#4554=EDGE_CURVE('',#5545,#5543,#729,.T.);
#4555=EDGE_CURVE('',#5546,#5545,#730,.T.);
#4556=EDGE_CURVE('',#5546,#5544,#731,.T.);
#4557=EDGE_CURVE('',#5547,#5545,#732,.T.);
#4558=EDGE_CURVE('',#5548,#5547,#733,.T.);
#4559=EDGE_CURVE('',#5548,#5546,#734,.T.);
#4560=EDGE_CURVE('',#5549,#5547,#735,.T.);
#4561=EDGE_CURVE('',#5550,#5549,#736,.T.);
#4562=EDGE_CURVE('',#5550,#5548,#737,.T.);
#4563=EDGE_CURVE('',#5551,#5552,#738,.T.);
#4564=EDGE_CURVE('',#5553,#5551,#739,.T.);
#4565=EDGE_CURVE('',#5553,#5554,#740,.T.);
#4566=EDGE_CURVE('',#5554,#5552,#741,.T.);
#4567=EDGE_CURVE('',#5555,#5551,#742,.T.);
#4568=EDGE_CURVE('',#5556,#5555,#743,.T.);
#4569=EDGE_CURVE('',#5556,#5553,#744,.T.);
#4570=EDGE_CURVE('',#5557,#5555,#745,.T.);
#4571=EDGE_CURVE('',#5558,#5557,#746,.T.);
#4572=EDGE_CURVE('',#5558,#5556,#747,.T.);
#4573=EDGE_CURVE('',#5559,#5560,#748,.T.);
#4574=EDGE_CURVE('',#5561,#5559,#749,.T.);
#4575=EDGE_CURVE('',#5561,#5562,#750,.T.);
#4576=EDGE_CURVE('',#5562,#5560,#751,.T.);
#4577=EDGE_CURVE('',#5559,#5563,#6130,.T.);
#4578=EDGE_CURVE('',#5564,#5563,#752,.T.);
#4579=EDGE_CURVE('',#5561,#5564,#6131,.T.);
#4580=EDGE_CURVE('',#5565,#5563,#753,.T.);
#4581=EDGE_CURVE('',#5566,#5565,#754,.T.);
#4582=EDGE_CURVE('',#5566,#5564,#755,.T.);
#4583=EDGE_CURVE('',#5567,#5568,#756,.T.);
#4584=EDGE_CURVE('',#5569,#5567,#757,.T.);
#4585=EDGE_CURVE('',#5569,#5570,#758,.T.);
#4586=EDGE_CURVE('',#5570,#5568,#759,.T.);
#4587=EDGE_CURVE('',#5571,#5567,#760,.T.);
#4588=EDGE_CURVE('',#5572,#5571,#761,.T.);
#4589=EDGE_CURVE('',#5572,#5569,#762,.T.);
#4590=EDGE_CURVE('',#5573,#5574,#763,.T.);
#4591=EDGE_CURVE('',#5575,#5573,#764,.T.);
#4592=EDGE_CURVE('',#5575,#5576,#765,.T.);
#4593=EDGE_CURVE('',#5576,#5574,#766,.T.);
#4594=EDGE_CURVE('',#5577,#5573,#767,.T.);
#4595=EDGE_CURVE('',#5578,#5577,#768,.T.);
#4596=EDGE_CURVE('',#5578,#5575,#769,.T.);
#4597=EDGE_CURVE('',#5579,#5580,#770,.T.);
#4598=EDGE_CURVE('',#5581,#5579,#771,.T.);
#4599=EDGE_CURVE('',#5581,#5582,#772,.T.);
#4600=EDGE_CURVE('',#5582,#5580,#773,.T.);
#4601=EDGE_CURVE('',#5583,#5579,#774,.T.);
#4602=EDGE_CURVE('',#5584,#5583,#775,.T.);
#4603=EDGE_CURVE('',#5584,#5581,#776,.T.);
#4604=EDGE_CURVE('',#5585,#5586,#777,.T.);
#4605=EDGE_CURVE('',#5587,#5585,#778,.T.);
#4606=EDGE_CURVE('',#5587,#5588,#779,.T.);
#4607=EDGE_CURVE('',#5588,#5586,#780,.T.);
#4608=EDGE_CURVE('',#5589,#5585,#781,.T.);
#4609=EDGE_CURVE('',#5590,#5589,#782,.T.);
#4610=EDGE_CURVE('',#5590,#5587,#783,.T.);
#4611=EDGE_CURVE('',#5591,#5592,#784,.T.);
#4612=EDGE_CURVE('',#5593,#5591,#785,.T.);
#4613=EDGE_CURVE('',#5593,#5594,#786,.T.);
#4614=EDGE_CURVE('',#5594,#5592,#787,.T.);
#4615=EDGE_CURVE('',#5595,#5591,#788,.T.);
#4616=EDGE_CURVE('',#5596,#5595,#789,.T.);
#4617=EDGE_CURVE('',#5596,#5593,#790,.T.);
#4618=EDGE_CURVE('',#5597,#5595,#791,.T.);
#4619=EDGE_CURVE('',#5598,#5597,#792,.T.);
#4620=EDGE_CURVE('',#5598,#5596,#793,.T.);
#4621=EDGE_CURVE('',#5599,#5597,#794,.T.);
#4622=EDGE_CURVE('',#5600,#5599,#795,.T.);
#4623=EDGE_CURVE('',#5600,#5598,#796,.T.);
#4624=EDGE_CURVE('',#5601,#5599,#797,.T.);
#4625=EDGE_CURVE('',#5602,#5601,#798,.T.);
#4626=EDGE_CURVE('',#5602,#5600,#799,.T.);
#4627=EDGE_CURVE('',#5603,#5601,#800,.T.);
#4628=EDGE_CURVE('',#5604,#5603,#801,.T.);
#4629=EDGE_CURVE('',#5604,#5602,#802,.T.);
#4630=EDGE_CURVE('',#5605,#5603,#803,.T.);
#4631=EDGE_CURVE('',#5606,#5605,#804,.T.);
#4632=EDGE_CURVE('',#5606,#5604,#805,.T.);
#4633=EDGE_CURVE('',#5607,#5605,#806,.T.);
#4634=EDGE_CURVE('',#5608,#5607,#807,.T.);
#4635=EDGE_CURVE('',#5608,#5606,#808,.T.);
#4636=EDGE_CURVE('',#5609,#5607,#6132,.T.);
#4637=EDGE_CURVE('',#5610,#5609,#809,.T.);
#4638=EDGE_CURVE('',#5610,#5608,#6133,.T.);
#4639=EDGE_CURVE('',#5611,#5609,#810,.T.);
#4640=EDGE_CURVE('',#5612,#5611,#811,.T.);
#4641=EDGE_CURVE('',#5612,#5610,#812,.T.);
#4642=EDGE_CURVE('',#5613,#5611,#813,.T.);
#4643=EDGE_CURVE('',#5614,#5613,#814,.T.);
#4644=EDGE_CURVE('',#5614,#5612,#815,.T.);
#4645=EDGE_CURVE('',#5615,#5613,#816,.T.);
#4646=EDGE_CURVE('',#5616,#5615,#817,.T.);
#4647=EDGE_CURVE('',#5616,#5614,#818,.T.);
#4648=EDGE_CURVE('',#5617,#5615,#819,.T.);
#4649=EDGE_CURVE('',#5618,#5617,#820,.T.);
#4650=EDGE_CURVE('',#5618,#5616,#821,.T.);
#4651=EDGE_CURVE('',#5619,#5617,#822,.T.);
#4652=EDGE_CURVE('',#5620,#5619,#823,.T.);
#4653=EDGE_CURVE('',#5620,#5618,#824,.T.);
#4654=EDGE_CURVE('',#5621,#5619,#825,.T.);
#4655=EDGE_CURVE('',#5622,#5621,#826,.T.);
#4656=EDGE_CURVE('',#5622,#5620,#827,.T.);
#4657=EDGE_CURVE('',#5623,#5621,#828,.T.);
#4658=EDGE_CURVE('',#5624,#5623,#829,.T.);
#4659=EDGE_CURVE('',#5624,#5622,#830,.T.);
#4660=EDGE_CURVE('',#5625,#5623,#831,.T.);
#4661=EDGE_CURVE('',#5626,#5625,#832,.T.);
#4662=EDGE_CURVE('',#5626,#5624,#833,.T.);
#4663=EDGE_CURVE('',#5627,#5628,#834,.T.);
#4664=EDGE_CURVE('',#5629,#5627,#835,.T.);
#4665=EDGE_CURVE('',#5629,#5630,#836,.T.);
#4666=EDGE_CURVE('',#5630,#5628,#837,.T.);
#4667=EDGE_CURVE('',#5631,#5627,#838,.T.);
#4668=EDGE_CURVE('',#5632,#5631,#839,.T.);
#4669=EDGE_CURVE('',#5632,#5629,#840,.T.);
#4670=EDGE_CURVE('',#5633,#5631,#841,.T.);
#4671=EDGE_CURVE('',#5634,#5633,#842,.T.);
#4672=EDGE_CURVE('',#5634,#5632,#843,.T.);
#4673=EDGE_CURVE('',#5635,#5633,#844,.T.);
#4674=EDGE_CURVE('',#5636,#5635,#845,.T.);
#4675=EDGE_CURVE('',#5636,#5634,#846,.T.);
#4676=EDGE_CURVE('',#5637,#5635,#847,.T.);
#4677=EDGE_CURVE('',#5638,#5637,#848,.T.);
#4678=EDGE_CURVE('',#5638,#5636,#849,.T.);
#4679=EDGE_CURVE('',#5639,#5637,#850,.T.);
#4680=EDGE_CURVE('',#5640,#5639,#851,.T.);
#4681=EDGE_CURVE('',#5640,#5638,#852,.T.);
#4682=EDGE_CURVE('',#5641,#5639,#853,.T.);
#4683=EDGE_CURVE('',#5642,#5641,#854,.T.);
#4684=EDGE_CURVE('',#5642,#5640,#855,.T.);
#4685=EDGE_CURVE('',#5643,#5641,#856,.T.);
#4686=EDGE_CURVE('',#5644,#5643,#857,.T.);
#4687=EDGE_CURVE('',#5644,#5642,#858,.T.);
#4688=EDGE_CURVE('',#5645,#5643,#859,.T.);
#4689=EDGE_CURVE('',#5646,#5645,#860,.T.);
#4690=EDGE_CURVE('',#5646,#5644,#861,.T.);
#4691=EDGE_CURVE('',#5647,#5645,#862,.T.);
#4692=EDGE_CURVE('',#5648,#5647,#863,.T.);
#4693=EDGE_CURVE('',#5648,#5646,#864,.T.);
#4694=EDGE_CURVE('',#5649,#5647,#865,.T.);
#4695=EDGE_CURVE('',#5650,#5649,#866,.T.);
#4696=EDGE_CURVE('',#5650,#5648,#867,.T.);
#4697=EDGE_CURVE('',#5651,#5652,#6134,.T.);
#4698=EDGE_CURVE('',#5653,#5651,#868,.T.);
#4699=EDGE_CURVE('',#5653,#5654,#6135,.T.);
#4700=EDGE_CURVE('',#5654,#5652,#869,.T.);
#4701=EDGE_CURVE('',#5655,#5651,#6136,.T.);
#4702=EDGE_CURVE('',#5656,#5655,#870,.T.);
#4703=EDGE_CURVE('',#5656,#5653,#6137,.T.);
#4704=EDGE_CURVE('',#5657,#5655,#6138,.T.);
#4705=EDGE_CURVE('',#5658,#5657,#871,.T.);
#4706=EDGE_CURVE('',#5658,#5656,#6139,.T.);
#4707=EDGE_CURVE('',#5659,#5657,#6140,.T.);
#4708=EDGE_CURVE('',#5660,#5659,#872,.T.);
#4709=EDGE_CURVE('',#5660,#5658,#6141,.T.);
#4710=EDGE_CURVE('',#5661,#5659,#6142,.T.);
#4711=EDGE_CURVE('',#5662,#5661,#873,.T.);
#4712=EDGE_CURVE('',#5662,#5660,#6143,.T.);
#4713=EDGE_CURVE('',#5663,#5661,#874,.T.);
#4714=EDGE_CURVE('',#5664,#5663,#875,.T.);
#4715=EDGE_CURVE('',#5664,#5662,#876,.T.);
#4716=EDGE_CURVE('',#5663,#5665,#6144,.T.);
#4717=EDGE_CURVE('',#5666,#5665,#877,.T.);
#4718=EDGE_CURVE('',#5664,#5666,#6145,.T.);
#4719=EDGE_CURVE('',#5665,#5667,#6146,.T.);
#4720=EDGE_CURVE('',#5668,#5667,#878,.T.);
#4721=EDGE_CURVE('',#5666,#5668,#6147,.T.);
#4722=EDGE_CURVE('',#5667,#5669,#6148,.T.);
#4723=EDGE_CURVE('',#5670,#5669,#879,.T.);
#4724=EDGE_CURVE('',#5668,#5670,#6149,.T.);
#4725=EDGE_CURVE('',#5669,#5671,#6150,.T.);
#4726=EDGE_CURVE('',#5672,#5671,#880,.T.);
#4727=EDGE_CURVE('',#5670,#5672,#6151,.T.);
#4728=EDGE_CURVE('',#5671,#5673,#6152,.T.);
#4729=EDGE_CURVE('',#5674,#5673,#881,.T.);
#4730=EDGE_CURVE('',#5672,#5674,#6153,.T.);
#4731=EDGE_CURVE('',#5673,#5675,#6154,.T.);
#4732=EDGE_CURVE('',#5676,#5675,#882,.T.);
#4733=EDGE_CURVE('',#5674,#5676,#6155,.T.);
#4734=EDGE_CURVE('',#5675,#5677,#6156,.T.);
#4735=EDGE_CURVE('',#5678,#5677,#883,.T.);
#4736=EDGE_CURVE('',#5676,#5678,#6157,.T.);
#4737=EDGE_CURVE('',#5677,#5679,#6158,.T.);
#4738=EDGE_CURVE('',#5680,#5679,#884,.T.);
#4739=EDGE_CURVE('',#5678,#5680,#6159,.T.);
#4740=EDGE_CURVE('',#5679,#5681,#6160,.T.);
#4741=EDGE_CURVE('',#5682,#5681,#885,.T.);
#4742=EDGE_CURVE('',#5680,#5682,#6161,.T.);
#4743=EDGE_CURVE('',#5681,#5683,#6162,.T.);
#4744=EDGE_CURVE('',#5684,#5683,#886,.T.);
#4745=EDGE_CURVE('',#5682,#5684,#6163,.T.);
#4746=EDGE_CURVE('',#5683,#5685,#6164,.T.);
#4747=EDGE_CURVE('',#5686,#5685,#887,.T.);
#4748=EDGE_CURVE('',#5684,#5686,#6165,.T.);
#4749=EDGE_CURVE('',#5685,#5687,#6166,.T.);
#4750=EDGE_CURVE('',#5688,#5687,#888,.T.);
#4751=EDGE_CURVE('',#5686,#5688,#6167,.T.);
#4752=EDGE_CURVE('',#5687,#5689,#6168,.T.);
#4753=EDGE_CURVE('',#5690,#5689,#889,.T.);
#4754=EDGE_CURVE('',#5688,#5690,#6169,.T.);
#4755=EDGE_CURVE('',#5689,#5691,#6170,.T.);
#4756=EDGE_CURVE('',#5692,#5691,#890,.T.);
#4757=EDGE_CURVE('',#5690,#5692,#6171,.T.);
#4758=EDGE_CURVE('',#5691,#5693,#6172,.T.);
#4759=EDGE_CURVE('',#5694,#5693,#891,.T.);
#4760=EDGE_CURVE('',#5692,#5694,#6173,.T.);
#4761=EDGE_CURVE('',#5693,#5695,#6174,.T.);
#4762=EDGE_CURVE('',#5696,#5695,#892,.T.);
#4763=EDGE_CURVE('',#5694,#5696,#6175,.T.);
#4764=EDGE_CURVE('',#5695,#5697,#6176,.T.);
#4765=EDGE_CURVE('',#5698,#5697,#893,.T.);
#4766=EDGE_CURVE('',#5696,#5698,#6177,.T.);
#4767=EDGE_CURVE('',#5697,#5699,#6178,.T.);
#4768=EDGE_CURVE('',#5700,#5699,#894,.T.);
#4769=EDGE_CURVE('',#5698,#5700,#6179,.T.);
#4770=EDGE_CURVE('',#5699,#5701,#6180,.T.);
#4771=EDGE_CURVE('',#5702,#5701,#895,.T.);
#4772=EDGE_CURVE('',#5700,#5702,#6181,.T.);
#4773=EDGE_CURVE('',#5701,#5703,#6182,.T.);
#4774=EDGE_CURVE('',#5704,#5703,#896,.T.);
#4775=EDGE_CURVE('',#5702,#5704,#6183,.T.);
#4776=EDGE_CURVE('',#5705,#5703,#897,.T.);
#4777=EDGE_CURVE('',#5706,#5705,#898,.T.);
#4778=EDGE_CURVE('',#5706,#5704,#899,.T.);
#4779=EDGE_CURVE('',#5707,#5705,#6184,.T.);
#4780=EDGE_CURVE('',#5708,#5707,#900,.T.);
#4781=EDGE_CURVE('',#5708,#5706,#6185,.T.);
#4782=EDGE_CURVE('',#5709,#5707,#6186,.T.);
#4783=EDGE_CURVE('',#5710,#5709,#901,.T.);
#4784=EDGE_CURVE('',#5710,#5708,#6187,.T.);
#4785=EDGE_CURVE('',#5711,#5709,#6188,.T.);
#4786=EDGE_CURVE('',#5712,#5711,#902,.T.);
#4787=EDGE_CURVE('',#5712,#5710,#6189,.T.);
#4788=EDGE_CURVE('',#5713,#5711,#6190,.T.);
#4789=EDGE_CURVE('',#5714,#5713,#903,.T.);
#4790=EDGE_CURVE('',#5714,#5712,#6191,.T.);
#4791=EDGE_CURVE('',#5715,#5713,#6192,.T.);
#4792=EDGE_CURVE('',#5716,#5715,#904,.T.);
#4793=EDGE_CURVE('',#5716,#5714,#6193,.T.);
#4794=EDGE_CURVE('',#5717,#5715,#6194,.T.);
#4795=EDGE_CURVE('',#5718,#5717,#905,.T.);
#4796=EDGE_CURVE('',#5718,#5716,#6195,.T.);
#4797=EDGE_CURVE('',#5719,#5717,#6196,.T.);
#4798=EDGE_CURVE('',#5720,#5719,#906,.T.);
#4799=EDGE_CURVE('',#5720,#5718,#6197,.T.);
#4800=EDGE_CURVE('',#5721,#5719,#6198,.T.);
#4801=EDGE_CURVE('',#5722,#5721,#907,.T.);
#4802=EDGE_CURVE('',#5722,#5720,#6199,.T.);
#4803=EDGE_CURVE('',#5723,#5721,#6200,.T.);
#4804=EDGE_CURVE('',#5724,#5723,#908,.T.);
#4805=EDGE_CURVE('',#5724,#5722,#6201,.T.);
#4806=EDGE_CURVE('',#5725,#5723,#6202,.T.);
#4807=EDGE_CURVE('',#5726,#5725,#909,.T.);
#4808=EDGE_CURVE('',#5726,#5724,#6203,.T.);
#4809=EDGE_CURVE('',#5727,#5725,#6204,.T.);
#4810=EDGE_CURVE('',#5728,#5727,#910,.T.);
#4811=EDGE_CURVE('',#5728,#5726,#6205,.T.);
#4812=EDGE_CURVE('',#5729,#5727,#6206,.T.);
#4813=EDGE_CURVE('',#5730,#5729,#911,.T.);
#4814=EDGE_CURVE('',#5730,#5728,#6207,.T.);
#4815=EDGE_CURVE('',#5731,#5729,#6208,.T.);
#4816=EDGE_CURVE('',#5732,#5731,#912,.T.);
#4817=EDGE_CURVE('',#5732,#5730,#6209,.T.);
#4818=EDGE_CURVE('',#5733,#5734,#913,.T.);
#4819=EDGE_CURVE('',#5735,#5733,#914,.T.);
#4820=EDGE_CURVE('',#5735,#5736,#915,.T.);
#4821=EDGE_CURVE('',#5736,#5734,#916,.T.);
#4822=EDGE_CURVE('',#5737,#5733,#917,.T.);
#4823=EDGE_CURVE('',#5738,#5737,#918,.T.);
#4824=EDGE_CURVE('',#5738,#5735,#919,.T.);
#4825=EDGE_CURVE('',#5739,#5737,#920,.T.);
#4826=EDGE_CURVE('',#5740,#5739,#921,.T.);
#4827=EDGE_CURVE('',#5740,#5738,#922,.T.);
#4828=EDGE_CURVE('',#5741,#5742,#923,.T.);
#4829=EDGE_CURVE('',#5743,#5741,#924,.T.);
#4830=EDGE_CURVE('',#5743,#5744,#925,.T.);
#4831=EDGE_CURVE('',#5744,#5742,#926,.T.);
#4832=EDGE_CURVE('',#5745,#5741,#927,.T.);
#4833=EDGE_CURVE('',#5746,#5745,#928,.T.);
#4834=EDGE_CURVE('',#5746,#5743,#929,.T.);
#4835=EDGE_CURVE('',#5747,#5745,#930,.T.);
#4836=EDGE_CURVE('',#5748,#5747,#931,.T.);
#4837=EDGE_CURVE('',#5748,#5746,#932,.T.);
#4838=EDGE_CURVE('',#5749,#5747,#933,.T.);
#4839=EDGE_CURVE('',#5750,#5749,#934,.T.);
#4840=EDGE_CURVE('',#5750,#5748,#935,.T.);
#4841=EDGE_CURVE('',#5751,#5749,#936,.T.);
#4842=EDGE_CURVE('',#5752,#5751,#937,.T.);
#4843=EDGE_CURVE('',#5752,#5750,#938,.T.);
#4844=EDGE_CURVE('',#5753,#5754,#939,.T.);
#4845=EDGE_CURVE('',#5755,#5753,#940,.T.);
#4846=EDGE_CURVE('',#5755,#5756,#941,.T.);
#4847=EDGE_CURVE('',#5756,#5754,#942,.T.);
#4848=EDGE_CURVE('',#5753,#5757,#6210,.T.);
#4849=EDGE_CURVE('',#5758,#5757,#943,.T.);
#4850=EDGE_CURVE('',#5755,#5758,#6211,.T.);
#4851=EDGE_CURVE('',#5759,#5757,#944,.T.);
#4852=EDGE_CURVE('',#5760,#5759,#945,.T.);
#4853=EDGE_CURVE('',#5760,#5758,#946,.T.);
#4854=EDGE_CURVE('',#5761,#5762,#947,.T.);
#4855=EDGE_CURVE('',#5763,#5761,#948,.T.);
#4856=EDGE_CURVE('',#5763,#5764,#949,.T.);
#4857=EDGE_CURVE('',#5764,#5762,#950,.T.);
#4858=EDGE_CURVE('',#5765,#5761,#951,.T.);
#4859=EDGE_CURVE('',#5766,#5765,#952,.T.);
#4860=EDGE_CURVE('',#5766,#5763,#953,.T.);
#4861=EDGE_CURVE('',#5767,#5765,#954,.T.);
#4862=EDGE_CURVE('',#5768,#5767,#955,.T.);
#4863=EDGE_CURVE('',#5768,#5766,#956,.T.);
#4864=EDGE_CURVE('',#5769,#5770,#957,.T.);
#4865=EDGE_CURVE('',#5771,#5769,#958,.T.);
#4866=EDGE_CURVE('',#5771,#5772,#959,.T.);
#4867=EDGE_CURVE('',#5772,#5770,#960,.T.);
#4868=EDGE_CURVE('',#5773,#5769,#961,.T.);
#4869=EDGE_CURVE('',#5774,#5773,#962,.T.);
#4870=EDGE_CURVE('',#5774,#5771,#963,.T.);
#4871=EDGE_CURVE('',#5775,#5776,#964,.T.);
#4872=EDGE_CURVE('',#5777,#5775,#965,.T.);
#4873=EDGE_CURVE('',#5777,#5778,#966,.T.);
#4874=EDGE_CURVE('',#5778,#5776,#967,.T.);
#4875=EDGE_CURVE('',#5779,#5775,#968,.T.);
#4876=EDGE_CURVE('',#5780,#5779,#969,.T.);
#4877=EDGE_CURVE('',#5780,#5777,#970,.T.);
#4878=EDGE_CURVE('',#5781,#5779,#971,.T.);
#4879=EDGE_CURVE('',#5782,#5781,#972,.T.);
#4880=EDGE_CURVE('',#5782,#5780,#973,.T.);
#4881=EDGE_CURVE('',#5783,#5781,#974,.T.);
#4882=EDGE_CURVE('',#5784,#5783,#975,.T.);
#4883=EDGE_CURVE('',#5784,#5782,#976,.T.);
#4884=EDGE_CURVE('',#5783,#5785,#6212,.T.);
#4885=EDGE_CURVE('',#5786,#5785,#977,.T.);
#4886=EDGE_CURVE('',#5784,#5786,#6213,.T.);
#4887=EDGE_CURVE('',#5785,#5787,#6214,.T.);
#4888=EDGE_CURVE('',#5788,#5787,#978,.T.);
#4889=EDGE_CURVE('',#5786,#5788,#6215,.T.);
#4890=EDGE_CURVE('',#5789,#5787,#979,.T.);
#4891=EDGE_CURVE('',#5790,#5789,#980,.T.);
#4892=EDGE_CURVE('',#5790,#5788,#981,.T.);
#4893=EDGE_CURVE('',#5791,#5789,#982,.T.);
#4894=EDGE_CURVE('',#5792,#5791,#983,.T.);
#4895=EDGE_CURVE('',#5792,#5790,#984,.T.);
#4896=EDGE_CURVE('',#5793,#5791,#985,.T.);
#4897=EDGE_CURVE('',#5794,#5793,#986,.T.);
#4898=EDGE_CURVE('',#5794,#5792,#987,.T.);
#4899=EDGE_CURVE('',#5795,#5793,#988,.T.);
#4900=EDGE_CURVE('',#5796,#5795,#989,.T.);
#4901=EDGE_CURVE('',#5796,#5794,#990,.T.);
#4902=EDGE_CURVE('',#5797,#5795,#991,.T.);
#4903=EDGE_CURVE('',#5798,#5797,#992,.T.);
#4904=EDGE_CURVE('',#5798,#5796,#993,.T.);
#4905=EDGE_CURVE('',#5799,#5797,#6216,.T.);
#4906=EDGE_CURVE('',#5800,#5799,#994,.T.);
#4907=EDGE_CURVE('',#5800,#5798,#6217,.T.);
#4908=EDGE_CURVE('',#5801,#5799,#995,.T.);
#4909=EDGE_CURVE('',#5802,#5801,#996,.T.);
#4910=EDGE_CURVE('',#5802,#5800,#997,.T.);
#4911=EDGE_CURVE('',#5803,#5804,#998,.T.);
#4912=EDGE_CURVE('',#5805,#5803,#999,.T.);
#4913=EDGE_CURVE('',#5805,#5806,#1000,.T.);
#4914=EDGE_CURVE('',#5806,#5804,#1001,.T.);
#4915=EDGE_CURVE('',#5807,#5803,#1002,.T.);
#4916=EDGE_CURVE('',#5808,#5807,#1003,.T.);
#4917=EDGE_CURVE('',#5808,#5805,#1004,.T.);
#4918=EDGE_CURVE('',#5809,#5807,#1005,.T.);
#4919=EDGE_CURVE('',#5810,#5809,#1006,.T.);
#4920=EDGE_CURVE('',#5810,#5808,#1007,.T.);
#4921=EDGE_CURVE('',#5811,#5809,#1008,.T.);
#4922=EDGE_CURVE('',#5812,#5811,#1009,.T.);
#4923=EDGE_CURVE('',#5812,#5810,#1010,.T.);
#4924=EDGE_CURVE('',#5813,#5811,#1011,.T.);
#4925=EDGE_CURVE('',#5814,#5813,#1012,.T.);
#4926=EDGE_CURVE('',#5814,#5812,#1013,.T.);
#4927=EDGE_CURVE('',#5815,#5813,#1014,.T.);
#4928=EDGE_CURVE('',#5816,#5815,#1015,.T.);
#4929=EDGE_CURVE('',#5816,#5814,#1016,.T.);
#4930=EDGE_CURVE('',#5817,#5815,#1017,.T.);
#4931=EDGE_CURVE('',#5818,#5817,#1018,.T.);
#4932=EDGE_CURVE('',#5818,#5816,#1019,.T.);
#4933=EDGE_CURVE('',#5819,#5817,#1020,.T.);
#4934=EDGE_CURVE('',#5820,#5819,#1021,.T.);
#4935=EDGE_CURVE('',#5820,#5818,#1022,.T.);
#4936=EDGE_CURVE('',#5821,#5819,#1023,.T.);
#4937=EDGE_CURVE('',#5822,#5821,#1024,.T.);
#4938=EDGE_CURVE('',#5822,#5820,#1025,.T.);
#4939=EDGE_CURVE('',#5823,#5821,#1026,.T.);
#4940=EDGE_CURVE('',#5824,#5823,#1027,.T.);
#4941=EDGE_CURVE('',#5824,#5822,#1028,.T.);
#4942=EDGE_CURVE('',#5825,#5823,#1029,.T.);
#4943=EDGE_CURVE('',#5826,#5825,#1030,.T.);
#4944=EDGE_CURVE('',#5826,#5824,#1031,.T.);
#4945=EDGE_CURVE('',#5827,#5828,#1032,.T.);
#4946=EDGE_CURVE('',#5829,#5827,#1033,.T.);
#4947=EDGE_CURVE('',#5829,#5830,#1034,.T.);
#4948=EDGE_CURVE('',#5830,#5828,#1035,.T.);
#4949=EDGE_CURVE('',#5827,#5831,#6218,.T.);
#4950=EDGE_CURVE('',#5832,#5831,#1036,.T.);
#4951=EDGE_CURVE('',#5829,#5832,#6219,.T.);
#4952=EDGE_CURVE('',#5833,#5831,#1037,.T.);
#4953=EDGE_CURVE('',#5834,#5833,#1038,.T.);
#4954=EDGE_CURVE('',#5834,#5832,#1039,.T.);
#4955=EDGE_CURVE('',#5835,#5833,#1040,.T.);
#4956=EDGE_CURVE('',#5836,#5835,#1041,.T.);
#4957=EDGE_CURVE('',#5836,#5834,#1042,.T.);
#4958=EDGE_CURVE('',#5837,#5835,#1043,.T.);
#4959=EDGE_CURVE('',#5838,#5837,#1044,.T.);
#4960=EDGE_CURVE('',#5838,#5836,#1045,.T.);
#4961=EDGE_CURVE('',#5837,#5839,#6220,.T.);
#4962=EDGE_CURVE('',#5840,#5839,#1046,.T.);
#4963=EDGE_CURVE('',#5838,#5840,#6221,.T.);
#4964=EDGE_CURVE('',#5841,#5839,#1047,.T.);
#4965=EDGE_CURVE('',#5842,#5841,#1048,.T.);
#4966=EDGE_CURVE('',#5842,#5840,#1049,.T.);
#4967=EDGE_CURVE('',#5482,#5485,#1050,.T.);
#4968=EDGE_CURVE('',#5484,#5486,#1051,.T.);
#4969=EDGE_CURVE('',#5843,#5843,#6222,.T.);
#4970=EDGE_CURVE('',#5844,#5844,#6223,.T.);
#4971=EDGE_CURVE('',#5488,#5493,#1052,.T.);
#4972=EDGE_CURVE('',#5490,#5494,#1053,.T.);
#4973=EDGE_CURVE('',#5496,#5499,#1054,.T.);
#4974=EDGE_CURVE('',#5498,#5500,#1055,.T.);
#4975=EDGE_CURVE('',#5502,#5505,#1056,.T.);
#4976=EDGE_CURVE('',#5504,#5506,#1057,.T.);
#4977=EDGE_CURVE('',#5508,#5511,#1058,.T.);
#4978=EDGE_CURVE('',#5510,#5512,#1059,.T.);
#4979=EDGE_CURVE('',#5514,#5517,#1060,.T.);
#4980=EDGE_CURVE('',#5516,#5518,#1061,.T.);
#4981=EDGE_CURVE('',#5845,#5845,#6224,.T.);
#4982=EDGE_CURVE('',#5846,#5846,#6225,.T.);
#4983=EDGE_CURVE('',#5520,#5549,#1062,.T.);
#4984=EDGE_CURVE('',#5522,#5550,#1063,.T.);
#4985=EDGE_CURVE('',#5552,#5557,#1064,.T.);
#4986=EDGE_CURVE('',#5554,#5558,#1065,.T.);
#4987=EDGE_CURVE('',#5847,#5847,#6226,.T.);
#4988=EDGE_CURVE('',#5848,#5848,#6227,.T.);
#4989=EDGE_CURVE('',#5560,#5565,#6228,.T.);
#4990=EDGE_CURVE('',#5562,#5566,#6229,.T.);
#4991=EDGE_CURVE('',#5568,#5571,#1066,.T.);
#4992=EDGE_CURVE('',#5570,#5572,#1067,.T.);
#4993=EDGE_CURVE('',#5849,#5849,#6230,.T.);
#4994=EDGE_CURVE('',#5850,#5850,#6231,.T.);
#4995=EDGE_CURVE('',#5574,#5577,#1068,.T.);
#4996=EDGE_CURVE('',#5576,#5578,#1069,.T.);
#4997=EDGE_CURVE('',#5580,#5583,#1070,.T.);
#4998=EDGE_CURVE('',#5582,#5584,#1071,.T.);
#4999=EDGE_CURVE('',#5851,#5851,#6232,.T.);
#5000=EDGE_CURVE('',#5852,#5852,#6233,.T.);
#5001=EDGE_CURVE('',#5586,#5589,#1072,.T.);
#5002=EDGE_CURVE('',#5588,#5590,#1073,.T.);
#5003=EDGE_CURVE('',#5592,#5625,#6234,.T.);
#5004=EDGE_CURVE('',#5594,#5626,#6235,.T.);
#5005=EDGE_CURVE('',#5628,#5649,#1074,.T.);
#5006=EDGE_CURVE('',#5630,#5650,#1075,.T.);
#5007=EDGE_CURVE('',#5652,#5731,#6236,.T.);
#5008=EDGE_CURVE('',#5654,#5732,#6237,.T.);
#5009=EDGE_CURVE('',#5734,#5739,#1076,.T.);
#5010=EDGE_CURVE('',#5736,#5740,#1077,.T.);
#5011=EDGE_CURVE('',#5742,#5751,#1078,.T.);
#5012=EDGE_CURVE('',#5744,#5752,#1079,.T.);
#5013=EDGE_CURVE('',#5754,#5759,#6238,.T.);
#5014=EDGE_CURVE('',#5756,#5760,#6239,.T.);
#5015=EDGE_CURVE('',#5762,#5767,#1080,.T.);
#5016=EDGE_CURVE('',#5764,#5768,#1081,.T.);
#5017=EDGE_CURVE('',#5770,#5773,#1082,.T.);
#5018=EDGE_CURVE('',#5772,#5774,#1083,.T.);
#5019=EDGE_CURVE('',#5776,#5801,#6240,.T.);
#5020=EDGE_CURVE('',#5778,#5802,#6241,.T.);
#5021=EDGE_CURVE('',#5804,#5825,#1084,.T.);
#5022=EDGE_CURVE('',#5806,#5826,#1085,.T.);
#5023=EDGE_CURVE('',#5828,#5841,#6242,.T.);
#5024=EDGE_CURVE('',#5830,#5842,#6243,.T.);
#5025=EDGE_CURVE('',#5480,#5474,#1086,.T.);
#5026=EDGE_CURVE('',#5853,#5853,#6244,.T.);
#5027=EDGE_CURVE('',#5854,#5854,#6245,.F.);
#5028=EDGE_CURVE('',#5855,#5855,#6246,.F.);
#5029=EDGE_CURVE('',#5856,#5856,#6247,.F.);
#5030=EDGE_CURVE('',#5857,#5857,#6248,.F.);
#5031=EDGE_CURVE('',#5858,#5858,#6249,.F.);
#5032=EDGE_CURVE('',#5859,#5859,#6250,.T.);
#5033=EDGE_CURVE('',#5860,#5861,#6251,.T.);
#5034=EDGE_CURVE('',#5862,#5860,#1087,.T.);
#5035=EDGE_CURVE('',#5863,#5862,#6252,.T.);
#5036=EDGE_CURVE('',#5861,#5863,#1088,.T.);
#5037=EDGE_CURVE('',#5864,#5865,#1089,.T.);
#5038=EDGE_CURVE('',#5864,#5866,#6253,.T.);
#5039=EDGE_CURVE('',#5867,#5866,#1090,.F.);
#5040=EDGE_CURVE('',#5865,#5867,#6254,.T.);
#5041=EDGE_CURVE('',#5868,#5869,#1091,.F.);
#5042=EDGE_CURVE('',#5870,#5868,#6255,.T.);
#5043=EDGE_CURVE('',#5871,#5870,#1092,.T.);
#5044=EDGE_CURVE('',#5871,#5869,#6256,.T.);
#5045=EDGE_CURVE('',#5865,#5872,#90,.T.);
#5046=EDGE_CURVE('',#5873,#5867,#91,.T.);
#5047=EDGE_CURVE('',#5872,#5873,#6257,.T.);
#5048=EDGE_CURVE('',#5872,#5868,#92,.T.);
#5049=EDGE_CURVE('',#5873,#5872,#6258,.T.);
#5050=EDGE_CURVE('',#5870,#5873,#93,.T.);
#5051=EDGE_CURVE('',#5874,#5874,#6259,.T.);
#5052=EDGE_CURVE('',#5875,#5876,#1093,.T.);
#5053=EDGE_CURVE('',#5877,#5876,#6260,.T.);
#5054=EDGE_CURVE('',#5877,#5878,#1094,.T.);
#5055=EDGE_CURVE('',#5879,#5878,#6261,.T.);
#5056=EDGE_CURVE('',#5879,#5880,#1095,.T.);
#5057=EDGE_CURVE('',#5881,#5880,#6262,.T.);
#5058=EDGE_CURVE('',#5881,#5882,#1096,.T.);
#5059=EDGE_CURVE('',#5883,#5882,#6263,.T.);
#5060=EDGE_CURVE('',#5883,#5884,#1097,.T.);
#5061=EDGE_CURVE('',#5885,#5884,#6264,.T.);
#5062=EDGE_CURVE('',#5885,#5886,#1098,.T.);
#5063=EDGE_CURVE('',#5875,#5886,#6265,.T.);
#5064=EDGE_CURVE('',#5887,#5876,#94,.T.);
#5065=EDGE_CURVE('',#5888,#5887,#6266,.T.);
#5066=EDGE_CURVE('',#5877,#5888,#95,.T.);
#5067=EDGE_CURVE('',#5875,#5889,#96,.T.);
#5068=EDGE_CURVE('',#5890,#5886,#97,.T.);
#5069=EDGE_CURVE('',#5889,#5890,#6267,.T.);
#5070=EDGE_CURVE('',#5885,#5891,#98,.T.);
#5071=EDGE_CURVE('',#5892,#5884,#99,.T.);
#5072=EDGE_CURVE('',#5891,#5892,#6268,.T.);
#5073=EDGE_CURVE('',#5883,#5893,#100,.T.);
#5074=EDGE_CURVE('',#5894,#5882,#101,.T.);
#5075=EDGE_CURVE('',#5893,#5894,#6269,.T.);
#5076=EDGE_CURVE('',#5881,#5895,#102,.T.);
#5077=EDGE_CURVE('',#5896,#5880,#103,.T.);
#5078=EDGE_CURVE('',#5895,#5896,#6270,.T.);
#5079=EDGE_CURVE('',#5879,#5897,#104,.T.);
#5080=EDGE_CURVE('',#5898,#5878,#105,.T.);
#5081=EDGE_CURVE('',#5897,#5898,#6271,.T.);
#5082=EDGE_CURVE('',#5889,#5899,#1099,.T.);
#5083=EDGE_CURVE('',#5900,#5890,#1100,.F.);
#5084=EDGE_CURVE('',#5899,#5900,#6272,.T.);
#5085=EDGE_CURVE('',#5901,#5887,#1101,.F.);
#5086=EDGE_CURVE('',#5902,#5901,#6273,.T.);
#5087=EDGE_CURVE('',#5888,#5902,#1102,.T.);
#5088=EDGE_CURVE('',#5891,#5903,#1103,.T.);
#5089=EDGE_CURVE('',#5904,#5892,#1104,.F.);
#5090=EDGE_CURVE('',#5903,#5904,#6274,.T.);
#5091=EDGE_CURVE('',#5893,#5905,#1105,.T.);
#5092=EDGE_CURVE('',#5906,#5894,#1106,.F.);
#5093=EDGE_CURVE('',#5905,#5906,#6275,.T.);
#5094=EDGE_CURVE('',#5895,#5907,#1107,.T.);
#5095=EDGE_CURVE('',#5908,#5896,#1108,.F.);
#5096=EDGE_CURVE('',#5907,#5908,#6276,.T.);
#5097=EDGE_CURVE('',#5897,#5909,#1109,.T.);
#5098=EDGE_CURVE('',#5910,#5898,#1110,.F.);
#5099=EDGE_CURVE('',#5909,#5910,#6277,.T.);
#5100=EDGE_CURVE('',#5911,#5911,#6278,.T.);
#5101=EDGE_CURVE('',#5912,#5912,#6279,.T.);
#5102=EDGE_CURVE('',#5913,#5913,#6280,.T.);
#5103=EDGE_CURVE('',#5914,#5914,#6281,.T.);
#5104=EDGE_CURVE('',#5915,#5915,#6282,.T.);
#5105=EDGE_CURVE('',#5916,#5916,#6283,.T.);
#5106=EDGE_CURVE('',#5917,#5917,#6284,.T.);
#5107=EDGE_CURVE('',#5918,#5918,#6285,.T.);
#5108=EDGE_CURVE('',#5919,#5919,#6286,.T.);
#5109=EDGE_CURVE('',#5920,#5920,#6287,.T.);
#5110=EDGE_CURVE('',#5921,#5921,#6288,.T.);
#5111=EDGE_CURVE('',#5922,#5922,#6289,.T.);
#5112=EDGE_CURVE('',#5923,#5923,#6290,.T.);
#5113=EDGE_CURVE('',#5924,#5924,#6291,.T.);
#5114=EDGE_CURVE('',#5925,#5925,#6292,.T.);
#5115=EDGE_CURVE('',#5926,#5926,#6293,.T.);
#5116=EDGE_CURVE('',#5927,#5927,#6294,.T.);
#5117=EDGE_CURVE('',#5928,#5928,#6295,.T.);
#5118=EDGE_CURVE('',#5929,#5929,#6296,.T.);
#5119=EDGE_CURVE('',#5930,#5930,#6297,.T.);
#5120=EDGE_CURVE('',#5931,#5931,#6298,.T.);
#5121=EDGE_CURVE('',#5932,#5932,#6299,.T.);
#5122=EDGE_CURVE('',#5933,#5933,#6300,.T.);
#5123=EDGE_CURVE('',#5934,#5934,#6301,.T.);
#5124=EDGE_CURVE('',#5935,#5935,#6302,.T.);
#5125=EDGE_CURVE('',#5936,#5936,#6303,.T.);
#5126=EDGE_CURVE('',#5899,#5901,#1111,.T.);
#5127=EDGE_CURVE('',#5903,#5900,#1112,.T.);
#5128=EDGE_CURVE('',#5905,#5904,#1113,.T.);
#5129=EDGE_CURVE('',#5907,#5906,#1114,.T.);
#5130=EDGE_CURVE('',#5909,#5908,#1115,.T.);
#5131=EDGE_CURVE('',#5902,#5910,#1116,.T.);
#5132=EDGE_CURVE('',#5937,#5937,#6304,.T.);
#5133=EDGE_CURVE('',#5938,#5938,#6305,.T.);
#5134=EDGE_CURVE('',#5939,#5939,#6306,.T.);
#5135=EDGE_CURVE('',#5940,#5940,#6307,.T.);
#5136=EDGE_CURVE('',#5869,#5864,#1117,.T.);
#5137=EDGE_CURVE('',#5866,#5871,#1118,.T.);
#5138=EDGE_CURVE('',#5941,#5941,#6308,.T.);
#5139=EDGE_CURVE('',#5942,#5942,#6309,.T.);
#5140=EDGE_CURVE('',#5943,#5943,#6310,.T.);
#5141=EDGE_CURVE('',#5944,#5861,#1119,.T.);
#5142=EDGE_CURVE('',#5945,#5944,#6311,.T.);
#5143=EDGE_CURVE('',#5945,#5860,#1120,.T.);
#5144=EDGE_CURVE('',#5946,#5863,#1121,.T.);
#5145=EDGE_CURVE('',#5944,#5946,#1122,.T.);
#5146=EDGE_CURVE('',#5947,#5862,#1123,.T.);
#5147=EDGE_CURVE('',#5946,#5947,#6312,.T.);
#5148=EDGE_CURVE('',#5947,#5945,#1124,.T.);
#5149=EDGE_CURVE('',#5948,#5948,#6313,.T.);
#5150=EDGE_CURVE('',#5949,#5949,#6314,.T.);
#5151=EDGE_CURVE('',#5950,#5950,#6315,.T.);
#5152=EDGE_CURVE('',#5951,#5951,#6316,.T.);
#5153=EDGE_CURVE('',#5952,#5952,#6317,.T.);
#5154=EDGE_CURVE('',#5953,#5954,#1125,.T.);
#5155=EDGE_CURVE('',#5955,#5954,#6318,.T.);
#5156=EDGE_CURVE('',#5956,#5955,#1126,.T.);
#5157=EDGE_CURVE('',#5956,#5957,#1127,.T.);
#5158=EDGE_CURVE('',#5958,#5957,#1128,.T.);
#5159=EDGE_CURVE('',#5959,#5958,#1129,.T.);
#5160=EDGE_CURVE('',#5959,#5960,#1130,.T.);
#5161=EDGE_CURVE('',#5960,#5961,#6319,.T.);
#5162=EDGE_CURVE('',#5962,#5961,#1131,.T.);
#5163=EDGE_CURVE('',#5962,#5953,#1132,.T.);
#5164=EDGE_CURVE('',#5963,#5964,#1133,.T.);
#5165=EDGE_CURVE('',#5963,#5953,#1134,.T.);
#5166=EDGE_CURVE('',#5962,#5965,#1135,.T.);
#5167=EDGE_CURVE('',#5966,#5965,#1136,.T.);
#5168=EDGE_CURVE('',#5966,#5964,#1137,.T.);
#5169=EDGE_CURVE('',#5967,#5968,#1138,.T.);
#5170=EDGE_CURVE('',#5968,#5963,#1139,.T.);
#5171=EDGE_CURVE('',#5969,#5964,#1140,.T.);
#5172=EDGE_CURVE('',#5969,#5967,#1141,.T.);
#5173=EDGE_CURVE('',#5970,#5971,#1142,.T.);
#5174=EDGE_CURVE('',#5971,#5968,#1143,.T.);
#5175=EDGE_CURVE('',#5967,#5972,#1144,.T.);
#5176=EDGE_CURVE('',#5970,#5972,#1145,.T.);
#5177=EDGE_CURVE('',#5965,#5973,#1146,.T.);
#5178=EDGE_CURVE('',#5974,#5973,#1147,.T.);
#5179=EDGE_CURVE('',#5974,#5975,#1148,.T.);
#5180=EDGE_CURVE('',#5975,#5966,#1149,.T.);
#5181=EDGE_CURVE('',#5973,#5976,#1150,.T.);
#5182=EDGE_CURVE('',#5977,#5976,#1151,.T.);
#5183=EDGE_CURVE('',#5977,#5978,#1152,.T.);
#5184=EDGE_CURVE('',#5978,#5974,#1153,.T.);
#5185=EDGE_CURVE('',#5957,#5979,#1154,.T.);
#5186=EDGE_CURVE('',#5980,#5979,#1155,.T.);
#5187=EDGE_CURVE('',#5981,#5980,#1156,.T.);
#5188=EDGE_CURVE('',#5982,#5981,#1157,.T.);
#5189=EDGE_CURVE('',#5982,#5958,#1158,.T.);
#5190=EDGE_CURVE('',#5979,#5983,#1159,.T.);
#5191=EDGE_CURVE('',#5984,#5983,#1160,.T.);
#5192=EDGE_CURVE('',#5984,#5985,#1161,.T.);
#5193=EDGE_CURVE('',#5985,#5980,#1162,.T.);
#5194=EDGE_CURVE('',#5986,#5987,#1163,.T.);
#5195=EDGE_CURVE('',#5987,#5988,#1164,.T.);
#5196=EDGE_CURVE('',#5989,#5988,#1165,.T.);
#5197=EDGE_CURVE('',#5990,#5989,#1166,.T.);
#5198=EDGE_CURVE('',#5986,#5990,#1167,.T.);
#5199=EDGE_CURVE('',#5987,#5983,#1168,.T.);
#5200=EDGE_CURVE('',#5986,#5984,#1169,.T.);
#5201=EDGE_CURVE('',#5956,#5988,#1170,.T.);
#5202=EDGE_CURVE('',#5955,#5971,#1171,.T.);
#5203=EDGE_CURVE('',#5971,#5989,#1172,.T.);
#5204=EDGE_CURVE('',#5991,#5992,#1173,.T.);
#5205=EDGE_CURVE('',#5992,#5993,#1174,.T.);
#5206=EDGE_CURVE('',#5994,#5993,#1175,.T.);
#5207=EDGE_CURVE('',#5994,#5995,#1176,.T.);
#5208=EDGE_CURVE('',#5995,#5991,#1177,.T.);
#5209=EDGE_CURVE('',#5996,#5997,#1178,.T.);
#5210=EDGE_CURVE('',#5997,#5982,#1179,.T.);
#5211=EDGE_CURVE('',#5998,#5981,#1180,.T.);
#5212=EDGE_CURVE('',#5998,#5996,#1181,.T.);
#5213=EDGE_CURVE('',#5993,#5997,#1182,.T.);
#5214=EDGE_CURVE('',#5996,#5994,#1183,.T.);
#5215=EDGE_CURVE('',#5959,#5992,#1184,.T.);
#5216=EDGE_CURVE('',#5991,#5976,#1185,.T.);
#5217=EDGE_CURVE('',#5960,#5976,#1186,.T.);
#5218=EDGE_CURVE('',#5995,#5977,#1187,.T.);
#5219=EDGE_CURVE('',#5986,#5972,#1188,.T.);
#5220=EDGE_CURVE('',#5974,#5967,#1189,.T.);
#5221=EDGE_CURVE('',#5994,#5978,#1190,.T.);
#5222=EDGE_CURVE('',#5996,#5984,#1191,.T.);
#5223=EDGE_CURVE('',#5998,#5985,#1192,.T.);
#5224=EDGE_CURVE('',#5999,#5999,#6320,.T.);
#5225=EDGE_CURVE('',#6000,#6000,#6321,.T.);
#5226=EDGE_CURVE('',#6001,#6001,#6322,.T.);
#5227=EDGE_CURVE('',#5975,#5969,#1193,.T.);
#5228=EDGE_CURVE('',#5990,#5970,#1194,.T.);
#5229=EDGE_CURVE('',#6002,#6002,#6323,.T.);
#5230=EDGE_CURVE('',#6003,#6003,#6324,.T.);
#5231=EDGE_CURVE('',#6004,#6004,#6325,.T.);
#5232=EDGE_CURVE('',#6005,#6005,#6326,.T.);
#5233=EDGE_CURVE('',#6007,#6007,#6327,.T.);
#5234=EDGE_CURVE('',#6008,#6008,#6328,.T.);
#5235=EDGE_CURVE('',#6009,#6009,#6329,.T.);
#5236=EDGE_CURVE('',#6010,#6010,#6330,.T.);
#5237=EDGE_CURVE('',#6012,#6012,#6331,.T.);
#5238=EDGE_CURVE('',#6013,#6013,#6332,.T.);
#5239=EDGE_CURVE('',#6014,#6014,#6333,.T.);
#5240=EDGE_CURVE('',#6015,#6015,#6334,.T.);
#5241=EDGE_CURVE('',#5976,#5961,#1195,.T.);
#5242=EDGE_CURVE('',#5954,#5971,#1196,.T.);
#5243=EDGE_CURVE('',#6017,#6017,#6335,.T.);
#5244=EDGE_CURVE('',#6018,#6018,#6336,.T.);
#5245=EDGE_CURVE('',#6019,#6019,#6337,.T.);
#5246=EDGE_CURVE('',#6020,#6020,#6338,.T.);
#5247=EDGE_CURVE('',#6021,#6021,#6339,.T.);
#5248=EDGE_CURVE('',#6022,#6022,#6340,.T.);
#5249=EDGE_CURVE('',#6023,#6023,#6341,.T.);
#5250=EDGE_CURVE('',#6024,#6024,#6342,.T.);
#5251=VERTEX_POINT('',#11419);
#5252=VERTEX_POINT('',#11421);
#5253=VERTEX_POINT('',#11422);
#5254=VERTEX_POINT('',#11424);
#5255=VERTEX_POINT('',#11426);
#5256=VERTEX_POINT('',#11428);
#5257=VERTEX_POINT('',#11430);
#5258=VERTEX_POINT('',#11432);
#5259=VERTEX_POINT('',#11434);
#5260=VERTEX_POINT('',#11436);
#5261=VERTEX_POINT('',#11438);
#5262=VERTEX_POINT('',#11440);
#5263=VERTEX_POINT('',#11442);
#5264=VERTEX_POINT('',#11446);
#5265=VERTEX_POINT('',#11448);
#5266=VERTEX_POINT('',#11449);
#5267=VERTEX_POINT('',#11451);
#5268=VERTEX_POINT('',#11453);
#5269=VERTEX_POINT('',#11455);
#5270=VERTEX_POINT('',#11457);
#5271=VERTEX_POINT('',#11459);
#5272=VERTEX_POINT('',#11461);
#5273=VERTEX_POINT('',#11463);
#5274=VERTEX_POINT('',#11465);
#5275=VERTEX_POINT('',#11467);
#5276=VERTEX_POINT('',#11469);
#5277=VERTEX_POINT('',#11500);
#5278=VERTEX_POINT('',#11502);
#5279=VERTEX_POINT('',#11504);
#5280=VERTEX_POINT('',#11506);
#5281=VERTEX_POINT('',#11508);
#5282=VERTEX_POINT('',#11509);
#5283=VERTEX_POINT('',#11511);
#5284=VERTEX_POINT('',#11513);
#5285=VERTEX_POINT('',#11517);
#5286=VERTEX_POINT('',#11518);
#5287=VERTEX_POINT('',#11520);
#5288=VERTEX_POINT('',#11522);
#5289=VERTEX_POINT('',#11531);
#5290=VERTEX_POINT('',#11533);
#5291=VERTEX_POINT('',#11535);
#5292=VERTEX_POINT('',#11539);
#5293=VERTEX_POINT('',#11540);
#5294=VERTEX_POINT('',#11548);
#5295=VERTEX_POINT('',#11552);
#5296=VERTEX_POINT('',#11555);
#5297=VERTEX_POINT('',#11559);
#5298=VERTEX_POINT('',#11561);
#5299=VERTEX_POINT('',#11566);
#5300=VERTEX_POINT('',#11567);
#5301=VERTEX_POINT('',#11569);
#5302=VERTEX_POINT('',#11571);
#5303=VERTEX_POINT('',#11575);
#5304=VERTEX_POINT('',#11576);
#5305=VERTEX_POINT('',#11578);
#5306=VERTEX_POINT('',#11580);
#5307=VERTEX_POINT('',#11582);
#5308=VERTEX_POINT('',#11586);
#5309=VERTEX_POINT('',#11588);
#5310=VERTEX_POINT('',#11590);
#5311=VERTEX_POINT('',#11593);
#5312=VERTEX_POINT('',#11595);
#5313=VERTEX_POINT('',#11597);
#5314=VERTEX_POINT('',#11599);
#5315=VERTEX_POINT('',#11601);
#5316=VERTEX_POINT('',#11603);
#5317=VERTEX_POINT('',#11605);
#5318=VERTEX_POINT('',#11607);
#5319=VERTEX_POINT('',#11609);
#5320=VERTEX_POINT('',#11611);
#5321=VERTEX_POINT('',#11613);
#5322=VERTEX_POINT('',#11615);
#5323=VERTEX_POINT('',#11617);
#5324=VERTEX_POINT('',#11619);
#5325=VERTEX_POINT('',#11621);
#5326=VERTEX_POINT('',#11623);
#5327=VERTEX_POINT('',#11625);
#5328=VERTEX_POINT('',#11627);
#5329=VERTEX_POINT('',#11629);
#5330=VERTEX_POINT('',#11631);
#5331=VERTEX_POINT('',#11633);
#5332=VERTEX_POINT('',#11635);
#5333=VERTEX_POINT('',#11637);
#5334=VERTEX_POINT('',#11639);
#5335=VERTEX_POINT('',#11641);
#5336=VERTEX_POINT('',#11643);
#5337=VERTEX_POINT('',#11645);
#5338=VERTEX_POINT('',#11647);
#5339=VERTEX_POINT('',#11649);
#5340=VERTEX_POINT('',#11651);
#5341=VERTEX_POINT('',#11653);
#5342=VERTEX_POINT('',#11655);
#5343=VERTEX_POINT('',#11659);
#5344=VERTEX_POINT('',#11661);
#5345=VERTEX_POINT('',#11662);
#5346=VERTEX_POINT('',#11665);
#5347=VERTEX_POINT('',#11667);
#5348=VERTEX_POINT('',#11669);
#5349=VERTEX_POINT('',#11671);
#5350=VERTEX_POINT('',#11673);
#5351=VERTEX_POINT('',#11675);
#5352=VERTEX_POINT('',#11677);
#5353=VERTEX_POINT('',#11679);
#5354=VERTEX_POINT('',#11681);
#5355=VERTEX_POINT('',#11683);
#5356=VERTEX_POINT('',#11685);
#5357=VERTEX_POINT('',#11687);
#5358=VERTEX_POINT('',#11689);
#5359=VERTEX_POINT('',#11691);
#5360=VERTEX_POINT('',#11693);
#5361=VERTEX_POINT('',#11695);
#5362=VERTEX_POINT('',#11697);
#5363=VERTEX_POINT('',#11699);
#5364=VERTEX_POINT('',#11701);
#5365=VERTEX_POINT('',#11703);
#5366=VERTEX_POINT('',#11705);
#5367=VERTEX_POINT('',#11707);
#5368=VERTEX_POINT('',#11709);
#5369=VERTEX_POINT('',#11711);
#5370=VERTEX_POINT('',#11713);
#5371=VERTEX_POINT('',#11715);
#5372=VERTEX_POINT('',#11717);
#5373=VERTEX_POINT('',#11719);
#5374=VERTEX_POINT('',#11721);
#5375=VERTEX_POINT('',#11723);
#5376=VERTEX_POINT('',#11725);
#5377=VERTEX_POINT('',#11727);
#5378=VERTEX_POINT('',#11730);
#5379=VERTEX_POINT('',#11734);
#5380=VERTEX_POINT('',#11736);
#5381=VERTEX_POINT('',#11738);
#5382=VERTEX_POINT('',#11740);
#5383=VERTEX_POINT('',#11742);
#5384=VERTEX_POINT('',#11747);
#5385=VERTEX_POINT('',#11748);
#5386=VERTEX_POINT('',#11750);
#5387=VERTEX_POINT('',#11752);
#5388=VERTEX_POINT('',#11754);
#5389=VERTEX_POINT('',#11759);
#5390=VERTEX_POINT('',#11761);
#5391=VERTEX_POINT('',#11765);
#5392=VERTEX_POINT('',#11767);
#5393=VERTEX_POINT('',#11771);
#5394=VERTEX_POINT('',#11775);
#5395=VERTEX_POINT('',#11776);
#5396=VERTEX_POINT('',#11778);
#5397=VERTEX_POINT('',#11780);
#5398=VERTEX_POINT('',#11782);
#5399=VERTEX_POINT('',#11784);
#5400=VERTEX_POINT('',#11786);
#5401=VERTEX_POINT('',#11788);
#5402=VERTEX_POINT('',#11791);
#5403=VERTEX_POINT('',#11795);
#5404=VERTEX_POINT('',#11797);
#5405=VERTEX_POINT('',#11801);
#5406=VERTEX_POINT('',#11803);
#5407=VERTEX_POINT('',#11807);
#5408=VERTEX_POINT('',#11808);
#5409=VERTEX_POINT('',#11810);
#5410=VERTEX_POINT('',#11812);
#5411=VERTEX_POINT('',#11814);
#5412=VERTEX_POINT('',#11816);
#5413=VERTEX_POINT('',#11820);
#5414=VERTEX_POINT('',#11822);
#5415=VERTEX_POINT('',#11824);
#5416=VERTEX_POINT('',#11826);
#5417=VERTEX_POINT('',#11834);
#5418=VERTEX_POINT('',#11836);
#5419=VERTEX_POINT('',#11841);
#5420=VERTEX_POINT('',#11843);
#5421=VERTEX_POINT('',#11845);
#5422=VERTEX_POINT('',#11847);
#5423=VERTEX_POINT('',#11912);
#5424=VERTEX_POINT('',#11913);
#5425=VERTEX_POINT('',#11915);
#5426=VERTEX_POINT('',#11917);
#5427=VERTEX_POINT('',#11921);
#5428=VERTEX_POINT('',#11923);
#5429=VERTEX_POINT('',#11926);
#5430=VERTEX_POINT('',#11928);
#5431=VERTEX_POINT('',#11933);
#5432=VERTEX_POINT('',#11935);
#5433=VERTEX_POINT('',#11939);
#5434=VERTEX_POINT('',#11941);
#5435=VERTEX_POINT('',#11956);
#5436=VERTEX_POINT('',#11957);
#5437=VERTEX_POINT('',#11959);
#5438=VERTEX_POINT('',#11961);
#5439=VERTEX_POINT('',#11976);
#5440=VERTEX_POINT('',#11979);
#5441=VERTEX_POINT('',#11983);
#5442=VERTEX_POINT('',#11986);
#5443=VERTEX_POINT('',#11989);
#5444=VERTEX_POINT('',#11992);
#5445=VERTEX_POINT('',#11995);
#5446=VERTEX_POINT('',#11999);
#5447=VERTEX_POINT('',#12002);
#5448=VERTEX_POINT('',#12005);
#5449=VERTEX_POINT('',#12008);
#5450=VERTEX_POINT('',#12011);
#5451=VERTEX_POINT('',#12015);
#5452=VERTEX_POINT('',#12016);
#5453=VERTEX_POINT('',#12020);
#5454=VERTEX_POINT('',#12021);
#5455=VERTEX_POINT('',#12029);
#5456=VERTEX_POINT('',#12031);
#5457=VERTEX_POINT('',#12037);
#5458=VERTEX_POINT('',#12038);
#5459=VERTEX_POINT('',#12042);
#5460=VERTEX_POINT('',#12043);
#5461=VERTEX_POINT('',#12047);
#5462=VERTEX_POINT('',#12048);
#5463=VERTEX_POINT('',#12051);
#5464=VERTEX_POINT('',#12055);
#5465=VERTEX_POINT('',#12056);
#5466=VERTEX_POINT('',#12059);
#5467=VERTEX_POINT('',#12066);
#5468=VERTEX_POINT('',#12070);
#5469=VERTEX_POINT('',#12077);
#5470=VERTEX_POINT('',#12081);
#5471=VERTEX_POINT('',#12088);
#5472=VERTEX_POINT('',#12092);
#5473=VERTEX_POINT('',#12099);
#5474=VERTEX_POINT('',#12101);
#5475=VERTEX_POINT('',#12105);
#5476=VERTEX_POINT('',#12109);
#5477=VERTEX_POINT('',#12113);
#5478=VERTEX_POINT('',#12117);
#5479=VERTEX_POINT('',#12121);
#5480=VERTEX_POINT('',#12125);
#5481=VERTEX_POINT('',#12129);
#5482=VERTEX_POINT('',#12130);
#5483=VERTEX_POINT('',#12132);
#5484=VERTEX_POINT('',#12134);
#5485=VERTEX_POINT('',#12138);
#5486=VERTEX_POINT('',#12140);
#5487=VERTEX_POINT('',#12144);
#5488=VERTEX_POINT('',#12145);
#5489=VERTEX_POINT('',#12147);
#5490=VERTEX_POINT('',#12149);
#5491=VERTEX_POINT('',#12153);
#5492=VERTEX_POINT('',#12155);
#5493=VERTEX_POINT('',#12159);
#5494=VERTEX_POINT('',#12161);
#5495=VERTEX_POINT('',#12165);
#5496=VERTEX_POINT('',#12166);
#5497=VERTEX_POINT('',#12168);
#5498=VERTEX_POINT('',#12170);
#5499=VERTEX_POINT('',#12174);
#5500=VERTEX_POINT('',#12176);
#5501=VERTEX_POINT('',#12180);
#5502=VERTEX_POINT('',#12181);
#5503=VERTEX_POINT('',#12183);
#5504=VERTEX_POINT('',#12185);
#5505=VERTEX_POINT('',#12189);
#5506=VERTEX_POINT('',#12191);
#5507=VERTEX_POINT('',#12195);
#5508=VERTEX_POINT('',#12196);
#5509=VERTEX_POINT('',#12198);
#5510=VERTEX_POINT('',#12200);
#5511=VERTEX_POINT('',#12204);
#5512=VERTEX_POINT('',#12206);
#5513=VERTEX_POINT('',#12210);
#5514=VERTEX_POINT('',#12211);
#5515=VERTEX_POINT('',#12213);
#5516=VERTEX_POINT('',#12215);
#5517=VERTEX_POINT('',#12219);
#5518=VERTEX_POINT('',#12221);
#5519=VERTEX_POINT('',#12225);
#5520=VERTEX_POINT('',#12226);
#5521=VERTEX_POINT('',#12228);
#5522=VERTEX_POINT('',#12230);
#5523=VERTEX_POINT('',#12234);
#5524=VERTEX_POINT('',#12236);
#5525=VERTEX_POINT('',#12240);
#5526=VERTEX_POINT('',#12242);
#5527=VERTEX_POINT('',#12246);
#5528=VERTEX_POINT('',#12248);
#5529=VERTEX_POINT('',#12252);
#5530=VERTEX_POINT('',#12254);
#5531=VERTEX_POINT('',#12258);
#5532=VERTEX_POINT('',#12260);
#5533=VERTEX_POINT('',#12264);
#5534=VERTEX_POINT('',#12266);
#5535=VERTEX_POINT('',#12270);
#5536=VERTEX_POINT('',#12272);
#5537=VERTEX_POINT('',#12276);
#5538=VERTEX_POINT('',#12278);
#5539=VERTEX_POINT('',#12282);
#5540=VERTEX_POINT('',#12284);
#5541=VERTEX_POINT('',#12288);
#5542=VERTEX_POINT('',#12290);
#5543=VERTEX_POINT('',#12294);
#5544=VERTEX_POINT('',#12296);
#5545=VERTEX_POINT('',#12300);
#5546=VERTEX_POINT('',#12302);
#5547=VERTEX_POINT('',#12306);
#5548=VERTEX_POINT('',#12308);
#5549=VERTEX_POINT('',#12312);
#5550=VERTEX_POINT('',#12314);
#5551=VERTEX_POINT('',#12318);
#5552=VERTEX_POINT('',#12319);
#5553=VERTEX_POINT('',#12321);
#5554=VERTEX_POINT('',#12323);
#5555=VERTEX_POINT('',#12327);
#5556=VERTEX_POINT('',#12329);
#5557=VERTEX_POINT('',#12333);
#5558=VERTEX_POINT('',#12335);
#5559=VERTEX_POINT('',#12339);
#5560=VERTEX_POINT('',#12340);
#5561=VERTEX_POINT('',#12342);
#5562=VERTEX_POINT('',#12344);
#5563=VERTEX_POINT('',#12348);
#5564=VERTEX_POINT('',#12350);
#5565=VERTEX_POINT('',#12354);
#5566=VERTEX_POINT('',#12356);
#5567=VERTEX_POINT('',#12360);
#5568=VERTEX_POINT('',#12361);
#5569=VERTEX_POINT('',#12363);
#5570=VERTEX_POINT('',#12365);
#5571=VERTEX_POINT('',#12369);
#5572=VERTEX_POINT('',#12371);
#5573=VERTEX_POINT('',#12375);
#5574=VERTEX_POINT('',#12376);
#5575=VERTEX_POINT('',#12378);
#5576=VERTEX_POINT('',#12380);
#5577=VERTEX_POINT('',#12384);
#5578=VERTEX_POINT('',#12386);
#5579=VERTEX_POINT('',#12390);
#5580=VERTEX_POINT('',#12391);
#5581=VERTEX_POINT('',#12393);
#5582=VERTEX_POINT('',#12395);
#5583=VERTEX_POINT('',#12399);
#5584=VERTEX_POINT('',#12401);
#5585=VERTEX_POINT('',#12405);
#5586=VERTEX_POINT('',#12406);
#5587=VERTEX_POINT('',#12408);
#5588=VERTEX_POINT('',#12410);
#5589=VERTEX_POINT('',#12414);
#5590=VERTEX_POINT('',#12416);
#5591=VERTEX_POINT('',#12420);
#5592=VERTEX_POINT('',#12421);
#5593=VERTEX_POINT('',#12423);
#5594=VERTEX_POINT('',#12425);
#5595=VERTEX_POINT('',#12429);
#5596=VERTEX_POINT('',#12431);
#5597=VERTEX_POINT('',#12435);
#5598=VERTEX_POINT('',#12437);
#5599=VERTEX_POINT('',#12441);
#5600=VERTEX_POINT('',#12443);
#5601=VERTEX_POINT('',#12447);
#5602=VERTEX_POINT('',#12449);
#5603=VERTEX_POINT('',#12453);
#5604=VERTEX_POINT('',#12455);
#5605=VERTEX_POINT('',#12459);
#5606=VERTEX_POINT('',#12461);
#5607=VERTEX_POINT('',#12465);
#5608=VERTEX_POINT('',#12467);
#5609=VERTEX_POINT('',#12471);
#5610=VERTEX_POINT('',#12473);
#5611=VERTEX_POINT('',#12477);
#5612=VERTEX_POINT('',#12479);
#5613=VERTEX_POINT('',#12483);
#5614=VERTEX_POINT('',#12485);
#5615=VERTEX_POINT('',#12489);
#5616=VERTEX_POINT('',#12491);
#5617=VERTEX_POINT('',#12495);
#5618=VERTEX_POINT('',#12497);
#5619=VERTEX_POINT('',#12501);
#5620=VERTEX_POINT('',#12503);
#5621=VERTEX_POINT('',#12507);
#5622=VERTEX_POINT('',#12509);
#5623=VERTEX_POINT('',#12513);
#5624=VERTEX_POINT('',#12515);
#5625=VERTEX_POINT('',#12519);
#5626=VERTEX_POINT('',#12521);
#5627=VERTEX_POINT('',#12525);
#5628=VERTEX_POINT('',#12526);
#5629=VERTEX_POINT('',#12528);
#5630=VERTEX_POINT('',#12530);
#5631=VERTEX_POINT('',#12534);
#5632=VERTEX_POINT('',#12536);
#5633=VERTEX_POINT('',#12540);
#5634=VERTEX_POINT('',#12542);
#5635=VERTEX_POINT('',#12546);
#5636=VERTEX_POINT('',#12548);
#5637=VERTEX_POINT('',#12552);
#5638=VERTEX_POINT('',#12554);
#5639=VERTEX_POINT('',#12558);
#5640=VERTEX_POINT('',#12560);
#5641=VERTEX_POINT('',#12564);
#5642=VERTEX_POINT('',#12566);
#5643=VERTEX_POINT('',#12570);
#5644=VERTEX_POINT('',#12572);
#5645=VERTEX_POINT('',#12576);
#5646=VERTEX_POINT('',#12578);
#5647=VERTEX_POINT('',#12582);
#5648=VERTEX_POINT('',#12584);
#5649=VERTEX_POINT('',#12588);
#5650=VERTEX_POINT('',#12590);
#5651=VERTEX_POINT('',#12594);
#5652=VERTEX_POINT('',#12595);
#5653=VERTEX_POINT('',#12597);
#5654=VERTEX_POINT('',#12599);
#5655=VERTEX_POINT('',#12603);
#5656=VERTEX_POINT('',#12605);
#5657=VERTEX_POINT('',#12609);
#5658=VERTEX_POINT('',#12611);
#5659=VERTEX_POINT('',#12615);
#5660=VERTEX_POINT('',#12617);
#5661=VERTEX_POINT('',#12621);
#5662=VERTEX_POINT('',#12623);
#5663=VERTEX_POINT('',#12627);
#5664=VERTEX_POINT('',#12629);
#5665=VERTEX_POINT('',#12633);
#5666=VERTEX_POINT('',#12635);
#5667=VERTEX_POINT('',#12639);
#5668=VERTEX_POINT('',#12641);
#5669=VERTEX_POINT('',#12645);
#5670=VERTEX_POINT('',#12647);
#5671=VERTEX_POINT('',#12651);
#5672=VERTEX_POINT('',#12653);
#5673=VERTEX_POINT('',#12657);
#5674=VERTEX_POINT('',#12659);
#5675=VERTEX_POINT('',#12663);
#5676=VERTEX_POINT('',#12665);
#5677=VERTEX_POINT('',#12669);
#5678=VERTEX_POINT('',#12671);
#5679=VERTEX_POINT('',#12675);
#5680=VERTEX_POINT('',#12677);
#5681=VERTEX_POINT('',#12681);
#5682=VERTEX_POINT('',#12683);
#5683=VERTEX_POINT('',#12687);
#5684=VERTEX_POINT('',#12689);
#5685=VERTEX_POINT('',#12693);
#5686=VERTEX_POINT('',#12695);
#5687=VERTEX_POINT('',#12699);
#5688=VERTEX_POINT('',#12701);
#5689=VERTEX_POINT('',#12705);
#5690=VERTEX_POINT('',#12707);
#5691=VERTEX_POINT('',#12711);
#5692=VERTEX_POINT('',#12713);
#5693=VERTEX_POINT('',#12717);
#5694=VERTEX_POINT('',#12719);
#5695=VERTEX_POINT('',#12723);
#5696=VERTEX_POINT('',#12725);
#5697=VERTEX_POINT('',#12729);
#5698=VERTEX_POINT('',#12731);
#5699=VERTEX_POINT('',#12735);
#5700=VERTEX_POINT('',#12737);
#5701=VERTEX_POINT('',#12741);
#5702=VERTEX_POINT('',#12743);
#5703=VERTEX_POINT('',#12747);
#5704=VERTEX_POINT('',#12749);
#5705=VERTEX_POINT('',#12753);
#5706=VERTEX_POINT('',#12755);
#5707=VERTEX_POINT('',#12759);
#5708=VERTEX_POINT('',#12761);
#5709=VERTEX_POINT('',#12765);
#5710=VERTEX_POINT('',#12767);
#5711=VERTEX_POINT('',#12771);
#5712=VERTEX_POINT('',#12773);
#5713=VERTEX_POINT('',#12777);
#5714=VERTEX_POINT('',#12779);
#5715=VERTEX_POINT('',#12783);
#5716=VERTEX_POINT('',#12785);
#5717=VERTEX_POINT('',#12789);
#5718=VERTEX_POINT('',#12791);
#5719=VERTEX_POINT('',#12795);
#5720=VERTEX_POINT('',#12797);
#5721=VERTEX_POINT('',#12801);
#5722=VERTEX_POINT('',#12803);
#5723=VERTEX_POINT('',#12807);
#5724=VERTEX_POINT('',#12809);
#5725=VERTEX_POINT('',#12813);
#5726=VERTEX_POINT('',#12815);
#5727=VERTEX_POINT('',#12819);
#5728=VERTEX_POINT('',#12821);
#5729=VERTEX_POINT('',#12825);
#5730=VERTEX_POINT('',#12827);
#5731=VERTEX_POINT('',#12831);
#5732=VERTEX_POINT('',#12833);
#5733=VERTEX_POINT('',#12837);
#5734=VERTEX_POINT('',#12838);
#5735=VERTEX_POINT('',#12840);
#5736=VERTEX_POINT('',#12842);
#5737=VERTEX_POINT('',#12846);
#5738=VERTEX_POINT('',#12848);
#5739=VERTEX_POINT('',#12852);
#5740=VERTEX_POINT('',#12854);
#5741=VERTEX_POINT('',#12858);
#5742=VERTEX_POINT('',#12859);
#5743=VERTEX_POINT('',#12861);
#5744=VERTEX_POINT('',#12863);
#5745=VERTEX_POINT('',#12867);
#5746=VERTEX_POINT('',#12869);
#5747=VERTEX_POINT('',#12873);
#5748=VERTEX_POINT('',#12875);
#5749=VERTEX_POINT('',#12879);
#5750=VERTEX_POINT('',#12881);
#5751=VERTEX_POINT('',#12885);
#5752=VERTEX_POINT('',#12887);
#5753=VERTEX_POINT('',#12891);
#5754=VERTEX_POINT('',#12892);
#5755=VERTEX_POINT('',#12894);
#5756=VERTEX_POINT('',#12896);
#5757=VERTEX_POINT('',#12900);
#5758=VERTEX_POINT('',#12902);
#5759=VERTEX_POINT('',#12906);
#5760=VERTEX_POINT('',#12908);
#5761=VERTEX_POINT('',#12912);
#5762=VERTEX_POINT('',#12913);
#5763=VERTEX_POINT('',#12915);
#5764=VERTEX_POINT('',#12917);
#5765=VERTEX_POINT('',#12921);
#5766=VERTEX_POINT('',#12923);
#5767=VERTEX_POINT('',#12927);
#5768=VERTEX_POINT('',#12929);
#5769=VERTEX_POINT('',#12933);
#5770=VERTEX_POINT('',#12934);
#5771=VERTEX_POINT('',#12936);
#5772=VERTEX_POINT('',#12938);
#5773=VERTEX_POINT('',#12942);
#5774=VERTEX_POINT('',#12944);
#5775=VERTEX_POINT('',#12948);
#5776=VERTEX_POINT('',#12949);
#5777=VERTEX_POINT('',#12951);
#5778=VERTEX_POINT('',#12953);
#5779=VERTEX_POINT('',#12957);
#5780=VERTEX_POINT('',#12959);
#5781=VERTEX_POINT('',#12963);
#5782=VERTEX_POINT('',#12965);
#5783=VERTEX_POINT('',#12969);
#5784=VERTEX_POINT('',#12971);
#5785=VERTEX_POINT('',#12975);
#5786=VERTEX_POINT('',#12977);
#5787=VERTEX_POINT('',#12981);
#5788=VERTEX_POINT('',#12983);
#5789=VERTEX_POINT('',#12987);
#5790=VERTEX_POINT('',#12989);
#5791=VERTEX_POINT('',#12993);
#5792=VERTEX_POINT('',#12995);
#5793=VERTEX_POINT('',#12999);
#5794=VERTEX_POINT('',#13001);
#5795=VERTEX_POINT('',#13005);
#5796=VERTEX_POINT('',#13007);
#5797=VERTEX_POINT('',#13011);
#5798=VERTEX_POINT('',#13013);
#5799=VERTEX_POINT('',#13017);
#5800=VERTEX_POINT('',#13019);
#5801=VERTEX_POINT('',#13023);
#5802=VERTEX_POINT('',#13025);
#5803=VERTEX_POINT('',#13029);
#5804=VERTEX_POINT('',#13030);
#5805=VERTEX_POINT('',#13032);
#5806=VERTEX_POINT('',#13034);
#5807=VERTEX_POINT('',#13038);
#5808=VERTEX_POINT('',#13040);
#5809=VERTEX_POINT('',#13044);
#5810=VERTEX_POINT('',#13046);
#5811=VERTEX_POINT('',#13050);
#5812=VERTEX_POINT('',#13052);
#5813=VERTEX_POINT('',#13056);
#5814=VERTEX_POINT('',#13058);
#5815=VERTEX_POINT('',#13062);
#5816=VERTEX_POINT('',#13064);
#5817=VERTEX_POINT('',#13068);
#5818=VERTEX_POINT('',#13070);
#5819=VERTEX_POINT('',#13074);
#5820=VERTEX_POINT('',#13076);
#5821=VERTEX_POINT('',#13080);
#5822=VERTEX_POINT('',#13082);
#5823=VERTEX_POINT('',#13086);
#5824=VERTEX_POINT('',#13088);
#5825=VERTEX_POINT('',#13092);
#5826=VERTEX_POINT('',#13094);
#5827=VERTEX_POINT('',#13098);
#5828=VERTEX_POINT('',#13099);
#5829=VERTEX_POINT('',#13101);
#5830=VERTEX_POINT('',#13103);
#5831=VERTEX_POINT('',#13107);
#5832=VERTEX_POINT('',#13109);
#5833=VERTEX_POINT('',#13113);
#5834=VERTEX_POINT('',#13115);
#5835=VERTEX_POINT('',#13119);
#5836=VERTEX_POINT('',#13121);
#5837=VERTEX_POINT('',#13125);
#5838=VERTEX_POINT('',#13127);
#5839=VERTEX_POINT('',#13131);
#5840=VERTEX_POINT('',#13133);
#5841=VERTEX_POINT('',#13137);
#5842=VERTEX_POINT('',#13139);
#5843=VERTEX_POINT('',#13146);
#5844=VERTEX_POINT('',#13148);
#5845=VERTEX_POINT('',#13166);
#5846=VERTEX_POINT('',#13168);
#5847=VERTEX_POINT('',#13177);
#5848=VERTEX_POINT('',#13179);
#5849=VERTEX_POINT('',#13188);
#5850=VERTEX_POINT('',#13190);
#5851=VERTEX_POINT('',#13199);
#5852=VERTEX_POINT('',#13201);
#5853=VERTEX_POINT('',#13272);
#5854=VERTEX_POINT('',#13277);
#5855=VERTEX_POINT('',#13279);
#5856=VERTEX_POINT('',#13281);
#5857=VERTEX_POINT('',#13283);
#5858=VERTEX_POINT('',#13285);
#5859=VERTEX_POINT('',#13287);
#5860=VERTEX_POINT('',#13289);
#5861=VERTEX_POINT('',#13290);
#5862=VERTEX_POINT('',#13292);
#5863=VERTEX_POINT('',#13294);
#5864=VERTEX_POINT('',#13298);
#5865=VERTEX_POINT('',#13299);
#5866=VERTEX_POINT('',#13301);
#5867=VERTEX_POINT('',#13303);
#5868=VERTEX_POINT('',#13307);
#5869=VERTEX_POINT('',#13308);
#5870=VERTEX_POINT('',#13310);
#5871=VERTEX_POINT('',#13312);
#5872=VERTEX_POINT('',#13319);
#5873=VERTEX_POINT('',#13324);
#5874=VERTEX_POINT('',#13338);
#5875=VERTEX_POINT('',#13340);
#5876=VERTEX_POINT('',#13341);
#5877=VERTEX_POINT('',#13343);
#5878=VERTEX_POINT('',#13345);
#5879=VERTEX_POINT('',#13347);
#5880=VERTEX_POINT('',#13349);
#5881=VERTEX_POINT('',#13351);
#5882=VERTEX_POINT('',#13353);
#5883=VERTEX_POINT('',#13355);
#5884=VERTEX_POINT('',#13357);
#5885=VERTEX_POINT('',#13359);
#5886=VERTEX_POINT('',#13361);
#5887=VERTEX_POINT('',#13368);
#5888=VERTEX_POINT('',#13370);
#5889=VERTEX_POINT('',#13380);
#5890=VERTEX_POINT('',#13385);
#5891=VERTEX_POINT('',#13392);
#5892=VERTEX_POINT('',#13397);
#5893=VERTEX_POINT('',#13404);
#5894=VERTEX_POINT('',#13409);
#5895=VERTEX_POINT('',#13416);
#5896=VERTEX_POINT('',#13421);
#5897=VERTEX_POINT('',#13428);
#5898=VERTEX_POINT('',#13433);
#5899=VERTEX_POINT('',#13437);
#5900=VERTEX_POINT('',#13439);
#5901=VERTEX_POINT('',#13443);
#5902=VERTEX_POINT('',#13445);
#5903=VERTEX_POINT('',#13449);
#5904=VERTEX_POINT('',#13451);
#5905=VERTEX_POINT('',#13455);
#5906=VERTEX_POINT('',#13457);
#5907=VERTEX_POINT('',#13461);
#5908=VERTEX_POINT('',#13463);
#5909=VERTEX_POINT('',#13467);
#5910=VERTEX_POINT('',#13469);
#5911=VERTEX_POINT('',#13473);
#5912=VERTEX_POINT('',#13476);
#5913=VERTEX_POINT('',#13479);
#5914=VERTEX_POINT('',#13482);
#5915=VERTEX_POINT('',#13485);
#5916=VERTEX_POINT('',#13488);
#5917=VERTEX_POINT('',#13491);
#5918=VERTEX_POINT('',#13494);
#5919=VERTEX_POINT('',#13497);
#5920=VERTEX_POINT('',#13500);
#5921=VERTEX_POINT('',#13503);
#5922=VERTEX_POINT('',#13506);
#5923=VERTEX_POINT('',#13509);
#5924=VERTEX_POINT('',#13512);
#5925=VERTEX_POINT('',#13515);
#5926=VERTEX_POINT('',#13518);
#5927=VERTEX_POINT('',#13521);
#5928=VERTEX_POINT('',#13524);
#5929=VERTEX_POINT('',#13527);
#5930=VERTEX_POINT('',#13530);
#5931=VERTEX_POINT('',#13533);
#5932=VERTEX_POINT('',#13536);
#5933=VERTEX_POINT('',#13539);
#5934=VERTEX_POINT('',#13542);
#5935=VERTEX_POINT('',#13545);
#5936=VERTEX_POINT('',#13548);
#5937=VERTEX_POINT('',#13558);
#5938=VERTEX_POINT('',#13561);
#5939=VERTEX_POINT('',#13564);
#5940=VERTEX_POINT('',#13567);
#5941=VERTEX_POINT('',#13573);
#5942=VERTEX_POINT('',#13576);
#5943=VERTEX_POINT('',#13579);
#5944=VERTEX_POINT('',#13591);
#5945=VERTEX_POINT('',#13593);
#5946=VERTEX_POINT('',#13597);
#5947=VERTEX_POINT('',#13601);
#5948=VERTEX_POINT('',#13608);
#5949=VERTEX_POINT('',#13612);
#5950=VERTEX_POINT('',#13616);
#5951=VERTEX_POINT('',#13620);
#5952=VERTEX_POINT('',#13624);
#5953=VERTEX_POINT('',#13629);
#5954=VERTEX_POINT('',#13630);
#5955=VERTEX_POINT('',#13632);
#5956=VERTEX_POINT('',#13634);
#5957=VERTEX_POINT('',#13636);
#5958=VERTEX_POINT('',#13638);
#5959=VERTEX_POINT('',#13640);
#5960=VERTEX_POINT('',#13642);
#5961=VERTEX_POINT('',#13644);
#5962=VERTEX_POINT('',#13646);
#5963=VERTEX_POINT('',#13650);
#5964=VERTEX_POINT('',#13651);
#5965=VERTEX_POINT('',#13654);
#5966=VERTEX_POINT('',#13656);
#5967=VERTEX_POINT('',#13660);
#5968=VERTEX_POINT('',#13661);
#5969=VERTEX_POINT('',#13664);
#5970=VERTEX_POINT('',#13668);
#5971=VERTEX_POINT('',#13669);
#5972=VERTEX_POINT('',#13672);
#5973=VERTEX_POINT('',#13676);
#5974=VERTEX_POINT('',#13678);
#5975=VERTEX_POINT('',#13680);
#5976=VERTEX_POINT('',#13684);
#5977=VERTEX_POINT('',#13686);
#5978=VERTEX_POINT('',#13688);
#5979=VERTEX_POINT('',#13692);
#5980=VERTEX_POINT('',#13694);
#5981=VERTEX_POINT('',#13696);
#5982=VERTEX_POINT('',#13698);
#5983=VERTEX_POINT('',#13702);
#5984=VERTEX_POINT('',#13704);
#5985=VERTEX_POINT('',#13706);
#5986=VERTEX_POINT('',#13710);
#5987=VERTEX_POINT('',#13711);
#5988=VERTEX_POINT('',#13713);
#5989=VERTEX_POINT('',#13715);
#5990=VERTEX_POINT('',#13717);
#5991=VERTEX_POINT('',#13728);
#5992=VERTEX_POINT('',#13729);
#5993=VERTEX_POINT('',#13731);
#5994=VERTEX_POINT('',#13733);
#5995=VERTEX_POINT('',#13735);
#5996=VERTEX_POINT('',#13739);
#5997=VERTEX_POINT('',#13740);
#5998=VERTEX_POINT('',#13743);
#5999=VERTEX_POINT('',#13763);
#6000=VERTEX_POINT('',#13765);
#6001=VERTEX_POINT('',#13767);
#6002=VERTEX_POINT('',#13773);
#6003=VERTEX_POINT('',#13776);
#6004=VERTEX_POINT('',#13779);
#6005=VERTEX_POINT('',#13782);
#6006=VERTEX_POINT('',#13784);
#6007=VERTEX_POINT('',#13787);
#6008=VERTEX_POINT('',#13790);
#6009=VERTEX_POINT('',#13793);
#6010=VERTEX_POINT('',#13796);
#6011=VERTEX_POINT('',#13798);
#6012=VERTEX_POINT('',#13801);
#6013=VERTEX_POINT('',#13804);
#6014=VERTEX_POINT('',#13807);
#6015=VERTEX_POINT('',#13810);
#6016=VERTEX_POINT('',#13812);
#6017=VERTEX_POINT('',#13828);
#6018=VERTEX_POINT('',#13830);
#6019=VERTEX_POINT('',#13833);
#6020=VERTEX_POINT('',#13836);
#6021=VERTEX_POINT('',#13839);
#6022=VERTEX_POINT('',#13842);
#6023=VERTEX_POINT('',#13845);
#6024=VERTEX_POINT('',#13848);
#6025=CIRCLE('',#8237,5.75);
#6026=CIRCLE('',#8238,5.75);
#6027=CIRCLE('',#8239,5.75);
#6028=CIRCLE('',#8240,5.75);
#6029=CIRCLE('',#8241,5.75);
#6030=CIRCLE('',#8242,5.75);
#6031=CIRCLE('',#8243,5.75);
#6032=CIRCLE('',#8245,3.25);
#6033=CIRCLE('',#8246,1.05);
#6034=CIRCLE('',#8247,5.325735931288);
#6035=CIRCLE('',#8248,1.05000000000003);
#6036=CIRCLE('',#8249,5.325735931288);
#6037=CIRCLE('',#8250,1.04999999999999);
#6038=CIRCLE('',#8251,5.325735931288);
#6039=CIRCLE('',#8256,2.);
#6040=CIRCLE('',#8257,2.);
#6041=CIRCLE('',#8258,2.5);
#6042=CIRCLE('',#8259,2.5);
#6043=CIRCLE('',#8261,0.99999999999846);
#6044=CIRCLE('',#8262,0.99999999999846);
#6045=CIRCLE('',#8264,4.);
#6046=CIRCLE('',#8265,0.99999999999846);
#6047=CIRCLE('',#8266,3.);
#6048=CIRCLE('',#8268,4.);
#6049=CIRCLE('',#8269,3.);
#6050=CIRCLE('',#8270,0.99999999999846);
#6051=CIRCLE('',#8272,4.00000000000065);
#6052=CIRCLE('',#8273,4.00000000000065);
#6053=CIRCLE('',#8275,4.00000000000065);
#6054=CIRCLE('',#8276,4.00000000000065);
#6055=CIRCLE('',#8279,3.89999999999842);
#6056=CIRCLE('',#8281,4.00000000000066);
#6057=CIRCLE('',#8283,4.5);
#6058=CIRCLE('',#8284,4.00000000000066);
#6059=CIRCLE('',#8286,2.);
#6060=CIRCLE('',#8287,2.);
#6061=CIRCLE('',#8288,2.5);
#6062=CIRCLE('',#8289,2.5);
#6063=CIRCLE('',#8290,6.1414213562373);
#6064=CIRCLE('',#8292,3.89999999999842);
#6065=CIRCLE('',#8294,4.00000000000064);
#6066=CIRCLE('',#8295,4.00000000000064);
#6067=CIRCLE('',#8297,3.99999999999999);
#6068=CIRCLE('',#8298,3.99999999999999);
#6069=CIRCLE('',#8300,3.99999999999999);
#6070=CIRCLE('',#8302,2.00000000000031);
#6071=CIRCLE('',#8303,2.00000000000031);
#6072=CIRCLE('',#8304,2.00000000000014);
#6073=CIRCLE('',#8305,2.00000000000014);
#6074=CIRCLE('',#8309,2.99999999999999);
#6075=CIRCLE('',#8310,2.99999999999999);
#6076=CIRCLE('',#8313,0.99999999999846);
#6077=CIRCLE('',#8314,0.99999999999846);
#6078=CIRCLE('',#8316,0.99999999999846);
#6079=CIRCLE('',#8317,0.99999999999846);
#6080=CIRCLE('',#8319,3.7);
#6081=CIRCLE('',#8320,3.7);
#6082=CIRCLE('',#8322,0.99999999999846);
#6083=CIRCLE('',#8323,0.99999999999846);
#6084=CIRCLE('',#8325,0.99999999999846);
#6085=CIRCLE('',#8326,0.99999999999846);
#6086=CIRCLE('',#8354,0.99999999999846);
#6087=CIRCLE('',#8356,0.99999999999846);
#6088=CIRCLE('',#8358,0.99999999999846);
#6089=CIRCLE('',#8359,0.99999999999846);
#6090=CIRCLE('',#8362,3.89999999999999);
#6091=CIRCLE('',#8363,3.89999999999999);
#6092=CIRCLE('',#8364,3.99999999999999);
#6093=CIRCLE('',#8366,3.89999999999999);
#6094=CIRCLE('',#8367,3.99999999999999);
#6095=CIRCLE('',#8368,3.89999999999999);
#6096=CIRCLE('',#8371,3.99999999999999);
#6097=CIRCLE('',#8377,4.00000000000066);
#6098=CIRCLE('',#8380,3.89999999999842);
#6099=CIRCLE('',#8383,4.00000000000066);
#6100=CIRCLE('',#8385,3.89999999999842);
#6101=CIRCLE('',#8388,6.);
#6102=CIRCLE('',#8390,6.);
#6103=CIRCLE('',#8393,3.7);
#6104=CIRCLE('',#8395,2.15);
#6105=CIRCLE('',#8397,2.15);
#6106=CIRCLE('',#8399,2.067);
#6107=CIRCLE('',#8401,2.067);
#6108=CIRCLE('',#8404,3.7);
#6109=CIRCLE('',#8406,2.15);
#6110=CIRCLE('',#8408,2.15);
#6111=CIRCLE('',#8410,2.067);
#6112=CIRCLE('',#8412,2.067);
#6113=CIRCLE('',#8415,2.);
#6114=CIRCLE('',#8418,2.);
#6115=CIRCLE('',#8424,2.75);
#6116=CIRCLE('',#8425,2.75);
#6117=CIRCLE('',#8430,2.);
#6118=CIRCLE('',#8433,2.);
#6119=CIRCLE('',#8436,2.067);
#6120=CIRCLE('',#8438,2.067);
#6121=CIRCLE('',#8441,2.067);
#6122=CIRCLE('',#8443,2.067);
#6123=CIRCLE('',#8450,1.05000000000003);
#6124=CIRCLE('',#8455,1.04999999999999);
#6125=CIRCLE('',#8459,1.05);
#6126=CIRCLE('',#8463,2.00000000000031);
#6127=CIRCLE('',#8466,2.00000000000014);
#6128=CIRCLE('',#8469,2.00000000000014);
#6129=CIRCLE('',#8472,2.00000000000031);
#6130=CIRCLE('',#8506,0.749999999999964);
#6131=CIRCLE('',#8507,0.749999999999964);
#6132=CIRCLE('',#8526,0.836999999999757);
#6133=CIRCLE('',#8527,0.836999999999757);
#6134=CIRCLE('',#8548,0.671999999982843);
#6135=CIRCLE('',#8549,0.671999999982843);
#6136=CIRCLE('',#8551,0.510000000006626);
#6137=CIRCLE('',#8552,0.510000000006626);
#6138=CIRCLE('',#8554,0.628000000009193);
#6139=CIRCLE('',#8555,0.628000000009193);
#6140=CIRCLE('',#8557,1.08500000060521);
#6141=CIRCLE('',#8558,1.08500000060521);
#6142=CIRCLE('',#8560,0.894000000140942);
#6143=CIRCLE('',#8561,0.894000000140942);
#6144=CIRCLE('',#8564,0.413000000054913);
#6145=CIRCLE('',#8565,0.413000000054913);
#6146=CIRCLE('',#8567,0.384999999852061);
#6147=CIRCLE('',#8568,0.384999999852061);
#6148=CIRCLE('',#8570,0.211000000038964);
#6149=CIRCLE('',#8571,0.211000000038964);
#6150=CIRCLE('',#8573,0.265999999979773);
#6151=CIRCLE('',#8574,0.265999999979773);
#6152=CIRCLE('',#8576,0.524999999985603);
#6153=CIRCLE('',#8577,0.524999999985603);
#6154=CIRCLE('',#8579,0.577999999985263);
#6155=CIRCLE('',#8580,0.577999999985263);
#6156=CIRCLE('',#8582,0.773000000061148);
#6157=CIRCLE('',#8583,0.773000000061148);
#6158=CIRCLE('',#8585,0.553000000033549);
#6159=CIRCLE('',#8586,0.553000000033549);
#6160=CIRCLE('',#8588,0.515999999990268);
#6161=CIRCLE('',#8589,0.515999999990268);
#6162=CIRCLE('',#8591,0.261000000003952);
#6163=CIRCLE('',#8592,0.261000000003952);
#6164=CIRCLE('',#8594,0.26099999999946);
#6165=CIRCLE('',#8595,0.26099999999946);
#6166=CIRCLE('',#8597,0.515999999995771);
#6167=CIRCLE('',#8598,0.515999999995771);
#6168=CIRCLE('',#8600,0.553000000061713);
#6169=CIRCLE('',#8601,0.553000000061713);
#6170=CIRCLE('',#8603,0.773000000030458);
#6171=CIRCLE('',#8604,0.773000000030458);
#6172=CIRCLE('',#8606,0.577999999908029);
#6173=CIRCLE('',#8607,0.577999999908029);
#6174=CIRCLE('',#8609,0.524999999943532);
#6175=CIRCLE('',#8610,0.524999999943532);
#6176=CIRCLE('',#8612,0.265999999980797);
#6177=CIRCLE('',#8613,0.265999999980797);
#6178=CIRCLE('',#8615,0.211000000065142);
#6179=CIRCLE('',#8616,0.211000000065142);
#6180=CIRCLE('',#8618,0.384999999930536);
#6181=CIRCLE('',#8619,0.384999999930536);
#6182=CIRCLE('',#8621,0.412999999952217);
#6183=CIRCLE('',#8622,0.412999999952217);
#6184=CIRCLE('',#8625,0.89400000014096);
#6185=CIRCLE('',#8626,0.89400000014096);
#6186=CIRCLE('',#8628,1.0850000004662);
#6187=CIRCLE('',#8629,1.0850000004662);
#6188=CIRCLE('',#8631,0.627999999998937);
#6189=CIRCLE('',#8632,0.627999999998937);
#6190=CIRCLE('',#8634,0.510000000006533);
#6191=CIRCLE('',#8635,0.510000000006533);
#6192=CIRCLE('',#8637,0.672000000014209);
#6193=CIRCLE('',#8638,0.672000000014209);
#6194=CIRCLE('',#8640,0.906999999999665);
#6195=CIRCLE('',#8641,0.906999999999665);
#6196=CIRCLE('',#8643,0.66299999991147);
#6197=CIRCLE('',#8644,0.66299999991147);
#6198=CIRCLE('',#8646,0.520999999920839);
#6199=CIRCLE('',#8647,0.520999999920839);
#6200=CIRCLE('',#8649,0.480000000019328);
#6201=CIRCLE('',#8650,0.480000000019328);
#6202=CIRCLE('',#8652,0.845000000000967);
#6203=CIRCLE('',#8653,0.845000000000967);
#6204=CIRCLE('',#8655,0.480000000019441);
#6205=CIRCLE('',#8656,0.480000000019441);
#6206=CIRCLE('',#8658,0.520999999921278);
#6207=CIRCLE('',#8659,0.520999999921278);
#6208=CIRCLE('',#8661,0.662999999906658);
#6209=CIRCLE('',#8662,0.662999999906658);
#6210=CIRCLE('',#8673,1.02899999999999);
#6211=CIRCLE('',#8674,1.02899999999999);
#6212=CIRCLE('',#8686,0.366999999996563);
#6213=CIRCLE('',#8687,0.366999999996563);
#6214=CIRCLE('',#8689,0.521999999981853);
#6215=CIRCLE('',#8690,0.521999999981853);
#6216=CIRCLE('',#8697,0.939000000023637);
#6217=CIRCLE('',#8698,0.939000000023637);
#6218=CIRCLE('',#8713,1.02700000000047);
#6219=CIRCLE('',#8714,1.02700000000047);
#6220=CIRCLE('',#8719,1.0269999999999);
#6221=CIRCLE('',#8720,1.0269999999999);
#6222=CIRCLE('',#8724,1.);
#6223=CIRCLE('',#8725,1.);
#6224=CIRCLE('',#8732,1.);
#6225=CIRCLE('',#8733,1.);
#6226=CIRCLE('',#8737,1.);
#6227=CIRCLE('',#8738,1.);
#6228=CIRCLE('',#8740,1.00000000000012);
#6229=CIRCLE('',#8741,1.00000000000012);
#6230=CIRCLE('',#8744,1.);
#6231=CIRCLE('',#8745,1.);
#6232=CIRCLE('',#8749,1.);
#6233=CIRCLE('',#8750,1.);
#6234=CIRCLE('',#8753,0.837000000000327);
#6235=CIRCLE('',#8754,0.837000000000327);
#6236=CIRCLE('',#8757,0.906999999995829);
#6237=CIRCLE('',#8758,0.906999999995829);
#6238=CIRCLE('',#8762,1.46);
#6239=CIRCLE('',#8763,1.46);
#6240=CIRCLE('',#8767,0.470000000002314);
#6241=CIRCLE('',#8768,0.470000000002314);
#6242=CIRCLE('',#8771,1.459);
#6243=CIRCLE('',#8772,1.459);
#6244=CIRCLE('',#8805,4.5);
#6245=CIRCLE('',#8809,0.5);
#6246=CIRCLE('',#8810,0.5);
#6247=CIRCLE('',#8811,0.5);
#6248=CIRCLE('',#8812,0.5);
#6249=CIRCLE('',#8813,0.5);
#6250=CIRCLE('',#8814,4.15);
#6251=CIRCLE('',#8815,4.14999999999942);
#6252=CIRCLE('',#8816,0.600000000000002);
#6253=CIRCLE('',#8818,6.);
#6254=CIRCLE('',#8819,6.);
#6255=CIRCLE('',#8821,6.);
#6256=CIRCLE('',#8822,6.);
#6257=CIRCLE('',#8824,5.25);
#6258=CIRCLE('',#8826,5.25);
#6259=CIRCLE('',#8828,4.2);
#6260=CIRCLE('',#8829,6.982);
#6261=CIRCLE('',#8830,6.982);
#6262=CIRCLE('',#8831,6.982);
#6263=CIRCLE('',#8832,6.982);
#6264=CIRCLE('',#8833,6.982);
#6265=CIRCLE('',#8834,6.982);
#6266=CIRCLE('',#8836,7.2);
#6267=CIRCLE('',#8838,7.2);
#6268=CIRCLE('',#8840,7.2);
#6269=CIRCLE('',#8842,7.2);
#6270=CIRCLE('',#8844,7.2);
#6271=CIRCLE('',#8846,7.2);
#6272=CIRCLE('',#8848,7.2);
#6273=CIRCLE('',#8850,7.2);
#6274=CIRCLE('',#8852,7.2);
#6275=CIRCLE('',#8854,7.2);
#6276=CIRCLE('',#8856,7.2);
#6277=CIRCLE('',#8858,7.2);
#6278=CIRCLE('',#8860,2.752166729863);
#6279=CIRCLE('',#8862,2.7510833649315);
#6280=CIRCLE('',#8864,0.19999999999999);
#6281=CIRCLE('',#8866,0.19999999999999);
#6282=CIRCLE('',#8868,2.7505416824657);
#6283=CIRCLE('',#8870,2.75);
#6284=CIRCLE('',#8872,3.229974596029);
#6285=CIRCLE('',#8874,4.0961313108913);
#6286=CIRCLE('',#8876,5.25);
#6287=CIRCLE('',#8878,5.25);
#6288=CIRCLE('',#8880,5.05);
#6289=CIRCLE('',#8882,4.6);
#6290=CIRCLE('',#8884,4.4);
#6291=CIRCLE('',#8886,4.4000000000002);
#6292=CIRCLE('',#8888,4.4260000000002);
#6293=CIRCLE('',#8890,5.0749999999998);
#6294=CIRCLE('',#8892,5.0999999999998);
#6295=CIRCLE('',#8894,5.1000000000002);
#6296=CIRCLE('',#8896,5.1260000000003);
#6297=CIRCLE('',#8898,5.9749999999998);
#6298=CIRCLE('',#8900,5.9999999999998);
#6299=CIRCLE('',#8902,6.);
#6300=CIRCLE('',#8904,5.9848922298946);
#6301=CIRCLE('',#8906,5.8090730896231);
#6302=CIRCLE('',#8908,5.316627104293);
#6303=CIRCLE('',#8910,4.2);
#6304=CIRCLE('',#8913,7.3);
#6305=CIRCLE('',#8915,7.5);
#6306=CIRCLE('',#8917,7.5);
#6307=CIRCLE('',#8919,7.);
#6308=CIRCLE('',#8922,5.25);
#6309=CIRCLE('',#8924,5.05);
#6310=CIRCLE('',#8926,4.15);
#6311=CIRCLE('',#8937,4.14999999999942);
#6312=CIRCLE('',#8940,0.600000000000002);
#6313=CIRCLE('',#8944,0.5);
#6314=CIRCLE('',#8947,0.5);
#6315=CIRCLE('',#8950,0.5);
#6316=CIRCLE('',#8953,0.5);
#6317=CIRCLE('',#8956,0.5);
#6318=CIRCLE('',#8960,0.2828427124745);
#6319=CIRCLE('',#8961,0.2828427124745);
#6320=CIRCLE('',#8980,2.5);
#6321=CIRCLE('',#8981,2.5);
#6322=CIRCLE('',#8982,2.5);
#6323=CIRCLE('',#8985,2.5);
#6324=CIRCLE('',#8987,1.5);
#6325=CIRCLE('',#8989,1.2295);
#6326=CIRCLE('',#8991,1.2295);
#6327=CIRCLE('',#8994,2.5);
#6328=CIRCLE('',#8996,1.5);
#6329=CIRCLE('',#8998,1.2295);
#6330=CIRCLE('',#9000,1.2295);
#6331=CIRCLE('',#9003,2.5);
#6332=CIRCLE('',#9005,1.5);
#6333=CIRCLE('',#9007,1.2295);
#6334=CIRCLE('',#9009,1.2295);
#6335=CIRCLE('',#9023,1.4999999999999);
#6336=CIRCLE('',#9024,1.4999999999999);
#6337=CIRCLE('',#9026,1.5551543289325);
#6338=CIRCLE('',#9028,2.4448456710674);
#6339=CIRCLE('',#9030,2.5);
#6340=CIRCLE('',#9032,2.5);
#6341=CIRCLE('',#9034,2.4448456710674);
#6342=CIRCLE('',#9036,1.5551543289325);
#6343=EDGE_LOOP('',(#1954));
#6344=EDGE_LOOP('',(#1955,#1956,#1957,#1958,#1959,#1960,#1961,#1962,#1963,
#1964,#1965,#1966));
#6345=EDGE_LOOP('',(#1967));
#6346=EDGE_LOOP('',(#1968,#1969,#1970,#1971,#1972,#1973,#1974,#1975,#1976,
#1977,#1978,#1979));
#6347=EDGE_LOOP('',(#1980,#1981,#1982,#1983));
#6348=EDGE_LOOP('',(#1984,#1985,#1986,#1987));
#6349=EDGE_LOOP('',(#1988,#1989,#1990,#1991));
#6350=EDGE_LOOP('',(#1992));
#6351=EDGE_LOOP('',(#1993));
#6352=EDGE_LOOP('',(#1994));
#6353=EDGE_LOOP('',(#1995));
#6354=EDGE_LOOP('',(#1996,#1997,#1998,#1999));
#6355=EDGE_LOOP('',(#2000,#2001,#2002,#2003));
#6356=EDGE_LOOP('',(#2004,#2005,#2006,#2007,#2008));
#6357=EDGE_LOOP('',(#2009,#2010,#2011,#2012,#2013));
#6358=EDGE_LOOP('',(#2014,#2015,#2016,#2017,#2018,#2019));
#6359=EDGE_LOOP('',(#2020,#2021,#2022,#2023,#2024,#2025));
#6360=EDGE_LOOP('',(#2026,#2027,#2028,#2029));
#6361=EDGE_LOOP('',(#2030,#2031,#2032,#2033,#2034));
#6362=EDGE_LOOP('',(#2035));
#6363=EDGE_LOOP('',(#2036,#2037,#2038,#2039,#2040,#2041,#2042,#2043,#2044,
#2045,#2046,#2047,#2048,#2049,#2050,#2051,#2052,#2053,#2054,#2055,#2056,
#2057,#2058,#2059,#2060,#2061,#2062,#2063,#2064,#2065,#2066,#2067,#2068,
#2069,#2070,#2071,#2072,#2073,#2074));
#6364=EDGE_LOOP('',(#2075));
#6365=EDGE_LOOP('',(#2076,#2077,#2078,#2079,#2080,#2081,#2082,#2083,#2084,
#2085,#2086,#2087,#2088,#2089,#2090,#2091,#2092,#2093,#2094,#2095,#2096,
#2097,#2098,#2099,#2100,#2101,#2102,#2103,#2104,#2105,#2106,#2107,#2108,
#2109,#2110,#2111,#2112,#2113,#2114));
#6366=EDGE_LOOP('',(#2115));
#6367=EDGE_LOOP('',(#2116));
#6368=EDGE_LOOP('',(#2117));
#6369=EDGE_LOOP('',(#2118));
#6370=EDGE_LOOP('',(#2119));
#6371=EDGE_LOOP('',(#2120,#2121,#2122,#2123));
#6372=EDGE_LOOP('',(#2124,#2125,#2126,#2127,#2128));
#6373=EDGE_LOOP('',(#2129,#2130,#2131,#2132,#2133,#2134));
#6374=EDGE_LOOP('',(#2135,#2136,#2137,#2138));
#6375=EDGE_LOOP('',(#2139,#2140,#2141,#2142));
#6376=EDGE_LOOP('',(#2143,#2144,#2145,#2146,#2147,#2148,#2149,#2150));
#6377=EDGE_LOOP('',(#2151,#2152,#2153,#2154));
#6378=EDGE_LOOP('',(#2155,#2156,#2157,#2158));
#6379=EDGE_LOOP('',(#2159,#2160,#2161,#2162,#2163,#2164));
#6380=EDGE_LOOP('',(#2165,#2166,#2167,#2168,#2169,#2170));
#6381=EDGE_LOOP('',(#2171,#2172,#2173,#2174,#2175,#2176,#2177,#2178));
#6382=EDGE_LOOP('',(#2179,#2180,#2181,#2182,#2183,#2184));
#6383=EDGE_LOOP('',(#2185,#2186,#2187,#2188,#2189,#2190));
#6384=EDGE_LOOP('',(#2191));
#6385=EDGE_LOOP('',(#2192));
#6386=EDGE_LOOP('',(#2193,#2194,#2195,#2196));
#6387=EDGE_LOOP('',(#2197,#2198,#2199,#2200,#2201,#2202));
#6388=EDGE_LOOP('',(#2203,#2204,#2205,#2206,#2207,#2208));
#6389=EDGE_LOOP('',(#2209,#2210,#2211,#2212));
#6390=EDGE_LOOP('',(#2213,#2214,#2215,#2216));
#6391=EDGE_LOOP('',(#2217,#2218,#2219,#2220));
#6392=EDGE_LOOP('',(#2221,#2222,#2223,#2224));
#6393=EDGE_LOOP('',(#2225,#2226,#2227,#2228));
#6394=EDGE_LOOP('',(#2229,#2230,#2231,#2232));
#6395=EDGE_LOOP('',(#2233,#2234,#2235,#2236));
#6396=EDGE_LOOP('',(#2237,#2238,#2239,#2240));
#6397=EDGE_LOOP('',(#2241,#2242,#2243,#2244));
#6398=EDGE_LOOP('',(#2245,#2246,#2247,#2248));
#6399=EDGE_LOOP('',(#2249,#2250,#2251,#2252));
#6400=EDGE_LOOP('',(#2253,#2254,#2255,#2256));
#6401=EDGE_LOOP('',(#2257,#2258,#2259,#2260));
#6402=EDGE_LOOP('',(#2261,#2262,#2263,#2264));
#6403=EDGE_LOOP('',(#2265,#2266,#2267,#2268));
#6404=EDGE_LOOP('',(#2269,#2270,#2271,#2272));
#6405=EDGE_LOOP('',(#2273,#2274,#2275,#2276));
#6406=EDGE_LOOP('',(#2277,#2278,#2279,#2280));
#6407=EDGE_LOOP('',(#2281,#2282,#2283,#2284));
#6408=EDGE_LOOP('',(#2285,#2286,#2287,#2288));
#6409=EDGE_LOOP('',(#2289,#2290,#2291,#2292));
#6410=EDGE_LOOP('',(#2293,#2294,#2295,#2296));
#6411=EDGE_LOOP('',(#2297,#2298,#2299,#2300));
#6412=EDGE_LOOP('',(#2301,#2302,#2303,#2304));
#6413=EDGE_LOOP('',(#2305,#2306,#2307,#2308));
#6414=EDGE_LOOP('',(#2309,#2310,#2311,#2312));
#6415=EDGE_LOOP('',(#2313,#2314,#2315,#2316));
#6416=EDGE_LOOP('',(#2317,#2318,#2319,#2320));
#6417=EDGE_LOOP('',(#2321,#2322,#2323,#2324));
#6418=EDGE_LOOP('',(#2325,#2326,#2327,#2328));
#6419=EDGE_LOOP('',(#2329,#2330,#2331,#2332,#2333,#2334,#2335,#2336,#2337,
#2338,#2339,#2340));
#6420=EDGE_LOOP('',(#2341,#2342,#2343,#2344,#2345,#2346,#2347,#2348,#2349,
#2350,#2351,#2352));
#6421=EDGE_LOOP('',(#2353,#2354,#2355,#2356));
#6422=EDGE_LOOP('',(#2357,#2358,#2359,#2360));
#6423=EDGE_LOOP('',(#2361,#2362,#2363,#2364));
#6424=EDGE_LOOP('',(#2365,#2366,#2367,#2368));
#6425=EDGE_LOOP('',(#2369,#2370,#2371,#2372));
#6426=EDGE_LOOP('',(#2373,#2374,#2375,#2376));
#6427=EDGE_LOOP('',(#2377,#2378,#2379,#2380));
#6428=EDGE_LOOP('',(#2381,#2382,#2383,#2384,#2385,#2386,#2387,#2388));
#6429=EDGE_LOOP('',(#2389,#2390,#2391,#2392));
#6430=EDGE_LOOP('',(#2393,#2394,#2395,#2396,#2397,#2398,#2399,#2400));
#6431=EDGE_LOOP('',(#2401,#2402,#2403,#2404));
#6432=EDGE_LOOP('',(#2405,#2406,#2407,#2408));
#6433=EDGE_LOOP('',(#2409,#2410,#2411,#2412,#2413,#2414,#2415,#2416));
#6434=EDGE_LOOP('',(#2417));
#6435=EDGE_LOOP('',(#2418));
#6436=EDGE_LOOP('',(#2419));
#6437=EDGE_LOOP('',(#2420));
#6438=EDGE_LOOP('',(#2421));
#6439=EDGE_LOOP('',(#2422));
#6440=EDGE_LOOP('',(#2423));
#6441=EDGE_LOOP('',(#2424));
#6442=EDGE_LOOP('',(#2425));
#6443=EDGE_LOOP('',(#2426));
#6444=EDGE_LOOP('',(#2427));
#6445=EDGE_LOOP('',(#2428));
#6446=EDGE_LOOP('',(#2429));
#6447=EDGE_LOOP('',(#2430));
#6448=EDGE_LOOP('',(#2431));
#6449=EDGE_LOOP('',(#2432));
#6450=EDGE_LOOP('',(#2433));
#6451=EDGE_LOOP('',(#2434));
#6452=EDGE_LOOP('',(#2435));
#6453=EDGE_LOOP('',(#2436));
#6454=EDGE_LOOP('',(#2437));
#6455=EDGE_LOOP('',(#2438));
#6456=EDGE_LOOP('',(#2439));
#6457=EDGE_LOOP('',(#2440));
#6458=EDGE_LOOP('',(#2441));
#6459=EDGE_LOOP('',(#2442));
#6460=EDGE_LOOP('',(#2443));
#6461=EDGE_LOOP('',(#2444));
#6462=EDGE_LOOP('',(#2445));
#6463=EDGE_LOOP('',(#2446));
#6464=EDGE_LOOP('',(#2447));
#6465=EDGE_LOOP('',(#2448));
#6466=EDGE_LOOP('',(#2449));
#6467=EDGE_LOOP('',(#2450));
#6468=EDGE_LOOP('',(#2451));
#6469=EDGE_LOOP('',(#2452,#2453,#2454,#2455,#2456,#2457));
#6470=EDGE_LOOP('',(#2458,#2459,#2460,#2461));
#6471=EDGE_LOOP('',(#2462,#2463,#2464,#2465));
#6472=EDGE_LOOP('',(#2466));
#6473=EDGE_LOOP('',(#2467));
#6474=EDGE_LOOP('',(#2468));
#6475=EDGE_LOOP('',(#2469));
#6476=EDGE_LOOP('',(#2470));
#6477=EDGE_LOOP('',(#2471,#2472,#2473,#2474));
#6478=EDGE_LOOP('',(#2475));
#6479=EDGE_LOOP('',(#2476));
#6480=EDGE_LOOP('',(#2477));
#6481=EDGE_LOOP('',(#2478));
#6482=EDGE_LOOP('',(#2479));
#6483=EDGE_LOOP('',(#2480));
#6484=EDGE_LOOP('',(#2481));
#6485=EDGE_LOOP('',(#2482));
#6486=EDGE_LOOP('',(#2483));
#6487=EDGE_LOOP('',(#2484));
#6488=EDGE_LOOP('',(#2485));
#6489=EDGE_LOOP('',(#2486));
#6490=EDGE_LOOP('',(#2487));
#6491=EDGE_LOOP('',(#2488));
#6492=EDGE_LOOP('',(#2489));
#6493=EDGE_LOOP('',(#2490));
#6494=EDGE_LOOP('',(#2491,#2492,#2493,#2494));
#6495=EDGE_LOOP('',(#2495,#2496,#2497,#2498,#2499,#2500));
#6496=EDGE_LOOP('',(#2501,#2502,#2503,#2504,#2505));
#6497=EDGE_LOOP('',(#2506,#2507,#2508,#2509,#2510));
#6498=EDGE_LOOP('',(#2511,#2512,#2513,#2514));
#6499=EDGE_LOOP('',(#2515,#2516,#2517,#2518));
#6500=EDGE_LOOP('',(#2519,#2520,#2521,#2522,#2523));
#6501=EDGE_LOOP('',(#2524,#2525,#2526,#2527,#2528));
#6502=EDGE_LOOP('',(#2529,#2530,#2531,#2532));
#6503=EDGE_LOOP('',(#2533,#2534,#2535,#2536));
#6504=EDGE_LOOP('',(#2537,#2538,#2539,#2540,#2541));
#6505=EDGE_LOOP('',(#2542,#2543,#2544,#2545));
#6506=EDGE_LOOP('',(#2546,#2547,#2548,#2549,#2550));
#6507=EDGE_LOOP('',(#2551,#2552,#2553,#2554));
#6508=EDGE_LOOP('',(#2555,#2556,#2557,#2558));
#6509=EDGE_LOOP('',(#2559,#2560,#2561,#2562));
#6510=EDGE_LOOP('',(#2563,#2564,#2565,#2566));
#6511=EDGE_LOOP('',(#2567,#2568,#2569,#2570));
#6512=EDGE_LOOP('',(#2571,#2572,#2573,#2574));
#6513=EDGE_LOOP('',(#2575,#2576,#2577,#2578));
#6514=EDGE_LOOP('',(#2579,#2580,#2581,#2582));
#6515=EDGE_LOOP('',(#2583,#2584,#2585,#2586));
#6516=EDGE_LOOP('',(#2587,#2588,#2589,#2590));
#6517=EDGE_LOOP('',(#2591,#2592,#2593,#2594));
#6518=EDGE_LOOP('',(#2595,#2596,#2597,#2598));
#6519=EDGE_LOOP('',(#2599,#2600,#2601,#2602));
#6520=EDGE_LOOP('',(#2603,#2604,#2605,#2606));
#6521=EDGE_LOOP('',(#2607,#2608,#2609,#2610));
#6522=EDGE_LOOP('',(#2611,#2612,#2613,#2614));
#6523=EDGE_LOOP('',(#2615,#2616,#2617,#2618));
#6524=EDGE_LOOP('',(#2619,#2620,#2621,#2622));
#6525=EDGE_LOOP('',(#2623,#2624,#2625,#2626));
#6526=EDGE_LOOP('',(#2627,#2628,#2629,#2630));
#6527=EDGE_LOOP('',(#2631,#2632,#2633,#2634));
#6528=EDGE_LOOP('',(#2635,#2636,#2637,#2638));
#6529=EDGE_LOOP('',(#2639,#2640,#2641,#2642));
#6530=EDGE_LOOP('',(#2643,#2644,#2645,#2646));
#6531=EDGE_LOOP('',(#2647,#2648,#2649,#2650));
#6532=EDGE_LOOP('',(#2651,#2652,#2653,#2654));
#6533=EDGE_LOOP('',(#2655,#2656,#2657,#2658));
#6534=EDGE_LOOP('',(#2659,#2660,#2661,#2662));
#6535=EDGE_LOOP('',(#2663,#2664,#2665,#2666));
#6536=EDGE_LOOP('',(#2667,#2668,#2669,#2670));
#6537=EDGE_LOOP('',(#2671,#2672,#2673,#2674));
#6538=EDGE_LOOP('',(#2675,#2676,#2677,#2678));
#6539=EDGE_LOOP('',(#2679,#2680,#2681,#2682));
#6540=EDGE_LOOP('',(#2683,#2684,#2685,#2686));
#6541=EDGE_LOOP('',(#2687,#2688,#2689,#2690));
#6542=EDGE_LOOP('',(#2691,#2692,#2693,#2694));
#6543=EDGE_LOOP('',(#2695,#2696,#2697,#2698));
#6544=EDGE_LOOP('',(#2699,#2700,#2701,#2702));
#6545=EDGE_LOOP('',(#2703,#2704,#2705,#2706));
#6546=EDGE_LOOP('',(#2707,#2708,#2709,#2710));
#6547=EDGE_LOOP('',(#2711,#2712,#2713,#2714));
#6548=EDGE_LOOP('',(#2715,#2716,#2717,#2718));
#6549=EDGE_LOOP('',(#2719,#2720,#2721,#2722));
#6550=EDGE_LOOP('',(#2723,#2724,#2725,#2726));
#6551=EDGE_LOOP('',(#2727,#2728,#2729,#2730));
#6552=EDGE_LOOP('',(#2731,#2732,#2733,#2734));
#6553=EDGE_LOOP('',(#2735,#2736,#2737,#2738));
#6554=EDGE_LOOP('',(#2739,#2740,#2741,#2742));
#6555=EDGE_LOOP('',(#2743,#2744,#2745,#2746));
#6556=EDGE_LOOP('',(#2747,#2748,#2749,#2750));
#6557=EDGE_LOOP('',(#2751,#2752,#2753,#2754));
#6558=EDGE_LOOP('',(#2755,#2756,#2757,#2758));
#6559=EDGE_LOOP('',(#2759,#2760,#2761,#2762));
#6560=EDGE_LOOP('',(#2763,#2764,#2765,#2766));
#6561=EDGE_LOOP('',(#2767,#2768,#2769,#2770));
#6562=EDGE_LOOP('',(#2771,#2772,#2773,#2774));
#6563=EDGE_LOOP('',(#2775,#2776,#2777,#2778));
#6564=EDGE_LOOP('',(#2779,#2780,#2781,#2782));
#6565=EDGE_LOOP('',(#2783,#2784,#2785,#2786));
#6566=EDGE_LOOP('',(#2787,#2788,#2789,#2790));
#6567=EDGE_LOOP('',(#2791,#2792,#2793,#2794));
#6568=EDGE_LOOP('',(#2795,#2796,#2797,#2798));
#6569=EDGE_LOOP('',(#2799,#2800,#2801,#2802));
#6570=EDGE_LOOP('',(#2803,#2804,#2805,#2806));
#6571=EDGE_LOOP('',(#2807,#2808,#2809,#2810));
#6572=EDGE_LOOP('',(#2811,#2812,#2813,#2814));
#6573=EDGE_LOOP('',(#2815,#2816,#2817,#2818));
#6574=EDGE_LOOP('',(#2819,#2820,#2821,#2822));
#6575=EDGE_LOOP('',(#2823,#2824,#2825,#2826));
#6576=EDGE_LOOP('',(#2827,#2828,#2829,#2830));
#6577=EDGE_LOOP('',(#2831,#2832,#2833,#2834));
#6578=EDGE_LOOP('',(#2835,#2836,#2837,#2838));
#6579=EDGE_LOOP('',(#2839,#2840,#2841,#2842));
#6580=EDGE_LOOP('',(#2843,#2844,#2845,#2846));
#6581=EDGE_LOOP('',(#2847,#2848,#2849,#2850));
#6582=EDGE_LOOP('',(#2851,#2852,#2853,#2854));
#6583=EDGE_LOOP('',(#2855,#2856,#2857,#2858));
#6584=EDGE_LOOP('',(#2859,#2860,#2861,#2862));
#6585=EDGE_LOOP('',(#2863,#2864,#2865,#2866));
#6586=EDGE_LOOP('',(#2867,#2868,#2869,#2870));
#6587=EDGE_LOOP('',(#2871,#2872,#2873,#2874));
#6588=EDGE_LOOP('',(#2875,#2876,#2877,#2878));
#6589=EDGE_LOOP('',(#2879,#2880,#2881,#2882));
#6590=EDGE_LOOP('',(#2883,#2884,#2885,#2886));
#6591=EDGE_LOOP('',(#2887,#2888,#2889,#2890));
#6592=EDGE_LOOP('',(#2891,#2892,#2893,#2894));
#6593=EDGE_LOOP('',(#2895,#2896,#2897,#2898));
#6594=EDGE_LOOP('',(#2899,#2900,#2901,#2902));
#6595=EDGE_LOOP('',(#2903,#2904,#2905,#2906));
#6596=EDGE_LOOP('',(#2907,#2908,#2909,#2910));
#6597=EDGE_LOOP('',(#2911,#2912,#2913,#2914));
#6598=EDGE_LOOP('',(#2915,#2916,#2917,#2918));
#6599=EDGE_LOOP('',(#2919,#2920,#2921,#2922));
#6600=EDGE_LOOP('',(#2923,#2924,#2925,#2926));
#6601=EDGE_LOOP('',(#2927,#2928,#2929,#2930));
#6602=EDGE_LOOP('',(#2931,#2932,#2933,#2934));
#6603=EDGE_LOOP('',(#2935,#2936,#2937,#2938));
#6604=EDGE_LOOP('',(#2939,#2940,#2941,#2942));
#6605=EDGE_LOOP('',(#2943,#2944,#2945,#2946));
#6606=EDGE_LOOP('',(#2947,#2948,#2949,#2950));
#6607=EDGE_LOOP('',(#2951,#2952,#2953,#2954));
#6608=EDGE_LOOP('',(#2955,#2956,#2957,#2958));
#6609=EDGE_LOOP('',(#2959,#2960,#2961,#2962));
#6610=EDGE_LOOP('',(#2963,#2964,#2965,#2966));
#6611=EDGE_LOOP('',(#2967,#2968,#2969,#2970));
#6612=EDGE_LOOP('',(#2971,#2972,#2973,#2974));
#6613=EDGE_LOOP('',(#2975,#2976,#2977,#2978));
#6614=EDGE_LOOP('',(#2979,#2980,#2981,#2982));
#6615=EDGE_LOOP('',(#2983,#2984,#2985,#2986));
#6616=EDGE_LOOP('',(#2987,#2988,#2989,#2990));
#6617=EDGE_LOOP('',(#2991,#2992,#2993,#2994));
#6618=EDGE_LOOP('',(#2995,#2996,#2997,#2998));
#6619=EDGE_LOOP('',(#2999,#3000,#3001,#3002));
#6620=EDGE_LOOP('',(#3003,#3004,#3005,#3006));
#6621=EDGE_LOOP('',(#3007,#3008,#3009,#3010));
#6622=EDGE_LOOP('',(#3011,#3012,#3013,#3014));
#6623=EDGE_LOOP('',(#3015,#3016,#3017,#3018));
#6624=EDGE_LOOP('',(#3019,#3020,#3021,#3022));
#6625=EDGE_LOOP('',(#3023,#3024,#3025,#3026));
#6626=EDGE_LOOP('',(#3027,#3028,#3029,#3030));
#6627=EDGE_LOOP('',(#3031,#3032,#3033,#3034));
#6628=EDGE_LOOP('',(#3035,#3036,#3037,#3038));
#6629=EDGE_LOOP('',(#3039,#3040,#3041,#3042));
#6630=EDGE_LOOP('',(#3043,#3044,#3045,#3046));
#6631=EDGE_LOOP('',(#3047,#3048,#3049,#3050));
#6632=EDGE_LOOP('',(#3051,#3052,#3053,#3054));
#6633=EDGE_LOOP('',(#3055,#3056,#3057,#3058));
#6634=EDGE_LOOP('',(#3059,#3060,#3061,#3062));
#6635=EDGE_LOOP('',(#3063,#3064,#3065,#3066));
#6636=EDGE_LOOP('',(#3067,#3068,#3069,#3070));
#6637=EDGE_LOOP('',(#3071,#3072,#3073,#3074));
#6638=EDGE_LOOP('',(#3075,#3076,#3077,#3078));
#6639=EDGE_LOOP('',(#3079,#3080,#3081,#3082));
#6640=EDGE_LOOP('',(#3083,#3084,#3085,#3086));
#6641=EDGE_LOOP('',(#3087,#3088,#3089,#3090));
#6642=EDGE_LOOP('',(#3091,#3092,#3093,#3094));
#6643=EDGE_LOOP('',(#3095,#3096,#3097,#3098));
#6644=EDGE_LOOP('',(#3099,#3100,#3101,#3102));
#6645=EDGE_LOOP('',(#3103,#3104,#3105,#3106));
#6646=EDGE_LOOP('',(#3107,#3108,#3109,#3110));
#6647=EDGE_LOOP('',(#3111,#3112,#3113,#3114));
#6648=EDGE_LOOP('',(#3115,#3116,#3117,#3118));
#6649=EDGE_LOOP('',(#3119,#3120,#3121,#3122));
#6650=EDGE_LOOP('',(#3123,#3124,#3125,#3126));
#6651=EDGE_LOOP('',(#3127,#3128,#3129,#3130));
#6652=EDGE_LOOP('',(#3131,#3132,#3133,#3134));
#6653=EDGE_LOOP('',(#3135,#3136,#3137,#3138));
#6654=EDGE_LOOP('',(#3139,#3140,#3141,#3142));
#6655=EDGE_LOOP('',(#3143,#3144,#3145,#3146));
#6656=EDGE_LOOP('',(#3147,#3148,#3149,#3150));
#6657=EDGE_LOOP('',(#3151,#3152,#3153,#3154));
#6658=EDGE_LOOP('',(#3155,#3156,#3157,#3158));
#6659=EDGE_LOOP('',(#3159,#3160,#3161,#3162));
#6660=EDGE_LOOP('',(#3163,#3164,#3165,#3166));
#6661=EDGE_LOOP('',(#3167,#3168,#3169,#3170));
#6662=EDGE_LOOP('',(#3171,#3172,#3173,#3174));
#6663=EDGE_LOOP('',(#3175,#3176,#3177,#3178));
#6664=EDGE_LOOP('',(#3179,#3180,#3181,#3182));
#6665=EDGE_LOOP('',(#3183,#3184,#3185,#3186));
#6666=EDGE_LOOP('',(#3187,#3188,#3189,#3190));
#6667=EDGE_LOOP('',(#3191,#3192,#3193,#3194));
#6668=EDGE_LOOP('',(#3195,#3196,#3197,#3198));
#6669=EDGE_LOOP('',(#3199,#3200,#3201,#3202));
#6670=EDGE_LOOP('',(#3203,#3204,#3205,#3206));
#6671=EDGE_LOOP('',(#3207,#3208,#3209,#3210));
#6672=EDGE_LOOP('',(#3211,#3212,#3213,#3214));
#6673=EDGE_LOOP('',(#3215));
#6674=EDGE_LOOP('',(#3216));
#6675=EDGE_LOOP('',(#3217,#3218,#3219,#3220));
#6676=EDGE_LOOP('',(#3221,#3222,#3223,#3224));
#6677=EDGE_LOOP('',(#3225,#3226,#3227,#3228));
#6678=EDGE_LOOP('',(#3229,#3230,#3231,#3232));
#6679=EDGE_LOOP('',(#3233,#3234,#3235,#3236));
#6680=EDGE_LOOP('',(#3237));
#6681=EDGE_LOOP('',(#3238));
#6682=EDGE_LOOP('',(#3239,#3240,#3241,#3242));
#6683=EDGE_LOOP('',(#3243,#3244,#3245,#3246));
#6684=EDGE_LOOP('',(#3247));
#6685=EDGE_LOOP('',(#3248));
#6686=EDGE_LOOP('',(#3249,#3250,#3251,#3252));
#6687=EDGE_LOOP('',(#3253,#3254,#3255,#3256));
#6688=EDGE_LOOP('',(#3257));
#6689=EDGE_LOOP('',(#3258));
#6690=EDGE_LOOP('',(#3259,#3260,#3261,#3262));
#6691=EDGE_LOOP('',(#3263,#3264,#3265,#3266));
#6692=EDGE_LOOP('',(#3267));
#6693=EDGE_LOOP('',(#3268));
#6694=EDGE_LOOP('',(#3269,#3270,#3271,#3272));
#6695=EDGE_LOOP('',(#3273,#3274,#3275,#3276));
#6696=EDGE_LOOP('',(#3277,#3278,#3279,#3280));
#6697=EDGE_LOOP('',(#3281,#3282,#3283,#3284));
#6698=EDGE_LOOP('',(#3285,#3286,#3287,#3288));
#6699=EDGE_LOOP('',(#3289,#3290,#3291,#3292));
#6700=EDGE_LOOP('',(#3293,#3294,#3295,#3296));
#6701=EDGE_LOOP('',(#3297,#3298,#3299,#3300));
#6702=EDGE_LOOP('',(#3301,#3302,#3303,#3304));
#6703=EDGE_LOOP('',(#3305,#3306,#3307,#3308));
#6704=EDGE_LOOP('',(#3309,#3310,#3311,#3312));
#6705=EDGE_LOOP('',(#3313,#3314,#3315,#3316));
#6706=EDGE_LOOP('',(#3317,#3318,#3319,#3320));
#6707=EDGE_LOOP('',(#3321,#3322,#3323,#3324,#3325,#3326,#3327,#3328));
#6708=EDGE_LOOP('',(#3329,#3330,#3331,#3332,#3333,#3334,#3335,#3336,#3337,
#3338,#3339,#3340));
#6709=EDGE_LOOP('',(#3341,#3342,#3343,#3344,#3345,#3346,#3347,#3348,#3349,
#3350,#3351,#3352,#3353,#3354));
#6710=EDGE_LOOP('',(#3355,#3356,#3357));
#6711=EDGE_LOOP('',(#3358,#3359,#3360,#3361));
#6712=EDGE_LOOP('',(#3362,#3363,#3364,#3365));
#6713=EDGE_LOOP('',(#3366,#3367,#3368,#3369,#3370,#3371));
#6714=EDGE_LOOP('',(#3372,#3373,#3374,#3375));
#6715=EDGE_LOOP('',(#3376,#3377,#3378,#3379,#3380,#3381,#3382,#3383,#3384,
#3385,#3386,#3387,#3388,#3389,#3390,#3391,#3392,#3393,#3394,#3395,#3396,
#3397,#3398,#3399,#3400,#3401,#3402,#3403,#3404,#3405,#3406,#3407,#3408,
#3409,#3410,#3411,#3412,#3413,#3414,#3415,#3416));
#6716=EDGE_LOOP('',(#3417,#3418,#3419,#3420,#3421,#3422,#3423,#3424,#3425,
#3426,#3427,#3428));
#6717=EDGE_LOOP('',(#3429,#3430,#3431,#3432,#3433,#3434,#3435,#3436,#3437,
#3438,#3439,#3440,#3441,#3442,#3443,#3444,#3445,#3446));
#6718=EDGE_LOOP('',(#3447,#3448,#3449));
#6719=EDGE_LOOP('',(#3450));
#6720=EDGE_LOOP('',(#3451,#3452,#3453));
#6721=EDGE_LOOP('',(#3454,#3455,#3456));
#6722=EDGE_LOOP('',(#3457));
#6723=EDGE_LOOP('',(#3458,#3459,#3460));
#6724=EDGE_LOOP('',(#3461,#3462,#3463,#3464));
#6725=EDGE_LOOP('',(#3465));
#6726=EDGE_LOOP('',(#3466,#3467,#3468,#3469));
#6727=EDGE_LOOP('',(#3470,#3471,#3472,#3473,#3474,#3475,#3476,#3477,#3478,
#3479,#3480,#3481,#3482,#3483,#3484,#3485));
#6728=EDGE_LOOP('',(#3486));
#6729=EDGE_LOOP('',(#3487,#3488,#3489));
#6730=EDGE_LOOP('',(#3490,#3491,#3492));
#6731=EDGE_LOOP('',(#3493,#3494,#3495));
#6732=EDGE_LOOP('',(#3496,#3497,#3498));
#6733=EDGE_LOOP('',(#3499,#3500,#3501,#3502));
#6734=EDGE_LOOP('',(#3503));
#6735=EDGE_LOOP('',(#3504,#3505,#3506));
#6736=EDGE_LOOP('',(#3507,#3508,#3509,#3510,#3511,#3512,#3513,#3514));
#6737=EDGE_LOOP('',(#3515,#3516,#3517,#3518,#3519,#3520,#3521,#3522));
#6738=EDGE_LOOP('',(#3523,#3524,#3525,#3526,#3527,#3528,#3529,#3530,#3531,
#3532,#3533,#3534));
#6739=EDGE_LOOP('',(#3535,#3536,#3537,#3538,#3539,#3540,#3541,#3542,#3543,
#3544,#3545,#3546,#3547,#3548));
#6740=EDGE_LOOP('',(#3549,#3550,#3551));
#6741=EDGE_LOOP('',(#3552,#3553,#3554,#3555));
#6742=EDGE_LOOP('',(#3556,#3557,#3558,#3559));
#6743=EDGE_LOOP('',(#3560,#3561,#3562,#3563,#3564,#3565));
#6744=EDGE_LOOP('',(#3566,#3567,#3568,#3569));
#6745=EDGE_LOOP('',(#3570,#3571,#3572,#3573,#3574,#3575,#3576,#3577,#3578,
#3579,#3580,#3581,#3582,#3583,#3584,#3585,#3586,#3587,#3588,#3589,#3590,
#3591,#3592,#3593,#3594,#3595,#3596,#3597,#3598,#3599,#3600,#3601,#3602,
#3603,#3604,#3605,#3606,#3607,#3608,#3609,#3610));
#6746=EDGE_LOOP('',(#3611,#3612,#3613,#3614,#3615,#3616,#3617,#3618,#3619,
#3620,#3621,#3622));
#6747=EDGE_LOOP('',(#3623,#3624,#3625,#3626,#3627,#3628,#3629,#3630,#3631,
#3632,#3633,#3634,#3635,#3636,#3637,#3638,#3639,#3640));
#6748=EDGE_LOOP('',(#3641,#3642,#3643));
#6749=EDGE_LOOP('',(#3644));
#6750=EDGE_LOOP('',(#3645,#3646,#3647));
#6751=EDGE_LOOP('',(#3648,#3649,#3650));
#6752=EDGE_LOOP('',(#3651));
#6753=EDGE_LOOP('',(#3652,#3653,#3654));
#6754=EDGE_LOOP('',(#3655,#3656,#3657,#3658));
#6755=EDGE_LOOP('',(#3659));
#6756=EDGE_LOOP('',(#3660,#3661,#3662,#3663));
#6757=EDGE_LOOP('',(#3664,#3665,#3666,#3667,#3668,#3669,#3670,#3671,#3672,
#3673,#3674,#3675,#3676,#3677,#3678,#3679));
#6758=EDGE_LOOP('',(#3680));
#6759=EDGE_LOOP('',(#3681,#3682,#3683));
#6760=EDGE_LOOP('',(#3684,#3685,#3686));
#6761=EDGE_LOOP('',(#3687,#3688,#3689));
#6762=EDGE_LOOP('',(#3690,#3691,#3692));
#6763=EDGE_LOOP('',(#3693,#3694,#3695,#3696));
#6764=EDGE_LOOP('',(#3697));
#6765=EDGE_LOOP('',(#3698,#3699,#3700));
#6766=EDGE_LOOP('',(#3701));
#6767=EDGE_LOOP('',(#3702));
#6768=EDGE_LOOP('',(#3703));
#6769=EDGE_LOOP('',(#3704));
#6770=EDGE_LOOP('',(#3705));
#6771=EDGE_LOOP('',(#3706));
#6772=EDGE_LOOP('',(#3707));
#6773=EDGE_LOOP('',(#3708));
#6774=EDGE_LOOP('',(#3709));
#6775=EDGE_LOOP('',(#3710,#3711,#3712,#3713));
#6776=EDGE_LOOP('',(#3714,#3715,#3716,#3717));
#6777=EDGE_LOOP('',(#3718,#3719,#3720,#3721));
#6778=EDGE_LOOP('',(#3722,#3723,#3724,#3725));
#6779=EDGE_LOOP('',(#3726,#3727,#3728,#3729));
#6780=EDGE_LOOP('',(#3730));
#6781=EDGE_LOOP('',(#3731,#3732,#3733,#3734,#3735,#3736,#3737,#3738,#3739,
#3740,#3741,#3742));
#6782=EDGE_LOOP('',(#3743,#3744,#3745,#3746));
#6783=EDGE_LOOP('',(#3747,#3748,#3749,#3750));
#6784=EDGE_LOOP('',(#3751,#3752,#3753,#3754));
#6785=EDGE_LOOP('',(#3755,#3756,#3757,#3758));
#6786=EDGE_LOOP('',(#3759,#3760,#3761,#3762));
#6787=EDGE_LOOP('',(#3763,#3764,#3765,#3766));
#6788=EDGE_LOOP('',(#3767,#3768,#3769,#3770));
#6789=EDGE_LOOP('',(#3771,#3772,#3773,#3774));
#6790=EDGE_LOOP('',(#3775,#3776,#3777,#3778));
#6791=EDGE_LOOP('',(#3779,#3780,#3781,#3782));
#6792=EDGE_LOOP('',(#3783,#3784,#3785,#3786));
#6793=EDGE_LOOP('',(#3787,#3788,#3789,#3790));
#6794=EDGE_LOOP('',(#3791));
#6795=EDGE_LOOP('',(#3792));
#6796=EDGE_LOOP('',(#3793));
#6797=EDGE_LOOP('',(#3794));
#6798=EDGE_LOOP('',(#3795));
#6799=EDGE_LOOP('',(#3796));
#6800=EDGE_LOOP('',(#3797));
#6801=EDGE_LOOP('',(#3798));
#6802=EDGE_LOOP('',(#3799));
#6803=EDGE_LOOP('',(#3800));
#6804=EDGE_LOOP('',(#3801));
#6805=EDGE_LOOP('',(#3802));
#6806=EDGE_LOOP('',(#3803));
#6807=EDGE_LOOP('',(#3804));
#6808=EDGE_LOOP('',(#3805));
#6809=EDGE_LOOP('',(#3806));
#6810=EDGE_LOOP('',(#3807));
#6811=EDGE_LOOP('',(#3808));
#6812=EDGE_LOOP('',(#3809));
#6813=EDGE_LOOP('',(#3810));
#6814=EDGE_LOOP('',(#3811));
#6815=EDGE_LOOP('',(#3812));
#6816=EDGE_LOOP('',(#3813));
#6817=EDGE_LOOP('',(#3814));
#6818=EDGE_LOOP('',(#3815));
#6819=EDGE_LOOP('',(#3816));
#6820=EDGE_LOOP('',(#3817));
#6821=EDGE_LOOP('',(#3818));
#6822=EDGE_LOOP('',(#3819));
#6823=EDGE_LOOP('',(#3820));
#6824=EDGE_LOOP('',(#3821));
#6825=EDGE_LOOP('',(#3822));
#6826=EDGE_LOOP('',(#3823));
#6827=EDGE_LOOP('',(#3824));
#6828=EDGE_LOOP('',(#3825));
#6829=EDGE_LOOP('',(#3826));
#6830=EDGE_LOOP('',(#3827));
#6831=EDGE_LOOP('',(#3828));
#6832=EDGE_LOOP('',(#3829));
#6833=EDGE_LOOP('',(#3830));
#6834=EDGE_LOOP('',(#3831));
#6835=EDGE_LOOP('',(#3832));
#6836=EDGE_LOOP('',(#3833));
#6837=EDGE_LOOP('',(#3834));
#6838=EDGE_LOOP('',(#3835));
#6839=EDGE_LOOP('',(#3836));
#6840=EDGE_LOOP('',(#3837));
#6841=EDGE_LOOP('',(#3838));
#6842=EDGE_LOOP('',(#3839));
#6843=EDGE_LOOP('',(#3840));
#6844=EDGE_LOOP('',(#3841));
#6845=EDGE_LOOP('',(#3842));
#6846=EDGE_LOOP('',(#3843));
#6847=EDGE_LOOP('',(#3844,#3845,#3846,#3847,#3848,#3849,#3850,#3851,#3852,
#3853,#3854,#3855));
#6848=EDGE_LOOP('',(#3856));
#6849=EDGE_LOOP('',(#3857));
#6850=EDGE_LOOP('',(#3858));
#6851=EDGE_LOOP('',(#3859));
#6852=EDGE_LOOP('',(#3860));
#6853=EDGE_LOOP('',(#3861));
#6854=EDGE_LOOP('',(#3862));
#6855=EDGE_LOOP('',(#3863,#3864,#3865,#3866));
#6856=EDGE_LOOP('',(#3867));
#6857=EDGE_LOOP('',(#3868));
#6858=EDGE_LOOP('',(#3869,#3870));
#6859=EDGE_LOOP('',(#3871));
#6860=EDGE_LOOP('',(#3872));
#6861=EDGE_LOOP('',(#3873));
#6862=EDGE_LOOP('',(#3874));
#6863=EDGE_LOOP('',(#3875));
#6864=EDGE_LOOP('',(#3876));
#6865=EDGE_LOOP('',(#3877,#3878,#3879,#3880,#3881,#3882));
#6866=EDGE_LOOP('',(#3883,#3884,#3885,#3886,#3887,#3888));
#6867=EDGE_LOOP('',(#3889,#3890,#3891,#3892,#3893,#3894));
#6868=EDGE_LOOP('',(#3895,#3896,#3897,#3898,#3899,#3900));
#6869=EDGE_LOOP('',(#3901,#3902,#3903,#3904,#3905,#3906));
#6870=EDGE_LOOP('',(#3907,#3908,#3909,#3910,#3911,#3912));
#6871=EDGE_LOOP('',(#3913,#3914,#3915,#3916,#3917));
#6872=EDGE_LOOP('',(#3918,#3919,#3920,#3921,#3922));
#6873=EDGE_LOOP('',(#3923,#3924,#3925,#3926));
#6874=EDGE_LOOP('',(#3927,#3928,#3929,#3930));
#6875=EDGE_LOOP('',(#3931,#3932,#3933,#3934));
#6876=EDGE_LOOP('',(#3935,#3936,#3937,#3938));
#6877=EDGE_LOOP('',(#3939,#3940,#3941,#3942));
#6878=EDGE_LOOP('',(#3943));
#6879=EDGE_LOOP('',(#3944));
#6880=EDGE_LOOP('',(#3945));
#6881=EDGE_LOOP('',(#3946));
#6882=EDGE_LOOP('',(#3947));
#6883=EDGE_LOOP('',(#3948));
#6884=EDGE_LOOP('',(#3949));
#6885=EDGE_LOOP('',(#3950));
#6886=EDGE_LOOP('',(#3951));
#6887=EDGE_LOOP('',(#3952));
#6888=EDGE_LOOP('',(#3953));
#6889=EDGE_LOOP('',(#3954));
#6890=EDGE_LOOP('',(#3955));
#6891=EDGE_LOOP('',(#3956));
#6892=EDGE_LOOP('',(#3957));
#6893=EDGE_LOOP('',(#3958,#3959,#3960,#3961,#3962,#3963,#3964,#3965,#3966,
#3967));
#6894=EDGE_LOOP('',(#3968,#3969,#3970,#3971,#3972,#3973));
#6895=EDGE_LOOP('',(#3974,#3975,#3976,#3977,#3978));
#6896=EDGE_LOOP('',(#3979,#3980,#3981,#3982,#3983));
#6897=EDGE_LOOP('',(#3984,#3985,#3986,#3987,#3988));
#6898=EDGE_LOOP('',(#3989,#3990,#3991,#3992,#3993));
#6899=EDGE_LOOP('',(#3994,#3995,#3996,#3997,#3998,#3999));
#6900=EDGE_LOOP('',(#4000,#4001,#4002,#4003,#4004));
#6901=EDGE_LOOP('',(#4005,#4006,#4007,#4008,#4009));
#6902=EDGE_LOOP('',(#4010,#4011,#4012,#4013));
#6903=EDGE_LOOP('',(#4014,#4015,#4016,#4017,#4018));
#6904=EDGE_LOOP('',(#4019,#4020,#4021,#4022,#4023));
#6905=EDGE_LOOP('',(#4024,#4025,#4026,#4027,#4028));
#6906=EDGE_LOOP('',(#4029,#4030,#4031,#4032));
#6907=EDGE_LOOP('',(#4033,#4034,#4035,#4036,#4037));
#6908=EDGE_LOOP('',(#4038,#4039,#4040,#4041));
#6909=EDGE_LOOP('',(#4042,#4043,#4044,#4045,#4046,#4047,#4048,#4049));
#6910=EDGE_LOOP('',(#4050,#4051,#4052,#4053));
#6911=EDGE_LOOP('',(#4054));
#6912=EDGE_LOOP('',(#4055));
#6913=EDGE_LOOP('',(#4056));
#6914=EDGE_LOOP('',(#4057,#4058,#4059,#4060));
#6915=EDGE_LOOP('',(#4061,#4062,#4063,#4064));
#6916=EDGE_LOOP('',(#4065));
#6917=EDGE_LOOP('',(#4066));
#6918=EDGE_LOOP('',(#4067));
#6919=EDGE_LOOP('',(#4068));
#6920=EDGE_LOOP('',(#4069));
#6921=EDGE_LOOP('',(#4070));
#6922=EDGE_LOOP('',(#4071));
#6923=EDGE_LOOP('',(#4072));
#6924=EDGE_LOOP('',(#4073));
#6925=EDGE_LOOP('',(#4074));
#6926=EDGE_LOOP('',(#4075));
#6927=EDGE_LOOP('',(#4076));
#6928=EDGE_LOOP('',(#4077));
#6929=EDGE_LOOP('',(#4078));
#6930=EDGE_LOOP('',(#4079));
#6931=EDGE_LOOP('',(#4080));
#6932=EDGE_LOOP('',(#4081));
#6933=EDGE_LOOP('',(#4082));
#6934=EDGE_LOOP('',(#4083));
#6935=EDGE_LOOP('',(#4084));
#6936=EDGE_LOOP('',(#4085));
#6937=EDGE_LOOP('',(#4086));
#6938=EDGE_LOOP('',(#4087));
#6939=EDGE_LOOP('',(#4088));
#6940=EDGE_LOOP('',(#4089));
#6941=EDGE_LOOP('',(#4090));
#6942=EDGE_LOOP('',(#4091));
#6943=EDGE_LOOP('',(#4092,#4093,#4094,#4095));
#6944=EDGE_LOOP('',(#4096,#4097,#4098,#4099));
#6945=EDGE_LOOP('',(#4100,#4101,#4102,#4103));
#6946=EDGE_LOOP('',(#4104,#4105,#4106,#4107));
#6947=EDGE_LOOP('',(#4108,#4109,#4110,#4111,#4112,#4113));
#6948=EDGE_LOOP('',(#4114,#4115,#4116,#4117,#4118,#4119));
#6949=EDGE_LOOP('',(#4120,#4121,#4122,#4123,#4124));
#6950=EDGE_LOOP('',(#4125,#4126,#4127,#4128,#4129));
#6951=EDGE_LOOP('',(#4130,#4131,#4132));
#6952=EDGE_LOOP('',(#4133,#4134,#4135));
#6953=EDGE_LOOP('',(#4136));
#6954=EDGE_LOOP('',(#4137));
#6955=EDGE_LOOP('',(#4138));
#6956=EDGE_LOOP('',(#4139));
#6957=EDGE_LOOP('',(#4140));
#6958=EDGE_LOOP('',(#4141));
#6959=EDGE_LOOP('',(#4142));
#6960=EDGE_LOOP('',(#4143));
#6961=EDGE_LOOP('',(#4144));
#6962=EDGE_LOOP('',(#4145));
#6963=EDGE_LOOP('',(#4146));
#6964=EDGE_LOOP('',(#4147));
#6965=EDGE_LOOP('',(#4148));
#6966=EDGE_LOOP('',(#4149));
#6967=EDGE_LOOP('',(#4150));
#6968=EDGE_LOOP('',(#4151));
#6969=FACE_BOUND('',#6343,.T.);
#6970=FACE_BOUND('',#6344,.T.);
#6971=FACE_BOUND('',#6345,.T.);
#6972=FACE_BOUND('',#6346,.T.);
#6973=FACE_BOUND('',#6347,.T.);
#6974=FACE_BOUND('',#6348,.T.);
#6975=FACE_BOUND('',#6349,.T.);
#6976=FACE_BOUND('',#6350,.T.);
#6977=FACE_BOUND('',#6351,.T.);
#6978=FACE_BOUND('',#6352,.T.);
#6979=FACE_BOUND('',#6353,.T.);
#6980=FACE_BOUND('',#6354,.T.);
#6981=FACE_BOUND('',#6355,.T.);
#6982=FACE_BOUND('',#6356,.T.);
#6983=FACE_BOUND('',#6357,.T.);
#6984=FACE_BOUND('',#6358,.T.);
#6985=FACE_BOUND('',#6359,.T.);
#6986=FACE_BOUND('',#6360,.T.);
#6987=FACE_BOUND('',#6361,.T.);
#6988=FACE_BOUND('',#6362,.T.);
#6989=FACE_BOUND('',#6363,.T.);
#6990=FACE_BOUND('',#6364,.T.);
#6991=FACE_BOUND('',#6365,.T.);
#6992=FACE_BOUND('',#6366,.T.);
#6993=FACE_BOUND('',#6367,.T.);
#6994=FACE_BOUND('',#6368,.T.);
#6995=FACE_BOUND('',#6369,.T.);
#6996=FACE_BOUND('',#6370,.T.);
#6997=FACE_BOUND('',#6371,.T.);
#6998=FACE_BOUND('',#6372,.T.);
#6999=FACE_BOUND('',#6373,.T.);
#7000=FACE_BOUND('',#6374,.T.);
#7001=FACE_BOUND('',#6375,.T.);
#7002=FACE_BOUND('',#6376,.T.);
#7003=FACE_BOUND('',#6377,.T.);
#7004=FACE_BOUND('',#6378,.T.);
#7005=FACE_BOUND('',#6379,.T.);
#7006=FACE_BOUND('',#6380,.T.);
#7007=FACE_BOUND('',#6381,.T.);
#7008=FACE_BOUND('',#6382,.T.);
#7009=FACE_BOUND('',#6383,.T.);
#7010=FACE_BOUND('',#6384,.T.);
#7011=FACE_BOUND('',#6385,.T.);
#7012=FACE_BOUND('',#6386,.T.);
#7013=FACE_BOUND('',#6387,.T.);
#7014=FACE_BOUND('',#6388,.T.);
#7015=FACE_BOUND('',#6389,.T.);
#7016=FACE_BOUND('',#6390,.T.);
#7017=FACE_BOUND('',#6391,.T.);
#7018=FACE_BOUND('',#6392,.T.);
#7019=FACE_BOUND('',#6393,.T.);
#7020=FACE_BOUND('',#6394,.T.);
#7021=FACE_BOUND('',#6395,.T.);
#7022=FACE_BOUND('',#6396,.T.);
#7023=FACE_BOUND('',#6397,.T.);
#7024=FACE_BOUND('',#6398,.T.);
#7025=FACE_BOUND('',#6399,.T.);
#7026=FACE_BOUND('',#6400,.T.);
#7027=FACE_BOUND('',#6401,.T.);
#7028=FACE_BOUND('',#6402,.T.);
#7029=FACE_BOUND('',#6403,.T.);
#7030=FACE_BOUND('',#6404,.T.);
#7031=FACE_BOUND('',#6405,.T.);
#7032=FACE_BOUND('',#6406,.T.);
#7033=FACE_BOUND('',#6407,.T.);
#7034=FACE_BOUND('',#6408,.T.);
#7035=FACE_BOUND('',#6409,.T.);
#7036=FACE_BOUND('',#6410,.T.);
#7037=FACE_BOUND('',#6411,.T.);
#7038=FACE_BOUND('',#6412,.T.);
#7039=FACE_BOUND('',#6413,.T.);
#7040=FACE_BOUND('',#6414,.T.);
#7041=FACE_BOUND('',#6415,.T.);
#7042=FACE_BOUND('',#6416,.T.);
#7043=FACE_BOUND('',#6417,.T.);
#7044=FACE_BOUND('',#6418,.T.);
#7045=FACE_BOUND('',#6419,.T.);
#7046=FACE_BOUND('',#6420,.T.);
#7047=FACE_BOUND('',#6421,.T.);
#7048=FACE_BOUND('',#6422,.T.);
#7049=FACE_BOUND('',#6423,.T.);
#7050=FACE_BOUND('',#6424,.T.);
#7051=FACE_BOUND('',#6425,.T.);
#7052=FACE_BOUND('',#6426,.T.);
#7053=FACE_BOUND('',#6427,.T.);
#7054=FACE_BOUND('',#6428,.T.);
#7055=FACE_BOUND('',#6429,.T.);
#7056=FACE_BOUND('',#6430,.T.);
#7057=FACE_BOUND('',#6431,.T.);
#7058=FACE_BOUND('',#6432,.T.);
#7059=FACE_BOUND('',#6433,.T.);
#7060=FACE_BOUND('',#6434,.T.);
#7061=FACE_BOUND('',#6435,.T.);
#7062=FACE_BOUND('',#6436,.T.);
#7063=FACE_BOUND('',#6437,.T.);
#7064=FACE_BOUND('',#6438,.T.);
#7065=FACE_BOUND('',#6439,.T.);
#7066=FACE_BOUND('',#6440,.T.);
#7067=FACE_BOUND('',#6441,.T.);
#7068=FACE_BOUND('',#6442,.T.);
#7069=FACE_BOUND('',#6443,.T.);
#7070=FACE_BOUND('',#6444,.T.);
#7071=FACE_BOUND('',#6445,.T.);
#7072=FACE_BOUND('',#6446,.T.);
#7073=FACE_BOUND('',#6447,.T.);
#7074=FACE_BOUND('',#6448,.T.);
#7075=FACE_BOUND('',#6449,.T.);
#7076=FACE_BOUND('',#6450,.T.);
#7077=FACE_BOUND('',#6451,.T.);
#7078=FACE_BOUND('',#6452,.T.);
#7079=FACE_BOUND('',#6453,.T.);
#7080=FACE_BOUND('',#6454,.T.);
#7081=FACE_BOUND('',#6455,.T.);
#7082=FACE_BOUND('',#6456,.T.);
#7083=FACE_BOUND('',#6457,.T.);
#7084=FACE_BOUND('',#6458,.T.);
#7085=FACE_BOUND('',#6459,.T.);
#7086=FACE_BOUND('',#6460,.T.);
#7087=FACE_BOUND('',#6461,.T.);
#7088=FACE_BOUND('',#6462,.T.);
#7089=FACE_BOUND('',#6463,.T.);
#7090=FACE_BOUND('',#58,.T.);
#7091=FACE_BOUND('',#6464,.T.);
#7092=FACE_BOUND('',#6465,.T.);
#7093=FACE_BOUND('',#6466,.T.);
#7094=FACE_BOUND('',#59,.T.);
#7095=FACE_BOUND('',#6467,.T.);
#7096=FACE_BOUND('',#6468,.T.);
#7097=FACE_BOUND('',#6469,.T.);
#7098=FACE_BOUND('',#6470,.T.);
#7099=FACE_BOUND('',#6471,.T.);
#7100=FACE_BOUND('',#6472,.T.);
#7101=FACE_BOUND('',#6473,.T.);
#7102=FACE_BOUND('',#6474,.T.);
#7103=FACE_BOUND('',#6475,.T.);
#7104=FACE_BOUND('',#6476,.T.);
#7105=FACE_BOUND('',#6477,.T.);
#7106=FACE_BOUND('',#6478,.T.);
#7107=FACE_BOUND('',#60,.T.);
#7108=FACE_BOUND('',#6479,.T.);
#7109=FACE_BOUND('',#6480,.T.);
#7110=FACE_BOUND('',#6481,.T.);
#7111=FACE_BOUND('',#61,.T.);
#7112=FACE_BOUND('',#6482,.T.);
#7113=FACE_BOUND('',#6483,.T.);
#7114=FACE_BOUND('',#6484,.T.);
#7115=FACE_BOUND('',#62,.T.);
#7116=FACE_BOUND('',#6485,.T.);
#7117=FACE_BOUND('',#6486,.T.);
#7118=FACE_BOUND('',#6487,.T.);
#7119=FACE_BOUND('',#6488,.T.);
#7120=FACE_BOUND('',#6489,.T.);
#7121=FACE_BOUND('',#63,.T.);
#7122=FACE_BOUND('',#6490,.T.);
#7123=FACE_BOUND('',#6491,.T.);
#7124=FACE_BOUND('',#6492,.T.);
#7125=FACE_BOUND('',#6493,.T.);
#7126=FACE_BOUND('',#6494,.T.);
#7127=FACE_BOUND('',#6495,.T.);
#7128=FACE_BOUND('',#6496,.T.);
#7129=FACE_BOUND('',#6497,.T.);
#7130=FACE_BOUND('',#6498,.T.);
#7131=FACE_BOUND('',#6499,.T.);
#7132=FACE_BOUND('',#6500,.T.);
#7133=FACE_BOUND('',#6501,.T.);
#7134=FACE_BOUND('',#6502,.T.);
#7135=FACE_BOUND('',#6503,.T.);
#7136=FACE_BOUND('',#6504,.T.);
#7137=FACE_BOUND('',#6505,.T.);
#7138=FACE_BOUND('',#6506,.T.);
#7139=FACE_BOUND('',#6507,.T.);
#7140=FACE_BOUND('',#6508,.T.);
#7141=FACE_BOUND('',#6509,.T.);
#7142=FACE_BOUND('',#6510,.T.);
#7143=FACE_BOUND('',#6511,.T.);
#7144=FACE_BOUND('',#6512,.T.);
#7145=FACE_BOUND('',#6513,.T.);
#7146=FACE_BOUND('',#6514,.T.);
#7147=FACE_BOUND('',#6515,.T.);
#7148=FACE_BOUND('',#6516,.T.);
#7149=FACE_BOUND('',#6517,.T.);
#7150=FACE_BOUND('',#6518,.T.);
#7151=FACE_BOUND('',#6519,.T.);
#7152=FACE_BOUND('',#6520,.T.);
#7153=FACE_BOUND('',#6521,.T.);
#7154=FACE_BOUND('',#6522,.T.);
#7155=FACE_BOUND('',#6523,.T.);
#7156=FACE_BOUND('',#6524,.T.);
#7157=FACE_BOUND('',#6525,.T.);
#7158=FACE_BOUND('',#6526,.T.);
#7159=FACE_BOUND('',#6527,.T.);
#7160=FACE_BOUND('',#6528,.T.);
#7161=FACE_BOUND('',#6529,.T.);
#7162=FACE_BOUND('',#6530,.T.);
#7163=FACE_BOUND('',#6531,.T.);
#7164=FACE_BOUND('',#6532,.T.);
#7165=FACE_BOUND('',#6533,.T.);
#7166=FACE_BOUND('',#6534,.T.);
#7167=FACE_BOUND('',#6535,.T.);
#7168=FACE_BOUND('',#6536,.T.);
#7169=FACE_BOUND('',#6537,.T.);
#7170=FACE_BOUND('',#6538,.T.);
#7171=FACE_BOUND('',#6539,.T.);
#7172=FACE_BOUND('',#6540,.T.);
#7173=FACE_BOUND('',#6541,.T.);
#7174=FACE_BOUND('',#6542,.T.);
#7175=FACE_BOUND('',#6543,.T.);
#7176=FACE_BOUND('',#6544,.T.);
#7177=FACE_BOUND('',#6545,.T.);
#7178=FACE_BOUND('',#6546,.T.);
#7179=FACE_BOUND('',#6547,.T.);
#7180=FACE_BOUND('',#6548,.T.);
#7181=FACE_BOUND('',#6549,.T.);
#7182=FACE_BOUND('',#6550,.T.);
#7183=FACE_BOUND('',#6551,.T.);
#7184=FACE_BOUND('',#6552,.T.);
#7185=FACE_BOUND('',#6553,.T.);
#7186=FACE_BOUND('',#6554,.T.);
#7187=FACE_BOUND('',#6555,.T.);
#7188=FACE_BOUND('',#6556,.T.);
#7189=FACE_BOUND('',#6557,.T.);
#7190=FACE_BOUND('',#6558,.T.);
#7191=FACE_BOUND('',#6559,.T.);
#7192=FACE_BOUND('',#6560,.T.);
#7193=FACE_BOUND('',#6561,.T.);
#7194=FACE_BOUND('',#6562,.T.);
#7195=FACE_BOUND('',#6563,.T.);
#7196=FACE_BOUND('',#6564,.T.);
#7197=FACE_BOUND('',#6565,.T.);
#7198=FACE_BOUND('',#6566,.T.);
#7199=FACE_BOUND('',#6567,.T.);
#7200=FACE_BOUND('',#6568,.T.);
#7201=FACE_BOUND('',#6569,.T.);
#7202=FACE_BOUND('',#6570,.T.);
#7203=FACE_BOUND('',#6571,.T.);
#7204=FACE_BOUND('',#6572,.T.);
#7205=FACE_BOUND('',#6573,.T.);
#7206=FACE_BOUND('',#6574,.T.);
#7207=FACE_BOUND('',#6575,.T.);
#7208=FACE_BOUND('',#6576,.T.);
#7209=FACE_BOUND('',#6577,.T.);
#7210=FACE_BOUND('',#6578,.T.);
#7211=FACE_BOUND('',#6579,.T.);
#7212=FACE_BOUND('',#6580,.T.);
#7213=FACE_BOUND('',#6581,.T.);
#7214=FACE_BOUND('',#6582,.T.);
#7215=FACE_BOUND('',#6583,.T.);
#7216=FACE_BOUND('',#6584,.T.);
#7217=FACE_BOUND('',#6585,.T.);
#7218=FACE_BOUND('',#6586,.T.);
#7219=FACE_BOUND('',#6587,.T.);
#7220=FACE_BOUND('',#6588,.T.);
#7221=FACE_BOUND('',#6589,.T.);
#7222=FACE_BOUND('',#6590,.T.);
#7223=FACE_BOUND('',#6591,.T.);
#7224=FACE_BOUND('',#6592,.T.);
#7225=FACE_BOUND('',#6593,.T.);
#7226=FACE_BOUND('',#6594,.T.);
#7227=FACE_BOUND('',#6595,.T.);
#7228=FACE_BOUND('',#6596,.T.);
#7229=FACE_BOUND('',#6597,.T.);
#7230=FACE_BOUND('',#6598,.T.);
#7231=FACE_BOUND('',#6599,.T.);
#7232=FACE_BOUND('',#6600,.T.);
#7233=FACE_BOUND('',#6601,.T.);
#7234=FACE_BOUND('',#6602,.T.);
#7235=FACE_BOUND('',#6603,.T.);
#7236=FACE_BOUND('',#6604,.T.);
#7237=FACE_BOUND('',#6605,.T.);
#7238=FACE_BOUND('',#6606,.T.);
#7239=FACE_BOUND('',#6607,.T.);
#7240=FACE_BOUND('',#6608,.T.);
#7241=FACE_BOUND('',#6609,.T.);
#7242=FACE_BOUND('',#6610,.T.);
#7243=FACE_BOUND('',#6611,.T.);
#7244=FACE_BOUND('',#6612,.T.);
#7245=FACE_BOUND('',#6613,.T.);
#7246=FACE_BOUND('',#6614,.T.);
#7247=FACE_BOUND('',#6615,.T.);
#7248=FACE_BOUND('',#6616,.T.);
#7249=FACE_BOUND('',#6617,.T.);
#7250=FACE_BOUND('',#6618,.T.);
#7251=FACE_BOUND('',#6619,.T.);
#7252=FACE_BOUND('',#6620,.T.);
#7253=FACE_BOUND('',#6621,.T.);
#7254=FACE_BOUND('',#6622,.T.);
#7255=FACE_BOUND('',#6623,.T.);
#7256=FACE_BOUND('',#6624,.T.);
#7257=FACE_BOUND('',#6625,.T.);
#7258=FACE_BOUND('',#6626,.T.);
#7259=FACE_BOUND('',#6627,.T.);
#7260=FACE_BOUND('',#6628,.T.);
#7261=FACE_BOUND('',#6629,.T.);
#7262=FACE_BOUND('',#6630,.T.);
#7263=FACE_BOUND('',#6631,.T.);
#7264=FACE_BOUND('',#6632,.T.);
#7265=FACE_BOUND('',#6633,.T.);
#7266=FACE_BOUND('',#6634,.T.);
#7267=FACE_BOUND('',#6635,.T.);
#7268=FACE_BOUND('',#6636,.T.);
#7269=FACE_BOUND('',#6637,.T.);
#7270=FACE_BOUND('',#6638,.T.);
#7271=FACE_BOUND('',#6639,.T.);
#7272=FACE_BOUND('',#6640,.T.);
#7273=FACE_BOUND('',#6641,.T.);
#7274=FACE_BOUND('',#6642,.T.);
#7275=FACE_BOUND('',#6643,.T.);
#7276=FACE_BOUND('',#6644,.T.);
#7277=FACE_BOUND('',#6645,.T.);
#7278=FACE_BOUND('',#6646,.T.);
#7279=FACE_BOUND('',#6647,.T.);
#7280=FACE_BOUND('',#6648,.T.);
#7281=FACE_BOUND('',#6649,.T.);
#7282=FACE_BOUND('',#6650,.T.);
#7283=FACE_BOUND('',#6651,.T.);
#7284=FACE_BOUND('',#6652,.T.);
#7285=FACE_BOUND('',#6653,.T.);
#7286=FACE_BOUND('',#6654,.T.);
#7287=FACE_BOUND('',#6655,.T.);
#7288=FACE_BOUND('',#6656,.T.);
#7289=FACE_BOUND('',#6657,.T.);
#7290=FACE_BOUND('',#6658,.T.);
#7291=FACE_BOUND('',#6659,.T.);
#7292=FACE_BOUND('',#6660,.T.);
#7293=FACE_BOUND('',#6661,.T.);
#7294=FACE_BOUND('',#6662,.T.);
#7295=FACE_BOUND('',#6663,.T.);
#7296=FACE_BOUND('',#6664,.T.);
#7297=FACE_BOUND('',#6665,.T.);
#7298=FACE_BOUND('',#6666,.T.);
#7299=FACE_BOUND('',#6667,.T.);
#7300=FACE_BOUND('',#6668,.T.);
#7301=FACE_BOUND('',#6669,.T.);
#7302=FACE_BOUND('',#6670,.T.);
#7303=FACE_BOUND('',#6671,.T.);
#7304=FACE_BOUND('',#6672,.T.);
#7305=FACE_BOUND('',#6673,.T.);
#7306=FACE_BOUND('',#6674,.T.);
#7307=FACE_BOUND('',#6675,.T.);
#7308=FACE_BOUND('',#6676,.T.);
#7309=FACE_BOUND('',#6677,.T.);
#7310=FACE_BOUND('',#6678,.T.);
#7311=FACE_BOUND('',#6679,.T.);
#7312=FACE_BOUND('',#6680,.T.);
#7313=FACE_BOUND('',#6681,.T.);
#7314=FACE_BOUND('',#6682,.T.);
#7315=FACE_BOUND('',#6683,.T.);
#7316=FACE_BOUND('',#6684,.T.);
#7317=FACE_BOUND('',#6685,.T.);
#7318=FACE_BOUND('',#6686,.T.);
#7319=FACE_BOUND('',#6687,.T.);
#7320=FACE_BOUND('',#6688,.T.);
#7321=FACE_BOUND('',#6689,.T.);
#7322=FACE_BOUND('',#6690,.T.);
#7323=FACE_BOUND('',#6691,.T.);
#7324=FACE_BOUND('',#6692,.T.);
#7325=FACE_BOUND('',#6693,.T.);
#7326=FACE_BOUND('',#6694,.T.);
#7327=FACE_BOUND('',#6695,.T.);
#7328=FACE_BOUND('',#6696,.T.);
#7329=FACE_BOUND('',#6697,.T.);
#7330=FACE_BOUND('',#6698,.T.);
#7331=FACE_BOUND('',#6699,.T.);
#7332=FACE_BOUND('',#6700,.T.);
#7333=FACE_BOUND('',#6701,.T.);
#7334=FACE_BOUND('',#6702,.T.);
#7335=FACE_BOUND('',#6703,.T.);
#7336=FACE_BOUND('',#6704,.T.);
#7337=FACE_BOUND('',#6705,.T.);
#7338=FACE_BOUND('',#6706,.T.);
#7339=FACE_BOUND('',#6707,.T.);
#7340=FACE_BOUND('',#6708,.T.);
#7341=FACE_BOUND('',#6709,.T.);
#7342=FACE_BOUND('',#6710,.T.);
#7343=FACE_BOUND('',#6711,.T.);
#7344=FACE_BOUND('',#6712,.T.);
#7345=FACE_BOUND('',#6713,.T.);
#7346=FACE_BOUND('',#6714,.T.);
#7347=FACE_BOUND('',#6715,.T.);
#7348=FACE_BOUND('',#6716,.T.);
#7349=FACE_BOUND('',#6717,.T.);
#7350=FACE_BOUND('',#6718,.T.);
#7351=FACE_BOUND('',#6719,.T.);
#7352=FACE_BOUND('',#6720,.T.);
#7353=FACE_BOUND('',#6721,.T.);
#7354=FACE_BOUND('',#6722,.T.);
#7355=FACE_BOUND('',#6723,.T.);
#7356=FACE_BOUND('',#6724,.T.);
#7357=FACE_BOUND('',#6725,.T.);
#7358=FACE_BOUND('',#6726,.T.);
#7359=FACE_BOUND('',#6727,.T.);
#7360=FACE_BOUND('',#6728,.T.);
#7361=FACE_BOUND('',#6729,.T.);
#7362=FACE_BOUND('',#6730,.T.);
#7363=FACE_BOUND('',#6731,.T.);
#7364=FACE_BOUND('',#6732,.T.);
#7365=FACE_BOUND('',#6733,.T.);
#7366=FACE_BOUND('',#6734,.T.);
#7367=FACE_BOUND('',#6735,.T.);
#7368=FACE_BOUND('',#6736,.T.);
#7369=FACE_BOUND('',#6737,.T.);
#7370=FACE_BOUND('',#6738,.T.);
#7371=FACE_BOUND('',#6739,.T.);
#7372=FACE_BOUND('',#6740,.T.);
#7373=FACE_BOUND('',#6741,.T.);
#7374=FACE_BOUND('',#6742,.T.);
#7375=FACE_BOUND('',#6743,.T.);
#7376=FACE_BOUND('',#6744,.T.);
#7377=FACE_BOUND('',#6745,.T.);
#7378=FACE_BOUND('',#6746,.T.);
#7379=FACE_BOUND('',#6747,.T.);
#7380=FACE_BOUND('',#6748,.T.);
#7381=FACE_BOUND('',#6749,.T.);
#7382=FACE_BOUND('',#6750,.T.);
#7383=FACE_BOUND('',#6751,.T.);
#7384=FACE_BOUND('',#6752,.T.);
#7385=FACE_BOUND('',#6753,.T.);
#7386=FACE_BOUND('',#6754,.T.);
#7387=FACE_BOUND('',#6755,.T.);
#7388=FACE_BOUND('',#6756,.T.);
#7389=FACE_BOUND('',#6757,.T.);
#7390=FACE_BOUND('',#6758,.T.);
#7391=FACE_BOUND('',#6759,.T.);
#7392=FACE_BOUND('',#6760,.T.);
#7393=FACE_BOUND('',#6761,.T.);
#7394=FACE_BOUND('',#6762,.T.);
#7395=FACE_BOUND('',#6763,.T.);
#7396=FACE_BOUND('',#6764,.T.);
#7397=FACE_BOUND('',#6765,.T.);
#7398=FACE_BOUND('',#6766,.T.);
#7399=FACE_BOUND('',#6767,.T.);
#7400=FACE_BOUND('',#6768,.T.);
#7401=FACE_BOUND('',#6769,.T.);
#7402=FACE_BOUND('',#6770,.T.);
#7403=FACE_BOUND('',#6771,.T.);
#7404=FACE_BOUND('',#6772,.T.);
#7405=FACE_BOUND('',#6773,.T.);
#7406=FACE_BOUND('',#6774,.T.);
#7407=FACE_BOUND('',#6775,.T.);
#7408=FACE_BOUND('',#6776,.T.);
#7409=FACE_BOUND('',#6777,.T.);
#7410=FACE_BOUND('',#6778,.T.);
#7411=FACE_BOUND('',#6779,.T.);
#7412=FACE_BOUND('',#6780,.T.);
#7413=FACE_BOUND('',#6781,.T.);
#7414=FACE_BOUND('',#6782,.T.);
#7415=FACE_BOUND('',#6783,.T.);
#7416=FACE_BOUND('',#6784,.T.);
#7417=FACE_BOUND('',#6785,.T.);
#7418=FACE_BOUND('',#6786,.T.);
#7419=FACE_BOUND('',#6787,.T.);
#7420=FACE_BOUND('',#6788,.T.);
#7421=FACE_BOUND('',#6789,.T.);
#7422=FACE_BOUND('',#6790,.T.);
#7423=FACE_BOUND('',#6791,.T.);
#7424=FACE_BOUND('',#6792,.T.);
#7425=FACE_BOUND('',#6793,.T.);
#7426=FACE_BOUND('',#6794,.T.);
#7427=FACE_BOUND('',#6795,.T.);
#7428=FACE_BOUND('',#6796,.T.);
#7429=FACE_BOUND('',#6797,.T.);
#7430=FACE_BOUND('',#6798,.T.);
#7431=FACE_BOUND('',#6799,.T.);
#7432=FACE_BOUND('',#6800,.T.);
#7433=FACE_BOUND('',#6801,.T.);
#7434=FACE_BOUND('',#6802,.T.);
#7435=FACE_BOUND('',#6803,.T.);
#7436=FACE_BOUND('',#6804,.T.);
#7437=FACE_BOUND('',#6805,.T.);
#7438=FACE_BOUND('',#6806,.T.);
#7439=FACE_BOUND('',#6807,.T.);
#7440=FACE_BOUND('',#6808,.T.);
#7441=FACE_BOUND('',#6809,.T.);
#7442=FACE_BOUND('',#6810,.T.);
#7443=FACE_BOUND('',#6811,.T.);
#7444=FACE_BOUND('',#6812,.T.);
#7445=FACE_BOUND('',#6813,.T.);
#7446=FACE_BOUND('',#6814,.T.);
#7447=FACE_BOUND('',#6815,.T.);
#7448=FACE_BOUND('',#6816,.T.);
#7449=FACE_BOUND('',#6817,.T.);
#7450=FACE_BOUND('',#6818,.T.);
#7451=FACE_BOUND('',#6819,.T.);
#7452=FACE_BOUND('',#6820,.T.);
#7453=FACE_BOUND('',#6821,.T.);
#7454=FACE_BOUND('',#6822,.T.);
#7455=FACE_BOUND('',#6823,.T.);
#7456=FACE_BOUND('',#6824,.T.);
#7457=FACE_BOUND('',#6825,.T.);
#7458=FACE_BOUND('',#6826,.T.);
#7459=FACE_BOUND('',#6827,.T.);
#7460=FACE_BOUND('',#6828,.T.);
#7461=FACE_BOUND('',#6829,.T.);
#7462=FACE_BOUND('',#6830,.T.);
#7463=FACE_BOUND('',#6831,.T.);
#7464=FACE_BOUND('',#6832,.T.);
#7465=FACE_BOUND('',#6833,.T.);
#7466=FACE_BOUND('',#6834,.T.);
#7467=FACE_BOUND('',#6835,.T.);
#7468=FACE_BOUND('',#6836,.T.);
#7469=FACE_BOUND('',#6837,.T.);
#7470=FACE_BOUND('',#6838,.T.);
#7471=FACE_BOUND('',#6839,.T.);
#7472=FACE_BOUND('',#6840,.T.);
#7473=FACE_BOUND('',#6841,.T.);
#7474=FACE_BOUND('',#6842,.T.);
#7475=FACE_BOUND('',#6843,.T.);
#7476=FACE_BOUND('',#6844,.T.);
#7477=FACE_BOUND('',#6845,.T.);
#7478=FACE_BOUND('',#6846,.T.);
#7479=FACE_BOUND('',#6847,.T.);
#7480=FACE_BOUND('',#6848,.T.);
#7481=FACE_BOUND('',#6849,.T.);
#7482=FACE_BOUND('',#6850,.T.);
#7483=FACE_BOUND('',#6851,.T.);
#7484=FACE_BOUND('',#6852,.T.);
#7485=FACE_BOUND('',#6853,.T.);
#7486=FACE_BOUND('',#6854,.T.);
#7487=FACE_BOUND('',#6855,.T.);
#7488=FACE_BOUND('',#6856,.T.);
#7489=FACE_BOUND('',#6857,.T.);
#7490=FACE_BOUND('',#6858,.T.);
#7491=FACE_BOUND('',#6859,.T.);
#7492=FACE_BOUND('',#6860,.T.);
#7493=FACE_BOUND('',#6861,.T.);
#7494=FACE_BOUND('',#6862,.T.);
#7495=FACE_BOUND('',#6863,.T.);
#7496=FACE_BOUND('',#6864,.T.);
#7497=FACE_BOUND('',#6865,.T.);
#7498=FACE_BOUND('',#6866,.T.);
#7499=FACE_BOUND('',#6867,.T.);
#7500=FACE_BOUND('',#6868,.T.);
#7501=FACE_BOUND('',#6869,.T.);
#7502=FACE_BOUND('',#6870,.T.);
#7503=FACE_BOUND('',#6871,.T.);
#7504=FACE_BOUND('',#6872,.T.);
#7505=FACE_BOUND('',#6873,.T.);
#7506=FACE_BOUND('',#6874,.T.);
#7507=FACE_BOUND('',#6875,.T.);
#7508=FACE_BOUND('',#6876,.T.);
#7509=FACE_BOUND('',#6877,.T.);
#7510=FACE_BOUND('',#6878,.T.);
#7511=FACE_BOUND('',#6879,.T.);
#7512=FACE_BOUND('',#6880,.T.);
#7513=FACE_BOUND('',#6881,.T.);
#7514=FACE_BOUND('',#6882,.T.);
#7515=FACE_BOUND('',#6883,.T.);
#7516=FACE_BOUND('',#6884,.T.);
#7517=FACE_BOUND('',#6885,.T.);
#7518=FACE_BOUND('',#6886,.T.);
#7519=FACE_BOUND('',#6887,.T.);
#7520=FACE_BOUND('',#6888,.T.);
#7521=FACE_BOUND('',#6889,.T.);
#7522=FACE_BOUND('',#6890,.T.);
#7523=FACE_BOUND('',#6891,.T.);
#7524=FACE_BOUND('',#6892,.T.);
#7525=FACE_BOUND('',#6893,.T.);
#7526=FACE_BOUND('',#6894,.T.);
#7527=FACE_BOUND('',#6895,.T.);
#7528=FACE_BOUND('',#6896,.T.);
#7529=FACE_BOUND('',#6897,.T.);
#7530=FACE_BOUND('',#6898,.T.);
#7531=FACE_BOUND('',#6899,.T.);
#7532=FACE_BOUND('',#6900,.T.);
#7533=FACE_BOUND('',#6901,.T.);
#7534=FACE_BOUND('',#6902,.T.);
#7535=FACE_BOUND('',#6903,.T.);
#7536=FACE_BOUND('',#6904,.T.);
#7537=FACE_BOUND('',#6905,.T.);
#7538=FACE_BOUND('',#6906,.T.);
#7539=FACE_BOUND('',#6907,.T.);
#7540=FACE_BOUND('',#6908,.T.);
#7541=FACE_BOUND('',#6909,.T.);
#7542=FACE_BOUND('',#6910,.T.);
#7543=FACE_BOUND('',#6911,.T.);
#7544=FACE_BOUND('',#6912,.T.);
#7545=FACE_BOUND('',#6913,.T.);
#7546=FACE_BOUND('',#6914,.T.);
#7547=FACE_BOUND('',#6915,.T.);
#7548=FACE_BOUND('',#6916,.T.);
#7549=FACE_BOUND('',#6917,.T.);
#7550=FACE_BOUND('',#6918,.T.);
#7551=FACE_BOUND('',#6919,.T.);
#7552=FACE_BOUND('',#6920,.T.);
#7553=FACE_BOUND('',#6921,.T.);
#7554=FACE_BOUND('',#6922,.T.);
#7555=FACE_BOUND('',#6923,.T.);
#7556=FACE_BOUND('',#64,.T.);
#7557=FACE_BOUND('',#6924,.T.);
#7558=FACE_BOUND('',#6925,.T.);
#7559=FACE_BOUND('',#6926,.T.);
#7560=FACE_BOUND('',#6927,.T.);
#7561=FACE_BOUND('',#6928,.T.);
#7562=FACE_BOUND('',#6929,.T.);
#7563=FACE_BOUND('',#6930,.T.);
#7564=FACE_BOUND('',#6931,.T.);
#7565=FACE_BOUND('',#6932,.T.);
#7566=FACE_BOUND('',#65,.T.);
#7567=FACE_BOUND('',#6933,.T.);
#7568=FACE_BOUND('',#6934,.T.);
#7569=FACE_BOUND('',#6935,.T.);
#7570=FACE_BOUND('',#6936,.T.);
#7571=FACE_BOUND('',#6937,.T.);
#7572=FACE_BOUND('',#6938,.T.);
#7573=FACE_BOUND('',#6939,.T.);
#7574=FACE_BOUND('',#6940,.T.);
#7575=FACE_BOUND('',#6941,.T.);
#7576=FACE_BOUND('',#66,.T.);
#7577=FACE_BOUND('',#6942,.T.);
#7578=FACE_BOUND('',#6943,.T.);
#7579=FACE_BOUND('',#6944,.T.);
#7580=FACE_BOUND('',#6945,.T.);
#7581=FACE_BOUND('',#6946,.T.);
#7582=FACE_BOUND('',#6947,.T.);
#7583=FACE_BOUND('',#6948,.T.);
#7584=FACE_BOUND('',#6949,.T.);
#7585=FACE_BOUND('',#6950,.T.);
#7586=FACE_BOUND('',#6951,.T.);
#7587=FACE_BOUND('',#6952,.T.);
#7588=FACE_BOUND('',#6953,.T.);
#7589=FACE_BOUND('',#6954,.T.);
#7590=FACE_BOUND('',#6955,.T.);
#7591=FACE_BOUND('',#6956,.T.);
#7592=FACE_BOUND('',#6957,.T.);
#7593=FACE_BOUND('',#6958,.T.);
#7594=FACE_BOUND('',#6959,.T.);
#7595=FACE_BOUND('',#6960,.T.);
#7596=FACE_BOUND('',#6961,.T.);
#7597=FACE_BOUND('',#6962,.T.);
#7598=FACE_BOUND('',#6963,.T.);
#7599=FACE_BOUND('',#6964,.T.);
#7600=FACE_BOUND('',#6965,.T.);
#7601=FACE_BOUND('',#6966,.T.);
#7602=FACE_BOUND('',#6967,.T.);
#7603=FACE_BOUND('',#6968,.T.);
#7604=CYLINDRICAL_SURFACE('',#8236,5.75);
#7605=CYLINDRICAL_SURFACE('',#8260,0.99999999999846);
#7606=CYLINDRICAL_SURFACE('',#8271,4.00000000000065);
#7607=CYLINDRICAL_SURFACE('',#8274,4.00000000000065);
#7608=CYLINDRICAL_SURFACE('',#8296,4.00000000000064);
#7609=CYLINDRICAL_SURFACE('',#8299,4.00000000000064);
#7610=CYLINDRICAL_SURFACE('',#8349,0.99999999999846);
#7611=CYLINDRICAL_SURFACE('',#8350,0.99999999999846);
#7612=CYLINDRICAL_SURFACE('',#8351,0.99999999999846);
#7613=CYLINDRICAL_SURFACE('',#8352,0.99999999999846);
#7614=CYLINDRICAL_SURFACE('',#8353,0.99999999999846);
#7615=CYLINDRICAL_SURFACE('',#8355,0.99999999999846);
#7616=CYLINDRICAL_SURFACE('',#8357,0.99999999999846);
#7617=CYLINDRICAL_SURFACE('',#8372,4.00000000000064);
#7618=CYLINDRICAL_SURFACE('',#8373,4.00000000000064);
#7619=CYLINDRICAL_SURFACE('',#8374,3.89999999999999);
#7620=CYLINDRICAL_SURFACE('',#8375,3.89999999999999);
#7621=CYLINDRICAL_SURFACE('',#8376,4.00000000000066);
#7622=CYLINDRICAL_SURFACE('',#8379,3.89999999999842);
#7623=CYLINDRICAL_SURFACE('',#8382,4.00000000000066);
#7624=CYLINDRICAL_SURFACE('',#8384,3.89999999999842);
#7625=CYLINDRICAL_SURFACE('',#8389,6.);
#7626=CYLINDRICAL_SURFACE('',#8392,3.7);
#7627=CYLINDRICAL_SURFACE('',#8396,2.15);
#7628=CYLINDRICAL_SURFACE('',#8400,2.067);
#7629=CYLINDRICAL_SURFACE('',#8403,3.7);
#7630=CYLINDRICAL_SURFACE('',#8407,2.15);
#7631=CYLINDRICAL_SURFACE('',#8411,2.067);
#7632=CYLINDRICAL_SURFACE('',#8416,2.);
#7633=CYLINDRICAL_SURFACE('',#8419,2.);
#7634=CYLINDRICAL_SURFACE('',#8423,2.75);
#7635=CYLINDRICAL_SURFACE('',#8431,2.);
#7636=CYLINDRICAL_SURFACE('',#8434,2.);
#7637=CYLINDRICAL_SURFACE('',#8437,2.067);
#7638=CYLINDRICAL_SURFACE('',#8442,2.067);
#7639=CYLINDRICAL_SURFACE('',#8449,1.05000000000003);
#7640=CYLINDRICAL_SURFACE('',#8454,1.04999999999999);
#7641=CYLINDRICAL_SURFACE('',#8458,1.05);
#7642=CYLINDRICAL_SURFACE('',#8462,2.00000000000031);
#7643=CYLINDRICAL_SURFACE('',#8465,2.00000000000014);
#7644=CYLINDRICAL_SURFACE('',#8468,2.00000000000014);
#7645=CYLINDRICAL_SURFACE('',#8471,2.00000000000031);
#7646=CYLINDRICAL_SURFACE('',#8505,0.749999999999964);
#7647=CYLINDRICAL_SURFACE('',#8525,0.836999999999757);
#7648=CYLINDRICAL_SURFACE('',#8547,0.671999999982843);
#7649=CYLINDRICAL_SURFACE('',#8550,0.510000000006626);
#7650=CYLINDRICAL_SURFACE('',#8553,0.628000000009193);
#7651=CYLINDRICAL_SURFACE('',#8556,1.08500000060521);
#7652=CYLINDRICAL_SURFACE('',#8559,0.894000000140942);
#7653=CYLINDRICAL_SURFACE('',#8563,0.413000000054913);
#7654=CYLINDRICAL_SURFACE('',#8566,0.384999999852061);
#7655=CYLINDRICAL_SURFACE('',#8569,0.211000000038964);
#7656=CYLINDRICAL_SURFACE('',#8572,0.265999999979773);
#7657=CYLINDRICAL_SURFACE('',#8575,0.524999999985603);
#7658=CYLINDRICAL_SURFACE('',#8578,0.577999999985263);
#7659=CYLINDRICAL_SURFACE('',#8581,0.773000000061148);
#7660=CYLINDRICAL_SURFACE('',#8584,0.553000000033549);
#7661=CYLINDRICAL_SURFACE('',#8587,0.515999999990268);
#7662=CYLINDRICAL_SURFACE('',#8590,0.261000000003952);
#7663=CYLINDRICAL_SURFACE('',#8593,0.26099999999946);
#7664=CYLINDRICAL_SURFACE('',#8596,0.515999999995771);
#7665=CYLINDRICAL_SURFACE('',#8599,0.553000000061713);
#7666=CYLINDRICAL_SURFACE('',#8602,0.773000000030458);
#7667=CYLINDRICAL_SURFACE('',#8605,0.577999999908029);
#7668=CYLINDRICAL_SURFACE('',#8608,0.524999999943532);
#7669=CYLINDRICAL_SURFACE('',#8611,0.265999999980797);
#7670=CYLINDRICAL_SURFACE('',#8614,0.211000000065142);
#7671=CYLINDRICAL_SURFACE('',#8617,0.384999999930536);
#7672=CYLINDRICAL_SURFACE('',#8620,0.412999999952217);
#7673=CYLINDRICAL_SURFACE('',#8624,0.89400000014096);
#7674=CYLINDRICAL_SURFACE('',#8627,1.0850000004662);
#7675=CYLINDRICAL_SURFACE('',#8630,0.627999999998937);
#7676=CYLINDRICAL_SURFACE('',#8633,0.510000000006533);
#7677=CYLINDRICAL_SURFACE('',#8636,0.672000000014209);
#7678=CYLINDRICAL_SURFACE('',#8639,0.906999999999665);
#7679=CYLINDRICAL_SURFACE('',#8642,0.66299999991147);
#7680=CYLINDRICAL_SURFACE('',#8645,0.520999999920839);
#7681=CYLINDRICAL_SURFACE('',#8648,0.480000000019328);
#7682=CYLINDRICAL_SURFACE('',#8651,0.845000000000967);
#7683=CYLINDRICAL_SURFACE('',#8654,0.480000000019441);
#7684=CYLINDRICAL_SURFACE('',#8657,0.520999999921278);
#7685=CYLINDRICAL_SURFACE('',#8660,0.662999999906658);
#7686=CYLINDRICAL_SURFACE('',#8672,1.02899999999999);
#7687=CYLINDRICAL_SURFACE('',#8685,0.366999999996563);
#7688=CYLINDRICAL_SURFACE('',#8688,0.521999999981853);
#7689=CYLINDRICAL_SURFACE('',#8696,0.939000000023637);
#7690=CYLINDRICAL_SURFACE('',#8712,1.02700000000047);
#7691=CYLINDRICAL_SURFACE('',#8718,1.0269999999999);
#7692=CYLINDRICAL_SURFACE('',#8723,1.);
#7693=CYLINDRICAL_SURFACE('',#8731,1.);
#7694=CYLINDRICAL_SURFACE('',#8736,1.);
#7695=CYLINDRICAL_SURFACE('',#8739,1.00000000000012);
#7696=CYLINDRICAL_SURFACE('',#8743,1.);
#7697=CYLINDRICAL_SURFACE('',#8748,1.);
#7698=CYLINDRICAL_SURFACE('',#8752,0.837000000000327);
#7699=CYLINDRICAL_SURFACE('',#8756,0.906999999995829);
#7700=CYLINDRICAL_SURFACE('',#8761,1.46);
#7701=CYLINDRICAL_SURFACE('',#8766,0.470000000002314);
#7702=CYLINDRICAL_SURFACE('',#8770,1.459);
#7703=CYLINDRICAL_SURFACE('',#8804,4.5);
#7704=CYLINDRICAL_SURFACE('',#8817,6.);
#7705=CYLINDRICAL_SURFACE('',#8820,6.);
#7706=CYLINDRICAL_SURFACE('',#8847,7.2);
#7707=CYLINDRICAL_SURFACE('',#8849,7.2);
#7708=CYLINDRICAL_SURFACE('',#8851,7.2);
#7709=CYLINDRICAL_SURFACE('',#8853,7.2);
#7710=CYLINDRICAL_SURFACE('',#8855,7.2);
#7711=CYLINDRICAL_SURFACE('',#8857,7.2);
#7712=CYLINDRICAL_SURFACE('',#8865,0.19999999999999);
#7713=CYLINDRICAL_SURFACE('',#8877,5.25);
#7714=CYLINDRICAL_SURFACE('',#8885,4.4000000000001);
#7715=CYLINDRICAL_SURFACE('',#8893,5.1);
#7716=CYLINDRICAL_SURFACE('',#8901,5.9999999999999);
#7717=CYLINDRICAL_SURFACE('',#8911,4.2);
#7718=CYLINDRICAL_SURFACE('',#8916,7.5);
#7719=CYLINDRICAL_SURFACE('',#8921,5.25);
#7720=CYLINDRICAL_SURFACE('',#8927,4.15);
#7721=CYLINDRICAL_SURFACE('',#8936,4.14999999999942);
#7722=CYLINDRICAL_SURFACE('',#8939,0.600000000000002);
#7723=CYLINDRICAL_SURFACE('',#8943,0.5);
#7724=CYLINDRICAL_SURFACE('',#8946,0.5);
#7725=CYLINDRICAL_SURFACE('',#8949,0.5);
#7726=CYLINDRICAL_SURFACE('',#8952,0.5);
#7727=CYLINDRICAL_SURFACE('',#8955,0.5);
#7728=CYLINDRICAL_SURFACE('',#8984,2.5);
#7729=CYLINDRICAL_SURFACE('',#8990,1.2295);
#7730=CYLINDRICAL_SURFACE('',#8993,2.5);
#7731=CYLINDRICAL_SURFACE('',#8999,1.2295);
#7732=CYLINDRICAL_SURFACE('',#9002,2.5);
#7733=CYLINDRICAL_SURFACE('',#9008,1.2295);
#7734=CYLINDRICAL_SURFACE('',#9022,1.4999999999999);
#7735=CYLINDRICAL_SURFACE('',#9031,2.5);
#7736=ADVANCED_FACE('',(#6969,#6970),#7604,.T.);
#7737=ADVANCED_FACE('',(#6971,#6972),#148,.T.);
#7738=ADVANCED_FACE('',(#6973),#106,.T.);
#7739=ADVANCED_FACE('',(#6974),#107,.T.);
#7740=ADVANCED_FACE('',(#6975),#108,.T.);
#7741=ADVANCED_FACE('',(#6976,#6977,#6978,#6979,#6980),#149,.F.);
#7742=ADVANCED_FACE('',(#6981),#7605,.T.);
#7743=ADVANCED_FACE('',(#6982),#67,.T.);
#7744=ADVANCED_FACE('',(#6983),#68,.T.);
#7745=ADVANCED_FACE('',(#6984),#7606,.T.);
#7746=ADVANCED_FACE('',(#6985),#7607,.T.);
#7747=ADVANCED_FACE('',(#6986),#150,.F.);
#7748=ADVANCED_FACE('',(#6987,#6988),#151,.T.);
#7749=ADVANCED_FACE('',(#6989),#152,.F.);
#7750=ADVANCED_FACE('',(#6990,#6991),#153,.T.);
#7751=ADVANCED_FACE('',(#6992,#6993,#6994,#6995,#6996,#6997),#154,.F.);
#7752=ADVANCED_FACE('',(#6998),#155,.F.);
#7753=ADVANCED_FACE('',(#6999),#156,.F.);
#7754=ADVANCED_FACE('',(#7000),#7608,.T.);
#7755=ADVANCED_FACE('',(#7001),#7609,.T.);
#7756=ADVANCED_FACE('',(#7002,#7003),#157,.F.);
#7757=ADVANCED_FACE('',(#7004),#158,.F.);
#7758=ADVANCED_FACE('',(#7005),#159,.F.);
#7759=ADVANCED_FACE('',(#7006),#160,.F.);
#7760=ADVANCED_FACE('',(#7007),#161,.T.);
#7761=ADVANCED_FACE('',(#7008),#162,.F.);
#7762=ADVANCED_FACE('',(#7009),#163,.F.);
#7763=ADVANCED_FACE('',(#7010,#7011,#7012),#164,.F.);
#7764=ADVANCED_FACE('',(#7013),#165,.F.);
#7765=ADVANCED_FACE('',(#7014),#166,.F.);
#7766=ADVANCED_FACE('',(#7015),#167,.F.);
#7767=ADVANCED_FACE('',(#7016),#168,.F.);
#7768=ADVANCED_FACE('',(#7017),#169,.F.);
#7769=ADVANCED_FACE('',(#7018),#170,.F.);
#7770=ADVANCED_FACE('',(#7019),#171,.F.);
#7771=ADVANCED_FACE('',(#7020),#172,.F.);
#7772=ADVANCED_FACE('',(#7021),#173,.F.);
#7773=ADVANCED_FACE('',(#7022),#174,.F.);
#7774=ADVANCED_FACE('',(#7023),#175,.F.);
#7775=ADVANCED_FACE('',(#7024),#176,.F.);
#7776=ADVANCED_FACE('',(#7025),#177,.F.);
#7777=ADVANCED_FACE('',(#7026),#178,.F.);
#7778=ADVANCED_FACE('',(#7027),#179,.F.);
#7779=ADVANCED_FACE('',(#7028),#180,.F.);
#7780=ADVANCED_FACE('',(#7029),#181,.F.);
#7781=ADVANCED_FACE('',(#7030),#182,.F.);
#7782=ADVANCED_FACE('',(#7031),#183,.F.);
#7783=ADVANCED_FACE('',(#7032),#184,.F.);
#7784=ADVANCED_FACE('',(#7033),#185,.F.);
#7785=ADVANCED_FACE('',(#7034),#186,.F.);
#7786=ADVANCED_FACE('',(#7035),#187,.F.);
#7787=ADVANCED_FACE('',(#7036),#188,.F.);
#7788=ADVANCED_FACE('',(#7037),#7610,.T.);
#7789=ADVANCED_FACE('',(#7038),#7611,.T.);
#7790=ADVANCED_FACE('',(#7039),#7612,.T.);
#7791=ADVANCED_FACE('',(#7040),#7613,.T.);
#7792=ADVANCED_FACE('',(#7041),#7614,.T.);
#7793=ADVANCED_FACE('',(#7042),#7615,.T.);
#7794=ADVANCED_FACE('',(#7043),#7616,.T.);
#7795=ADVANCED_FACE('',(#7044),#189,.T.);
#7796=ADVANCED_FACE('',(#7045),#190,.T.);
#7797=ADVANCED_FACE('',(#7046),#191,.T.);
#7798=ADVANCED_FACE('',(#7047),#69,.T.);
#7799=ADVANCED_FACE('',(#7048),#70,.T.);
#7800=ADVANCED_FACE('',(#7049),#7617,.T.);
#7801=ADVANCED_FACE('',(#7050),#7618,.T.);
#7802=ADVANCED_FACE('',(#7051),#7619,.T.);
#7803=ADVANCED_FACE('',(#7052),#7620,.T.);
#7804=ADVANCED_FACE('',(#7053),#7621,.F.);
#7805=ADVANCED_FACE('',(#7054),#192,.F.);
#7806=ADVANCED_FACE('',(#7055),#7622,.T.);
#7807=ADVANCED_FACE('',(#7056),#193,.T.);
#7808=ADVANCED_FACE('',(#7057),#7623,.F.);
#7809=ADVANCED_FACE('',(#7058),#7624,.T.);
#7810=ADVANCED_FACE('',(#7059),#194,.F.);
#7811=ADVANCED_FACE('',(#7060),#195,.T.);
#7812=ADVANCED_FACE('',(#7061,#7062),#7625,.F.);
#7813=ADVANCED_FACE('',(#7063,#7064),#109,.F.);
#7814=ADVANCED_FACE('',(#7065,#7066),#7626,.F.);
#7815=ADVANCED_FACE('',(#7067,#7068),#196,.T.);
#7816=ADVANCED_FACE('',(#7069,#7070),#7627,.F.);
#7817=ADVANCED_FACE('',(#7071,#7072),#197,.T.);
#7818=ADVANCED_FACE('',(#7073,#7074),#7628,.F.);
#7819=ADVANCED_FACE('',(#7075,#7076),#110,.F.);
#7820=ADVANCED_FACE('',(#7077,#7078),#7629,.F.);
#7821=ADVANCED_FACE('',(#7079,#7080),#198,.T.);
#7822=ADVANCED_FACE('',(#7081,#7082),#7630,.F.);
#7823=ADVANCED_FACE('',(#7083,#7084),#199,.T.);
#7824=ADVANCED_FACE('',(#7085,#7086),#7631,.F.);
#7825=ADVANCED_FACE('',(#7087,#7088),#111,.F.);
#7826=ADVANCED_FACE('',(#7089,#7090),#112,.F.);
#7827=ADVANCED_FACE('',(#7091,#7092),#7632,.F.);
#7828=ADVANCED_FACE('',(#7093,#7094),#113,.F.);
#7829=ADVANCED_FACE('',(#7095,#7096),#7633,.F.);
#7830=ADVANCED_FACE('',(#7097),#200,.F.);
#7831=ADVANCED_FACE('',(#7098),#201,.T.);
#7832=ADVANCED_FACE('',(#7099),#202,.T.);
#7833=ADVANCED_FACE('',(#7100,#7101),#7634,.F.);
#7834=ADVANCED_FACE('',(#7102,#7103),#71,.T.);
#7835=ADVANCED_FACE('',(#7104),#203,.T.);
#7836=ADVANCED_FACE('',(#7105),#204,.F.);
#7837=ADVANCED_FACE('',(#7106,#7107),#114,.F.);
#7838=ADVANCED_FACE('',(#7108,#7109),#7635,.F.);
#7839=ADVANCED_FACE('',(#7110,#7111),#115,.F.);
#7840=ADVANCED_FACE('',(#7112,#7113),#7636,.F.);
#7841=ADVANCED_FACE('',(#7114,#7115),#116,.F.);
#7842=ADVANCED_FACE('',(#7116,#7117),#7637,.F.);
#7843=ADVANCED_FACE('',(#7118,#7119),#117,.F.);
#7844=ADVANCED_FACE('',(#7120,#7121),#118,.F.);
#7845=ADVANCED_FACE('',(#7122,#7123),#7638,.F.);
#7846=ADVANCED_FACE('',(#7124,#7125),#119,.F.);
#7847=ADVANCED_FACE('',(#7126),#205,.T.);
#7848=ADVANCED_FACE('',(#7127),#206,.T.);
#7849=ADVANCED_FACE('',(#7128),#207,.T.);
#7850=ADVANCED_FACE('',(#7129),#208,.T.);
#7851=ADVANCED_FACE('',(#7130),#7639,.F.);
#7852=ADVANCED_FACE('',(#7131),#209,.T.);
#7853=ADVANCED_FACE('',(#7132),#210,.T.);
#7854=ADVANCED_FACE('',(#7133),#211,.T.);
#7855=ADVANCED_FACE('',(#7134),#7640,.F.);
#7856=ADVANCED_FACE('',(#7135),#212,.T.);
#7857=ADVANCED_FACE('',(#7136),#213,.T.);
#7858=ADVANCED_FACE('',(#7137),#7641,.F.);
#7859=ADVANCED_FACE('',(#7138),#214,.T.);
#7860=ADVANCED_FACE('',(#7139),#215,.T.);
#7861=ADVANCED_FACE('',(#7140),#7642,.F.);
#7862=ADVANCED_FACE('',(#7141),#216,.F.);
#7863=ADVANCED_FACE('',(#7142),#7643,.F.);
#7864=ADVANCED_FACE('',(#7143),#217,.F.);
#7865=ADVANCED_FACE('',(#7144),#7644,.F.);
#7866=ADVANCED_FACE('',(#7145),#218,.F.);
#7867=ADVANCED_FACE('',(#7146),#7645,.F.);
#7868=ADVANCED_FACE('',(#7147),#219,.T.);
#7869=ADVANCED_FACE('',(#7148),#220,.T.);
#7870=ADVANCED_FACE('',(#7149),#221,.T.);
#7871=ADVANCED_FACE('',(#7150),#222,.T.);
#7872=ADVANCED_FACE('',(#7151),#223,.T.);
#7873=ADVANCED_FACE('',(#7152),#224,.T.);
#7874=ADVANCED_FACE('',(#7153),#225,.T.);
#7875=ADVANCED_FACE('',(#7154),#226,.T.);
#7876=ADVANCED_FACE('',(#7155),#227,.T.);
#7877=ADVANCED_FACE('',(#7156),#228,.T.);
#7878=ADVANCED_FACE('',(#7157),#229,.T.);
#7879=ADVANCED_FACE('',(#7158),#230,.T.);
#7880=ADVANCED_FACE('',(#7159),#231,.T.);
#7881=ADVANCED_FACE('',(#7160),#232,.T.);
#7882=ADVANCED_FACE('',(#7161),#233,.T.);
#7883=ADVANCED_FACE('',(#7162),#234,.T.);
#7884=ADVANCED_FACE('',(#7163),#235,.T.);
#7885=ADVANCED_FACE('',(#7164),#236,.T.);
#7886=ADVANCED_FACE('',(#7165),#237,.T.);
#7887=ADVANCED_FACE('',(#7166),#238,.T.);
#7888=ADVANCED_FACE('',(#7167),#239,.T.);
#7889=ADVANCED_FACE('',(#7168),#240,.T.);
#7890=ADVANCED_FACE('',(#7169),#241,.T.);
#7891=ADVANCED_FACE('',(#7170),#242,.T.);
#7892=ADVANCED_FACE('',(#7171),#243,.T.);
#7893=ADVANCED_FACE('',(#7172),#244,.T.);
#7894=ADVANCED_FACE('',(#7173),#245,.T.);
#7895=ADVANCED_FACE('',(#7174),#246,.T.);
#7896=ADVANCED_FACE('',(#7175),#247,.T.);
#7897=ADVANCED_FACE('',(#7176),#248,.T.);
#7898=ADVANCED_FACE('',(#7177),#249,.T.);
#7899=ADVANCED_FACE('',(#7178),#250,.T.);
#7900=ADVANCED_FACE('',(#7179),#7646,.F.);
#7901=ADVANCED_FACE('',(#7180),#251,.T.);
#7902=ADVANCED_FACE('',(#7181),#252,.T.);
#7903=ADVANCED_FACE('',(#7182),#253,.T.);
#7904=ADVANCED_FACE('',(#7183),#254,.T.);
#7905=ADVANCED_FACE('',(#7184),#255,.T.);
#7906=ADVANCED_FACE('',(#7185),#256,.T.);
#7907=ADVANCED_FACE('',(#7186),#257,.T.);
#7908=ADVANCED_FACE('',(#7187),#258,.T.);
#7909=ADVANCED_FACE('',(#7188),#259,.T.);
#7910=ADVANCED_FACE('',(#7189),#260,.T.);
#7911=ADVANCED_FACE('',(#7190),#261,.T.);
#7912=ADVANCED_FACE('',(#7191),#262,.T.);
#7913=ADVANCED_FACE('',(#7192),#263,.T.);
#7914=ADVANCED_FACE('',(#7193),#264,.T.);
#7915=ADVANCED_FACE('',(#7194),#265,.T.);
#7916=ADVANCED_FACE('',(#7195),#266,.T.);
#7917=ADVANCED_FACE('',(#7196),#267,.T.);
#7918=ADVANCED_FACE('',(#7197),#7647,.T.);
#7919=ADVANCED_FACE('',(#7198),#268,.T.);
#7920=ADVANCED_FACE('',(#7199),#269,.T.);
#7921=ADVANCED_FACE('',(#7200),#270,.T.);
#7922=ADVANCED_FACE('',(#7201),#271,.T.);
#7923=ADVANCED_FACE('',(#7202),#272,.T.);
#7924=ADVANCED_FACE('',(#7203),#273,.T.);
#7925=ADVANCED_FACE('',(#7204),#274,.T.);
#7926=ADVANCED_FACE('',(#7205),#275,.T.);
#7927=ADVANCED_FACE('',(#7206),#276,.T.);
#7928=ADVANCED_FACE('',(#7207),#277,.T.);
#7929=ADVANCED_FACE('',(#7208),#278,.T.);
#7930=ADVANCED_FACE('',(#7209),#279,.T.);
#7931=ADVANCED_FACE('',(#7210),#280,.T.);
#7932=ADVANCED_FACE('',(#7211),#281,.T.);
#7933=ADVANCED_FACE('',(#7212),#282,.T.);
#7934=ADVANCED_FACE('',(#7213),#283,.T.);
#7935=ADVANCED_FACE('',(#7214),#284,.T.);
#7936=ADVANCED_FACE('',(#7215),#285,.T.);
#7937=ADVANCED_FACE('',(#7216),#286,.T.);
#7938=ADVANCED_FACE('',(#7217),#7648,.T.);
#7939=ADVANCED_FACE('',(#7218),#7649,.T.);
#7940=ADVANCED_FACE('',(#7219),#7650,.T.);
#7941=ADVANCED_FACE('',(#7220),#7651,.T.);
#7942=ADVANCED_FACE('',(#7221),#7652,.T.);
#7943=ADVANCED_FACE('',(#7222),#287,.T.);
#7944=ADVANCED_FACE('',(#7223),#7653,.F.);
#7945=ADVANCED_FACE('',(#7224),#7654,.F.);
#7946=ADVANCED_FACE('',(#7225),#7655,.F.);
#7947=ADVANCED_FACE('',(#7226),#7656,.F.);
#7948=ADVANCED_FACE('',(#7227),#7657,.F.);
#7949=ADVANCED_FACE('',(#7228),#7658,.F.);
#7950=ADVANCED_FACE('',(#7229),#7659,.F.);
#7951=ADVANCED_FACE('',(#7230),#7660,.F.);
#7952=ADVANCED_FACE('',(#7231),#7661,.F.);
#7953=ADVANCED_FACE('',(#7232),#7662,.F.);
#7954=ADVANCED_FACE('',(#7233),#7663,.F.);
#7955=ADVANCED_FACE('',(#7234),#7664,.F.);
#7956=ADVANCED_FACE('',(#7235),#7665,.F.);
#7957=ADVANCED_FACE('',(#7236),#7666,.F.);
#7958=ADVANCED_FACE('',(#7237),#7667,.F.);
#7959=ADVANCED_FACE('',(#7238),#7668,.F.);
#7960=ADVANCED_FACE('',(#7239),#7669,.F.);
#7961=ADVANCED_FACE('',(#7240),#7670,.F.);
#7962=ADVANCED_FACE('',(#7241),#7671,.F.);
#7963=ADVANCED_FACE('',(#7242),#7672,.F.);
#7964=ADVANCED_FACE('',(#7243),#288,.T.);
#7965=ADVANCED_FACE('',(#7244),#7673,.T.);
#7966=ADVANCED_FACE('',(#7245),#7674,.T.);
#7967=ADVANCED_FACE('',(#7246),#7675,.T.);
#7968=ADVANCED_FACE('',(#7247),#7676,.T.);
#7969=ADVANCED_FACE('',(#7248),#7677,.T.);
#7970=ADVANCED_FACE('',(#7249),#7678,.T.);
#7971=ADVANCED_FACE('',(#7250),#7679,.T.);
#7972=ADVANCED_FACE('',(#7251),#7680,.T.);
#7973=ADVANCED_FACE('',(#7252),#7681,.T.);
#7974=ADVANCED_FACE('',(#7253),#7682,.T.);
#7975=ADVANCED_FACE('',(#7254),#7683,.T.);
#7976=ADVANCED_FACE('',(#7255),#7684,.T.);
#7977=ADVANCED_FACE('',(#7256),#7685,.T.);
#7978=ADVANCED_FACE('',(#7257),#289,.T.);
#7979=ADVANCED_FACE('',(#7258),#290,.T.);
#7980=ADVANCED_FACE('',(#7259),#291,.T.);
#7981=ADVANCED_FACE('',(#7260),#292,.T.);
#7982=ADVANCED_FACE('',(#7261),#293,.T.);
#7983=ADVANCED_FACE('',(#7262),#294,.T.);
#7984=ADVANCED_FACE('',(#7263),#295,.T.);
#7985=ADVANCED_FACE('',(#7264),#296,.T.);
#7986=ADVANCED_FACE('',(#7265),#297,.T.);
#7987=ADVANCED_FACE('',(#7266),#7686,.F.);
#7988=ADVANCED_FACE('',(#7267),#298,.T.);
#7989=ADVANCED_FACE('',(#7268),#299,.T.);
#7990=ADVANCED_FACE('',(#7269),#300,.T.);
#7991=ADVANCED_FACE('',(#7270),#301,.T.);
#7992=ADVANCED_FACE('',(#7271),#302,.T.);
#7993=ADVANCED_FACE('',(#7272),#303,.T.);
#7994=ADVANCED_FACE('',(#7273),#304,.T.);
#7995=ADVANCED_FACE('',(#7274),#305,.T.);
#7996=ADVANCED_FACE('',(#7275),#306,.T.);
#7997=ADVANCED_FACE('',(#7276),#307,.T.);
#7998=ADVANCED_FACE('',(#7277),#7687,.F.);
#7999=ADVANCED_FACE('',(#7278),#7688,.F.);
#8000=ADVANCED_FACE('',(#7279),#308,.T.);
#8001=ADVANCED_FACE('',(#7280),#309,.T.);
#8002=ADVANCED_FACE('',(#7281),#310,.T.);
#8003=ADVANCED_FACE('',(#7282),#311,.T.);
#8004=ADVANCED_FACE('',(#7283),#312,.T.);
#8005=ADVANCED_FACE('',(#7284),#7689,.T.);
#8006=ADVANCED_FACE('',(#7285),#313,.T.);
#8007=ADVANCED_FACE('',(#7286),#314,.T.);
#8008=ADVANCED_FACE('',(#7287),#315,.T.);
#8009=ADVANCED_FACE('',(#7288),#316,.T.);
#8010=ADVANCED_FACE('',(#7289),#317,.T.);
#8011=ADVANCED_FACE('',(#7290),#318,.T.);
#8012=ADVANCED_FACE('',(#7291),#319,.T.);
#8013=ADVANCED_FACE('',(#7292),#320,.T.);
#8014=ADVANCED_FACE('',(#7293),#321,.T.);
#8015=ADVANCED_FACE('',(#7294),#322,.T.);
#8016=ADVANCED_FACE('',(#7295),#323,.T.);
#8017=ADVANCED_FACE('',(#7296),#324,.T.);
#8018=ADVANCED_FACE('',(#7297),#325,.T.);
#8019=ADVANCED_FACE('',(#7298),#7690,.F.);
#8020=ADVANCED_FACE('',(#7299),#326,.T.);
#8021=ADVANCED_FACE('',(#7300),#327,.T.);
#8022=ADVANCED_FACE('',(#7301),#328,.T.);
#8023=ADVANCED_FACE('',(#7302),#7691,.F.);
#8024=ADVANCED_FACE('',(#7303),#329,.T.);
#8025=ADVANCED_FACE('',(#7304),#330,.T.);
#8026=ADVANCED_FACE('',(#7305,#7306),#7692,.T.);
#8027=ADVANCED_FACE('',(#7307),#331,.T.);
#8028=ADVANCED_FACE('',(#7308),#332,.T.);
#8029=ADVANCED_FACE('',(#7309),#333,.T.);
#8030=ADVANCED_FACE('',(#7310),#334,.T.);
#8031=ADVANCED_FACE('',(#7311),#335,.T.);
#8032=ADVANCED_FACE('',(#7312,#7313),#7693,.T.);
#8033=ADVANCED_FACE('',(#7314),#336,.T.);
#8034=ADVANCED_FACE('',(#7315),#337,.T.);
#8035=ADVANCED_FACE('',(#7316,#7317),#7694,.T.);
#8036=ADVANCED_FACE('',(#7318),#7695,.T.);
#8037=ADVANCED_FACE('',(#7319),#338,.T.);
#8038=ADVANCED_FACE('',(#7320,#7321),#7696,.T.);
#8039=ADVANCED_FACE('',(#7322),#339,.T.);
#8040=ADVANCED_FACE('',(#7323),#340,.T.);
#8041=ADVANCED_FACE('',(#7324,#7325),#7697,.T.);
#8042=ADVANCED_FACE('',(#7326),#341,.T.);
#8043=ADVANCED_FACE('',(#7327),#7698,.T.);
#8044=ADVANCED_FACE('',(#7328),#342,.T.);
#8045=ADVANCED_FACE('',(#7329),#7699,.T.);
#8046=ADVANCED_FACE('',(#7330),#343,.T.);
#8047=ADVANCED_FACE('',(#7331),#344,.T.);
#8048=ADVANCED_FACE('',(#7332),#7700,.T.);
#8049=ADVANCED_FACE('',(#7333),#345,.T.);
#8050=ADVANCED_FACE('',(#7334),#346,.T.);
#8051=ADVANCED_FACE('',(#7335),#7701,.T.);
#8052=ADVANCED_FACE('',(#7336),#347,.T.);
#8053=ADVANCED_FACE('',(#7337),#7702,.T.);
#8054=ADVANCED_FACE('',(#7338),#348,.F.);
#8055=ADVANCED_FACE('',(#7339,#7340,#7341,#7342,#7343,#7344,#7345,#7346,
#7347,#7348,#7349,#7350,#7351,#7352,#7353,#7354,#7355,#7356,#7357,#7358,
#7359,#7360,#7361,#7362,#7363,#7364,#7365,#7366,#7367,#7368),#349,.T.);
#8056=ADVANCED_FACE('',(#7369),#350,.F.);
#8057=ADVANCED_FACE('',(#7370),#351,.F.);
#8058=ADVANCED_FACE('',(#7371),#352,.F.);
#8059=ADVANCED_FACE('',(#7372),#353,.F.);
#8060=ADVANCED_FACE('',(#7373),#354,.F.);
#8061=ADVANCED_FACE('',(#7374),#355,.F.);
#8062=ADVANCED_FACE('',(#7375),#356,.F.);
#8063=ADVANCED_FACE('',(#7376),#357,.F.);
#8064=ADVANCED_FACE('',(#7377),#358,.F.);
#8065=ADVANCED_FACE('',(#7378),#359,.F.);
#8066=ADVANCED_FACE('',(#7379),#360,.F.);
#8067=ADVANCED_FACE('',(#7380),#361,.F.);
#8068=ADVANCED_FACE('',(#7381),#362,.F.);
#8069=ADVANCED_FACE('',(#7382),#363,.F.);
#8070=ADVANCED_FACE('',(#7383),#364,.F.);
#8071=ADVANCED_FACE('',(#7384),#365,.F.);
#8072=ADVANCED_FACE('',(#7385),#366,.F.);
#8073=ADVANCED_FACE('',(#7386),#367,.F.);
#8074=ADVANCED_FACE('',(#7387),#368,.F.);
#8075=ADVANCED_FACE('',(#7388),#369,.F.);
#8076=ADVANCED_FACE('',(#7389),#370,.F.);
#8077=ADVANCED_FACE('',(#7390),#371,.F.);
#8078=ADVANCED_FACE('',(#7391),#372,.F.);
#8079=ADVANCED_FACE('',(#7392),#373,.F.);
#8080=ADVANCED_FACE('',(#7393),#374,.F.);
#8081=ADVANCED_FACE('',(#7394),#375,.F.);
#8082=ADVANCED_FACE('',(#7395),#376,.F.);
#8083=ADVANCED_FACE('',(#7396),#377,.F.);
#8084=ADVANCED_FACE('',(#7397),#378,.F.);
#8085=ADVANCED_FACE('',(#7398,#7399),#7703,.T.);
#8086=ADVANCED_FACE('',(#7400),#379,.F.);
#8087=ADVANCED_FACE('',(#7401,#7402,#7403,#7404,#7405,#7406,#7407),#380,
 .F.);
#8088=ADVANCED_FACE('',(#7408),#7704,.T.);
#8089=ADVANCED_FACE('',(#7409),#7705,.T.);
#8090=ADVANCED_FACE('',(#7410),#120,.T.);
#8091=ADVANCED_FACE('',(#7411),#121,.T.);
#8092=ADVANCED_FACE('',(#7412,#7413),#381,.F.);
#8093=ADVANCED_FACE('',(#7414),#122,.T.);
#8094=ADVANCED_FACE('',(#7415),#123,.T.);
#8095=ADVANCED_FACE('',(#7416),#124,.T.);
#8096=ADVANCED_FACE('',(#7417),#125,.T.);
#8097=ADVANCED_FACE('',(#7418),#126,.T.);
#8098=ADVANCED_FACE('',(#7419),#127,.T.);
#8099=ADVANCED_FACE('',(#7420),#7706,.T.);
#8100=ADVANCED_FACE('',(#7421),#7707,.T.);
#8101=ADVANCED_FACE('',(#7422),#7708,.T.);
#8102=ADVANCED_FACE('',(#7423),#7709,.T.);
#8103=ADVANCED_FACE('',(#7424),#7710,.T.);
#8104=ADVANCED_FACE('',(#7425),#7711,.T.);
#8105=ADVANCED_FACE('',(#7426),#382,.F.);
#8106=ADVANCED_FACE('',(#7427,#7428),#128,.T.);
#8107=ADVANCED_FACE('',(#7429,#7430),#383,.F.);
#8108=ADVANCED_FACE('',(#7431,#7432),#7712,.T.);
#8109=ADVANCED_FACE('',(#7433,#7434),#384,.F.);
#8110=ADVANCED_FACE('',(#7435,#7436),#129,.T.);
#8111=ADVANCED_FACE('',(#7437,#7438),#385,.F.);
#8112=ADVANCED_FACE('',(#7439,#7440),#72,.T.);
#8113=ADVANCED_FACE('',(#7441,#7442),#130,.T.);
#8114=ADVANCED_FACE('',(#7443,#7444),#7713,.T.);
#8115=ADVANCED_FACE('',(#7445,#7446),#73,.T.);
#8116=ADVANCED_FACE('',(#7447,#7448),#386,.F.);
#8117=ADVANCED_FACE('',(#7449,#7450),#74,.F.);
#8118=ADVANCED_FACE('',(#7451,#7452),#7714,.T.);
#8119=ADVANCED_FACE('',(#7453,#7454),#75,.F.);
#8120=ADVANCED_FACE('',(#7455,#7456),#131,.T.);
#8121=ADVANCED_FACE('',(#7457,#7458),#76,.T.);
#8122=ADVANCED_FACE('',(#7459,#7460),#7715,.T.);
#8123=ADVANCED_FACE('',(#7461,#7462),#77,.F.);
#8124=ADVANCED_FACE('',(#7463,#7464),#132,.T.);
#8125=ADVANCED_FACE('',(#7465,#7466),#78,.T.);
#8126=ADVANCED_FACE('',(#7467,#7468),#7716,.T.);
#8127=ADVANCED_FACE('',(#7469,#7470),#79,.T.);
#8128=ADVANCED_FACE('',(#7471,#7472),#133,.T.);
#8129=ADVANCED_FACE('',(#7473,#7474),#80,.T.);
#8130=ADVANCED_FACE('',(#7475,#7476),#387,.F.);
#8131=ADVANCED_FACE('',(#7477,#7478),#7717,.T.);
#8132=ADVANCED_FACE('',(#7479,#7480),#388,.F.);
#8133=ADVANCED_FACE('',(#7481,#7482),#81,.T.);
#8134=ADVANCED_FACE('',(#7483,#7484),#7718,.T.);
#8135=ADVANCED_FACE('',(#7485,#7486),#134,.T.);
#8136=ADVANCED_FACE('',(#7487,#7488),#389,.F.);
#8137=ADVANCED_FACE('',(#7489,#7490),#7719,.T.);
#8138=ADVANCED_FACE('',(#7491,#7492),#135,.T.);
#8139=ADVANCED_FACE('',(#7493,#7494),#390,.F.);
#8140=ADVANCED_FACE('',(#7495,#7496),#7720,.F.);
#8141=ADVANCED_FACE('',(#7497),#391,.T.);
#8142=ADVANCED_FACE('',(#7498),#392,.T.);
#8143=ADVANCED_FACE('',(#7499),#393,.T.);
#8144=ADVANCED_FACE('',(#7500),#394,.T.);
#8145=ADVANCED_FACE('',(#7501),#395,.T.);
#8146=ADVANCED_FACE('',(#7502),#396,.T.);
#8147=ADVANCED_FACE('',(#7503),#397,.T.);
#8148=ADVANCED_FACE('',(#7504),#398,.T.);
#8149=ADVANCED_FACE('',(#7505),#7721,.T.);
#8150=ADVANCED_FACE('',(#7506),#399,.F.);
#8151=ADVANCED_FACE('',(#7507),#7722,.T.);
#8152=ADVANCED_FACE('',(#7508),#400,.F.);
#8153=ADVANCED_FACE('',(#7509),#401,.T.);
#8154=ADVANCED_FACE('',(#7510,#7511),#7723,.T.);
#8155=ADVANCED_FACE('',(#7512),#402,.T.);
#8156=ADVANCED_FACE('',(#7513,#7514),#7724,.T.);
#8157=ADVANCED_FACE('',(#7515),#403,.T.);
#8158=ADVANCED_FACE('',(#7516,#7517),#7725,.T.);
#8159=ADVANCED_FACE('',(#7518),#404,.T.);
#8160=ADVANCED_FACE('',(#7519,#7520),#7726,.T.);
#8161=ADVANCED_FACE('',(#7521),#405,.T.);
#8162=ADVANCED_FACE('',(#7522,#7523),#7727,.T.);
#8163=ADVANCED_FACE('',(#7524),#406,.T.);
#8164=ADVANCED_FACE('',(#7525),#407,.T.);
#8165=ADVANCED_FACE('',(#7526),#408,.T.);
#8166=ADVANCED_FACE('',(#7527),#409,.T.);
#8167=ADVANCED_FACE('',(#7528),#410,.T.);
#8168=ADVANCED_FACE('',(#7529),#411,.T.);
#8169=ADVANCED_FACE('',(#7530),#412,.T.);
#8170=ADVANCED_FACE('',(#7531),#413,.T.);
#8171=ADVANCED_FACE('',(#7532),#414,.T.);
#8172=ADVANCED_FACE('',(#7533),#415,.T.);
#8173=ADVANCED_FACE('',(#7534),#416,.T.);
#8174=ADVANCED_FACE('',(#7535),#417,.F.);
#8175=ADVANCED_FACE('',(#7536),#418,.T.);
#8176=ADVANCED_FACE('',(#7537),#419,.T.);
#8177=ADVANCED_FACE('',(#7538),#420,.T.);
#8178=ADVANCED_FACE('',(#7539),#421,.T.);
#8179=ADVANCED_FACE('',(#7540),#422,.T.);
#8180=ADVANCED_FACE('',(#7541),#423,.F.);
#8181=ADVANCED_FACE('',(#7542),#424,.T.);
#8182=ADVANCED_FACE('',(#7543,#7544,#7545,#7546),#425,.T.);
#8183=ADVANCED_FACE('',(#7547),#426,.T.);
#8184=ADVANCED_FACE('',(#7548,#7549),#7728,.F.);
#8185=ADVANCED_FACE('',(#7550,#7551),#427,.T.);
#8186=ADVANCED_FACE('',(#7552,#7553),#136,.F.);
#8187=ADVANCED_FACE('',(#7554,#7555),#7729,.F.);
#8188=ADVANCED_FACE('',(#7556,#7557),#137,.F.);
#8189=ADVANCED_FACE('',(#7558,#7559),#7730,.F.);
#8190=ADVANCED_FACE('',(#7560,#7561),#428,.T.);
#8191=ADVANCED_FACE('',(#7562,#7563),#138,.F.);
#8192=ADVANCED_FACE('',(#7564,#7565),#7731,.F.);
#8193=ADVANCED_FACE('',(#7566,#7567),#139,.F.);
#8194=ADVANCED_FACE('',(#7568,#7569),#7732,.F.);
#8195=ADVANCED_FACE('',(#7570,#7571),#429,.T.);
#8196=ADVANCED_FACE('',(#7572,#7573),#140,.F.);
#8197=ADVANCED_FACE('',(#7574,#7575),#7733,.F.);
#8198=ADVANCED_FACE('',(#7576,#7577),#141,.F.);
#8199=ADVANCED_FACE('',(#7578),#430,.T.);
#8200=ADVANCED_FACE('',(#7579),#431,.T.);
#8201=ADVANCED_FACE('',(#7580),#432,.T.);
#8202=ADVANCED_FACE('',(#7581),#433,.F.);
#8203=ADVANCED_FACE('',(#7582),#434,.T.);
#8204=ADVANCED_FACE('',(#7583),#435,.T.);
#8205=ADVANCED_FACE('',(#7584),#436,.T.);
#8206=ADVANCED_FACE('',(#7585),#437,.T.);
#8207=ADVANCED_FACE('',(#7586),#142,.F.);
#8208=ADVANCED_FACE('',(#7587),#143,.F.);
#8209=ADVANCED_FACE('',(#7588,#7589),#7734,.F.);
#8210=ADVANCED_FACE('',(#7590,#7591),#144,.F.);
#8211=ADVANCED_FACE('',(#7592,#7593),#438,.T.);
#8212=ADVANCED_FACE('',(#7594,#7595),#145,.T.);
#8213=ADVANCED_FACE('',(#7596,#7597),#7735,.T.);
#8214=ADVANCED_FACE('',(#7598,#7599),#146,.T.);
#8215=ADVANCED_FACE('',(#7600,#7601),#439,.T.);
#8216=ADVANCED_FACE('',(#7602,#7603),#147,.F.);
#8217=CLOSED_SHELL('',(#7736,#7737,#7738,#7739,#7740,#7741,#7742,#7743,
#7744,#7745,#7746,#7747,#7748,#7749,#7750,#7751,#7752,#7753,#7754,#7755,
#7756,#7757,#7758,#7759,#7760,#7761,#7762,#7763,#7764,#7765,#7766,#7767,
#7768,#7769,#7770,#7771,#7772,#7773,#7774,#7775,#7776,#7777,#7778,#7779,
#7780,#7781,#7782,#7783,#7784,#7785,#7786,#7787,#7788,#7789,#7790,#7791,
#7792,#7793,#7794,#7795,#7796,#7797,#7798,#7799,#7800,#7801,#7802,#7803,
#7804,#7805,#7806,#7807,#7808,#7809,#7810,#7811,#7812,#7813,#7814,#7815,
#7816,#7817,#7818,#7819,#7820,#7821,#7822,#7823,#7824,#7825,#7826,#7827,
#7828,#7829,#7830,#7831,#7832,#7833,#7834,#7835,#7836,#7837,#7838,#7839,
#7840,#7841,#7842,#7843,#7844,#7845,#7846,#7847,#7848,#7849,#7850,#7851,
#7852,#7853,#7854,#7855,#7856,#7857,#7858,#7859,#7860,#7861,#7862,#7863,
#7864,#7865,#7866,#7867,#7868,#7869,#7870,#7871,#7872,#7873,#7874,#7875,
#7876,#7877,#7878,#7879,#7880,#7881,#7882,#7883,#7884,#7885,#7886,#7887,
#7888,#7889,#7890,#7891,#7892,#7893,#7894,#7895,#7896,#7897,#7898,#7899,
#7900,#7901,#7902,#7903,#7904,#7905,#7906,#7907,#7908,#7909,#7910,#7911,
#7912,#7913,#7914,#7915,#7916,#7917,#7918,#7919,#7920,#7921,#7922,#7923,
#7924,#7925,#7926,#7927,#7928,#7929,#7930,#7931,#7932,#7933,#7934,#7935,
#7936,#7937,#7938,#7939,#7940,#7941,#7942,#7943,#7944,#7945,#7946,#7947,
#7948,#7949,#7950,#7951,#7952,#7953,#7954,#7955,#7956,#7957,#7958,#7959,
#7960,#7961,#7962,#7963,#7964,#7965,#7966,#7967,#7968,#7969,#7970,#7971,
#7972,#7973,#7974,#7975,#7976,#7977,#7978,#7979,#7980,#7981,#7982,#7983,
#7984,#7985,#7986,#7987,#7988,#7989,#7990,#7991,#7992,#7993,#7994,#7995,
#7996,#7997,#7998,#7999,#8000,#8001,#8002,#8003,#8004,#8005,#8006,#8007,
#8008,#8009,#8010,#8011,#8012,#8013,#8014,#8015,#8016,#8017,#8018,#8019,
#8020,#8021,#8022,#8023,#8024,#8025,#8026,#8027,#8028,#8029,#8030,#8031,
#8032,#8033,#8034,#8035,#8036,#8037,#8038,#8039,#8040,#8041,#8042,#8043,
#8044,#8045,#8046,#8047,#8048,#8049,#8050,#8051,#8052,#8053,#8054,#8055,
#8056,#8057,#8058,#8059,#8060,#8061,#8062,#8063,#8064,#8065,#8066,#8067,
#8068,#8069,#8070,#8071,#8072,#8073,#8074,#8075,#8076,#8077,#8078,#8079,
#8080,#8081,#8082,#8083,#8084,#8085,#8086));
#8218=CLOSED_SHELL('',(#8087,#8088,#8089,#8090,#8091,#8092,#8093,#8094,
#8095,#8096,#8097,#8098,#8099,#8100,#8101,#8102,#8103,#8104,#8105,#8106,
#8107,#8108,#8109,#8110,#8111,#8112,#8113,#8114,#8115,#8116,#8117,#8118,
#8119,#8120,#8121,#8122,#8123,#8124,#8125,#8126,#8127,#8128,#8129,#8130,
#8131,#8132,#8133,#8134,#8135,#8136,#8137,#8138,#8139,#8140,#8141,#8142,
#8143,#8144,#8145,#8146,#8147,#8148,#8149,#8150,#8151,#8152,#8153,#8154,
#8155,#8156,#8157,#8158,#8159,#8160,#8161,#8162,#8163));
#8219=CLOSED_SHELL('',(#8164,#8165,#8166,#8167,#8168,#8169,#8170,#8171,
#8172,#8173,#8174,#8175,#8176,#8177,#8178,#8179,#8180,#8181,#8182,#8183,
#8184,#8185,#8186,#8187,#8188,#8189,#8190,#8191,#8192,#8193,#8194,#8195,
#8196,#8197,#8198,#8199,#8200,#8201,#8202,#8203,#8204,#8205,#8206,#8207,
#8208));
#8220=CLOSED_SHELL('',(#8209,#8210,#8211,#8212,#8213,#8214,#8215,#8216));
#8221=MANIFOLD_SOLID_BREP('GEH6040IL-03-B_zyl_GEH6000IL',#8217);
#8222=MANIFOLD_SOLID_BREP('CSTE00846_Stecker-',#8218);
#8223=MANIFOLD_SOLID_BREP('GEH6040IL-03-B(Bac)',#8219);
#8224=MANIFOLD_SOLID_BREP('DST40400_zentrierhuelse',#8220);
#8225=SHAPE_DEFINITION_REPRESENTATION(#13868,#8230);
#8226=SHAPE_DEFINITION_REPRESENTATION(#13869,#8231);
#8227=SHAPE_DEFINITION_REPRESENTATION(#13871,#8232);
#8228=SHAPE_DEFINITION_REPRESENTATION(#13873,#8233);
#8229=SHAPE_DEFINITION_REPRESENTATION(#13875,#8234);
#8230=SHAPE_REPRESENTATION('GEH6040IL-03-B01GEH6000IL',(#8235,#8807,#8958,
#9021,#9038,#9039,#9040,#9041,#9042),#13855);
#8231=SHAPE_REPRESENTATION('GEH6040IL-03-B_zyl_GEH6000IL',(#8235),#13856);
#8232=SHAPE_REPRESENTATION('CSTE00846_Stecker-',(#8235),#13857);
#8233=SHAPE_REPRESENTATION('GEH6040IL-03-B(Bac)',(#8235),#13858);
#8234=SHAPE_REPRESENTATION('DST40400_zentrierhuelse',(#8235),#13859);
#8235=AXIS2_PLACEMENT_3D('',#11416,#9043,#9044);
#8236=AXIS2_PLACEMENT_3D('',#11417,#9045,#9046);
#8237=AXIS2_PLACEMENT_3D('',#11418,#9047,#9048);
#8238=AXIS2_PLACEMENT_3D('',#11420,#9049,#9050);
#8239=AXIS2_PLACEMENT_3D('',#11425,#9052,#9053);
#8240=AXIS2_PLACEMENT_3D('',#11429,#9055,#9056);
#8241=AXIS2_PLACEMENT_3D('',#11433,#9058,#9059);
#8242=AXIS2_PLACEMENT_3D('',#11437,#9061,#9062);
#8243=AXIS2_PLACEMENT_3D('',#11441,#9064,#9065);
#8244=AXIS2_PLACEMENT_3D('',#11444,#9067,#9068);
#8245=AXIS2_PLACEMENT_3D('',#11445,#9069,#9070);
#8246=AXIS2_PLACEMENT_3D('',#11447,#9071,#9072);
#8247=AXIS2_PLACEMENT_3D('',#11452,#9074,#9075);
#8248=AXIS2_PLACEMENT_3D('',#11456,#9077,#9078);
#8249=AXIS2_PLACEMENT_3D('',#11460,#9080,#9081);
#8250=AXIS2_PLACEMENT_3D('',#11464,#9083,#9084);
#8251=AXIS2_PLACEMENT_3D('',#11468,#9086,#9087);
#8252=AXIS2_PLACEMENT_3D('',#11471,#9089,#9090);
#8253=AXIS2_PLACEMENT_3D('',#11480,#9091,#9092);
#8254=AXIS2_PLACEMENT_3D('',#11489,#9093,#9094);
#8255=AXIS2_PLACEMENT_3D('',#11498,#9095,#9096);
#8256=AXIS2_PLACEMENT_3D('',#11499,#9097,#9098);
#8257=AXIS2_PLACEMENT_3D('',#11501,#9099,#9100);
#8258=AXIS2_PLACEMENT_3D('',#11503,#9101,#9102);
#8259=AXIS2_PLACEMENT_3D('',#11505,#9103,#9104);
#8260=AXIS2_PLACEMENT_3D('',#11515,#9109,#9110);
#8261=AXIS2_PLACEMENT_3D('',#11519,#9112,#9113);
#8262=AXIS2_PLACEMENT_3D('',#11523,#9115,#9116);
#8263=AXIS2_PLACEMENT_3D('',#11524,#9117,#9118);
#8264=AXIS2_PLACEMENT_3D('',#11532,#9119,#9120);
#8265=AXIS2_PLACEMENT_3D('',#11534,#9121,#9122);
#8266=AXIS2_PLACEMENT_3D('',#11536,#9123,#9124);
#8267=AXIS2_PLACEMENT_3D('',#11537,#9125,#9126);
#8268=AXIS2_PLACEMENT_3D('',#11538,#9127,#9128);
#8269=AXIS2_PLACEMENT_3D('',#11547,#9129,#9130);
#8270=AXIS2_PLACEMENT_3D('',#11549,#9131,#9132);
#8271=AXIS2_PLACEMENT_3D('',#11550,#9133,#9134);
#8272=AXIS2_PLACEMENT_3D('',#11551,#9135,#9136);
#8273=AXIS2_PLACEMENT_3D('',#11556,#9139,#9140);
#8274=AXIS2_PLACEMENT_3D('',#11557,#9141,#9142);
#8275=AXIS2_PLACEMENT_3D('',#11558,#9143,#9144);
#8276=AXIS2_PLACEMENT_3D('',#11560,#9145,#9146);
#8277=AXIS2_PLACEMENT_3D('',#11564,#9149,#9150);
#8278=AXIS2_PLACEMENT_3D('',#11573,#9155,#9156);
#8279=AXIS2_PLACEMENT_3D('',#11583,#9161,#9162);
#8280=AXIS2_PLACEMENT_3D('',#11584,#9163,#9164);
#8281=AXIS2_PLACEMENT_3D('',#11654,#9200,#9201);
#8282=AXIS2_PLACEMENT_3D('',#11657,#9203,#9204);
#8283=AXIS2_PLACEMENT_3D('',#11658,#9205,#9206);
#8284=AXIS2_PLACEMENT_3D('',#11666,#9210,#9211);
#8285=AXIS2_PLACEMENT_3D('',#11732,#9245,#9246);
#8286=AXIS2_PLACEMENT_3D('',#11733,#9247,#9248);
#8287=AXIS2_PLACEMENT_3D('',#11735,#9249,#9250);
#8288=AXIS2_PLACEMENT_3D('',#11737,#9251,#9252);
#8289=AXIS2_PLACEMENT_3D('',#11739,#9253,#9254);
#8290=AXIS2_PLACEMENT_3D('',#11741,#9255,#9256);
#8291=AXIS2_PLACEMENT_3D('',#11745,#9259,#9260);
#8292=AXIS2_PLACEMENT_3D('',#11749,#9262,#9263);
#8293=AXIS2_PLACEMENT_3D('',#11756,#9267,#9268);
#8294=AXIS2_PLACEMENT_3D('',#11758,#9270,#9271);
#8295=AXIS2_PLACEMENT_3D('',#11762,#9273,#9274);
#8296=AXIS2_PLACEMENT_3D('',#11763,#9275,#9276);
#8297=AXIS2_PLACEMENT_3D('',#11764,#9277,#9278);
#8298=AXIS2_PLACEMENT_3D('',#11768,#9280,#9281);
#8299=AXIS2_PLACEMENT_3D('',#11769,#9282,#9283);
#8300=AXIS2_PLACEMENT_3D('',#11770,#9284,#9285);
#8301=AXIS2_PLACEMENT_3D('',#11773,#9287,#9288);
#8302=AXIS2_PLACEMENT_3D('',#11777,#9290,#9291);
#8303=AXIS2_PLACEMENT_3D('',#11781,#9293,#9294);
#8304=AXIS2_PLACEMENT_3D('',#11785,#9296,#9297);
#8305=AXIS2_PLACEMENT_3D('',#11789,#9299,#9300);
#8306=AXIS2_PLACEMENT_3D('',#11793,#9303,#9304);
#8307=AXIS2_PLACEMENT_3D('',#11799,#9308,#9309);
#8308=AXIS2_PLACEMENT_3D('',#11805,#9313,#9314);
#8309=AXIS2_PLACEMENT_3D('',#11809,#9316,#9317);
#8310=AXIS2_PLACEMENT_3D('',#11817,#9321,#9322);
#8311=AXIS2_PLACEMENT_3D('',#11818,#9323,#9324);
#8312=AXIS2_PLACEMENT_3D('',#11828,#9330,#9331);
#8313=AXIS2_PLACEMENT_3D('',#11829,#9332,#9333);
#8314=AXIS2_PLACEMENT_3D('',#11831,#9335,#9336);
#8315=AXIS2_PLACEMENT_3D('',#11832,#9337,#9338);
#8316=AXIS2_PLACEMENT_3D('',#11833,#9339,#9340);
#8317=AXIS2_PLACEMENT_3D('',#11837,#9342,#9343);
#8318=AXIS2_PLACEMENT_3D('',#11839,#9345,#9346);
#8319=AXIS2_PLACEMENT_3D('',#11840,#9347,#9348);
#8320=AXIS2_PLACEMENT_3D('',#11842,#9349,#9350);
#8321=AXIS2_PLACEMENT_3D('',#11849,#9354,#9355);
#8322=AXIS2_PLACEMENT_3D('',#11850,#9356,#9357);
#8323=AXIS2_PLACEMENT_3D('',#11852,#9359,#9360);
#8324=AXIS2_PLACEMENT_3D('',#11853,#9361,#9362);
#8325=AXIS2_PLACEMENT_3D('',#11854,#9363,#9364);
#8326=AXIS2_PLACEMENT_3D('',#11855,#9365,#9366);
#8327=AXIS2_PLACEMENT_3D('',#11857,#9368,#9369);
#8328=AXIS2_PLACEMENT_3D('',#11859,#9371,#9372);
#8329=AXIS2_PLACEMENT_3D('',#11861,#9374,#9375);
#8330=AXIS2_PLACEMENT_3D('',#11863,#9377,#9378);
#8331=AXIS2_PLACEMENT_3D('',#11865,#9380,#9381);
#8332=AXIS2_PLACEMENT_3D('',#11867,#9383,#9384);
#8333=AXIS2_PLACEMENT_3D('',#11869,#9386,#9387);
#8334=AXIS2_PLACEMENT_3D('',#11871,#9389,#9390);
#8335=AXIS2_PLACEMENT_3D('',#11873,#9392,#9393);
#8336=AXIS2_PLACEMENT_3D('',#11875,#9395,#9396);
#8337=AXIS2_PLACEMENT_3D('',#11877,#9398,#9399);
#8338=AXIS2_PLACEMENT_3D('',#11878,#9400,#9401);
#8339=AXIS2_PLACEMENT_3D('',#11880,#9403,#9404);
#8340=AXIS2_PLACEMENT_3D('',#11882,#9406,#9407);
#8341=AXIS2_PLACEMENT_3D('',#11884,#9409,#9410);
#8342=AXIS2_PLACEMENT_3D('',#11886,#9412,#9413);
#8343=AXIS2_PLACEMENT_3D('',#11888,#9415,#9416);
#8344=AXIS2_PLACEMENT_3D('',#11890,#9418,#9419);
#8345=AXIS2_PLACEMENT_3D('',#11892,#9421,#9422);
#8346=AXIS2_PLACEMENT_3D('',#11894,#9424,#9425);
#8347=AXIS2_PLACEMENT_3D('',#11896,#9427,#9428);
#8348=AXIS2_PLACEMENT_3D('',#11898,#9430,#9431);
#8349=AXIS2_PLACEMENT_3D('',#11899,#9432,#9433);
#8350=AXIS2_PLACEMENT_3D('',#11900,#9434,#9435);
#8351=AXIS2_PLACEMENT_3D('',#11901,#9436,#9437);
#8352=AXIS2_PLACEMENT_3D('',#11902,#9438,#9439);
#8353=AXIS2_PLACEMENT_3D('',#11903,#9440,#9441);
#8354=AXIS2_PLACEMENT_3D('',#11904,#9442,#9443);
#8355=AXIS2_PLACEMENT_3D('',#11905,#9444,#9445);
#8356=AXIS2_PLACEMENT_3D('',#11906,#9446,#9447);
#8357=AXIS2_PLACEMENT_3D('',#11907,#9448,#9449);
#8358=AXIS2_PLACEMENT_3D('',#11908,#9450,#9451);
#8359=AXIS2_PLACEMENT_3D('',#11909,#9452,#9453);
#8360=AXIS2_PLACEMENT_3D('',#11910,#9454,#9455);
#8361=AXIS2_PLACEMENT_3D('',#11919,#9460,#9461);
#8362=AXIS2_PLACEMENT_3D('',#11924,#9464,#9465);
#8363=AXIS2_PLACEMENT_3D('',#11925,#9466,#9467);
#8364=AXIS2_PLACEMENT_3D('',#11930,#9470,#9471);
#8365=AXIS2_PLACEMENT_3D('',#11931,#9472,#9473);
#8366=AXIS2_PLACEMENT_3D('',#11932,#9474,#9475);
#8367=AXIS2_PLACEMENT_3D('',#11937,#9478,#9479);
#8368=AXIS2_PLACEMENT_3D('',#11942,#9482,#9483);
#8369=AXIS2_PLACEMENT_3D('',#11943,#9484,#9485);
#8370=AXIS2_PLACEMENT_3D('',#11944,#9486,#9487);
#8371=AXIS2_PLACEMENT_3D('',#11945,#9488,#9489);
#8372=AXIS2_PLACEMENT_3D('',#11946,#9490,#9491);
#8373=AXIS2_PLACEMENT_3D('',#11947,#9492,#9493);
#8374=AXIS2_PLACEMENT_3D('',#11948,#9494,#9495);
#8375=AXIS2_PLACEMENT_3D('',#11950,#9497,#9498);
#8376=AXIS2_PLACEMENT_3D('',#11952,#9500,#9501);
#8377=AXIS2_PLACEMENT_3D('',#11953,#9502,#9503);
#8378=AXIS2_PLACEMENT_3D('',#11954,#9504,#9505);
#8379=AXIS2_PLACEMENT_3D('',#11964,#9511,#9512);
#8380=AXIS2_PLACEMENT_3D('',#11965,#9513,#9514);
#8381=AXIS2_PLACEMENT_3D('',#11966,#9515,#9516);
#8382=AXIS2_PLACEMENT_3D('',#11968,#9518,#9519);
#8383=AXIS2_PLACEMENT_3D('',#11969,#9520,#9521);
#8384=AXIS2_PLACEMENT_3D('',#11970,#9522,#9523);
#8385=AXIS2_PLACEMENT_3D('',#11971,#9524,#9525);
#8386=AXIS2_PLACEMENT_3D('',#11972,#9526,#9527);
#8387=AXIS2_PLACEMENT_3D('',#11974,#9529,#9530);
#8388=AXIS2_PLACEMENT_3D('',#11975,#9531,#9532);
#8389=AXIS2_PLACEMENT_3D('',#11977,#9533,#9534);
#8390=AXIS2_PLACEMENT_3D('',#11978,#9535,#9536);
#8391=AXIS2_PLACEMENT_3D('',#11980,#9537,#9538);
#8392=AXIS2_PLACEMENT_3D('',#11981,#9539,#9540);
#8393=AXIS2_PLACEMENT_3D('',#11982,#9541,#9542);
#8394=AXIS2_PLACEMENT_3D('',#11984,#9543,#9544);
#8395=AXIS2_PLACEMENT_3D('',#11985,#9545,#9546);
#8396=AXIS2_PLACEMENT_3D('',#11987,#9547,#9548);
#8397=AXIS2_PLACEMENT_3D('',#11988,#9549,#9550);
#8398=AXIS2_PLACEMENT_3D('',#11990,#9551,#9552);
#8399=AXIS2_PLACEMENT_3D('',#11991,#9553,#9554);
#8400=AXIS2_PLACEMENT_3D('',#11993,#9555,#9556);
#8401=AXIS2_PLACEMENT_3D('',#11994,#9557,#9558);
#8402=AXIS2_PLACEMENT_3D('',#11996,#9559,#9560);
#8403=AXIS2_PLACEMENT_3D('',#11997,#9561,#9562);
#8404=AXIS2_PLACEMENT_3D('',#11998,#9563,#9564);
#8405=AXIS2_PLACEMENT_3D('',#12000,#9565,#9566);
#8406=AXIS2_PLACEMENT_3D('',#12001,#9567,#9568);
#8407=AXIS2_PLACEMENT_3D('',#12003,#9569,#9570);
#8408=AXIS2_PLACEMENT_3D('',#12004,#9571,#9572);
#8409=AXIS2_PLACEMENT_3D('',#12006,#9573,#9574);
#8410=AXIS2_PLACEMENT_3D('',#12007,#9575,#9576);
#8411=AXIS2_PLACEMENT_3D('',#12009,#9577,#9578);
#8412=AXIS2_PLACEMENT_3D('',#12010,#9579,#9580);
#8413=AXIS2_PLACEMENT_3D('',#12012,#9581,#9582);
#8414=AXIS2_PLACEMENT_3D('',#12013,#9583,#9584);
#8415=AXIS2_PLACEMENT_3D('',#12014,#9585,#9586);
#8416=AXIS2_PLACEMENT_3D('',#12017,#9587,#9588);
#8417=AXIS2_PLACEMENT_3D('',#12018,#9589,#9590);
#8418=AXIS2_PLACEMENT_3D('',#12019,#9591,#9592);
#8419=AXIS2_PLACEMENT_3D('',#12022,#9593,#9594);
#8420=AXIS2_PLACEMENT_3D('',#12023,#9595,#9596);
#8421=AXIS2_PLACEMENT_3D('',#12025,#9598,#9599);
#8422=AXIS2_PLACEMENT_3D('',#12026,#9600,#9601);
#8423=AXIS2_PLACEMENT_3D('',#12027,#9602,#9603);
#8424=AXIS2_PLACEMENT_3D('',#12028,#9604,#9605);
#8425=AXIS2_PLACEMENT_3D('',#12030,#9606,#9607);
#8426=AXIS2_PLACEMENT_3D('',#12032,#9608,#9609);
#8427=AXIS2_PLACEMENT_3D('',#12033,#9610,#9611);
#8428=AXIS2_PLACEMENT_3D('',#12034,#9612,#9613);
#8429=AXIS2_PLACEMENT_3D('',#12035,#9614,#9615);
#8430=AXIS2_PLACEMENT_3D('',#12036,#9616,#9617);
#8431=AXIS2_PLACEMENT_3D('',#12039,#9618,#9619);
#8432=AXIS2_PLACEMENT_3D('',#12040,#9620,#9621);
#8433=AXIS2_PLACEMENT_3D('',#12041,#9622,#9623);
#8434=AXIS2_PLACEMENT_3D('',#12044,#9624,#9625);
#8435=AXIS2_PLACEMENT_3D('',#12045,#9626,#9627);
#8436=AXIS2_PLACEMENT_3D('',#12046,#9628,#9629);
#8437=AXIS2_PLACEMENT_3D('',#12049,#9630,#9631);
#8438=AXIS2_PLACEMENT_3D('',#12050,#9632,#9633);
#8439=AXIS2_PLACEMENT_3D('',#12052,#9634,#9635);
#8440=AXIS2_PLACEMENT_3D('',#12053,#9636,#9637);
#8441=AXIS2_PLACEMENT_3D('',#12054,#9638,#9639);
#8442=AXIS2_PLACEMENT_3D('',#12057,#9640,#9641);
#8443=AXIS2_PLACEMENT_3D('',#12058,#9642,#9643);
#8444=AXIS2_PLACEMENT_3D('',#12060,#9644,#9645);
#8445=AXIS2_PLACEMENT_3D('',#12061,#9646,#9647);
#8446=AXIS2_PLACEMENT_3D('',#12063,#9649,#9650);
#8447=AXIS2_PLACEMENT_3D('',#12064,#9651,#9652);
#8448=AXIS2_PLACEMENT_3D('',#12068,#9655,#9656);
#8449=AXIS2_PLACEMENT_3D('',#12072,#9659,#9660);
#8450=AXIS2_PLACEMENT_3D('',#12073,#9661,#9662);
#8451=AXIS2_PLACEMENT_3D('',#12074,#9663,#9664);
#8452=AXIS2_PLACEMENT_3D('',#12075,#9665,#9666);
#8453=AXIS2_PLACEMENT_3D('',#12079,#9669,#9670);
#8454=AXIS2_PLACEMENT_3D('',#12083,#9673,#9674);
#8455=AXIS2_PLACEMENT_3D('',#12084,#9675,#9676);
#8456=AXIS2_PLACEMENT_3D('',#12085,#9677,#9678);
#8457=AXIS2_PLACEMENT_3D('',#12086,#9679,#9680);
#8458=AXIS2_PLACEMENT_3D('',#12090,#9683,#9684);
#8459=AXIS2_PLACEMENT_3D('',#12093,#9686,#9687);
#8460=AXIS2_PLACEMENT_3D('',#12094,#9688,#9689);
#8461=AXIS2_PLACEMENT_3D('',#12096,#9691,#9692);
#8462=AXIS2_PLACEMENT_3D('',#12097,#9693,#9694);
#8463=AXIS2_PLACEMENT_3D('',#12100,#9696,#9697);
#8464=AXIS2_PLACEMENT_3D('',#12103,#9699,#9700);
#8465=AXIS2_PLACEMENT_3D('',#12107,#9703,#9704);
#8466=AXIS2_PLACEMENT_3D('',#12110,#9706,#9707);
#8467=AXIS2_PLACEMENT_3D('',#12111,#9708,#9709);
#8468=AXIS2_PLACEMENT_3D('',#12115,#9712,#9713);
#8469=AXIS2_PLACEMENT_3D('',#12118,#9715,#9716);
#8470=AXIS2_PLACEMENT_3D('',#12119,#9717,#9718);
#8471=AXIS2_PLACEMENT_3D('',#12123,#9721,#9722);
#8472=AXIS2_PLACEMENT_3D('',#12126,#9724,#9725);
#8473=AXIS2_PLACEMENT_3D('',#12127,#9726,#9727);
#8474=AXIS2_PLACEMENT_3D('',#12136,#9732,#9733);
#8475=AXIS2_PLACEMENT_3D('',#12142,#9737,#9738);
#8476=AXIS2_PLACEMENT_3D('',#12151,#9743,#9744);
#8477=AXIS2_PLACEMENT_3D('',#12157,#9748,#9749);
#8478=AXIS2_PLACEMENT_3D('',#12163,#9753,#9754);
#8479=AXIS2_PLACEMENT_3D('',#12172,#9759,#9760);
#8480=AXIS2_PLACEMENT_3D('',#12178,#9764,#9765);
#8481=AXIS2_PLACEMENT_3D('',#12187,#9770,#9771);
#8482=AXIS2_PLACEMENT_3D('',#12193,#9775,#9776);
#8483=AXIS2_PLACEMENT_3D('',#12202,#9781,#9782);
#8484=AXIS2_PLACEMENT_3D('',#12208,#9786,#9787);
#8485=AXIS2_PLACEMENT_3D('',#12217,#9792,#9793);
#8486=AXIS2_PLACEMENT_3D('',#12223,#9797,#9798);
#8487=AXIS2_PLACEMENT_3D('',#12232,#9803,#9804);
#8488=AXIS2_PLACEMENT_3D('',#12238,#9808,#9809);
#8489=AXIS2_PLACEMENT_3D('',#12244,#9813,#9814);
#8490=AXIS2_PLACEMENT_3D('',#12250,#9818,#9819);
#8491=AXIS2_PLACEMENT_3D('',#12256,#9823,#9824);
#8492=AXIS2_PLACEMENT_3D('',#12262,#9828,#9829);
#8493=AXIS2_PLACEMENT_3D('',#12268,#9833,#9834);
#8494=AXIS2_PLACEMENT_3D('',#12274,#9838,#9839);
#8495=AXIS2_PLACEMENT_3D('',#12280,#9843,#9844);
#8496=AXIS2_PLACEMENT_3D('',#12286,#9848,#9849);
#8497=AXIS2_PLACEMENT_3D('',#12292,#9853,#9854);
#8498=AXIS2_PLACEMENT_3D('',#12298,#9858,#9859);
#8499=AXIS2_PLACEMENT_3D('',#12304,#9863,#9864);
#8500=AXIS2_PLACEMENT_3D('',#12310,#9868,#9869);
#8501=AXIS2_PLACEMENT_3D('',#12316,#9873,#9874);
#8502=AXIS2_PLACEMENT_3D('',#12325,#9879,#9880);
#8503=AXIS2_PLACEMENT_3D('',#12331,#9884,#9885);
#8504=AXIS2_PLACEMENT_3D('',#12337,#9889,#9890);
#8505=AXIS2_PLACEMENT_3D('',#12346,#9895,#9896);
#8506=AXIS2_PLACEMENT_3D('',#12347,#9897,#9898);
#8507=AXIS2_PLACEMENT_3D('',#12351,#9900,#9901);
#8508=AXIS2_PLACEMENT_3D('',#12352,#9902,#9903);
#8509=AXIS2_PLACEMENT_3D('',#12358,#9907,#9908);
#8510=AXIS2_PLACEMENT_3D('',#12367,#9913,#9914);
#8511=AXIS2_PLACEMENT_3D('',#12373,#9918,#9919);
#8512=AXIS2_PLACEMENT_3D('',#12382,#9924,#9925);
#8513=AXIS2_PLACEMENT_3D('',#12388,#9929,#9930);
#8514=AXIS2_PLACEMENT_3D('',#12397,#9935,#9936);
#8515=AXIS2_PLACEMENT_3D('',#12403,#9940,#9941);
#8516=AXIS2_PLACEMENT_3D('',#12412,#9946,#9947);
#8517=AXIS2_PLACEMENT_3D('',#12418,#9951,#9952);
#8518=AXIS2_PLACEMENT_3D('',#12427,#9957,#9958);
#8519=AXIS2_PLACEMENT_3D('',#12433,#9962,#9963);
#8520=AXIS2_PLACEMENT_3D('',#12439,#9967,#9968);
#8521=AXIS2_PLACEMENT_3D('',#12445,#9972,#9973);
#8522=AXIS2_PLACEMENT_3D('',#12451,#9977,#9978);
#8523=AXIS2_PLACEMENT_3D('',#12457,#9982,#9983);
#8524=AXIS2_PLACEMENT_3D('',#12463,#9987,#9988);
#8525=AXIS2_PLACEMENT_3D('',#12469,#9992,#9993);
#8526=AXIS2_PLACEMENT_3D('',#12470,#9994,#9995);
#8527=AXIS2_PLACEMENT_3D('',#12474,#9997,#9998);
#8528=AXIS2_PLACEMENT_3D('',#12475,#9999,#10000);
#8529=AXIS2_PLACEMENT_3D('',#12481,#10004,#10005);
#8530=AXIS2_PLACEMENT_3D('',#12487,#10009,#10010);
#8531=AXIS2_PLACEMENT_3D('',#12493,#10014,#10015);
#8532=AXIS2_PLACEMENT_3D('',#12499,#10019,#10020);
#8533=AXIS2_PLACEMENT_3D('',#12505,#10024,#10025);
#8534=AXIS2_PLACEMENT_3D('',#12511,#10029,#10030);
#8535=AXIS2_PLACEMENT_3D('',#12517,#10034,#10035);
#8536=AXIS2_PLACEMENT_3D('',#12523,#10039,#10040);
#8537=AXIS2_PLACEMENT_3D('',#12532,#10045,#10046);
#8538=AXIS2_PLACEMENT_3D('',#12538,#10050,#10051);
#8539=AXIS2_PLACEMENT_3D('',#12544,#10055,#10056);
#8540=AXIS2_PLACEMENT_3D('',#12550,#10060,#10061);
#8541=AXIS2_PLACEMENT_3D('',#12556,#10065,#10066);
#8542=AXIS2_PLACEMENT_3D('',#12562,#10070,#10071);
#8543=AXIS2_PLACEMENT_3D('',#12568,#10075,#10076);
#8544=AXIS2_PLACEMENT_3D('',#12574,#10080,#10081);
#8545=AXIS2_PLACEMENT_3D('',#12580,#10085,#10086);
#8546=AXIS2_PLACEMENT_3D('',#12586,#10090,#10091);
#8547=AXIS2_PLACEMENT_3D('',#12592,#10095,#10096);
#8548=AXIS2_PLACEMENT_3D('',#12593,#10097,#10098);
#8549=AXIS2_PLACEMENT_3D('',#12598,#10100,#10101);
#8550=AXIS2_PLACEMENT_3D('',#12601,#10103,#10104);
#8551=AXIS2_PLACEMENT_3D('',#12602,#10105,#10106);
#8552=AXIS2_PLACEMENT_3D('',#12606,#10108,#10109);
#8553=AXIS2_PLACEMENT_3D('',#12607,#10110,#10111);
#8554=AXIS2_PLACEMENT_3D('',#12608,#10112,#10113);
#8555=AXIS2_PLACEMENT_3D('',#12612,#10115,#10116);
#8556=AXIS2_PLACEMENT_3D('',#12613,#10117,#10118);
#8557=AXIS2_PLACEMENT_3D('',#12614,#10119,#10120);
#8558=AXIS2_PLACEMENT_3D('',#12618,#10122,#10123);
#8559=AXIS2_PLACEMENT_3D('',#12619,#10124,#10125);
#8560=AXIS2_PLACEMENT_3D('',#12620,#10126,#10127);
#8561=AXIS2_PLACEMENT_3D('',#12624,#10129,#10130);
#8562=AXIS2_PLACEMENT_3D('',#12625,#10131,#10132);
#8563=AXIS2_PLACEMENT_3D('',#12631,#10136,#10137);
#8564=AXIS2_PLACEMENT_3D('',#12632,#10138,#10139);
#8565=AXIS2_PLACEMENT_3D('',#12636,#10141,#10142);
#8566=AXIS2_PLACEMENT_3D('',#12637,#10143,#10144);
#8567=AXIS2_PLACEMENT_3D('',#12638,#10145,#10146);
#8568=AXIS2_PLACEMENT_3D('',#12642,#10148,#10149);
#8569=AXIS2_PLACEMENT_3D('',#12643,#10150,#10151);
#8570=AXIS2_PLACEMENT_3D('',#12644,#10152,#10153);
#8571=AXIS2_PLACEMENT_3D('',#12648,#10155,#10156);
#8572=AXIS2_PLACEMENT_3D('',#12649,#10157,#10158);
#8573=AXIS2_PLACEMENT_3D('',#12650,#10159,#10160);
#8574=AXIS2_PLACEMENT_3D('',#12654,#10162,#10163);
#8575=AXIS2_PLACEMENT_3D('',#12655,#10164,#10165);
#8576=AXIS2_PLACEMENT_3D('',#12656,#10166,#10167);
#8577=AXIS2_PLACEMENT_3D('',#12660,#10169,#10170);
#8578=AXIS2_PLACEMENT_3D('',#12661,#10171,#10172);
#8579=AXIS2_PLACEMENT_3D('',#12662,#10173,#10174);
#8580=AXIS2_PLACEMENT_3D('',#12666,#10176,#10177);
#8581=AXIS2_PLACEMENT_3D('',#12667,#10178,#10179);
#8582=AXIS2_PLACEMENT_3D('',#12668,#10180,#10181);
#8583=AXIS2_PLACEMENT_3D('',#12672,#10183,#10184);
#8584=AXIS2_PLACEMENT_3D('',#12673,#10185,#10186);
#8585=AXIS2_PLACEMENT_3D('',#12674,#10187,#10188);
#8586=AXIS2_PLACEMENT_3D('',#12678,#10190,#10191);
#8587=AXIS2_PLACEMENT_3D('',#12679,#10192,#10193);
#8588=AXIS2_PLACEMENT_3D('',#12680,#10194,#10195);
#8589=AXIS2_PLACEMENT_3D('',#12684,#10197,#10198);
#8590=AXIS2_PLACEMENT_3D('',#12685,#10199,#10200);
#8591=AXIS2_PLACEMENT_3D('',#12686,#10201,#10202);
#8592=AXIS2_PLACEMENT_3D('',#12690,#10204,#10205);
#8593=AXIS2_PLACEMENT_3D('',#12691,#10206,#10207);
#8594=AXIS2_PLACEMENT_3D('',#12692,#10208,#10209);
#8595=AXIS2_PLACEMENT_3D('',#12696,#10211,#10212);
#8596=AXIS2_PLACEMENT_3D('',#12697,#10213,#10214);
#8597=AXIS2_PLACEMENT_3D('',#12698,#10215,#10216);
#8598=AXIS2_PLACEMENT_3D('',#12702,#10218,#10219);
#8599=AXIS2_PLACEMENT_3D('',#12703,#10220,#10221);
#8600=AXIS2_PLACEMENT_3D('',#12704,#10222,#10223);
#8601=AXIS2_PLACEMENT_3D('',#12708,#10225,#10226);
#8602=AXIS2_PLACEMENT_3D('',#12709,#10227,#10228);
#8603=AXIS2_PLACEMENT_3D('',#12710,#10229,#10230);
#8604=AXIS2_PLACEMENT_3D('',#12714,#10232,#10233);
#8605=AXIS2_PLACEMENT_3D('',#12715,#10234,#10235);
#8606=AXIS2_PLACEMENT_3D('',#12716,#10236,#10237);
#8607=AXIS2_PLACEMENT_3D('',#12720,#10239,#10240);
#8608=AXIS2_PLACEMENT_3D('',#12721,#10241,#10242);
#8609=AXIS2_PLACEMENT_3D('',#12722,#10243,#10244);
#8610=AXIS2_PLACEMENT_3D('',#12726,#10246,#10247);
#8611=AXIS2_PLACEMENT_3D('',#12727,#10248,#10249);
#8612=AXIS2_PLACEMENT_3D('',#12728,#10250,#10251);
#8613=AXIS2_PLACEMENT_3D('',#12732,#10253,#10254);
#8614=AXIS2_PLACEMENT_3D('',#12733,#10255,#10256);
#8615=AXIS2_PLACEMENT_3D('',#12734,#10257,#10258);
#8616=AXIS2_PLACEMENT_3D('',#12738,#10260,#10261);
#8617=AXIS2_PLACEMENT_3D('',#12739,#10262,#10263);
#8618=AXIS2_PLACEMENT_3D('',#12740,#10264,#10265);
#8619=AXIS2_PLACEMENT_3D('',#12744,#10267,#10268);
#8620=AXIS2_PLACEMENT_3D('',#12745,#10269,#10270);
#8621=AXIS2_PLACEMENT_3D('',#12746,#10271,#10272);
#8622=AXIS2_PLACEMENT_3D('',#12750,#10274,#10275);
#8623=AXIS2_PLACEMENT_3D('',#12751,#10276,#10277);
#8624=AXIS2_PLACEMENT_3D('',#12757,#10281,#10282);
#8625=AXIS2_PLACEMENT_3D('',#12758,#10283,#10284);
#8626=AXIS2_PLACEMENT_3D('',#12762,#10286,#10287);
#8627=AXIS2_PLACEMENT_3D('',#12763,#10288,#10289);
#8628=AXIS2_PLACEMENT_3D('',#12764,#10290,#10291);
#8629=AXIS2_PLACEMENT_3D('',#12768,#10293,#10294);
#8630=AXIS2_PLACEMENT_3D('',#12769,#10295,#10296);
#8631=AXIS2_PLACEMENT_3D('',#12770,#10297,#10298);
#8632=AXIS2_PLACEMENT_3D('',#12774,#10300,#10301);
#8633=AXIS2_PLACEMENT_3D('',#12775,#10302,#10303);
#8634=AXIS2_PLACEMENT_3D('',#12776,#10304,#10305);
#8635=AXIS2_PLACEMENT_3D('',#12780,#10307,#10308);
#8636=AXIS2_PLACEMENT_3D('',#12781,#10309,#10310);
#8637=AXIS2_PLACEMENT_3D('',#12782,#10311,#10312);
#8638=AXIS2_PLACEMENT_3D('',#12786,#10314,#10315);
#8639=AXIS2_PLACEMENT_3D('',#12787,#10316,#10317);
#8640=AXIS2_PLACEMENT_3D('',#12788,#10318,#10319);
#8641=AXIS2_PLACEMENT_3D('',#12792,#10321,#10322);
#8642=AXIS2_PLACEMENT_3D('',#12793,#10323,#10324);
#8643=AXIS2_PLACEMENT_3D('',#12794,#10325,#10326);
#8644=AXIS2_PLACEMENT_3D('',#12798,#10328,#10329);
#8645=AXIS2_PLACEMENT_3D('',#12799,#10330,#10331);
#8646=AXIS2_PLACEMENT_3D('',#12800,#10332,#10333);
#8647=AXIS2_PLACEMENT_3D('',#12804,#10335,#10336);
#8648=AXIS2_PLACEMENT_3D('',#12805,#10337,#10338);
#8649=AXIS2_PLACEMENT_3D('',#12806,#10339,#10340);
#8650=AXIS2_PLACEMENT_3D('',#12810,#10342,#10343);
#8651=AXIS2_PLACEMENT_3D('',#12811,#10344,#10345);
#8652=AXIS2_PLACEMENT_3D('',#12812,#10346,#10347);
#8653=AXIS2_PLACEMENT_3D('',#12816,#10349,#10350);
#8654=AXIS2_PLACEMENT_3D('',#12817,#10351,#10352);
#8655=AXIS2_PLACEMENT_3D('',#12818,#10353,#10354);
#8656=AXIS2_PLACEMENT_3D('',#12822,#10356,#10357);
#8657=AXIS2_PLACEMENT_3D('',#12823,#10358,#10359);
#8658=AXIS2_PLACEMENT_3D('',#12824,#10360,#10361);
#8659=AXIS2_PLACEMENT_3D('',#12828,#10363,#10364);
#8660=AXIS2_PLACEMENT_3D('',#12829,#10365,#10366);
#8661=AXIS2_PLACEMENT_3D('',#12830,#10367,#10368);
#8662=AXIS2_PLACEMENT_3D('',#12834,#10370,#10371);
#8663=AXIS2_PLACEMENT_3D('',#12835,#10372,#10373);
#8664=AXIS2_PLACEMENT_3D('',#12844,#10378,#10379);
#8665=AXIS2_PLACEMENT_3D('',#12850,#10383,#10384);
#8666=AXIS2_PLACEMENT_3D('',#12856,#10388,#10389);
#8667=AXIS2_PLACEMENT_3D('',#12865,#10394,#10395);
#8668=AXIS2_PLACEMENT_3D('',#12871,#10399,#10400);
#8669=AXIS2_PLACEMENT_3D('',#12877,#10404,#10405);
#8670=AXIS2_PLACEMENT_3D('',#12883,#10409,#10410);
#8671=AXIS2_PLACEMENT_3D('',#12889,#10414,#10415);
#8672=AXIS2_PLACEMENT_3D('',#12898,#10420,#10421);
#8673=AXIS2_PLACEMENT_3D('',#12899,#10422,#10423);
#8674=AXIS2_PLACEMENT_3D('',#12903,#10425,#10426);
#8675=AXIS2_PLACEMENT_3D('',#12904,#10427,#10428);
#8676=AXIS2_PLACEMENT_3D('',#12910,#10432,#10433);
#8677=AXIS2_PLACEMENT_3D('',#12919,#10438,#10439);
#8678=AXIS2_PLACEMENT_3D('',#12925,#10443,#10444);
#8679=AXIS2_PLACEMENT_3D('',#12931,#10448,#10449);
#8680=AXIS2_PLACEMENT_3D('',#12940,#10454,#10455);
#8681=AXIS2_PLACEMENT_3D('',#12946,#10459,#10460);
#8682=AXIS2_PLACEMENT_3D('',#12955,#10465,#10466);
#8683=AXIS2_PLACEMENT_3D('',#12961,#10470,#10471);
#8684=AXIS2_PLACEMENT_3D('',#12967,#10475,#10476);
#8685=AXIS2_PLACEMENT_3D('',#12973,#10480,#10481);
#8686=AXIS2_PLACEMENT_3D('',#12974,#10482,#10483);
#8687=AXIS2_PLACEMENT_3D('',#12978,#10485,#10486);
#8688=AXIS2_PLACEMENT_3D('',#12979,#10487,#10488);
#8689=AXIS2_PLACEMENT_3D('',#12980,#10489,#10490);
#8690=AXIS2_PLACEMENT_3D('',#12984,#10492,#10493);
#8691=AXIS2_PLACEMENT_3D('',#12985,#10494,#10495);
#8692=AXIS2_PLACEMENT_3D('',#12991,#10499,#10500);
#8693=AXIS2_PLACEMENT_3D('',#12997,#10504,#10505);
#8694=AXIS2_PLACEMENT_3D('',#13003,#10509,#10510);
#8695=AXIS2_PLACEMENT_3D('',#13009,#10514,#10515);
#8696=AXIS2_PLACEMENT_3D('',#13015,#10519,#10520);
#8697=AXIS2_PLACEMENT_3D('',#13016,#10521,#10522);
#8698=AXIS2_PLACEMENT_3D('',#13020,#10524,#10525);
#8699=AXIS2_PLACEMENT_3D('',#13021,#10526,#10527);
#8700=AXIS2_PLACEMENT_3D('',#13027,#10531,#10532);
#8701=AXIS2_PLACEMENT_3D('',#13036,#10537,#10538);
#8702=AXIS2_PLACEMENT_3D('',#13042,#10542,#10543);
#8703=AXIS2_PLACEMENT_3D('',#13048,#10547,#10548);
#8704=AXIS2_PLACEMENT_3D('',#13054,#10552,#10553);
#8705=AXIS2_PLACEMENT_3D('',#13060,#10557,#10558);
#8706=AXIS2_PLACEMENT_3D('',#13066,#10562,#10563);
#8707=AXIS2_PLACEMENT_3D('',#13072,#10567,#10568);
#8708=AXIS2_PLACEMENT_3D('',#13078,#10572,#10573);
#8709=AXIS2_PLACEMENT_3D('',#13084,#10577,#10578);
#8710=AXIS2_PLACEMENT_3D('',#13090,#10582,#10583);
#8711=AXIS2_PLACEMENT_3D('',#13096,#10587,#10588);
#8712=AXIS2_PLACEMENT_3D('',#13105,#10593,#10594);
#8713=AXIS2_PLACEMENT_3D('',#13106,#10595,#10596);
#8714=AXIS2_PLACEMENT_3D('',#13110,#10598,#10599);
#8715=AXIS2_PLACEMENT_3D('',#13111,#10600,#10601);
#8716=AXIS2_PLACEMENT_3D('',#13117,#10605,#10606);
#8717=AXIS2_PLACEMENT_3D('',#13123,#10610,#10611);
#8718=AXIS2_PLACEMENT_3D('',#13129,#10615,#10616);
#8719=AXIS2_PLACEMENT_3D('',#13130,#10617,#10618);
#8720=AXIS2_PLACEMENT_3D('',#13134,#10620,#10621);
#8721=AXIS2_PLACEMENT_3D('',#13135,#10622,#10623);
#8722=AXIS2_PLACEMENT_3D('',#13141,#10627,#10628);
#8723=AXIS2_PLACEMENT_3D('',#13144,#10631,#10632);
#8724=AXIS2_PLACEMENT_3D('',#13145,#10633,#10634);
#8725=AXIS2_PLACEMENT_3D('',#13147,#10635,#10636);
#8726=AXIS2_PLACEMENT_3D('',#13149,#10637,#10638);
#8727=AXIS2_PLACEMENT_3D('',#13152,#10641,#10642);
#8728=AXIS2_PLACEMENT_3D('',#13155,#10645,#10646);
#8729=AXIS2_PLACEMENT_3D('',#13158,#10649,#10650);
#8730=AXIS2_PLACEMENT_3D('',#13161,#10653,#10654);
#8731=AXIS2_PLACEMENT_3D('',#13164,#10657,#10658);
#8732=AXIS2_PLACEMENT_3D('',#13165,#10659,#10660);
#8733=AXIS2_PLACEMENT_3D('',#13167,#10661,#10662);
#8734=AXIS2_PLACEMENT_3D('',#13169,#10663,#10664);
#8735=AXIS2_PLACEMENT_3D('',#13172,#10667,#10668);
#8736=AXIS2_PLACEMENT_3D('',#13175,#10671,#10672);
#8737=AXIS2_PLACEMENT_3D('',#13176,#10673,#10674);
#8738=AXIS2_PLACEMENT_3D('',#13178,#10675,#10676);
#8739=AXIS2_PLACEMENT_3D('',#13180,#10677,#10678);
#8740=AXIS2_PLACEMENT_3D('',#13181,#10679,#10680);
#8741=AXIS2_PLACEMENT_3D('',#13182,#10681,#10682);
#8742=AXIS2_PLACEMENT_3D('',#13183,#10683,#10684);
#8743=AXIS2_PLACEMENT_3D('',#13186,#10687,#10688);
#8744=AXIS2_PLACEMENT_3D('',#13187,#10689,#10690);
#8745=AXIS2_PLACEMENT_3D('',#13189,#10691,#10692);
#8746=AXIS2_PLACEMENT_3D('',#13191,#10693,#10694);
#8747=AXIS2_PLACEMENT_3D('',#13194,#10697,#10698);
#8748=AXIS2_PLACEMENT_3D('',#13197,#10701,#10702);
#8749=AXIS2_PLACEMENT_3D('',#13198,#10703,#10704);
#8750=AXIS2_PLACEMENT_3D('',#13200,#10705,#10706);
#8751=AXIS2_PLACEMENT_3D('',#13202,#10707,#10708);
#8752=AXIS2_PLACEMENT_3D('',#13205,#10711,#10712);
#8753=AXIS2_PLACEMENT_3D('',#13206,#10713,#10714);
#8754=AXIS2_PLACEMENT_3D('',#13207,#10715,#10716);
#8755=AXIS2_PLACEMENT_3D('',#13208,#10717,#10718);
#8756=AXIS2_PLACEMENT_3D('',#13211,#10721,#10722);
#8757=AXIS2_PLACEMENT_3D('',#13212,#10723,#10724);
#8758=AXIS2_PLACEMENT_3D('',#13213,#10725,#10726);
#8759=AXIS2_PLACEMENT_3D('',#13214,#10727,#10728);
#8760=AXIS2_PLACEMENT_3D('',#13217,#10731,#10732);
#8761=AXIS2_PLACEMENT_3D('',#13220,#10735,#10736);
#8762=AXIS2_PLACEMENT_3D('',#13221,#10737,#10738);
#8763=AXIS2_PLACEMENT_3D('',#13222,#10739,#10740);
#8764=AXIS2_PLACEMENT_3D('',#13223,#10741,#10742);
#8765=AXIS2_PLACEMENT_3D('',#13226,#10745,#10746);
#8766=AXIS2_PLACEMENT_3D('',#13229,#10749,#10750);
#8767=AXIS2_PLACEMENT_3D('',#13230,#10751,#10752);
#8768=AXIS2_PLACEMENT_3D('',#13231,#10753,#10754);
#8769=AXIS2_PLACEMENT_3D('',#13232,#10755,#10756);
#8770=AXIS2_PLACEMENT_3D('',#13235,#10759,#10760);
#8771=AXIS2_PLACEMENT_3D('',#13236,#10761,#10762);
#8772=AXIS2_PLACEMENT_3D('',#13237,#10763,#10764);
#8773=AXIS2_PLACEMENT_3D('',#13238,#10765,#10766);
#8774=AXIS2_PLACEMENT_3D('',#13240,#10768,#10769);
#8775=AXIS2_PLACEMENT_3D('',#13241,#10770,#10771);
#8776=AXIS2_PLACEMENT_3D('',#13242,#10772,#10773);
#8777=AXIS2_PLACEMENT_3D('',#13243,#10774,#10775);
#8778=AXIS2_PLACEMENT_3D('',#13244,#10776,#10777);
#8779=AXIS2_PLACEMENT_3D('',#13245,#10778,#10779);
#8780=AXIS2_PLACEMENT_3D('',#13246,#10780,#10781);
#8781=AXIS2_PLACEMENT_3D('',#13247,#10782,#10783);
#8782=AXIS2_PLACEMENT_3D('',#13248,#10784,#10785);
#8783=AXIS2_PLACEMENT_3D('',#13249,#10786,#10787);
#8784=AXIS2_PLACEMENT_3D('',#13250,#10788,#10789);
#8785=AXIS2_PLACEMENT_3D('',#13251,#10790,#10791);
#8786=AXIS2_PLACEMENT_3D('',#13252,#10792,#10793);
#8787=AXIS2_PLACEMENT_3D('',#13253,#10794,#10795);
#8788=AXIS2_PLACEMENT_3D('',#13254,#10796,#10797);
#8789=AXIS2_PLACEMENT_3D('',#13255,#10798,#10799);
#8790=AXIS2_PLACEMENT_3D('',#13256,#10800,#10801);
#8791=AXIS2_PLACEMENT_3D('',#13257,#10802,#10803);
#8792=AXIS2_PLACEMENT_3D('',#13258,#10804,#10805);
#8793=AXIS2_PLACEMENT_3D('',#13259,#10806,#10807);
#8794=AXIS2_PLACEMENT_3D('',#13260,#10808,#10809);
#8795=AXIS2_PLACEMENT_3D('',#13261,#10810,#10811);
#8796=AXIS2_PLACEMENT_3D('',#13262,#10812,#10813);
#8797=AXIS2_PLACEMENT_3D('',#13263,#10814,#10815);
#8798=AXIS2_PLACEMENT_3D('',#13264,#10816,#10817);
#8799=AXIS2_PLACEMENT_3D('',#13265,#10818,#10819);
#8800=AXIS2_PLACEMENT_3D('',#13266,#10820,#10821);
#8801=AXIS2_PLACEMENT_3D('',#13267,#10822,#10823);
#8802=AXIS2_PLACEMENT_3D('',#13268,#10824,#10825);
#8803=AXIS2_PLACEMENT_3D('',#13269,#10826,#10827);
#8804=AXIS2_PLACEMENT_3D('',#13270,#10828,#10829);
#8805=AXIS2_PLACEMENT_3D('',#13271,#10830,#10831);
#8806=AXIS2_PLACEMENT_3D('',#13273,#10832,#10833);
#8807=AXIS2_PLACEMENT_3D('',#13274,#10834,#10835);
#8808=AXIS2_PLACEMENT_3D('',#13275,#10836,#10837);
#8809=AXIS2_PLACEMENT_3D('',#13276,#10838,#10839);
#8810=AXIS2_PLACEMENT_3D('',#13278,#10840,#10841);
#8811=AXIS2_PLACEMENT_3D('',#13280,#10842,#10843);
#8812=AXIS2_PLACEMENT_3D('',#13282,#10844,#10845);
#8813=AXIS2_PLACEMENT_3D('',#13284,#10846,#10847);
#8814=AXIS2_PLACEMENT_3D('',#13286,#10848,#10849);
#8815=AXIS2_PLACEMENT_3D('',#13288,#10850,#10851);
#8816=AXIS2_PLACEMENT_3D('',#13293,#10853,#10854);
#8817=AXIS2_PLACEMENT_3D('',#13296,#10856,#10857);
#8818=AXIS2_PLACEMENT_3D('',#13300,#10859,#10860);
#8819=AXIS2_PLACEMENT_3D('',#13304,#10862,#10863);
#8820=AXIS2_PLACEMENT_3D('',#13305,#10864,#10865);
#8821=AXIS2_PLACEMENT_3D('',#13309,#10867,#10868);
#8822=AXIS2_PLACEMENT_3D('',#13313,#10870,#10871);
#8823=AXIS2_PLACEMENT_3D('',#13314,#10872,#10873);
#8824=AXIS2_PLACEMENT_3D('',#13325,#10874,#10875);
#8825=AXIS2_PLACEMENT_3D('',#13326,#10876,#10877);
#8826=AXIS2_PLACEMENT_3D('',#13331,#10878,#10879);
#8827=AXIS2_PLACEMENT_3D('',#13336,#10880,#10881);
#8828=AXIS2_PLACEMENT_3D('',#13337,#10882,#10883);
#8829=AXIS2_PLACEMENT_3D('',#13342,#10885,#10886);
#8830=AXIS2_PLACEMENT_3D('',#13346,#10888,#10889);
#8831=AXIS2_PLACEMENT_3D('',#13350,#10891,#10892);
#8832=AXIS2_PLACEMENT_3D('',#13354,#10894,#10895);
#8833=AXIS2_PLACEMENT_3D('',#13358,#10897,#10898);
#8834=AXIS2_PLACEMENT_3D('',#13362,#10900,#10901);
#8835=AXIS2_PLACEMENT_3D('',#13363,#10902,#10903);
#8836=AXIS2_PLACEMENT_3D('',#13369,#10904,#10905);
#8837=AXIS2_PLACEMENT_3D('',#13375,#10906,#10907);
#8838=AXIS2_PLACEMENT_3D('',#13386,#10908,#10909);
#8839=AXIS2_PLACEMENT_3D('',#13387,#10910,#10911);
#8840=AXIS2_PLACEMENT_3D('',#13398,#10912,#10913);
#8841=AXIS2_PLACEMENT_3D('',#13399,#10914,#10915);
#8842=AXIS2_PLACEMENT_3D('',#13410,#10916,#10917);
#8843=AXIS2_PLACEMENT_3D('',#13411,#10918,#10919);
#8844=AXIS2_PLACEMENT_3D('',#13422,#10920,#10921);
#8845=AXIS2_PLACEMENT_3D('',#13423,#10922,#10923);
#8846=AXIS2_PLACEMENT_3D('',#13434,#10924,#10925);
#8847=AXIS2_PLACEMENT_3D('',#13435,#10926,#10927);
#8848=AXIS2_PLACEMENT_3D('',#13440,#10930,#10931);
#8849=AXIS2_PLACEMENT_3D('',#13441,#10932,#10933);
#8850=AXIS2_PLACEMENT_3D('',#13444,#10935,#10936);
#8851=AXIS2_PLACEMENT_3D('',#13447,#10938,#10939);
#8852=AXIS2_PLACEMENT_3D('',#13452,#10942,#10943);
#8853=AXIS2_PLACEMENT_3D('',#13453,#10944,#10945);
#8854=AXIS2_PLACEMENT_3D('',#13458,#10948,#10949);
#8855=AXIS2_PLACEMENT_3D('',#13459,#10950,#10951);
#8856=AXIS2_PLACEMENT_3D('',#13464,#10954,#10955);
#8857=AXIS2_PLACEMENT_3D('',#13465,#10956,#10957);
#8858=AXIS2_PLACEMENT_3D('',#13470,#10960,#10961);
#8859=AXIS2_PLACEMENT_3D('',#13471,#10962,#10963);
#8860=AXIS2_PLACEMENT_3D('',#13472,#10964,#10965);
#8861=AXIS2_PLACEMENT_3D('',#13474,#10966,#10967);
#8862=AXIS2_PLACEMENT_3D('',#13475,#10968,#10969);
#8863=AXIS2_PLACEMENT_3D('',#13477,#10970,#10971);
#8864=AXIS2_PLACEMENT_3D('',#13478,#10972,#10973);
#8865=AXIS2_PLACEMENT_3D('',#13480,#10974,#10975);
#8866=AXIS2_PLACEMENT_3D('',#13481,#10976,#10977);
#8867=AXIS2_PLACEMENT_3D('',#13483,#10978,#10979);
#8868=AXIS2_PLACEMENT_3D('',#13484,#10980,#10981);
#8869=AXIS2_PLACEMENT_3D('',#13486,#10982,#10983);
#8870=AXIS2_PLACEMENT_3D('',#13487,#10984,#10985);
#8871=AXIS2_PLACEMENT_3D('',#13489,#10986,#10987);
#8872=AXIS2_PLACEMENT_3D('',#13490,#10988,#10989);
#8873=AXIS2_PLACEMENT_3D('',#13492,#10990,#10991);
#8874=AXIS2_PLACEMENT_3D('',#13493,#10992,#10993);
#8875=AXIS2_PLACEMENT_3D('',#13495,#10994,#10995);
#8876=AXIS2_PLACEMENT_3D('',#13496,#10996,#10997);
#8877=AXIS2_PLACEMENT_3D('',#13498,#10998,#10999);
#8878=AXIS2_PLACEMENT_3D('',#13499,#11000,#11001);
#8879=AXIS2_PLACEMENT_3D('',#13501,#11002,#11003);
#8880=AXIS2_PLACEMENT_3D('',#13502,#11004,#11005);
#8881=AXIS2_PLACEMENT_3D('',#13504,#11006,#11007);
#8882=AXIS2_PLACEMENT_3D('',#13505,#11008,#11009);
#8883=AXIS2_PLACEMENT_3D('',#13507,#11010,#11011);
#8884=AXIS2_PLACEMENT_3D('',#13508,#11012,#11013);
#8885=AXIS2_PLACEMENT_3D('',#13510,#11014,#11015);
#8886=AXIS2_PLACEMENT_3D('',#13511,#11016,#11017);
#8887=AXIS2_PLACEMENT_3D('',#13513,#11018,#11019);
#8888=AXIS2_PLACEMENT_3D('',#13514,#11020,#11021);
#8889=AXIS2_PLACEMENT_3D('',#13516,#11022,#11023);
#8890=AXIS2_PLACEMENT_3D('',#13517,#11024,#11025);
#8891=AXIS2_PLACEMENT_3D('',#13519,#11026,#11027);
#8892=AXIS2_PLACEMENT_3D('',#13520,#11028,#11029);
#8893=AXIS2_PLACEMENT_3D('',#13522,#11030,#11031);
#8894=AXIS2_PLACEMENT_3D('',#13523,#11032,#11033);
#8895=AXIS2_PLACEMENT_3D('',#13525,#11034,#11035);
#8896=AXIS2_PLACEMENT_3D('',#13526,#11036,#11037);
#8897=AXIS2_PLACEMENT_3D('',#13528,#11038,#11039);
#8898=AXIS2_PLACEMENT_3D('',#13529,#11040,#11041);
#8899=AXIS2_PLACEMENT_3D('',#13531,#11042,#11043);
#8900=AXIS2_PLACEMENT_3D('',#13532,#11044,#11045);
#8901=AXIS2_PLACEMENT_3D('',#13534,#11046,#11047);
#8902=AXIS2_PLACEMENT_3D('',#13535,#11048,#11049);
#8903=AXIS2_PLACEMENT_3D('',#13537,#11050,#11051);
#8904=AXIS2_PLACEMENT_3D('',#13538,#11052,#11053);
#8905=AXIS2_PLACEMENT_3D('',#13540,#11054,#11055);
#8906=AXIS2_PLACEMENT_3D('',#13541,#11056,#11057);
#8907=AXIS2_PLACEMENT_3D('',#13543,#11058,#11059);
#8908=AXIS2_PLACEMENT_3D('',#13544,#11060,#11061);
#8909=AXIS2_PLACEMENT_3D('',#13546,#11062,#11063);
#8910=AXIS2_PLACEMENT_3D('',#13547,#11064,#11065);
#8911=AXIS2_PLACEMENT_3D('',#13549,#11066,#11067);
#8912=AXIS2_PLACEMENT_3D('',#13550,#11068,#11069);
#8913=AXIS2_PLACEMENT_3D('',#13557,#11076,#11077);
#8914=AXIS2_PLACEMENT_3D('',#13559,#11078,#11079);
#8915=AXIS2_PLACEMENT_3D('',#13560,#11080,#11081);
#8916=AXIS2_PLACEMENT_3D('',#13562,#11082,#11083);
#8917=AXIS2_PLACEMENT_3D('',#13563,#11084,#11085);
#8918=AXIS2_PLACEMENT_3D('',#13565,#11086,#11087);
#8919=AXIS2_PLACEMENT_3D('',#13566,#11088,#11089);
#8920=AXIS2_PLACEMENT_3D('',#13568,#11090,#11091);
#8921=AXIS2_PLACEMENT_3D('',#13571,#11094,#11095);
#8922=AXIS2_PLACEMENT_3D('',#13572,#11096,#11097);
#8923=AXIS2_PLACEMENT_3D('',#13574,#11098,#11099);
#8924=AXIS2_PLACEMENT_3D('',#13575,#11100,#11101);
#8925=AXIS2_PLACEMENT_3D('',#13577,#11102,#11103);
#8926=AXIS2_PLACEMENT_3D('',#13578,#11104,#11105);
#8927=AXIS2_PLACEMENT_3D('',#13580,#11106,#11107);
#8928=AXIS2_PLACEMENT_3D('',#13581,#11108,#11109);
#8929=AXIS2_PLACEMENT_3D('',#13582,#11110,#11111);
#8930=AXIS2_PLACEMENT_3D('',#13583,#11112,#11113);
#8931=AXIS2_PLACEMENT_3D('',#13584,#11114,#11115);
#8932=AXIS2_PLACEMENT_3D('',#13585,#11116,#11117);
#8933=AXIS2_PLACEMENT_3D('',#13586,#11118,#11119);
#8934=AXIS2_PLACEMENT_3D('',#13587,#11120,#11121);
#8935=AXIS2_PLACEMENT_3D('',#13588,#11122,#11123);
#8936=AXIS2_PLACEMENT_3D('',#13589,#11124,#11125);
#8937=AXIS2_PLACEMENT_3D('',#13592,#11127,#11128);
#8938=AXIS2_PLACEMENT_3D('',#13595,#11130,#11131);
#8939=AXIS2_PLACEMENT_3D('',#13599,#11134,#11135);
#8940=AXIS2_PLACEMENT_3D('',#13602,#11137,#11138);
#8941=AXIS2_PLACEMENT_3D('',#13603,#11139,#11140);
#8942=AXIS2_PLACEMENT_3D('',#13605,#11142,#11143);
#8943=AXIS2_PLACEMENT_3D('',#13606,#11144,#11145);
#8944=AXIS2_PLACEMENT_3D('',#13607,#11146,#11147);
#8945=AXIS2_PLACEMENT_3D('',#13609,#11148,#11149);
#8946=AXIS2_PLACEMENT_3D('',#13610,#11150,#11151);
#8947=AXIS2_PLACEMENT_3D('',#13611,#11152,#11153);
#8948=AXIS2_PLACEMENT_3D('',#13613,#11154,#11155);
#8949=AXIS2_PLACEMENT_3D('',#13614,#11156,#11157);
#8950=AXIS2_PLACEMENT_3D('',#13615,#11158,#11159);
#8951=AXIS2_PLACEMENT_3D('',#13617,#11160,#11161);
#8952=AXIS2_PLACEMENT_3D('',#13618,#11162,#11163);
#8953=AXIS2_PLACEMENT_3D('',#13619,#11164,#11165);
#8954=AXIS2_PLACEMENT_3D('',#13621,#11166,#11167);
#8955=AXIS2_PLACEMENT_3D('',#13622,#11168,#11169);
#8956=AXIS2_PLACEMENT_3D('',#13623,#11170,#11171);
#8957=AXIS2_PLACEMENT_3D('',#13625,#11172,#11173);
#8958=AXIS2_PLACEMENT_3D('',#13626,#11174,#11175);
#8959=AXIS2_PLACEMENT_3D('',#13627,#11176,#11177);
#8960=AXIS2_PLACEMENT_3D('',#13631,#11179,#11180);
#8961=AXIS2_PLACEMENT_3D('',#13643,#11186,#11187);
#8962=AXIS2_PLACEMENT_3D('',#13648,#11190,#11191);
#8963=AXIS2_PLACEMENT_3D('',#13658,#11197,#11198);
#8964=AXIS2_PLACEMENT_3D('',#13666,#11203,#11204);
#8965=AXIS2_PLACEMENT_3D('',#13674,#11209,#11210);
#8966=AXIS2_PLACEMENT_3D('',#13682,#11215,#11216);
#8967=AXIS2_PLACEMENT_3D('',#13690,#11221,#11222);
#8968=AXIS2_PLACEMENT_3D('',#13700,#11228,#11229);
#8969=AXIS2_PLACEMENT_3D('',#13708,#11234,#11235);
#8970=AXIS2_PLACEMENT_3D('',#13719,#11241,#11242);
#8971=AXIS2_PLACEMENT_3D('',#13722,#11245,#11246);
#8972=AXIS2_PLACEMENT_3D('',#13726,#11250,#11251);
#8973=AXIS2_PLACEMENT_3D('',#13737,#11257,#11258);
#8974=AXIS2_PLACEMENT_3D('',#13745,#11263,#11264);
#8975=AXIS2_PLACEMENT_3D('',#13748,#11267,#11268);
#8976=AXIS2_PLACEMENT_3D('',#13752,#11272,#11273);
#8977=AXIS2_PLACEMENT_3D('',#13754,#11275,#11276);
#8978=AXIS2_PLACEMENT_3D('',#13759,#11281,#11282);
#8979=AXIS2_PLACEMENT_3D('',#13761,#11284,#11285);
#8980=AXIS2_PLACEMENT_3D('',#13762,#11286,#11287);
#8981=AXIS2_PLACEMENT_3D('',#13764,#11288,#11289);
#8982=AXIS2_PLACEMENT_3D('',#13766,#11290,#11291);
#8983=AXIS2_PLACEMENT_3D('',#13769,#11293,#11294);
#8984=AXIS2_PLACEMENT_3D('',#13771,#11296,#11297);
#8985=AXIS2_PLACEMENT_3D('',#13772,#11298,#11299);
#8986=AXIS2_PLACEMENT_3D('',#13774,#11300,#11301);
#8987=AXIS2_PLACEMENT_3D('',#13775,#11302,#11303);
#8988=AXIS2_PLACEMENT_3D('',#13777,#11304,#11305);
#8989=AXIS2_PLACEMENT_3D('',#13778,#11306,#11307);
#8990=AXIS2_PLACEMENT_3D('',#13780,#11308,#11309);
#8991=AXIS2_PLACEMENT_3D('',#13781,#11310,#11311);
#8992=AXIS2_PLACEMENT_3D('',#13783,#11312,#11313);
#8993=AXIS2_PLACEMENT_3D('',#13785,#11314,#11315);
#8994=AXIS2_PLACEMENT_3D('',#13786,#11316,#11317);
#8995=AXIS2_PLACEMENT_3D('',#13788,#11318,#11319);
#8996=AXIS2_PLACEMENT_3D('',#13789,#11320,#11321);
#8997=AXIS2_PLACEMENT_3D('',#13791,#11322,#11323);
#8998=AXIS2_PLACEMENT_3D('',#13792,#11324,#11325);
#8999=AXIS2_PLACEMENT_3D('',#13794,#11326,#11327);
#9000=AXIS2_PLACEMENT_3D('',#13795,#11328,#11329);
#9001=AXIS2_PLACEMENT_3D('',#13797,#11330,#11331);
#9002=AXIS2_PLACEMENT_3D('',#13799,#11332,#11333);
#9003=AXIS2_PLACEMENT_3D('',#13800,#11334,#11335);
#9004=AXIS2_PLACEMENT_3D('',#13802,#11336,#11337);
#9005=AXIS2_PLACEMENT_3D('',#13803,#11338,#11339);
#9006=AXIS2_PLACEMENT_3D('',#13805,#11340,#11341);
#9007=AXIS2_PLACEMENT_3D('',#13806,#11342,#11343);
#9008=AXIS2_PLACEMENT_3D('',#13808,#11344,#11345);
#9009=AXIS2_PLACEMENT_3D('',#13809,#11346,#11347);
#9010=AXIS2_PLACEMENT_3D('',#13811,#11348,#11349);
#9011=AXIS2_PLACEMENT_3D('',#13813,#11350,#11351);
#9012=AXIS2_PLACEMENT_3D('',#13814,#11352,#11353);
#9013=AXIS2_PLACEMENT_3D('',#13815,#11354,#11355);
#9014=AXIS2_PLACEMENT_3D('',#13816,#11356,#11357);
#9015=AXIS2_PLACEMENT_3D('',#13817,#11358,#11359);
#9016=AXIS2_PLACEMENT_3D('',#13818,#11360,#11361);
#9017=AXIS2_PLACEMENT_3D('',#13819,#11362,#11363);
#9018=AXIS2_PLACEMENT_3D('',#13821,#11365,#11366);
#9019=AXIS2_PLACEMENT_3D('',#13823,#11368,#11369);
#9020=AXIS2_PLACEMENT_3D('',#13824,#11370,#11371);
#9021=AXIS2_PLACEMENT_3D('',#13825,#11372,#11373);
#9022=AXIS2_PLACEMENT_3D('',#13826,#11374,#11375);
#9023=AXIS2_PLACEMENT_3D('',#13827,#11376,#11377);
#9024=AXIS2_PLACEMENT_3D('',#13829,#11378,#11379);
#9025=AXIS2_PLACEMENT_3D('',#13831,#11380,#11381);
#9026=AXIS2_PLACEMENT_3D('',#13832,#11382,#11383);
#9027=AXIS2_PLACEMENT_3D('',#13834,#11384,#11385);
#9028=AXIS2_PLACEMENT_3D('',#13835,#11386,#11387);
#9029=AXIS2_PLACEMENT_3D('',#13837,#11388,#11389);
#9030=AXIS2_PLACEMENT_3D('',#13838,#11390,#11391);
#9031=AXIS2_PLACEMENT_3D('',#13840,#11392,#11393);
#9032=AXIS2_PLACEMENT_3D('',#13841,#11394,#11395);
#9033=AXIS2_PLACEMENT_3D('',#13843,#11396,#11397);
#9034=AXIS2_PLACEMENT_3D('',#13844,#11398,#11399);
#9035=AXIS2_PLACEMENT_3D('',#13846,#11400,#11401);
#9036=AXIS2_PLACEMENT_3D('',#13847,#11402,#11403);
#9037=AXIS2_PLACEMENT_3D('',#13849,#11404,#11405);
#9038=AXIS2_PLACEMENT_3D('',#13850,#11406,#11407);
#9039=AXIS2_PLACEMENT_3D('',#13851,#11408,#11409);
#9040=AXIS2_PLACEMENT_3D('',#13852,#11410,#11411);
#9041=AXIS2_PLACEMENT_3D('',#13853,#11412,#11413);
#9042=AXIS2_PLACEMENT_3D('',#13854,#11414,#11415);
#9043=DIRECTION('',(0.,0.,1.));
#9044=DIRECTION('',(1.,0.,0.));
#9045=DIRECTION('',(1.,0.,0.));
#9046=DIRECTION('',(0.,0.,-1.));
#9047=DIRECTION('',(1.,0.,0.));
#9048=DIRECTION('',(0.,0.,-1.));
#9049=DIRECTION('',(1.,0.,0.));
#9050=DIRECTION('',(0.,0.,-1.));
#9051=DIRECTION('',(1.,0.,0.));
#9052=DIRECTION('',(1.,0.,0.));
#9053=DIRECTION('',(0.,0.,-1.));
#9054=DIRECTION('',(1.,0.,0.));
#9055=DIRECTION('',(1.,0.,0.));
#9056=DIRECTION('',(0.,0.,-1.));
#9057=DIRECTION('',(1.,0.,0.));
#9058=DIRECTION('',(1.,0.,0.));
#9059=DIRECTION('',(0.,0.,-1.));
#9060=DIRECTION('',(1.,0.,0.));
#9061=DIRECTION('',(1.,0.,0.));
#9062=DIRECTION('',(0.,0.,-1.));
#9063=DIRECTION('',(1.,0.,0.));
#9064=DIRECTION('',(1.,0.,0.));
#9065=DIRECTION('',(0.,0.,-1.));
#9066=DIRECTION('',(1.,0.,0.));
#9067=DIRECTION('',(1.,0.,0.));
#9068=DIRECTION('',(0.,0.,-1.));
#9069=DIRECTION('',(1.,0.,0.));
#9070=DIRECTION('',(0.,0.,-1.));
#9071=DIRECTION('',(1.,0.,0.));
#9072=DIRECTION('',(0.,0.,-1.));
#9073=DIRECTION('',(0.,1.,0.));
#9074=DIRECTION('',(1.,0.,0.));
#9075=DIRECTION('',(0.,0.,-1.));
#9076=DIRECTION('',(0.,0.499999999999865,-0.866025403784516));
#9077=DIRECTION('',(1.,0.,0.));
#9078=DIRECTION('',(0.,0.,-1.));
#9079=DIRECTION('',(0.,-0.499999999999801,0.866025403784554));
#9080=DIRECTION('',(1.,0.,0.));
#9081=DIRECTION('',(0.,0.,-1.));
#9082=DIRECTION('',(0.,0.499999999999866,0.866025403784516));
#9083=DIRECTION('',(1.,0.,0.));
#9084=DIRECTION('',(0.,0.,-1.));
#9085=DIRECTION('',(0.,-0.499999999999801,-0.866025403784553));
#9086=DIRECTION('',(1.,0.,0.));
#9087=DIRECTION('',(0.,0.,-1.));
#9088=DIRECTION('',(0.,-1.,0.));
#9089=DIRECTION('',(-1.,0.,0.));
#9090=DIRECTION('',(0.,0.,1.));
#9091=DIRECTION('',(-1.,0.,0.));
#9092=DIRECTION('',(0.,0.,1.));
#9093=DIRECTION('',(-1.,0.,0.));
#9094=DIRECTION('',(0.,0.,1.));
#9095=DIRECTION('',(0.,0.,-1.));
#9096=DIRECTION('',(-1.,0.,0.));
#9097=DIRECTION('',(0.,0.,1.));
#9098=DIRECTION('',(1.,0.,0.));
#9099=DIRECTION('',(0.,0.,1.));
#9100=DIRECTION('',(1.,0.,0.));
#9101=DIRECTION('',(0.,0.,1.));
#9102=DIRECTION('',(1.,0.,0.));
#9103=DIRECTION('',(0.,0.,1.));
#9104=DIRECTION('',(1.,0.,0.));
#9105=DIRECTION('',(-1.,0.,0.));
#9106=DIRECTION('',(0.,-1.,0.));
#9107=DIRECTION('',(1.,0.,0.));
#9108=DIRECTION('',(0.,-1.,0.));
#9109=DIRECTION('',(-1.,0.,0.));
#9110=DIRECTION('',(0.,0.,1.));
#9111=DIRECTION('',(-1.,0.,0.));
#9112=DIRECTION('',(1.,0.,0.));
#9113=DIRECTION('',(0.,0.,-1.));
#9114=DIRECTION('',(-1.,0.,0.));
#9115=DIRECTION('',(1.,0.,0.));
#9116=DIRECTION('',(0.,0.,-1.));
#9117=DIRECTION('',(0.,-1.,0.));
#9118=DIRECTION('',(0.,0.,-1.));
#9119=DIRECTION('',(0.,-1.,0.));
#9120=DIRECTION('',(0.,0.,-1.));
#9121=DIRECTION('',(0.,0.,1.));
#9122=DIRECTION('',(1.,0.,0.));
#9123=DIRECTION('',(0.,-1.,0.));
#9124=DIRECTION('',(0.,0.,-1.));
#9125=DIRECTION('',(0.,1.,0.));
#9126=DIRECTION('',(0.,0.,1.));
#9127=DIRECTION('',(0.,1.,0.));
#9128=DIRECTION('',(0.,0.,1.));
#9129=DIRECTION('',(0.,1.,0.));
#9130=DIRECTION('',(0.,0.,1.));
#9131=DIRECTION('',(0.,0.,1.));
#9132=DIRECTION('',(1.,0.,0.));
#9133=DIRECTION('',(0.,-1.,0.));
#9134=DIRECTION('',(0.,0.,-1.));
#9135=DIRECTION('',(0.,1.,0.));
#9136=DIRECTION('',(0.,0.,1.));
#9137=DIRECTION('',(0.,-1.,0.));
#9138=DIRECTION('',(0.,-1.,0.));
#9139=DIRECTION('',(0.,1.,0.));
#9140=DIRECTION('',(0.,0.,1.));
#9141=DIRECTION('',(0.,-1.,0.));
#9142=DIRECTION('',(0.,0.,-1.));
#9143=DIRECTION('',(0.,1.,0.));
#9144=DIRECTION('',(0.,0.,1.));
#9145=DIRECTION('',(0.,1.,0.));
#9146=DIRECTION('',(0.,0.,1.));
#9147=DIRECTION('',(0.,-1.,0.));
#9148=DIRECTION('',(0.,-1.,0.));
#9149=DIRECTION('',(0.,1.,0.));
#9150=DIRECTION('',(0.,0.,1.));
#9151=DIRECTION('',(1.,0.,0.));
#9152=DIRECTION('',(0.,0.,-1.));
#9153=DIRECTION('',(1.,0.,0.));
#9154=DIRECTION('',(0.,0.,1.));
#9155=DIRECTION('',(1.,0.,0.));
#9156=DIRECTION('',(0.,0.,-1.));
#9157=DIRECTION('',(0.,1.,0.));
#9158=DIRECTION('',(0.,0.,-1.));
#9159=DIRECTION('',(0.,-1.,0.));
#9160=DIRECTION('',(0.,0.,-1.));
#9161=DIRECTION('',(1.,0.,0.));
#9162=DIRECTION('',(0.,0.,-1.));
#9163=DIRECTION('',(1.,0.,0.));
#9164=DIRECTION('',(0.,0.,-1.));
#9165=DIRECTION('',(0.,-1.,0.));
#9166=DIRECTION('',(0.,0.,-1.));
#9167=DIRECTION('',(0.,-1.,0.));
#9168=DIRECTION('',(0.,0.,1.));
#9169=DIRECTION('',(0.,0.,-1.));
#9170=DIRECTION('',(0.,1.,0.));
#9171=DIRECTION('',(0.,0.707106781186546,-0.707106781186549));
#9172=DIRECTION('',(0.,0.,-1.));
#9173=DIRECTION('',(0.,0.707106781186541,-0.707106781186555));
#9174=DIRECTION('',(0.,1.,0.));
#9175=DIRECTION('',(0.,0.707106781186547,0.707106781186547));
#9176=DIRECTION('',(0.,0.,1.));
#9177=DIRECTION('',(0.,-0.707106781186249,0.707106781186846));
#9178=DIRECTION('',(0.,-1.,0.));
#9179=DIRECTION('',(0.,-0.707106781186242,-0.707106781186853));
#9180=DIRECTION('',(0.,0.,-1.));
#9181=DIRECTION('',(0.,-0.707106781186601,-0.707106781186495));
#9182=DIRECTION('',(0.,-1.,0.));
#9183=DIRECTION('',(0.,0.,-1.));
#9184=DIRECTION('',(0.,1.,0.));
#9185=DIRECTION('',(0.,0.707106781186601,-0.707106781186495));
#9186=DIRECTION('',(0.,0.,-1.));
#9187=DIRECTION('',(0.,0.707106781186242,-0.707106781186853));
#9188=DIRECTION('',(0.,1.,0.));
#9189=DIRECTION('',(0.,0.707106781186249,0.707106781186846));
#9190=DIRECTION('',(0.,0.,1.));
#9191=DIRECTION('',(0.,-0.707106781186547,0.707106781186547));
#9192=DIRECTION('',(0.,-1.,0.));
#9193=DIRECTION('',(0.,-0.707106781186541,-0.707106781186555));
#9194=DIRECTION('',(0.,0.,-1.));
#9195=DIRECTION('',(0.,-0.707106781186546,-0.707106781186549));
#9196=DIRECTION('',(0.,-1.,0.));
#9197=DIRECTION('',(0.,0.,1.));
#9198=DIRECTION('',(0.,-1.,0.));
#9199=DIRECTION('',(0.,0.,1.));
#9200=DIRECTION('',(1.,0.,0.));
#9201=DIRECTION('',(0.,0.,-1.));
#9202=DIRECTION('',(0.,-1.,0.));
#9203=DIRECTION('',(1.,0.,0.));
#9204=DIRECTION('',(0.,0.,-1.));
#9205=DIRECTION('',(1.,0.,0.));
#9206=DIRECTION('',(0.,0.,-1.));
#9207=DIRECTION('',(0.,0.,-1.));
#9208=DIRECTION('',(0.,-1.,0.));
#9209=DIRECTION('',(0.,-1.,0.));
#9210=DIRECTION('',(1.,0.,0.));
#9211=DIRECTION('',(0.,0.,-1.));
#9212=DIRECTION('',(0.,0.,1.));
#9213=DIRECTION('',(0.,-1.,0.));
#9214=DIRECTION('',(0.,0.,1.));
#9215=DIRECTION('',(0.,-1.,0.));
#9216=DIRECTION('',(0.,-0.707106781186546,-0.707106781186549));
#9217=DIRECTION('',(0.,0.,-1.));
#9218=DIRECTION('',(0.,-0.707106781186541,-0.707106781186555));
#9219=DIRECTION('',(0.,-1.,0.));
#9220=DIRECTION('',(0.,-0.707106781186547,0.707106781186547));
#9221=DIRECTION('',(0.,0.,1.));
#9222=DIRECTION('',(0.,0.707106781186249,0.707106781186846));
#9223=DIRECTION('',(0.,1.,0.));
#9224=DIRECTION('',(0.,0.707106781186242,-0.707106781186853));
#9225=DIRECTION('',(0.,0.,-1.));
#9226=DIRECTION('',(0.,0.707106781186601,-0.707106781186495));
#9227=DIRECTION('',(0.,1.,0.));
#9228=DIRECTION('',(0.,0.,1.));
#9229=DIRECTION('',(0.,-1.,0.));
#9230=DIRECTION('',(0.,-0.707106781186601,-0.707106781186495));
#9231=DIRECTION('',(0.,0.,-1.));
#9232=DIRECTION('',(0.,-0.707106781186242,-0.707106781186853));
#9233=DIRECTION('',(0.,-1.,0.));
#9234=DIRECTION('',(0.,-0.707106781186249,0.707106781186846));
#9235=DIRECTION('',(0.,0.,1.));
#9236=DIRECTION('',(0.,0.707106781186547,0.707106781186547));
#9237=DIRECTION('',(0.,1.,0.));
#9238=DIRECTION('',(0.,0.707106781186541,-0.707106781186555));
#9239=DIRECTION('',(0.,0.,-1.));
#9240=DIRECTION('',(0.,0.707106781186546,-0.707106781186549));
#9241=DIRECTION('',(0.,1.,0.));
#9242=DIRECTION('',(0.,0.,-1.));
#9243=DIRECTION('',(0.,0.,-1.));
#9244=DIRECTION('',(0.,-1.,0.));
#9245=DIRECTION('',(0.,1.,0.));
#9246=DIRECTION('',(0.,0.,1.));
#9247=DIRECTION('',(0.,-1.,0.));
#9248=DIRECTION('',(0.,0.,-1.));
#9249=DIRECTION('',(0.,-1.,0.));
#9250=DIRECTION('',(0.,0.,-1.));
#9251=DIRECTION('',(0.,-1.,0.));
#9252=DIRECTION('',(0.,0.,-1.));
#9253=DIRECTION('',(0.,-1.,0.));
#9254=DIRECTION('',(0.,0.,-1.));
#9255=DIRECTION('',(0.,-1.,0.));
#9256=DIRECTION('',(0.,0.,-1.));
#9257=DIRECTION('',(1.,0.,0.));
#9258=DIRECTION('',(-1.,0.,0.));
#9259=DIRECTION('',(1.,0.,0.));
#9260=DIRECTION('',(0.,0.,-1.));
#9261=DIRECTION('',(0.,1.,0.));
#9262=DIRECTION('',(1.,0.,0.));
#9263=DIRECTION('',(0.,0.,-1.));
#9264=DIRECTION('',(0.,0.,-1.));
#9265=DIRECTION('',(0.,-1.,0.));
#9266=DIRECTION('',(0.,0.,-1.));
#9267=DIRECTION('',(0.,1.,0.));
#9268=DIRECTION('',(0.,0.,1.));
#9269=DIRECTION('',(1.,0.,0.));
#9270=DIRECTION('',(0.,1.,0.));
#9271=DIRECTION('',(0.,0.,1.));
#9272=DIRECTION('',(-1.,0.,0.));
#9273=DIRECTION('',(0.,1.,0.));
#9274=DIRECTION('',(0.,0.,1.));
#9275=DIRECTION('',(0.,-1.,0.));
#9276=DIRECTION('',(0.,0.,-1.));
#9277=DIRECTION('',(0.,-1.,0.));
#9278=DIRECTION('',(0.,0.,-1.));
#9279=DIRECTION('',(0.,-1.,0.));
#9280=DIRECTION('',(0.,-1.,0.));
#9281=DIRECTION('',(0.,0.,-1.));
#9282=DIRECTION('',(0.,-1.,0.));
#9283=DIRECTION('',(0.,0.,-1.));
#9284=DIRECTION('',(0.,1.,0.));
#9285=DIRECTION('',(0.,0.,1.));
#9286=DIRECTION('',(0.,-1.,0.));
#9287=DIRECTION('',(0.,0.,1.));
#9288=DIRECTION('',(1.,0.,0.));
#9289=DIRECTION('',(0.,-1.,0.));
#9290=DIRECTION('',(0.,0.,-1.));
#9291=DIRECTION('',(-1.,0.,0.));
#9292=DIRECTION('',(1.,0.,0.));
#9293=DIRECTION('',(0.,0.,-1.));
#9294=DIRECTION('',(-1.,0.,0.));
#9295=DIRECTION('',(0.,1.,0.));
#9296=DIRECTION('',(0.,0.,-1.));
#9297=DIRECTION('',(-1.,0.,0.));
#9298=DIRECTION('',(-1.,0.,0.));
#9299=DIRECTION('',(0.,0.,-1.));
#9300=DIRECTION('',(-1.,0.,0.));
#9301=DIRECTION('',(-1.,0.,0.));
#9302=DIRECTION('',(0.,-1.,0.));
#9303=DIRECTION('',(0.,0.,1.));
#9304=DIRECTION('',(1.,0.,0.));
#9305=DIRECTION('',(-1.,0.,0.));
#9306=DIRECTION('',(0.,-1.,0.));
#9307=DIRECTION('',(-1.,0.,0.));
#9308=DIRECTION('',(0.,-1.,0.));
#9309=DIRECTION('',(0.,0.,-1.));
#9310=DIRECTION('',(0.,0.,-1.));
#9311=DIRECTION('',(0.,0.,-1.));
#9312=DIRECTION('',(-1.,0.,0.));
#9313=DIRECTION('',(0.,-1.,0.));
#9314=DIRECTION('',(0.,0.,-1.));
#9315=DIRECTION('',(-1.,0.,0.));
#9316=DIRECTION('',(0.,1.,0.));
#9317=DIRECTION('',(0.,0.,1.));
#9318=DIRECTION('',(0.,0.,1.));
#9319=DIRECTION('',(-1.,0.,0.));
#9320=DIRECTION('',(0.,0.,1.));
#9321=DIRECTION('',(0.,-1.,0.));
#9322=DIRECTION('',(0.,0.,-1.));
#9323=DIRECTION('',(0.,0.,-1.));
#9324=DIRECTION('',(-1.,0.,0.));
#9325=DIRECTION('',(-1.,0.,0.));
#9326=DIRECTION('',(0.,-1.,0.));
#9327=DIRECTION('',(1.,0.,0.));
#9328=DIRECTION('',(0.,-1.,0.));
#9329=DIRECTION('',(1.,0.,0.));
#9330=DIRECTION('',(0.,0.,-1.));
#9331=DIRECTION('',(-1.,0.,0.));
#9332=DIRECTION('',(0.,0.,-1.));
#9333=DIRECTION('',(-1.,0.,0.));
#9334=DIRECTION('',(-1.,0.,0.));
#9335=DIRECTION('',(0.,0.,-1.));
#9336=DIRECTION('',(-1.,0.,0.));
#9337=DIRECTION('',(0.,0.,1.));
#9338=DIRECTION('',(1.,0.,0.));
#9339=DIRECTION('',(0.,0.,1.));
#9340=DIRECTION('',(1.,0.,0.));
#9341=DIRECTION('',(-1.,0.,0.));
#9342=DIRECTION('',(0.,0.,1.));
#9343=DIRECTION('',(1.,0.,0.));
#9344=DIRECTION('',(-1.,0.,0.));
#9345=DIRECTION('',(0.,-1.,0.));
#9346=DIRECTION('',(0.,0.,-1.));
#9347=DIRECTION('',(0.,-1.,0.));
#9348=DIRECTION('',(0.,0.,-1.));
#9349=DIRECTION('',(0.,-1.,0.));
#9350=DIRECTION('',(0.,0.,-1.));
#9351=DIRECTION('',(0.,0.,-1.));
#9352=DIRECTION('',(-1.,0.,0.));
#9353=DIRECTION('',(0.,0.,-1.));
#9354=DIRECTION('',(0.,0.,-1.));
#9355=DIRECTION('',(-1.,0.,0.));
#9356=DIRECTION('',(0.,0.,-1.));
#9357=DIRECTION('',(-1.,0.,0.));
#9358=DIRECTION('',(-1.,0.,0.));
#9359=DIRECTION('',(0.,0.,-1.));
#9360=DIRECTION('',(-1.,0.,0.));
#9361=DIRECTION('',(0.,0.,1.));
#9362=DIRECTION('',(1.,0.,0.));
#9363=DIRECTION('',(0.,0.,1.));
#9364=DIRECTION('',(1.,0.,0.));
#9365=DIRECTION('',(0.,0.,1.));
#9366=DIRECTION('',(1.,0.,0.));
#9367=DIRECTION('',(-1.,0.,0.));
#9368=DIRECTION('',(0.,0.707106781186549,-0.707106781186545));
#9369=DIRECTION('',(0.,0.707106781186546,0.70710678118655));
#9370=DIRECTION('',(-1.,0.,0.));
#9371=DIRECTION('',(0.,1.,0.));
#9372=DIRECTION('',(0.,0.,1.));
#9373=DIRECTION('',(-1.,0.,0.));
#9374=DIRECTION('',(0.,0.707106781186554,-0.707106781186541));
#9375=DIRECTION('',(0.,0.707106781186541,0.707106781186554));
#9376=DIRECTION('',(-1.,0.,0.));
#9377=DIRECTION('',(0.,0.,-1.));
#9378=DIRECTION('',(-1.,0.,0.));
#9379=DIRECTION('',(-1.,0.,0.));
#9380=DIRECTION('',(0.,-0.707106781186547,-0.707106781186547));
#9381=DIRECTION('',(0.,0.707106781186548,-0.707106781186548));
#9382=DIRECTION('',(-1.,0.,0.));
#9383=DIRECTION('',(0.,-1.,0.));
#9384=DIRECTION('',(0.,0.,-1.));
#9385=DIRECTION('',(-1.,0.,0.));
#9386=DIRECTION('',(0.,-0.707106781186846,0.707106781186249));
#9387=DIRECTION('',(0.,-0.707106781186249,-0.707106781186846));
#9388=DIRECTION('',(-1.,0.,0.));
#9389=DIRECTION('',(0.,0.,1.));
#9390=DIRECTION('',(1.,0.,0.));
#9391=DIRECTION('',(-1.,0.,0.));
#9392=DIRECTION('',(0.,0.707106781186853,0.707106781186242));
#9393=DIRECTION('',(0.,-0.707106781186242,0.707106781186853));
#9394=DIRECTION('',(-1.,0.,0.));
#9395=DIRECTION('',(0.,1.,0.));
#9396=DIRECTION('',(0.,0.,1.));
#9397=DIRECTION('',(-1.,0.,0.));
#9398=DIRECTION('',(0.,0.707106781186494,0.707106781186601));
#9399=DIRECTION('',(0.,-0.707106781186601,0.707106781186495));
#9400=DIRECTION('',(0.,0.707106781186494,-0.707106781186601));
#9401=DIRECTION('',(0.,0.707106781186601,0.707106781186495));
#9402=DIRECTION('',(-1.,0.,0.));
#9403=DIRECTION('',(0.,1.,0.));
#9404=DIRECTION('',(0.,0.,1.));
#9405=DIRECTION('',(-1.,0.,0.));
#9406=DIRECTION('',(0.,0.707106781186853,-0.707106781186242));
#9407=DIRECTION('',(0.,0.707106781186242,0.707106781186853));
#9408=DIRECTION('',(-1.,0.,0.));
#9409=DIRECTION('',(0.,0.,-1.));
#9410=DIRECTION('',(-1.,0.,0.));
#9411=DIRECTION('',(-1.,0.,0.));
#9412=DIRECTION('',(0.,-0.707106781186846,-0.707106781186249));
#9413=DIRECTION('',(0.,0.707106781186249,-0.707106781186846));
#9414=DIRECTION('',(-1.,0.,0.));
#9415=DIRECTION('',(0.,-1.,0.));
#9416=DIRECTION('',(0.,0.,-1.));
#9417=DIRECTION('',(-1.,0.,0.));
#9418=DIRECTION('',(0.,-0.707106781186547,0.707106781186547));
#9419=DIRECTION('',(0.,-0.707106781186548,-0.707106781186548));
#9420=DIRECTION('',(-1.,0.,0.));
#9421=DIRECTION('',(0.,0.,1.));
#9422=DIRECTION('',(1.,0.,0.));
#9423=DIRECTION('',(-1.,0.,0.));
#9424=DIRECTION('',(0.,0.707106781186554,0.707106781186541));
#9425=DIRECTION('',(0.,-0.707106781186541,0.707106781186554));
#9426=DIRECTION('',(-1.,0.,0.));
#9427=DIRECTION('',(0.,1.,0.));
#9428=DIRECTION('',(0.,0.,1.));
#9429=DIRECTION('',(-1.,0.,0.));
#9430=DIRECTION('',(0.,0.707106781186549,0.707106781186545));
#9431=DIRECTION('',(0.,-0.707106781186546,0.70710678118655));
#9432=DIRECTION('',(0.,0.,-1.));
#9433=DIRECTION('',(-1.,0.,0.));
#9434=DIRECTION('',(0.,0.,-1.));
#9435=DIRECTION('',(-1.,0.,0.));
#9436=DIRECTION('',(0.,0.,-1.));
#9437=DIRECTION('',(-1.,0.,0.));
#9438=DIRECTION('',(0.,0.,-1.));
#9439=DIRECTION('',(-1.,0.,0.));
#9440=DIRECTION('',(0.,0.,1.));
#9441=DIRECTION('',(1.,0.,0.));
#9442=DIRECTION('',(0.,0.,1.));
#9443=DIRECTION('',(1.,0.,0.));
#9444=DIRECTION('',(0.,0.,1.));
#9445=DIRECTION('',(1.,0.,0.));
#9446=DIRECTION('',(0.,0.,1.));
#9447=DIRECTION('',(1.,0.,0.));
#9448=DIRECTION('',(-1.,0.,0.));
#9449=DIRECTION('',(0.,0.,1.));
#9450=DIRECTION('',(1.,0.,0.));
#9451=DIRECTION('',(0.,0.,-1.));
#9452=DIRECTION('',(1.,0.,0.));
#9453=DIRECTION('',(0.,0.,-1.));
#9454=DIRECTION('',(0.,0.,-1.));
#9455=DIRECTION('',(-1.,0.,0.));
#9456=DIRECTION('',(0.,-1.,0.));
#9457=DIRECTION('',(-1.,0.,0.));
#9458=DIRECTION('',(0.,-1.,0.));
#9459=DIRECTION('',(-1.,0.,0.));
#9460=DIRECTION('',(0.,1.,0.));
#9461=DIRECTION('',(0.,0.,1.));
#9462=DIRECTION('',(-1.,0.,0.));
#9463=DIRECTION('',(0.,0.,-1.));
#9464=DIRECTION('',(0.,1.,0.));
#9465=DIRECTION('',(0.,0.,1.));
#9466=DIRECTION('',(0.,-1.,0.));
#9467=DIRECTION('',(0.,0.,-1.));
#9468=DIRECTION('',(0.,0.,-1.));
#9469=DIRECTION('',(1.,0.,0.));
#9470=DIRECTION('',(0.,-1.,0.));
#9471=DIRECTION('',(0.,0.,-1.));
#9472=DIRECTION('',(0.,-1.,0.));
#9473=DIRECTION('',(0.,0.,-1.));
#9474=DIRECTION('',(0.,1.,0.));
#9475=DIRECTION('',(0.,0.,1.));
#9476=DIRECTION('',(0.,0.,1.));
#9477=DIRECTION('',(-1.,0.,0.));
#9478=DIRECTION('',(0.,1.,0.));
#9479=DIRECTION('',(0.,0.,1.));
#9480=DIRECTION('',(1.,0.,0.));
#9481=DIRECTION('',(0.,0.,1.));
#9482=DIRECTION('',(0.,-1.,0.));
#9483=DIRECTION('',(0.,0.,-1.));
#9484=DIRECTION('',(0.,-1.,0.));
#9485=DIRECTION('',(0.,0.,-1.));
#9486=DIRECTION('',(0.,1.,0.));
#9487=DIRECTION('',(0.,0.,1.));
#9488=DIRECTION('',(0.,1.,0.));
#9489=DIRECTION('',(0.,0.,1.));
#9490=DIRECTION('',(0.,-1.,0.));
#9491=DIRECTION('',(0.,0.,-1.));
#9492=DIRECTION('',(0.,-1.,0.));
#9493=DIRECTION('',(0.,0.,-1.));
#9494=DIRECTION('',(0.,1.,0.));
#9495=DIRECTION('',(0.,0.,1.));
#9496=DIRECTION('',(0.,1.,0.));
#9497=DIRECTION('',(0.,-1.,0.));
#9498=DIRECTION('',(0.,0.,-1.));
#9499=DIRECTION('',(0.,-1.,0.));
#9500=DIRECTION('',(1.,0.,0.));
#9501=DIRECTION('',(0.,0.,-1.));
#9502=DIRECTION('',(1.,0.,0.));
#9503=DIRECTION('',(0.,0.,-1.));
#9504=DIRECTION('',(0.,0.,-1.));
#9505=DIRECTION('',(-1.,0.,0.));
#9506=DIRECTION('',(0.,1.,0.));
#9507=DIRECTION('',(1.,0.,0.));
#9508=DIRECTION('',(0.,1.,0.));
#9509=DIRECTION('',(-1.,0.,0.));
#9510=DIRECTION('',(1.,0.,0.));
#9511=DIRECTION('',(1.,0.,0.));
#9512=DIRECTION('',(0.,0.,-1.));
#9513=DIRECTION('',(1.,0.,0.));
#9514=DIRECTION('',(0.,0.,-1.));
#9515=DIRECTION('',(1.,0.,0.));
#9516=DIRECTION('',(0.,0.,-1.));
#9517=DIRECTION('',(0.,0.,1.));
#9518=DIRECTION('',(-1.,0.,0.));
#9519=DIRECTION('',(0.,0.,1.));
#9520=DIRECTION('',(1.,0.,0.));
#9521=DIRECTION('',(0.,0.,-1.));
#9522=DIRECTION('',(-1.,0.,0.));
#9523=DIRECTION('',(0.,0.,1.));
#9524=DIRECTION('',(1.,0.,0.));
#9525=DIRECTION('',(0.,0.,-1.));
#9526=DIRECTION('',(1.,0.,0.));
#9527=DIRECTION('',(0.,0.,-1.));
#9528=DIRECTION('',(0.,0.,1.));
#9529=DIRECTION('',(0.,-1.,0.));
#9530=DIRECTION('',(0.,0.,-1.));
#9531=DIRECTION('',(0.,-1.,0.));
#9532=DIRECTION('',(0.,0.,-1.));
#9533=DIRECTION('',(0.,-1.,0.));
#9534=DIRECTION('',(0.,0.,-1.));
#9535=DIRECTION('',(0.,-1.,0.));
#9536=DIRECTION('',(0.,0.,-1.));
#9537=DIRECTION('',(0.,-1.,0.));
#9538=DIRECTION('',(0.,0.,-1.));
#9539=DIRECTION('',(0.,-1.,0.));
#9540=DIRECTION('',(0.,0.,-1.));
#9541=DIRECTION('',(0.,-1.,0.));
#9542=DIRECTION('',(0.,0.,-1.));
#9543=DIRECTION('',(0.,1.,0.));
#9544=DIRECTION('',(0.,0.,1.));
#9545=DIRECTION('',(0.,-1.,0.));
#9546=DIRECTION('',(0.,0.,-1.));
#9547=DIRECTION('',(0.,-1.,0.));
#9548=DIRECTION('',(0.,0.,-1.));
#9549=DIRECTION('',(0.,-1.,0.));
#9550=DIRECTION('',(0.,0.,-1.));
#9551=DIRECTION('',(0.,1.,0.));
#9552=DIRECTION('',(0.,0.,1.));
#9553=DIRECTION('',(0.,-1.,0.));
#9554=DIRECTION('',(0.,0.,-1.));
#9555=DIRECTION('',(0.,-1.,0.));
#9556=DIRECTION('',(0.,0.,-1.));
#9557=DIRECTION('',(0.,-1.,0.));
#9558=DIRECTION('',(0.,0.,-1.));
#9559=DIRECTION('',(0.,-1.,0.));
#9560=DIRECTION('',(0.,0.,-1.));
#9561=DIRECTION('',(0.,-1.,0.));
#9562=DIRECTION('',(0.,0.,-1.));
#9563=DIRECTION('',(0.,-1.,0.));
#9564=DIRECTION('',(0.,0.,-1.));
#9565=DIRECTION('',(0.,1.,0.));
#9566=DIRECTION('',(0.,0.,1.));
#9567=DIRECTION('',(0.,-1.,0.));
#9568=DIRECTION('',(0.,0.,-1.));
#9569=DIRECTION('',(0.,-1.,0.));
#9570=DIRECTION('',(0.,0.,-1.));
#9571=DIRECTION('',(0.,-1.,0.));
#9572=DIRECTION('',(0.,0.,-1.));
#9573=DIRECTION('',(0.,1.,0.));
#9574=DIRECTION('',(0.,0.,1.));
#9575=DIRECTION('',(0.,-1.,0.));
#9576=DIRECTION('',(0.,0.,-1.));
#9577=DIRECTION('',(0.,-1.,0.));
#9578=DIRECTION('',(0.,0.,-1.));
#9579=DIRECTION('',(0.,-1.,0.));
#9580=DIRECTION('',(0.,0.,-1.));
#9581=DIRECTION('',(0.,-1.,0.));
#9582=DIRECTION('',(0.,0.,-1.));
#9583=DIRECTION('',(0.,-1.,0.));
#9584=DIRECTION('',(0.,0.,-1.));
#9585=DIRECTION('',(0.,-1.,0.));
#9586=DIRECTION('',(0.,0.,-1.));
#9587=DIRECTION('',(0.,-1.,0.));
#9588=DIRECTION('',(0.,0.,-1.));
#9589=DIRECTION('',(0.,-1.,0.));
#9590=DIRECTION('',(0.,0.,-1.));
#9591=DIRECTION('',(0.,-1.,0.));
#9592=DIRECTION('',(0.,0.,-1.));
#9593=DIRECTION('',(0.,-1.,0.));
#9594=DIRECTION('',(0.,0.,-1.));
#9595=DIRECTION('',(0.,1.,0.));
#9596=DIRECTION('',(0.,0.,1.));
#9597=DIRECTION('',(-1.,0.,0.));
#9598=DIRECTION('',(0.,0.,1.));
#9599=DIRECTION('',(1.,0.,0.));
#9600=DIRECTION('',(0.,0.,-1.));
#9601=DIRECTION('',(-1.,0.,0.));
#9602=DIRECTION('',(1.,0.,0.));
#9603=DIRECTION('',(0.,0.,-1.));
#9604=DIRECTION('',(1.,0.,0.));
#9605=DIRECTION('',(0.,0.,-1.));
#9606=DIRECTION('',(1.,0.,0.));
#9607=DIRECTION('',(0.,0.,-1.));
#9608=DIRECTION('',(1.,0.,0.));
#9609=DIRECTION('',(0.,0.,-1.));
#9610=DIRECTION('',(1.,0.,0.));
#9611=DIRECTION('',(0.,0.,-1.));
#9612=DIRECTION('',(0.,1.,0.));
#9613=DIRECTION('',(0.,0.,1.));
#9614=DIRECTION('',(0.,0.,1.));
#9615=DIRECTION('',(1.,0.,0.));
#9616=DIRECTION('',(0.,0.,1.));
#9617=DIRECTION('',(1.,0.,0.));
#9618=DIRECTION('',(0.,0.,1.));
#9619=DIRECTION('',(1.,0.,0.));
#9620=DIRECTION('',(0.,0.,1.));
#9621=DIRECTION('',(1.,0.,0.));
#9622=DIRECTION('',(0.,0.,1.));
#9623=DIRECTION('',(1.,0.,0.));
#9624=DIRECTION('',(0.,0.,1.));
#9625=DIRECTION('',(1.,0.,0.));
#9626=DIRECTION('',(0.,0.,1.));
#9627=DIRECTION('',(1.,0.,0.));
#9628=DIRECTION('',(0.,0.,1.));
#9629=DIRECTION('',(1.,0.,0.));
#9630=DIRECTION('',(0.,0.,1.));
#9631=DIRECTION('',(1.,0.,0.));
#9632=DIRECTION('',(0.,0.,1.));
#9633=DIRECTION('',(1.,0.,0.));
#9634=DIRECTION('',(0.,0.,1.));
#9635=DIRECTION('',(1.,0.,0.));
#9636=DIRECTION('',(0.,0.,1.));
#9637=DIRECTION('',(1.,0.,0.));
#9638=DIRECTION('',(0.,0.,1.));
#9639=DIRECTION('',(1.,0.,0.));
#9640=DIRECTION('',(0.,0.,1.));
#9641=DIRECTION('',(1.,0.,0.));
#9642=DIRECTION('',(0.,0.,1.));
#9643=DIRECTION('',(1.,0.,0.));
#9644=DIRECTION('',(0.,0.,1.));
#9645=DIRECTION('',(1.,0.,0.));
#9646=DIRECTION('',(0.,1.,0.));
#9647=DIRECTION('',(0.,0.,1.));
#9648=DIRECTION('',(-1.,0.,0.));
#9649=DIRECTION('',(0.,0.,1.));
#9650=DIRECTION('',(1.,0.,0.));
#9651=DIRECTION('',(0.,-0.866025403784516,-0.499999999999865));
#9652=DIRECTION('',(0.,0.499999999999865,-0.866025403784517));
#9653=DIRECTION('',(0.,0.499999999999865,-0.866025403784516));
#9654=DIRECTION('',(1.,0.,0.));
#9655=DIRECTION('',(0.,0.866025403784554,0.499999999999801));
#9656=DIRECTION('',(0.,-0.499999999999801,0.866025403784554));
#9657=DIRECTION('',(1.,0.,0.));
#9658=DIRECTION('',(0.,-0.499999999999801,0.866025403784554));
#9659=DIRECTION('',(1.,0.,0.));
#9660=DIRECTION('',(0.,0.,-1.));
#9661=DIRECTION('',(1.,0.,0.));
#9662=DIRECTION('',(0.,0.,-1.));
#9663=DIRECTION('',(1.,0.,0.));
#9664=DIRECTION('',(0.,0.,-1.));
#9665=DIRECTION('',(0.,0.866025403784516,-0.499999999999866));
#9666=DIRECTION('',(0.,0.499999999999866,0.866025403784516));
#9667=DIRECTION('',(0.,0.499999999999866,0.866025403784516));
#9668=DIRECTION('',(1.,0.,0.));
#9669=DIRECTION('',(0.,-0.866025403784553,0.499999999999801));
#9670=DIRECTION('',(0.,-0.499999999999801,-0.866025403784554));
#9671=DIRECTION('',(1.,0.,0.));
#9672=DIRECTION('',(0.,-0.499999999999801,-0.866025403784553));
#9673=DIRECTION('',(1.,0.,0.));
#9674=DIRECTION('',(0.,0.,-1.));
#9675=DIRECTION('',(1.,0.,0.));
#9676=DIRECTION('',(0.,0.,-1.));
#9677=DIRECTION('',(1.,0.,0.));
#9678=DIRECTION('',(0.,0.,-1.));
#9679=DIRECTION('',(0.,0.,-1.));
#9680=DIRECTION('',(-1.,0.,0.));
#9681=DIRECTION('',(1.,0.,0.));
#9682=DIRECTION('',(0.,1.,0.));
#9683=DIRECTION('',(1.,0.,0.));
#9684=DIRECTION('',(0.,0.,-1.));
#9685=DIRECTION('',(1.,0.,0.));
#9686=DIRECTION('',(1.,0.,0.));
#9687=DIRECTION('',(0.,0.,-1.));
#9688=DIRECTION('',(0.,0.,1.));
#9689=DIRECTION('',(1.,0.,0.));
#9690=DIRECTION('',(0.,-1.,0.));
#9691=DIRECTION('',(1.,0.,0.));
#9692=DIRECTION('',(0.,0.,-1.));
#9693=DIRECTION('',(0.,0.,-1.));
#9694=DIRECTION('',(-1.,0.,0.));
#9695=DIRECTION('',(0.,0.,-1.));
#9696=DIRECTION('',(0.,0.,-1.));
#9697=DIRECTION('',(-1.,0.,0.));
#9698=DIRECTION('',(0.,0.,-1.));
#9699=DIRECTION('',(1.,0.,0.));
#9700=DIRECTION('',(0.,0.,-1.));
#9701=DIRECTION('',(0.,0.,-1.));
#9702=DIRECTION('',(0.,-1.,0.));
#9703=DIRECTION('',(0.,0.,-1.));
#9704=DIRECTION('',(-1.,0.,0.));
#9705=DIRECTION('',(0.,0.,-1.));
#9706=DIRECTION('',(0.,0.,-1.));
#9707=DIRECTION('',(-1.,0.,0.));
#9708=DIRECTION('',(0.,-1.,0.));
#9709=DIRECTION('',(0.,0.,-1.));
#9710=DIRECTION('',(0.,0.,-1.));
#9711=DIRECTION('',(-1.,0.,0.));
#9712=DIRECTION('',(0.,0.,-1.));
#9713=DIRECTION('',(-1.,0.,0.));
#9714=DIRECTION('',(0.,0.,-1.));
#9715=DIRECTION('',(0.,0.,-1.));
#9716=DIRECTION('',(-1.,0.,0.));
#9717=DIRECTION('',(-1.,0.,0.));
#9718=DIRECTION('',(0.,0.,1.));
#9719=DIRECTION('',(0.,0.,-1.));
#9720=DIRECTION('',(0.,1.,0.));
#9721=DIRECTION('',(0.,0.,-1.));
#9722=DIRECTION('',(-1.,0.,0.));
#9723=DIRECTION('',(0.,0.,-1.));
#9724=DIRECTION('',(0.,0.,-1.));
#9725=DIRECTION('',(-1.,0.,0.));
#9726=DIRECTION('',(0.447213595499958,0.894427190999916,0.));
#9727=DIRECTION('',(-0.894427190999916,0.447213595499958,0.));
#9728=DIRECTION('',(0.894427190999916,-0.447213595499958,0.));
#9729=DIRECTION('',(0.,0.,-1.));
#9730=DIRECTION('',(0.894427190999916,-0.447213595499958,0.));
#9731=DIRECTION('',(0.,0.,-1.));
#9732=DIRECTION('',(-1.,0.,0.));
#9733=DIRECTION('',(0.,0.,1.));
#9734=DIRECTION('',(0.,1.,0.));
#9735=DIRECTION('',(0.,0.,-1.));
#9736=DIRECTION('',(0.,1.,0.));
#9737=DIRECTION('',(0.,1.,0.));
#9738=DIRECTION('',(0.,0.,1.));
#9739=DIRECTION('',(1.,0.,0.));
#9740=DIRECTION('',(0.,0.,-1.));
#9741=DIRECTION('',(1.,0.,0.));
#9742=DIRECTION('',(0.,0.,-1.));
#9743=DIRECTION('',(-1.,0.,0.));
#9744=DIRECTION('',(0.,0.,1.));
#9745=DIRECTION('',(0.,1.,0.));
#9746=DIRECTION('',(0.,0.,-1.));
#9747=DIRECTION('',(0.,1.,0.));
#9748=DIRECTION('',(0.,-1.,0.));
#9749=DIRECTION('',(0.,0.,-1.));
#9750=DIRECTION('',(-1.,0.,0.));
#9751=DIRECTION('',(0.,0.,-1.));
#9752=DIRECTION('',(-1.,0.,0.));
#9753=DIRECTION('',(0.707106781186548,0.707106781186547,0.));
#9754=DIRECTION('',(-0.707106781186547,0.707106781186548,0.));
#9755=DIRECTION('',(0.707106781186547,-0.707106781186548,0.));
#9756=DIRECTION('',(0.,0.,-1.));
#9757=DIRECTION('',(0.707106781186547,-0.707106781186548,0.));
#9758=DIRECTION('',(0.,0.,-1.));
#9759=DIRECTION('',(-1.,0.,0.));
#9760=DIRECTION('',(0.,0.,1.));
#9761=DIRECTION('',(0.,1.,0.));
#9762=DIRECTION('',(0.,0.,-1.));
#9763=DIRECTION('',(0.,1.,0.));
#9764=DIRECTION('',(0.,1.,0.));
#9765=DIRECTION('',(0.,0.,1.));
#9766=DIRECTION('',(1.,0.,0.));
#9767=DIRECTION('',(0.,0.,-1.));
#9768=DIRECTION('',(1.,0.,0.));
#9769=DIRECTION('',(0.,0.,-1.));
#9770=DIRECTION('',(-0.707106781186548,-0.707106781186547,0.));
#9771=DIRECTION('',(0.707106781186547,-0.707106781186548,0.));
#9772=DIRECTION('',(-0.707106781186547,0.707106781186548,0.));
#9773=DIRECTION('',(0.,0.,-1.));
#9774=DIRECTION('',(-0.707106781186547,0.707106781186548,0.));
#9775=DIRECTION('',(0.707106781186547,0.707106781186548,0.));
#9776=DIRECTION('',(-0.707106781186548,0.707106781186547,0.));
#9777=DIRECTION('',(0.707106781186548,-0.707106781186547,0.));
#9778=DIRECTION('',(0.,0.,-1.));
#9779=DIRECTION('',(0.707106781186548,-0.707106781186547,0.));
#9780=DIRECTION('',(0.,0.,-1.));
#9781=DIRECTION('',(-0.707106781186548,0.707106781186547,0.));
#9782=DIRECTION('',(-0.707106781186547,-0.707106781186548,0.));
#9783=DIRECTION('',(0.707106781186547,0.707106781186548,0.));
#9784=DIRECTION('',(0.,0.,-1.));
#9785=DIRECTION('',(0.707106781186547,0.707106781186548,0.));
#9786=DIRECTION('',(1.,0.,0.));
#9787=DIRECTION('',(0.,0.,-1.));
#9788=DIRECTION('',(0.,-1.,0.));
#9789=DIRECTION('',(0.,0.,-1.));
#9790=DIRECTION('',(0.,-1.,0.));
#9791=DIRECTION('',(0.,0.,-1.));
#9792=DIRECTION('',(-0.706473457087916,0.707739538552318,0.));
#9793=DIRECTION('',(-0.707739538552318,-0.706473457087916,0.));
#9794=DIRECTION('',(0.707739538552318,0.706473457087916,0.));
#9795=DIRECTION('',(0.,0.,-1.));
#9796=DIRECTION('',(0.707739538552318,0.706473457087916,0.));
#9797=DIRECTION('',(0.706473457088229,0.707739538552006,0.));
#9798=DIRECTION('',(-0.707739538552006,0.706473457088229,0.));
#9799=DIRECTION('',(0.707739538552006,-0.706473457088229,0.));
#9800=DIRECTION('',(0.,0.,-1.));
#9801=DIRECTION('',(0.707739538552006,-0.706473457088229,0.));
#9802=DIRECTION('',(0.,0.,-1.));
#9803=DIRECTION('',(0.706473457088229,-0.707739538552006,0.));
#9804=DIRECTION('',(0.707739538552006,0.706473457088229,0.));
#9805=DIRECTION('',(-0.707739538552006,-0.706473457088229,0.));
#9806=DIRECTION('',(0.,0.,-1.));
#9807=DIRECTION('',(-0.707739538552006,-0.706473457088229,0.));
#9808=DIRECTION('',(1.,0.,0.));
#9809=DIRECTION('',(0.,0.,-1.));
#9810=DIRECTION('',(0.,-1.,0.));
#9811=DIRECTION('',(0.,0.,-1.));
#9812=DIRECTION('',(0.,-1.,0.));
#9813=DIRECTION('',(0.,1.,0.));
#9814=DIRECTION('',(0.,0.,1.));
#9815=DIRECTION('',(1.,0.,0.));
#9816=DIRECTION('',(0.,0.,-1.));
#9817=DIRECTION('',(1.,0.,0.));
#9818=DIRECTION('',(-0.707106781186547,0.707106781186548,0.));
#9819=DIRECTION('',(-0.707106781186548,-0.707106781186547,0.));
#9820=DIRECTION('',(0.707106781186548,0.707106781186547,0.));
#9821=DIRECTION('',(0.,0.,-1.));
#9822=DIRECTION('',(0.707106781186548,0.707106781186547,0.));
#9823=DIRECTION('',(0.707106781186548,0.707106781186547,0.));
#9824=DIRECTION('',(-0.707106781186547,0.707106781186548,0.));
#9825=DIRECTION('',(0.707106781186547,-0.707106781186548,0.));
#9826=DIRECTION('',(0.,0.,-1.));
#9827=DIRECTION('',(0.707106781186547,-0.707106781186548,0.));
#9828=DIRECTION('',(0.,1.,0.));
#9829=DIRECTION('',(0.,0.,1.));
#9830=DIRECTION('',(1.,0.,0.));
#9831=DIRECTION('',(0.,0.,-1.));
#9832=DIRECTION('',(1.,0.,0.));
#9833=DIRECTION('',(-1.,0.,0.));
#9834=DIRECTION('',(0.,0.,1.));
#9835=DIRECTION('',(0.,1.,0.));
#9836=DIRECTION('',(0.,0.,-1.));
#9837=DIRECTION('',(0.,1.,0.));
#9838=DIRECTION('',(-0.707106781186549,-0.707106781186546,0.));
#9839=DIRECTION('',(0.707106781186546,-0.707106781186549,0.));
#9840=DIRECTION('',(-0.707106781186546,0.707106781186549,0.));
#9841=DIRECTION('',(0.,0.,-1.));
#9842=DIRECTION('',(-0.707106781186546,0.707106781186549,0.));
#9843=DIRECTION('',(-0.707106781186548,0.707106781186547,0.));
#9844=DIRECTION('',(-0.707106781186547,-0.707106781186548,0.));
#9845=DIRECTION('',(0.707106781186547,0.707106781186548,0.));
#9846=DIRECTION('',(0.,0.,-1.));
#9847=DIRECTION('',(0.707106781186547,0.707106781186548,0.));
#9848=DIRECTION('',(-1.,0.,0.));
#9849=DIRECTION('',(0.,0.,1.));
#9850=DIRECTION('',(0.,1.,0.));
#9851=DIRECTION('',(0.,0.,-1.));
#9852=DIRECTION('',(0.,1.,0.));
#9853=DIRECTION('',(0.,-1.,0.));
#9854=DIRECTION('',(0.,0.,-1.));
#9855=DIRECTION('',(-1.,0.,0.));
#9856=DIRECTION('',(0.,0.,-1.));
#9857=DIRECTION('',(-1.,0.,0.));
#9858=DIRECTION('',(0.70710678118655,-0.707106781186545,0.));
#9859=DIRECTION('',(0.707106781186545,0.70710678118655,0.));
#9860=DIRECTION('',(-0.707106781186545,-0.70710678118655,0.));
#9861=DIRECTION('',(0.,0.,-1.));
#9862=DIRECTION('',(-0.707106781186545,-0.70710678118655,0.));
#9863=DIRECTION('',(-0.707106781186547,-0.707106781186548,0.));
#9864=DIRECTION('',(0.707106781186548,-0.707106781186547,0.));
#9865=DIRECTION('',(-0.707106781186548,0.707106781186547,0.));
#9866=DIRECTION('',(0.,0.,-1.));
#9867=DIRECTION('',(-0.707106781186548,0.707106781186547,0.));
#9868=DIRECTION('',(0.,-1.,0.));
#9869=DIRECTION('',(0.,0.,-1.));
#9870=DIRECTION('',(-1.,0.,0.));
#9871=DIRECTION('',(0.,0.,-1.));
#9872=DIRECTION('',(-1.,0.,0.));
#9873=DIRECTION('',(0.,1.,0.));
#9874=DIRECTION('',(0.,0.,1.));
#9875=DIRECTION('',(1.,0.,0.));
#9876=DIRECTION('',(0.,0.,-1.));
#9877=DIRECTION('',(1.,0.,0.));
#9878=DIRECTION('',(0.,0.,-1.));
#9879=DIRECTION('',(-1.,0.,0.));
#9880=DIRECTION('',(0.,0.,1.));
#9881=DIRECTION('',(0.,1.,0.));
#9882=DIRECTION('',(0.,0.,-1.));
#9883=DIRECTION('',(0.,1.,0.));
#9884=DIRECTION('',(0.,-1.,0.));
#9885=DIRECTION('',(0.,0.,-1.));
#9886=DIRECTION('',(-1.,0.,0.));
#9887=DIRECTION('',(0.,0.,-1.));
#9888=DIRECTION('',(-1.,0.,0.));
#9889=DIRECTION('',(1.,0.,0.));
#9890=DIRECTION('',(0.,0.,-1.));
#9891=DIRECTION('',(0.,-1.,0.));
#9892=DIRECTION('',(0.,0.,-1.));
#9893=DIRECTION('',(0.,-1.,0.));
#9894=DIRECTION('',(0.,0.,-1.));
#9895=DIRECTION('',(0.,0.,-1.));
#9896=DIRECTION('',(-1.,0.,0.));
#9897=DIRECTION('',(0.,0.,-1.));
#9898=DIRECTION('',(-1.,0.,0.));
#9899=DIRECTION('',(0.,0.,-1.));
#9900=DIRECTION('',(0.,0.,-1.));
#9901=DIRECTION('',(-1.,0.,0.));
#9902=DIRECTION('',(-1.,0.,0.));
#9903=DIRECTION('',(0.,0.,1.));
#9904=DIRECTION('',(0.,1.,0.));
#9905=DIRECTION('',(0.,0.,-1.));
#9906=DIRECTION('',(0.,1.,0.));
#9907=DIRECTION('',(0.447213595499957,0.894427190999916,0.));
#9908=DIRECTION('',(-0.894427190999916,0.447213595499957,0.));
#9909=DIRECTION('',(0.894427190999916,-0.447213595499957,0.));
#9910=DIRECTION('',(0.,0.,-1.));
#9911=DIRECTION('',(0.894427190999916,-0.447213595499957,0.));
#9912=DIRECTION('',(0.,0.,-1.));
#9913=DIRECTION('',(-1.,0.,0.));
#9914=DIRECTION('',(0.,0.,1.));
#9915=DIRECTION('',(0.,1.,0.));
#9916=DIRECTION('',(0.,0.,-1.));
#9917=DIRECTION('',(0.,1.,0.));
#9918=DIRECTION('',(1.,0.,0.));
#9919=DIRECTION('',(0.,0.,-1.));
#9920=DIRECTION('',(0.,-1.,0.));
#9921=DIRECTION('',(0.,0.,-1.));
#9922=DIRECTION('',(0.,-1.,0.));
#9923=DIRECTION('',(0.,0.,-1.));
#9924=DIRECTION('',(-0.447213595499958,0.894427190999916,0.));
#9925=DIRECTION('',(-0.894427190999916,-0.447213595499958,0.));
#9926=DIRECTION('',(0.894427190999916,0.447213595499958,0.));
#9927=DIRECTION('',(0.,0.,-1.));
#9928=DIRECTION('',(0.894427190999916,0.447213595499958,0.));
#9929=DIRECTION('',(1.,0.,0.));
#9930=DIRECTION('',(0.,0.,-1.));
#9931=DIRECTION('',(0.,-1.,0.));
#9932=DIRECTION('',(0.,0.,-1.));
#9933=DIRECTION('',(0.,-1.,0.));
#9934=DIRECTION('',(0.,0.,-1.));
#9935=DIRECTION('',(-0.447213595499957,0.894427190999916,0.));
#9936=DIRECTION('',(-0.894427190999916,-0.447213595499957,0.));
#9937=DIRECTION('',(0.894427190999916,0.447213595499957,0.));
#9938=DIRECTION('',(0.,0.,-1.));
#9939=DIRECTION('',(0.894427190999916,0.447213595499957,0.));
#9940=DIRECTION('',(0.447213595499958,0.894427190999916,0.));
#9941=DIRECTION('',(-0.894427190999916,0.447213595499958,0.));
#9942=DIRECTION('',(0.894427190999916,-0.447213595499958,0.));
#9943=DIRECTION('',(0.,0.,-1.));
#9944=DIRECTION('',(0.894427190999916,-0.447213595499958,0.));
#9945=DIRECTION('',(0.,0.,-1.));
#9946=DIRECTION('',(-1.,0.,0.));
#9947=DIRECTION('',(0.,0.,1.));
#9948=DIRECTION('',(0.,1.,0.));
#9949=DIRECTION('',(0.,0.,-1.));
#9950=DIRECTION('',(0.,1.,0.));
#9951=DIRECTION('',(-1.,0.,0.));
#9952=DIRECTION('',(0.,0.,1.));
#9953=DIRECTION('',(0.,1.,0.));
#9954=DIRECTION('',(0.,0.,-1.));
#9955=DIRECTION('',(0.,1.,0.));
#9956=DIRECTION('',(0.,0.,-1.));
#9957=DIRECTION('',(-0.768589568439295,-0.639742194392631,0.));
#9958=DIRECTION('',(0.639742194392631,-0.768589568439295,0.));
#9959=DIRECTION('',(-0.639742194392631,0.768589568439295,0.));
#9960=DIRECTION('',(0.,0.,-1.));
#9961=DIRECTION('',(-0.639742194392631,0.768589568439295,0.));
#9962=DIRECTION('',(-1.,0.,0.));
#9963=DIRECTION('',(0.,0.,1.));
#9964=DIRECTION('',(0.,1.,0.));
#9965=DIRECTION('',(0.,0.,-1.));
#9966=DIRECTION('',(0.,1.,0.));
#9967=DIRECTION('',(0.605650113728726,0.795731072498982,0.));
#9968=DIRECTION('',(-0.795731072498982,0.605650113728726,0.));
#9969=DIRECTION('',(0.795731072498982,-0.605650113728726,0.));
#9970=DIRECTION('',(0.,0.,-1.));
#9971=DIRECTION('',(0.795731072498982,-0.605650113728726,0.));
#9972=DIRECTION('',(-0.60475295563012,0.796413123106742,0.));
#9973=DIRECTION('',(-0.796413123106742,-0.60475295563012,0.));
#9974=DIRECTION('',(0.796413123106742,0.60475295563012,0.));
#9975=DIRECTION('',(0.,0.,-1.));
#9976=DIRECTION('',(0.796413123106742,0.60475295563012,0.));
#9977=DIRECTION('',(1.,0.,0.));
#9978=DIRECTION('',(0.,0.,-1.));
#9979=DIRECTION('',(0.,-1.,0.));
#9980=DIRECTION('',(0.,0.,-1.));
#9981=DIRECTION('',(0.,-1.,0.));
#9982=DIRECTION('',(0.767853089602433,-0.640625969492339,0.));
#9983=DIRECTION('',(0.640625969492339,0.767853089602432,0.));
#9984=DIRECTION('',(-0.640625969492339,-0.767853089602432,0.));
#9985=DIRECTION('',(0.,0.,-1.));
#9986=DIRECTION('',(-0.640625969492339,-0.767853089602432,0.));
#9987=DIRECTION('',(1.,0.,0.));
#9988=DIRECTION('',(0.,0.,-1.));
#9989=DIRECTION('',(0.,-1.,0.));
#9990=DIRECTION('',(0.,0.,-1.));
#9991=DIRECTION('',(0.,-1.,0.));
#9992=DIRECTION('',(0.,0.,-1.));
#9993=DIRECTION('',(-1.,0.,0.));
#9994=DIRECTION('',(0.,0.,-1.));
#9995=DIRECTION('',(-1.,0.,0.));
#9996=DIRECTION('',(0.,0.,-1.));
#9997=DIRECTION('',(0.,0.,-1.));
#9998=DIRECTION('',(-1.,0.,0.));
#9999=DIRECTION('',(1.,0.,0.));
#10000=DIRECTION('',(0.,0.,-1.));
#10001=DIRECTION('',(0.,-1.,0.));
#10002=DIRECTION('',(0.,0.,-1.));
#10003=DIRECTION('',(0.,-1.,0.));
#10004=DIRECTION('',(0.768589568439297,0.639742194392628,0.));
#10005=DIRECTION('',(-0.639742194392628,0.768589568439297,0.));
#10006=DIRECTION('',(0.639742194392628,-0.768589568439297,0.));
#10007=DIRECTION('',(0.,0.,-1.));
#10008=DIRECTION('',(0.639742194392628,-0.768589568439297,0.));
#10009=DIRECTION('',(1.,0.,0.));
#10010=DIRECTION('',(0.,0.,-1.));
#10011=DIRECTION('',(0.,-1.,0.));
#10012=DIRECTION('',(0.,0.,-1.));
#10013=DIRECTION('',(0.,-1.,0.));
#10014=DIRECTION('',(-0.606828088074898,-0.79483310922694,0.));
#10015=DIRECTION('',(0.79483310922694,-0.606828088074898,0.));
#10016=DIRECTION('',(-0.79483310922694,0.606828088074898,0.));
#10017=DIRECTION('',(0.,0.,-1.));
#10018=DIRECTION('',(-0.79483310922694,0.606828088074898,0.));
#10019=DIRECTION('',(0.604752955630117,-0.796413123106744,0.));
#10020=DIRECTION('',(0.796413123106744,0.604752955630117,0.));
#10021=DIRECTION('',(-0.796413123106744,-0.604752955630117,0.));
#10022=DIRECTION('',(0.,0.,-1.));
#10023=DIRECTION('',(-0.796413123106744,-0.604752955630117,0.));
#10024=DIRECTION('',(-1.,0.,0.));
#10025=DIRECTION('',(0.,0.,1.));
#10026=DIRECTION('',(0.,1.,0.));
#10027=DIRECTION('',(0.,0.,-1.));
#10028=DIRECTION('',(0.,1.,0.));
#10029=DIRECTION('',(-0.767853089602433,0.640625969492339,0.));
#10030=DIRECTION('',(-0.640625969492339,-0.767853089602432,0.));
#10031=DIRECTION('',(0.640625969492339,0.767853089602432,0.));
#10032=DIRECTION('',(0.,0.,-1.));
#10033=DIRECTION('',(0.640625969492339,0.767853089602432,0.));
#10034=DIRECTION('',(-1.,0.,0.));
#10035=DIRECTION('',(0.,0.,1.));
#10036=DIRECTION('',(0.,1.,0.));
#10037=DIRECTION('',(0.,0.,-1.));
#10038=DIRECTION('',(0.,1.,0.));
#10039=DIRECTION('',(1.,0.,0.));
#10040=DIRECTION('',(0.,0.,-1.));
#10041=DIRECTION('',(0.,-1.,0.));
#10042=DIRECTION('',(0.,0.,-1.));
#10043=DIRECTION('',(0.,-1.,0.));
#10044=DIRECTION('',(0.,0.,-1.));
#10045=DIRECTION('',(0.,1.,0.));
#10046=DIRECTION('',(0.,0.,1.));
#10047=DIRECTION('',(1.,0.,0.));
#10048=DIRECTION('',(0.,0.,-1.));
#10049=DIRECTION('',(1.,0.,0.));
#10050=DIRECTION('',(1.,0.,0.));
#10051=DIRECTION('',(0.,0.,-1.));
#10052=DIRECTION('',(0.,-1.,0.));
#10053=DIRECTION('',(0.,0.,-1.));
#10054=DIRECTION('',(0.,-1.,0.));
#10055=DIRECTION('',(0.,-1.,0.));
#10056=DIRECTION('',(0.,0.,-1.));
#10057=DIRECTION('',(-1.,0.,0.));
#10058=DIRECTION('',(0.,0.,-1.));
#10059=DIRECTION('',(-1.,0.,0.));
#10060=DIRECTION('',(1.,0.,0.));
#10061=DIRECTION('',(0.,0.,-1.));
#10062=DIRECTION('',(0.,-1.,0.));
#10063=DIRECTION('',(0.,0.,-1.));
#10064=DIRECTION('',(0.,-1.,0.));
#10065=DIRECTION('',(0.,1.,0.));
#10066=DIRECTION('',(0.,0.,1.));
#10067=DIRECTION('',(1.,0.,0.));
#10068=DIRECTION('',(0.,0.,-1.));
#10069=DIRECTION('',(1.,0.,0.));
#10070=DIRECTION('',(-1.,0.,0.));
#10071=DIRECTION('',(0.,0.,1.));
#10072=DIRECTION('',(0.,1.,0.));
#10073=DIRECTION('',(0.,0.,-1.));
#10074=DIRECTION('',(0.,1.,0.));
#10075=DIRECTION('',(0.,-1.,0.));
#10076=DIRECTION('',(0.,0.,-1.));
#10077=DIRECTION('',(-1.,0.,0.));
#10078=DIRECTION('',(0.,0.,-1.));
#10079=DIRECTION('',(-1.,0.,0.));
#10080=DIRECTION('',(-1.,0.,0.));
#10081=DIRECTION('',(0.,0.,1.));
#10082=DIRECTION('',(0.,1.,0.));
#10083=DIRECTION('',(0.,0.,-1.));
#10084=DIRECTION('',(0.,1.,0.));
#10085=DIRECTION('',(0.,1.,0.));
#10086=DIRECTION('',(0.,0.,1.));
#10087=DIRECTION('',(1.,0.,0.));
#10088=DIRECTION('',(0.,0.,-1.));
#10089=DIRECTION('',(1.,0.,0.));
#10090=DIRECTION('',(-1.,0.,0.));
#10091=DIRECTION('',(0.,0.,1.));
#10092=DIRECTION('',(0.,1.,0.));
#10093=DIRECTION('',(0.,0.,-1.));
#10094=DIRECTION('',(0.,1.,0.));
#10095=DIRECTION('',(0.,0.,-1.));
#10096=DIRECTION('',(-1.,0.,0.));
#10097=DIRECTION('',(0.,0.,-1.));
#10098=DIRECTION('',(-1.,0.,0.));
#10099=DIRECTION('',(0.,0.,-1.));
#10100=DIRECTION('',(0.,0.,-1.));
#10101=DIRECTION('',(-1.,0.,0.));
#10102=DIRECTION('',(0.,0.,-1.));
#10103=DIRECTION('',(0.,0.,-1.));
#10104=DIRECTION('',(-1.,0.,0.));
#10105=DIRECTION('',(0.,0.,-1.));
#10106=DIRECTION('',(-1.,0.,0.));
#10107=DIRECTION('',(0.,0.,-1.));
#10108=DIRECTION('',(0.,0.,-1.));
#10109=DIRECTION('',(-1.,0.,0.));
#10110=DIRECTION('',(0.,0.,-1.));
#10111=DIRECTION('',(-1.,0.,0.));
#10112=DIRECTION('',(0.,0.,-1.));
#10113=DIRECTION('',(-1.,0.,0.));
#10114=DIRECTION('',(0.,0.,-1.));
#10115=DIRECTION('',(0.,0.,-1.));
#10116=DIRECTION('',(-1.,0.,0.));
#10117=DIRECTION('',(0.,0.,-1.));
#10118=DIRECTION('',(-1.,0.,0.));
#10119=DIRECTION('',(0.,0.,-1.));
#10120=DIRECTION('',(-1.,0.,0.));
#10121=DIRECTION('',(0.,0.,-1.));
#10122=DIRECTION('',(0.,0.,-1.));
#10123=DIRECTION('',(-1.,0.,0.));
#10124=DIRECTION('',(0.,0.,-1.));
#10125=DIRECTION('',(-1.,0.,0.));
#10126=DIRECTION('',(0.,0.,-1.));
#10127=DIRECTION('',(-1.,0.,0.));
#10128=DIRECTION('',(0.,0.,-1.));
#10129=DIRECTION('',(0.,0.,-1.));
#10130=DIRECTION('',(-1.,0.,0.));
#10131=DIRECTION('',(-1.,0.,0.));
#10132=DIRECTION('',(0.,0.,1.));
#10133=DIRECTION('',(0.,1.,0.));
#10134=DIRECTION('',(0.,0.,-1.));
#10135=DIRECTION('',(0.,1.,0.));
#10136=DIRECTION('',(0.,0.,-1.));
#10137=DIRECTION('',(-1.,0.,0.));
#10138=DIRECTION('',(0.,0.,-1.));
#10139=DIRECTION('',(-1.,0.,0.));
#10140=DIRECTION('',(0.,0.,-1.));
#10141=DIRECTION('',(0.,0.,-1.));
#10142=DIRECTION('',(-1.,0.,0.));
#10143=DIRECTION('',(0.,0.,-1.));
#10144=DIRECTION('',(-1.,0.,0.));
#10145=DIRECTION('',(0.,0.,-1.));
#10146=DIRECTION('',(-1.,0.,0.));
#10147=DIRECTION('',(0.,0.,-1.));
#10148=DIRECTION('',(0.,0.,-1.));
#10149=DIRECTION('',(-1.,0.,0.));
#10150=DIRECTION('',(0.,0.,-1.));
#10151=DIRECTION('',(-1.,0.,0.));
#10152=DIRECTION('',(0.,0.,-1.));
#10153=DIRECTION('',(-1.,0.,0.));
#10154=DIRECTION('',(0.,0.,-1.));
#10155=DIRECTION('',(0.,0.,-1.));
#10156=DIRECTION('',(-1.,0.,0.));
#10157=DIRECTION('',(0.,0.,-1.));
#10158=DIRECTION('',(-1.,0.,0.));
#10159=DIRECTION('',(0.,0.,-1.));
#10160=DIRECTION('',(-1.,0.,0.));
#10161=DIRECTION('',(0.,0.,-1.));
#10162=DIRECTION('',(0.,0.,-1.));
#10163=DIRECTION('',(-1.,0.,0.));
#10164=DIRECTION('',(0.,0.,-1.));
#10165=DIRECTION('',(-1.,0.,0.));
#10166=DIRECTION('',(0.,0.,-1.));
#10167=DIRECTION('',(-1.,0.,0.));
#10168=DIRECTION('',(0.,0.,-1.));
#10169=DIRECTION('',(0.,0.,-1.));
#10170=DIRECTION('',(-1.,0.,0.));
#10171=DIRECTION('',(0.,0.,-1.));
#10172=DIRECTION('',(-1.,0.,0.));
#10173=DIRECTION('',(0.,0.,-1.));
#10174=DIRECTION('',(-1.,0.,0.));
#10175=DIRECTION('',(0.,0.,-1.));
#10176=DIRECTION('',(0.,0.,-1.));
#10177=DIRECTION('',(-1.,0.,0.));
#10178=DIRECTION('',(0.,0.,-1.));
#10179=DIRECTION('',(-1.,0.,0.));
#10180=DIRECTION('',(0.,0.,-1.));
#10181=DIRECTION('',(-1.,0.,0.));
#10182=DIRECTION('',(0.,0.,-1.));
#10183=DIRECTION('',(0.,0.,-1.));
#10184=DIRECTION('',(-1.,0.,0.));
#10185=DIRECTION('',(0.,0.,-1.));
#10186=DIRECTION('',(-1.,0.,0.));
#10187=DIRECTION('',(0.,0.,-1.));
#10188=DIRECTION('',(-1.,0.,0.));
#10189=DIRECTION('',(0.,0.,-1.));
#10190=DIRECTION('',(0.,0.,-1.));
#10191=DIRECTION('',(-1.,0.,0.));
#10192=DIRECTION('',(0.,0.,-1.));
#10193=DIRECTION('',(-1.,0.,0.));
#10194=DIRECTION('',(0.,0.,-1.));
#10195=DIRECTION('',(-1.,0.,0.));
#10196=DIRECTION('',(0.,0.,-1.));
#10197=DIRECTION('',(0.,0.,-1.));
#10198=DIRECTION('',(-1.,0.,0.));
#10199=DIRECTION('',(0.,0.,-1.));
#10200=DIRECTION('',(-1.,0.,0.));
#10201=DIRECTION('',(0.,0.,-1.));
#10202=DIRECTION('',(-1.,0.,0.));
#10203=DIRECTION('',(0.,0.,-1.));
#10204=DIRECTION('',(0.,0.,-1.));
#10205=DIRECTION('',(-1.,0.,0.));
#10206=DIRECTION('',(0.,0.,-1.));
#10207=DIRECTION('',(-1.,0.,0.));
#10208=DIRECTION('',(0.,0.,-1.));
#10209=DIRECTION('',(-1.,0.,0.));
#10210=DIRECTION('',(0.,0.,-1.));
#10211=DIRECTION('',(0.,0.,-1.));
#10212=DIRECTION('',(-1.,0.,0.));
#10213=DIRECTION('',(0.,0.,-1.));
#10214=DIRECTION('',(-1.,0.,0.));
#10215=DIRECTION('',(0.,0.,-1.));
#10216=DIRECTION('',(-1.,0.,0.));
#10217=DIRECTION('',(0.,0.,-1.));
#10218=DIRECTION('',(0.,0.,-1.));
#10219=DIRECTION('',(-1.,0.,0.));
#10220=DIRECTION('',(0.,0.,-1.));
#10221=DIRECTION('',(-1.,0.,0.));
#10222=DIRECTION('',(0.,0.,-1.));
#10223=DIRECTION('',(-1.,0.,0.));
#10224=DIRECTION('',(0.,0.,-1.));
#10225=DIRECTION('',(0.,0.,-1.));
#10226=DIRECTION('',(-1.,0.,0.));
#10227=DIRECTION('',(0.,0.,-1.));
#10228=DIRECTION('',(-1.,0.,0.));
#10229=DIRECTION('',(0.,0.,-1.));
#10230=DIRECTION('',(-1.,0.,0.));
#10231=DIRECTION('',(0.,0.,-1.));
#10232=DIRECTION('',(0.,0.,-1.));
#10233=DIRECTION('',(-1.,0.,0.));
#10234=DIRECTION('',(0.,0.,-1.));
#10235=DIRECTION('',(-1.,0.,0.));
#10236=DIRECTION('',(0.,0.,-1.));
#10237=DIRECTION('',(-1.,0.,0.));
#10238=DIRECTION('',(0.,0.,-1.));
#10239=DIRECTION('',(0.,0.,-1.));
#10240=DIRECTION('',(-1.,0.,0.));
#10241=DIRECTION('',(0.,0.,-1.));
#10242=DIRECTION('',(-1.,0.,0.));
#10243=DIRECTION('',(0.,0.,-1.));
#10244=DIRECTION('',(-1.,0.,0.));
#10245=DIRECTION('',(0.,0.,-1.));
#10246=DIRECTION('',(0.,0.,-1.));
#10247=DIRECTION('',(-1.,0.,0.));
#10248=DIRECTION('',(0.,0.,-1.));
#10249=DIRECTION('',(-1.,0.,0.));
#10250=DIRECTION('',(0.,0.,-1.));
#10251=DIRECTION('',(-1.,0.,0.));
#10252=DIRECTION('',(0.,0.,-1.));
#10253=DIRECTION('',(0.,0.,-1.));
#10254=DIRECTION('',(-1.,0.,0.));
#10255=DIRECTION('',(0.,0.,-1.));
#10256=DIRECTION('',(-1.,0.,0.));
#10257=DIRECTION('',(0.,0.,-1.));
#10258=DIRECTION('',(-1.,0.,0.));
#10259=DIRECTION('',(0.,0.,-1.));
#10260=DIRECTION('',(0.,0.,-1.));
#10261=DIRECTION('',(-1.,0.,0.));
#10262=DIRECTION('',(0.,0.,-1.));
#10263=DIRECTION('',(-1.,0.,0.));
#10264=DIRECTION('',(0.,0.,-1.));
#10265=DIRECTION('',(-1.,0.,0.));
#10266=DIRECTION('',(0.,0.,-1.));
#10267=DIRECTION('',(0.,0.,-1.));
#10268=DIRECTION('',(-1.,0.,0.));
#10269=DIRECTION('',(0.,0.,-1.));
#10270=DIRECTION('',(-1.,0.,0.));
#10271=DIRECTION('',(0.,0.,-1.));
#10272=DIRECTION('',(-1.,0.,0.));
#10273=DIRECTION('',(0.,0.,-1.));
#10274=DIRECTION('',(0.,0.,-1.));
#10275=DIRECTION('',(-1.,0.,0.));
#10276=DIRECTION('',(1.,0.,0.));
#10277=DIRECTION('',(0.,0.,-1.));
#10278=DIRECTION('',(0.,-1.,0.));
#10279=DIRECTION('',(0.,0.,-1.));
#10280=DIRECTION('',(0.,-1.,0.));
#10281=DIRECTION('',(0.,0.,-1.));
#10282=DIRECTION('',(-1.,0.,0.));
#10283=DIRECTION('',(0.,0.,-1.));
#10284=DIRECTION('',(-1.,0.,0.));
#10285=DIRECTION('',(0.,0.,-1.));
#10286=DIRECTION('',(0.,0.,-1.));
#10287=DIRECTION('',(-1.,0.,0.));
#10288=DIRECTION('',(0.,0.,-1.));
#10289=DIRECTION('',(-1.,0.,0.));
#10290=DIRECTION('',(0.,0.,-1.));
#10291=DIRECTION('',(-1.,0.,0.));
#10292=DIRECTION('',(0.,0.,-1.));
#10293=DIRECTION('',(0.,0.,-1.));
#10294=DIRECTION('',(-1.,0.,0.));
#10295=DIRECTION('',(0.,0.,-1.));
#10296=DIRECTION('',(-1.,0.,0.));
#10297=DIRECTION('',(0.,0.,-1.));
#10298=DIRECTION('',(-1.,0.,0.));
#10299=DIRECTION('',(0.,0.,-1.));
#10300=DIRECTION('',(0.,0.,-1.));
#10301=DIRECTION('',(-1.,0.,0.));
#10302=DIRECTION('',(0.,0.,-1.));
#10303=DIRECTION('',(-1.,0.,0.));
#10304=DIRECTION('',(0.,0.,-1.));
#10305=DIRECTION('',(-1.,0.,0.));
#10306=DIRECTION('',(0.,0.,-1.));
#10307=DIRECTION('',(0.,0.,-1.));
#10308=DIRECTION('',(-1.,0.,0.));
#10309=DIRECTION('',(0.,0.,-1.));
#10310=DIRECTION('',(-1.,0.,0.));
#10311=DIRECTION('',(0.,0.,-1.));
#10312=DIRECTION('',(-1.,0.,0.));
#10313=DIRECTION('',(0.,0.,-1.));
#10314=DIRECTION('',(0.,0.,-1.));
#10315=DIRECTION('',(-1.,0.,0.));
#10316=DIRECTION('',(0.,0.,-1.));
#10317=DIRECTION('',(-1.,0.,0.));
#10318=DIRECTION('',(0.,0.,-1.));
#10319=DIRECTION('',(-1.,0.,0.));
#10320=DIRECTION('',(0.,0.,-1.));
#10321=DIRECTION('',(0.,0.,-1.));
#10322=DIRECTION('',(-1.,0.,0.));
#10323=DIRECTION('',(0.,0.,-1.));
#10324=DIRECTION('',(-1.,0.,0.));
#10325=DIRECTION('',(0.,0.,-1.));
#10326=DIRECTION('',(-1.,0.,0.));
#10327=DIRECTION('',(0.,0.,-1.));
#10328=DIRECTION('',(0.,0.,-1.));
#10329=DIRECTION('',(-1.,0.,0.));
#10330=DIRECTION('',(0.,0.,-1.));
#10331=DIRECTION('',(-1.,0.,0.));
#10332=DIRECTION('',(0.,0.,-1.));
#10333=DIRECTION('',(-1.,0.,0.));
#10334=DIRECTION('',(0.,0.,-1.));
#10335=DIRECTION('',(0.,0.,-1.));
#10336=DIRECTION('',(-1.,0.,0.));
#10337=DIRECTION('',(0.,0.,-1.));
#10338=DIRECTION('',(-1.,0.,0.));
#10339=DIRECTION('',(0.,0.,-1.));
#10340=DIRECTION('',(-1.,0.,0.));
#10341=DIRECTION('',(0.,0.,-1.));
#10342=DIRECTION('',(0.,0.,-1.));
#10343=DIRECTION('',(-1.,0.,0.));
#10344=DIRECTION('',(0.,0.,-1.));
#10345=DIRECTION('',(-1.,0.,0.));
#10346=DIRECTION('',(0.,0.,-1.));
#10347=DIRECTION('',(-1.,0.,0.));
#10348=DIRECTION('',(0.,0.,-1.));
#10349=DIRECTION('',(0.,0.,-1.));
#10350=DIRECTION('',(-1.,0.,0.));
#10351=DIRECTION('',(0.,0.,-1.));
#10352=DIRECTION('',(-1.,0.,0.));
#10353=DIRECTION('',(0.,0.,-1.));
#10354=DIRECTION('',(-1.,0.,0.));
#10355=DIRECTION('',(0.,0.,-1.));
#10356=DIRECTION('',(0.,0.,-1.));
#10357=DIRECTION('',(-1.,0.,0.));
#10358=DIRECTION('',(0.,0.,-1.));
#10359=DIRECTION('',(-1.,0.,0.));
#10360=DIRECTION('',(0.,0.,-1.));
#10361=DIRECTION('',(-1.,0.,0.));
#10362=DIRECTION('',(0.,0.,-1.));
#10363=DIRECTION('',(0.,0.,-1.));
#10364=DIRECTION('',(-1.,0.,0.));
#10365=DIRECTION('',(0.,0.,-1.));
#10366=DIRECTION('',(-1.,0.,0.));
#10367=DIRECTION('',(0.,0.,-1.));
#10368=DIRECTION('',(-1.,0.,0.));
#10369=DIRECTION('',(0.,0.,-1.));
#10370=DIRECTION('',(0.,0.,-1.));
#10371=DIRECTION('',(-1.,0.,0.));
#10372=DIRECTION('',(1.,0.,0.));
#10373=DIRECTION('',(0.,0.,-1.));
#10374=DIRECTION('',(0.,-1.,0.));
#10375=DIRECTION('',(0.,0.,-1.));
#10376=DIRECTION('',(0.,-1.,0.));
#10377=DIRECTION('',(0.,0.,-1.));
#10378=DIRECTION('',(0.,1.,0.));
#10379=DIRECTION('',(0.,0.,1.));
#10380=DIRECTION('',(1.,0.,0.));
#10381=DIRECTION('',(0.,0.,-1.));
#10382=DIRECTION('',(1.,0.,0.));
#10383=DIRECTION('',(-1.,0.,0.));
#10384=DIRECTION('',(0.,0.,1.));
#10385=DIRECTION('',(0.,1.,0.));
#10386=DIRECTION('',(0.,0.,-1.));
#10387=DIRECTION('',(0.,1.,0.));
#10388=DIRECTION('',(1.,0.,0.));
#10389=DIRECTION('',(0.,0.,-1.));
#10390=DIRECTION('',(0.,-1.,0.));
#10391=DIRECTION('',(0.,0.,-1.));
#10392=DIRECTION('',(0.,-1.,0.));
#10393=DIRECTION('',(0.,0.,-1.));
#10394=DIRECTION('',(0.,1.,0.));
#10395=DIRECTION('',(0.,0.,1.));
#10396=DIRECTION('',(1.,0.,0.));
#10397=DIRECTION('',(0.,0.,-1.));
#10398=DIRECTION('',(1.,0.,0.));
#10399=DIRECTION('',(-1.,0.,0.));
#10400=DIRECTION('',(0.,0.,1.));
#10401=DIRECTION('',(0.,1.,0.));
#10402=DIRECTION('',(0.,0.,-1.));
#10403=DIRECTION('',(0.,1.,0.));
#10404=DIRECTION('',(0.,-1.,0.));
#10405=DIRECTION('',(0.,0.,-1.));
#10406=DIRECTION('',(-1.,0.,0.));
#10407=DIRECTION('',(0.,0.,-1.));
#10408=DIRECTION('',(-1.,0.,0.));
#10409=DIRECTION('',(1.,0.,0.));
#10410=DIRECTION('',(0.,0.,-1.));
#10411=DIRECTION('',(0.,-1.,0.));
#10412=DIRECTION('',(0.,0.,-1.));
#10413=DIRECTION('',(0.,-1.,0.));
#10414=DIRECTION('',(1.,0.,0.));
#10415=DIRECTION('',(0.,0.,-1.));
#10416=DIRECTION('',(0.,-1.,0.));
#10417=DIRECTION('',(0.,0.,-1.));
#10418=DIRECTION('',(0.,-1.,0.));
#10419=DIRECTION('',(0.,0.,-1.));
#10420=DIRECTION('',(0.,0.,-1.));
#10421=DIRECTION('',(-1.,0.,0.));
#10422=DIRECTION('',(0.,0.,-1.));
#10423=DIRECTION('',(-1.,0.,0.));
#10424=DIRECTION('',(0.,0.,-1.));
#10425=DIRECTION('',(0.,0.,-1.));
#10426=DIRECTION('',(-1.,0.,0.));
#10427=DIRECTION('',(0.999997320826954,0.00231480861302766,0.));
#10428=DIRECTION('',(-0.00231480861302766,0.999997320826954,0.));
#10429=DIRECTION('',(0.00231480861302766,-0.999997320826953,0.));
#10430=DIRECTION('',(0.,0.,-1.));
#10431=DIRECTION('',(0.00231480861302766,-0.999997320826953,0.));
#10432=DIRECTION('',(1.,0.,0.));
#10433=DIRECTION('',(0.,0.,-1.));
#10434=DIRECTION('',(0.,-1.,0.));
#10435=DIRECTION('',(0.,0.,-1.));
#10436=DIRECTION('',(0.,-1.,0.));
#10437=DIRECTION('',(0.,0.,-1.));
#10438=DIRECTION('',(0.,1.,0.));
#10439=DIRECTION('',(0.,0.,1.));
#10440=DIRECTION('',(1.,0.,0.));
#10441=DIRECTION('',(0.,0.,-1.));
#10442=DIRECTION('',(1.,0.,0.));
#10443=DIRECTION('',(-1.,0.,0.));
#10444=DIRECTION('',(0.,0.,1.));
#10445=DIRECTION('',(0.,1.,0.));
#10446=DIRECTION('',(0.,0.,-1.));
#10447=DIRECTION('',(0.,1.,0.));
#10448=DIRECTION('',(1.,0.,0.));
#10449=DIRECTION('',(0.,0.,-1.));
#10450=DIRECTION('',(0.,-1.,0.));
#10451=DIRECTION('',(0.,0.,-1.));
#10452=DIRECTION('',(0.,-1.,0.));
#10453=DIRECTION('',(0.,0.,-1.));
#10454=DIRECTION('',(0.,1.,0.));
#10455=DIRECTION('',(0.,0.,1.));
#10456=DIRECTION('',(1.,0.,0.));
#10457=DIRECTION('',(0.,0.,-1.));
#10458=DIRECTION('',(1.,0.,0.));
#10459=DIRECTION('',(1.,0.,0.));
#10460=DIRECTION('',(0.,0.,-1.));
#10461=DIRECTION('',(0.,-1.,0.));
#10462=DIRECTION('',(0.,0.,-1.));
#10463=DIRECTION('',(0.,-1.,0.));
#10464=DIRECTION('',(0.,0.,-1.));
#10465=DIRECTION('',(0.,1.,0.));
#10466=DIRECTION('',(0.,0.,1.));
#10467=DIRECTION('',(1.,0.,0.));
#10468=DIRECTION('',(0.,0.,-1.));
#10469=DIRECTION('',(1.,0.,0.));
#10470=DIRECTION('',(-1.,0.,0.));
#10471=DIRECTION('',(0.,0.,1.));
#10472=DIRECTION('',(0.,1.,0.));
#10473=DIRECTION('',(0.,0.,-1.));
#10474=DIRECTION('',(0.,1.,0.));
#10475=DIRECTION('',(-0.961693345362424,0.274127542369658,0.));
#10476=DIRECTION('',(-0.274127542369658,-0.961693345362425,0.));
#10477=DIRECTION('',(0.274127542369658,0.961693345362424,0.));
#10478=DIRECTION('',(0.,0.,-1.));
#10479=DIRECTION('',(0.274127542369658,0.961693345362424,0.));
#10480=DIRECTION('',(0.,0.,-1.));
#10481=DIRECTION('',(-1.,0.,0.));
#10482=DIRECTION('',(0.,0.,-1.));
#10483=DIRECTION('',(-1.,0.,0.));
#10484=DIRECTION('',(0.,0.,-1.));
#10485=DIRECTION('',(0.,0.,-1.));
#10486=DIRECTION('',(-1.,0.,0.));
#10487=DIRECTION('',(0.,0.,-1.));
#10488=DIRECTION('',(-1.,0.,0.));
#10489=DIRECTION('',(0.,0.,-1.));
#10490=DIRECTION('',(-1.,0.,0.));
#10491=DIRECTION('',(0.,0.,-1.));
#10492=DIRECTION('',(0.,0.,-1.));
#10493=DIRECTION('',(-1.,0.,0.));
#10494=DIRECTION('',(1.,0.,0.));
#10495=DIRECTION('',(0.,0.,-1.));
#10496=DIRECTION('',(0.,-1.,0.));
#10497=DIRECTION('',(0.,0.,-1.));
#10498=DIRECTION('',(0.,-1.,0.));
#10499=DIRECTION('',(0.,1.,0.));
#10500=DIRECTION('',(0.,0.,1.));
#10501=DIRECTION('',(1.,0.,0.));
#10502=DIRECTION('',(0.,0.,-1.));
#10503=DIRECTION('',(1.,0.,0.));
#10504=DIRECTION('',(-1.,0.,0.));
#10505=DIRECTION('',(0.,0.,1.));
#10506=DIRECTION('',(0.,1.,0.));
#10507=DIRECTION('',(0.,0.,-1.));
#10508=DIRECTION('',(0.,1.,0.));
#10509=DIRECTION('',(0.,-1.,0.));
#10510=DIRECTION('',(0.,0.,-1.));
#10511=DIRECTION('',(-1.,0.,0.));
#10512=DIRECTION('',(0.,0.,-1.));
#10513=DIRECTION('',(-1.,0.,0.));
#10514=DIRECTION('',(1.,0.,0.));
#10515=DIRECTION('',(0.,0.,-1.));
#10516=DIRECTION('',(0.,-1.,0.));
#10517=DIRECTION('',(0.,0.,-1.));
#10518=DIRECTION('',(0.,-1.,0.));
#10519=DIRECTION('',(0.,0.,-1.));
#10520=DIRECTION('',(-1.,0.,0.));
#10521=DIRECTION('',(0.,0.,-1.));
#10522=DIRECTION('',(-1.,0.,0.));
#10523=DIRECTION('',(0.,0.,-1.));
#10524=DIRECTION('',(0.,0.,-1.));
#10525=DIRECTION('',(-1.,0.,0.));
#10526=DIRECTION('',(0.,-1.,0.));
#10527=DIRECTION('',(0.,0.,-1.));
#10528=DIRECTION('',(-1.,0.,0.));
#10529=DIRECTION('',(0.,0.,-1.));
#10530=DIRECTION('',(-1.,0.,0.));
#10531=DIRECTION('',(0.,1.,0.));
#10532=DIRECTION('',(0.,0.,1.));
#10533=DIRECTION('',(1.,0.,0.));
#10534=DIRECTION('',(0.,0.,-1.));
#10535=DIRECTION('',(1.,0.,0.));
#10536=DIRECTION('',(0.,0.,-1.));
#10537=DIRECTION('',(-0.731055268242864,0.682318250360016,0.));
#10538=DIRECTION('',(-0.682318250360016,-0.731055268242864,0.));
#10539=DIRECTION('',(0.682318250360016,0.731055268242864,0.));
#10540=DIRECTION('',(0.,0.,-1.));
#10541=DIRECTION('',(0.682318250360016,0.731055268242864,0.));
#10542=DIRECTION('',(0.710357795107118,0.703840751115303,0.));
#10543=DIRECTION('',(-0.703840751115303,0.710357795107118,0.));
#10544=DIRECTION('',(0.703840751115303,-0.710357795107118,0.));
#10545=DIRECTION('',(0.,0.,-1.));
#10546=DIRECTION('',(0.703840751115303,-0.710357795107118,0.));
#10547=DIRECTION('',(1.,0.,0.));
#10548=DIRECTION('',(0.,0.,-1.));
#10549=DIRECTION('',(0.,-1.,0.));
#10550=DIRECTION('',(0.,0.,-1.));
#10551=DIRECTION('',(0.,-1.,0.));
#10552=DIRECTION('',(0.,1.,0.));
#10553=DIRECTION('',(0.,0.,1.));
#10554=DIRECTION('',(1.,0.,0.));
#10555=DIRECTION('',(0.,0.,-1.));
#10556=DIRECTION('',(1.,0.,0.));
#10557=DIRECTION('',(-1.,0.,0.));
#10558=DIRECTION('',(0.,0.,1.));
#10559=DIRECTION('',(0.,1.,0.));
#10560=DIRECTION('',(0.,0.,-1.));
#10561=DIRECTION('',(0.,1.,0.));
#10562=DIRECTION('',(0.,-1.,0.));
#10563=DIRECTION('',(0.,0.,-1.));
#10564=DIRECTION('',(-1.,0.,0.));
#10565=DIRECTION('',(0.,0.,-1.));
#10566=DIRECTION('',(-1.,0.,0.));
#10567=DIRECTION('',(1.,0.,0.));
#10568=DIRECTION('',(0.,0.,-1.));
#10569=DIRECTION('',(0.,-1.,0.));
#10570=DIRECTION('',(0.,0.,-1.));
#10571=DIRECTION('',(0.,-1.,0.));
#10572=DIRECTION('',(-0.711396490976753,-0.702790888263331,0.));
#10573=DIRECTION('',(0.702790888263331,-0.711396490976753,0.));
#10574=DIRECTION('',(-0.702790888263331,0.711396490976753,0.));
#10575=DIRECTION('',(0.,0.,-1.));
#10576=DIRECTION('',(-0.702790888263331,0.711396490976753,0.));
#10577=DIRECTION('',(0.,-1.,0.));
#10578=DIRECTION('',(0.,0.,-1.));
#10579=DIRECTION('',(-1.,0.,0.));
#10580=DIRECTION('',(0.,0.,-1.));
#10581=DIRECTION('',(-1.,0.,0.));
#10582=DIRECTION('',(0.712403236911198,0.701770352778206,0.));
#10583=DIRECTION('',(-0.701770352778206,0.712403236911198,0.));
#10584=DIRECTION('',(0.701770352778206,-0.712403236911198,0.));
#10585=DIRECTION('',(0.,0.,-1.));
#10586=DIRECTION('',(0.701770352778206,-0.712403236911198,0.));
#10587=DIRECTION('',(0.999997333187548,0.00230946266323698,0.));
#10588=DIRECTION('',(-0.00230946266323698,0.999997333187548,0.));
#10589=DIRECTION('',(0.00230946266323698,-0.999997333187548,0.));
#10590=DIRECTION('',(0.,0.,-1.));
#10591=DIRECTION('',(0.00230946266323698,-0.999997333187548,0.));
#10592=DIRECTION('',(0.,0.,-1.));
#10593=DIRECTION('',(0.,0.,-1.));
#10594=DIRECTION('',(-1.,0.,0.));
#10595=DIRECTION('',(0.,0.,-1.));
#10596=DIRECTION('',(-1.,0.,0.));
#10597=DIRECTION('',(0.,0.,-1.));
#10598=DIRECTION('',(0.,0.,-1.));
#10599=DIRECTION('',(-1.,0.,0.));
#10600=DIRECTION('',(0.,-1.,0.));
#10601=DIRECTION('',(0.,0.,-1.));
#10602=DIRECTION('',(-1.,0.,0.));
#10603=DIRECTION('',(0.,0.,-1.));
#10604=DIRECTION('',(-1.,0.,0.));
#10605=DIRECTION('',(1.,0.,0.));
#10606=DIRECTION('',(0.,0.,-1.));
#10607=DIRECTION('',(0.,-1.,0.));
#10608=DIRECTION('',(0.,0.,-1.));
#10609=DIRECTION('',(0.,-1.,0.));
#10610=DIRECTION('',(0.,1.,0.));
#10611=DIRECTION('',(0.,0.,1.));
#10612=DIRECTION('',(1.,0.,0.));
#10613=DIRECTION('',(0.,0.,-1.));
#10614=DIRECTION('',(1.,0.,0.));
#10615=DIRECTION('',(0.,0.,-1.));
#10616=DIRECTION('',(-1.,0.,0.));
#10617=DIRECTION('',(0.,0.,-1.));
#10618=DIRECTION('',(-1.,0.,0.));
#10619=DIRECTION('',(0.,0.,-1.));
#10620=DIRECTION('',(0.,0.,-1.));
#10621=DIRECTION('',(-1.,0.,0.));
#10622=DIRECTION('',(1.,0.,0.));
#10623=DIRECTION('',(0.,0.,-1.));
#10624=DIRECTION('',(0.,-1.,0.));
#10625=DIRECTION('',(0.,0.,-1.));
#10626=DIRECTION('',(0.,-1.,0.));
#10627=DIRECTION('',(0.447213595499959,-0.894427190999916,0.));
#10628=DIRECTION('',(0.894427190999916,0.447213595499959,0.));
#10629=DIRECTION('',(-0.894427190999915,-0.447213595499959,0.));
#10630=DIRECTION('',(-0.894427190999915,-0.447213595499959,0.));
#10631=DIRECTION('',(0.,0.,-1.));
#10632=DIRECTION('',(-1.,0.,0.));
#10633=DIRECTION('',(0.,0.,-1.));
#10634=DIRECTION('',(-1.,0.,0.));
#10635=DIRECTION('',(0.,0.,-1.));
#10636=DIRECTION('',(-1.,0.,0.));
#10637=DIRECTION('',(1.,0.,0.));
#10638=DIRECTION('',(0.,0.,-1.));
#10639=DIRECTION('',(0.,-1.,0.));
#10640=DIRECTION('',(0.,-1.,0.));
#10641=DIRECTION('',(0.707106781186548,-0.707106781186547,0.));
#10642=DIRECTION('',(0.707106781186547,0.707106781186548,0.));
#10643=DIRECTION('',(-0.707106781186547,-0.707106781186548,0.));
#10644=DIRECTION('',(-0.707106781186547,-0.707106781186548,0.));
#10645=DIRECTION('',(0.707106781186547,-0.707106781186548,0.));
#10646=DIRECTION('',(0.707106781186548,0.707106781186547,0.));
#10647=DIRECTION('',(-0.707106781186548,-0.707106781186547,0.));
#10648=DIRECTION('',(-0.707106781186548,-0.707106781186547,0.));
#10649=DIRECTION('',(0.,-1.,0.));
#10650=DIRECTION('',(0.,0.,-1.));
#10651=DIRECTION('',(-1.,0.,0.));
#10652=DIRECTION('',(-1.,0.,0.));
#10653=DIRECTION('',(-0.706473457087917,-0.707739538552317,0.));
#10654=DIRECTION('',(0.707739538552318,-0.706473457087917,0.));
#10655=DIRECTION('',(-0.707739538552317,0.706473457087917,0.));
#10656=DIRECTION('',(-0.707739538552317,0.706473457087917,0.));
#10657=DIRECTION('',(0.,0.,-1.));
#10658=DIRECTION('',(-1.,0.,0.));
#10659=DIRECTION('',(0.,0.,-1.));
#10660=DIRECTION('',(-1.,0.,0.));
#10661=DIRECTION('',(0.,0.,-1.));
#10662=DIRECTION('',(-1.,0.,0.));
#10663=DIRECTION('',(1.,0.,0.));
#10664=DIRECTION('',(0.,0.,-1.));
#10665=DIRECTION('',(0.,-1.,0.));
#10666=DIRECTION('',(0.,-1.,0.));
#10667=DIRECTION('',(1.,0.,0.));
#10668=DIRECTION('',(0.,0.,-1.));
#10669=DIRECTION('',(0.,-1.,0.));
#10670=DIRECTION('',(0.,-1.,0.));
#10671=DIRECTION('',(0.,0.,-1.));
#10672=DIRECTION('',(-1.,0.,0.));
#10673=DIRECTION('',(0.,0.,-1.));
#10674=DIRECTION('',(-1.,0.,0.));
#10675=DIRECTION('',(0.,0.,-1.));
#10676=DIRECTION('',(-1.,0.,0.));
#10677=DIRECTION('',(0.,0.,-1.));
#10678=DIRECTION('',(-1.,0.,0.));
#10679=DIRECTION('',(0.,0.,-1.));
#10680=DIRECTION('',(-1.,0.,0.));
#10681=DIRECTION('',(0.,0.,-1.));
#10682=DIRECTION('',(-1.,0.,0.));
#10683=DIRECTION('',(0.447213595499958,-0.894427190999916,0.));
#10684=DIRECTION('',(0.894427190999916,0.447213595499958,0.));
#10685=DIRECTION('',(-0.894427190999916,-0.447213595499958,0.));
#10686=DIRECTION('',(-0.894427190999916,-0.447213595499958,0.));
#10687=DIRECTION('',(0.,0.,-1.));
#10688=DIRECTION('',(-1.,0.,0.));
#10689=DIRECTION('',(0.,0.,-1.));
#10690=DIRECTION('',(-1.,0.,0.));
#10691=DIRECTION('',(0.,0.,-1.));
#10692=DIRECTION('',(-1.,0.,0.));
#10693=DIRECTION('',(-0.447213595499958,-0.894427190999916,0.));
#10694=DIRECTION('',(0.894427190999916,-0.447213595499958,0.));
#10695=DIRECTION('',(-0.894427190999916,0.447213595499958,0.));
#10696=DIRECTION('',(-0.894427190999916,0.447213595499958,0.));
#10697=DIRECTION('',(-0.447213595499958,-0.894427190999916,0.));
#10698=DIRECTION('',(0.894427190999916,-0.447213595499958,0.));
#10699=DIRECTION('',(-0.894427190999916,0.447213595499958,0.));
#10700=DIRECTION('',(-0.894427190999916,0.447213595499958,0.));
#10701=DIRECTION('',(0.,0.,-1.));
#10702=DIRECTION('',(-1.,0.,0.));
#10703=DIRECTION('',(0.,0.,-1.));
#10704=DIRECTION('',(-1.,0.,0.));
#10705=DIRECTION('',(0.,0.,-1.));
#10706=DIRECTION('',(-1.,0.,0.));
#10707=DIRECTION('',(0.447213595499958,-0.894427190999916,0.));
#10708=DIRECTION('',(0.894427190999916,0.447213595499958,0.));
#10709=DIRECTION('',(-0.894427190999916,-0.447213595499958,0.));
#10710=DIRECTION('',(-0.894427190999916,-0.447213595499958,0.));
#10711=DIRECTION('',(0.,0.,-1.));
#10712=DIRECTION('',(-1.,0.,0.));
#10713=DIRECTION('',(0.,0.,-1.));
#10714=DIRECTION('',(-1.,0.,0.));
#10715=DIRECTION('',(0.,0.,-1.));
#10716=DIRECTION('',(-1.,0.,0.));
#10717=DIRECTION('',(0.,-1.,0.));
#10718=DIRECTION('',(0.,0.,-1.));
#10719=DIRECTION('',(-1.,0.,0.));
#10720=DIRECTION('',(-1.,0.,0.));
#10721=DIRECTION('',(0.,0.,-1.));
#10722=DIRECTION('',(-1.,0.,0.));
#10723=DIRECTION('',(0.,0.,-1.));
#10724=DIRECTION('',(-1.,0.,0.));
#10725=DIRECTION('',(0.,0.,-1.));
#10726=DIRECTION('',(-1.,0.,0.));
#10727=DIRECTION('',(0.,-1.,0.));
#10728=DIRECTION('',(0.,0.,-1.));
#10729=DIRECTION('',(-1.,0.,0.));
#10730=DIRECTION('',(-1.,0.,0.));
#10731=DIRECTION('',(0.,-1.,0.));
#10732=DIRECTION('',(0.,0.,-1.));
#10733=DIRECTION('',(-1.,0.,0.));
#10734=DIRECTION('',(-1.,0.,0.));
#10735=DIRECTION('',(0.,0.,-1.));
#10736=DIRECTION('',(-1.,0.,0.));
#10737=DIRECTION('',(0.,0.,-1.));
#10738=DIRECTION('',(-1.,0.,0.));
#10739=DIRECTION('',(0.,0.,-1.));
#10740=DIRECTION('',(-1.,0.,0.));
#10741=DIRECTION('',(0.,-1.,0.));
#10742=DIRECTION('',(0.,0.,-1.));
#10743=DIRECTION('',(-1.,0.,0.));
#10744=DIRECTION('',(-1.,0.,0.));
#10745=DIRECTION('',(-0.681346608153767,-0.731960927616602,0.));
#10746=DIRECTION('',(0.731960927616602,-0.681346608153767,0.));
#10747=DIRECTION('',(-0.731960927616602,0.681346608153767,0.));
#10748=DIRECTION('',(-0.731960927616602,0.681346608153767,0.));
#10749=DIRECTION('',(0.,0.,-1.));
#10750=DIRECTION('',(-1.,0.,0.));
#10751=DIRECTION('',(0.,0.,-1.));
#10752=DIRECTION('',(-1.,0.,0.));
#10753=DIRECTION('',(0.,0.,-1.));
#10754=DIRECTION('',(-1.,0.,0.));
#10755=DIRECTION('',(0.736924102746335,-0.675975492744751,0.));
#10756=DIRECTION('',(0.675975492744751,0.736924102746335,0.));
#10757=DIRECTION('',(-0.675975492744751,-0.736924102746335,0.));
#10758=DIRECTION('',(-0.675975492744751,-0.736924102746335,0.));
#10759=DIRECTION('',(0.,0.,-1.));
#10760=DIRECTION('',(-1.,0.,0.));
#10761=DIRECTION('',(0.,0.,-1.));
#10762=DIRECTION('',(-1.,0.,0.));
#10763=DIRECTION('',(0.,0.,-1.));
#10764=DIRECTION('',(-1.,0.,0.));
#10765=DIRECTION('',(0.,1.,0.));
#10766=DIRECTION('',(0.,0.,1.));
#10767=DIRECTION('',(1.,0.,0.));
#10768=DIRECTION('',(0.,0.,-1.));
#10769=DIRECTION('',(-1.,0.,0.));
#10770=DIRECTION('',(0.,0.,1.));
#10771=DIRECTION('',(1.,0.,0.));
#10772=DIRECTION('',(0.,0.,1.));
#10773=DIRECTION('',(1.,0.,0.));
#10774=DIRECTION('',(0.,0.,1.));
#10775=DIRECTION('',(1.,0.,0.));
#10776=DIRECTION('',(0.,0.,1.));
#10777=DIRECTION('',(1.,0.,0.));
#10778=DIRECTION('',(0.,0.,1.));
#10779=DIRECTION('',(1.,0.,0.));
#10780=DIRECTION('',(0.,0.,1.));
#10781=DIRECTION('',(1.,0.,0.));
#10782=DIRECTION('',(0.,0.,1.));
#10783=DIRECTION('',(1.,0.,0.));
#10784=DIRECTION('',(0.,0.,1.));
#10785=DIRECTION('',(1.,0.,0.));
#10786=DIRECTION('',(0.,0.,1.));
#10787=DIRECTION('',(1.,0.,0.));
#10788=DIRECTION('',(0.,0.,1.));
#10789=DIRECTION('',(1.,0.,0.));
#10790=DIRECTION('',(0.,0.,1.));
#10791=DIRECTION('',(1.,0.,0.));
#10792=DIRECTION('',(0.,0.,1.));
#10793=DIRECTION('',(1.,0.,0.));
#10794=DIRECTION('',(0.,0.,1.));
#10795=DIRECTION('',(1.,0.,0.));
#10796=DIRECTION('',(0.,0.,1.));
#10797=DIRECTION('',(1.,0.,0.));
#10798=DIRECTION('',(0.,0.,1.));
#10799=DIRECTION('',(1.,0.,0.));
#10800=DIRECTION('',(0.,0.,1.));
#10801=DIRECTION('',(1.,0.,0.));
#10802=DIRECTION('',(0.,0.,1.));
#10803=DIRECTION('',(1.,0.,0.));
#10804=DIRECTION('',(0.,0.,1.));
#10805=DIRECTION('',(1.,0.,0.));
#10806=DIRECTION('',(0.,0.,1.));
#10807=DIRECTION('',(1.,0.,0.));
#10808=DIRECTION('',(0.,0.,1.));
#10809=DIRECTION('',(1.,0.,0.));
#10810=DIRECTION('',(0.,0.,1.));
#10811=DIRECTION('',(1.,0.,0.));
#10812=DIRECTION('',(0.,0.,1.));
#10813=DIRECTION('',(1.,0.,0.));
#10814=DIRECTION('',(0.,0.,1.));
#10815=DIRECTION('',(1.,0.,0.));
#10816=DIRECTION('',(0.,0.,1.));
#10817=DIRECTION('',(1.,0.,0.));
#10818=DIRECTION('',(0.,0.,1.));
#10819=DIRECTION('',(1.,0.,0.));
#10820=DIRECTION('',(0.,0.,1.));
#10821=DIRECTION('',(1.,0.,0.));
#10822=DIRECTION('',(0.,0.,1.));
#10823=DIRECTION('',(1.,0.,0.));
#10824=DIRECTION('',(0.,0.,1.));
#10825=DIRECTION('',(1.,0.,0.));
#10826=DIRECTION('',(0.,0.,1.));
#10827=DIRECTION('',(1.,0.,0.));
#10828=DIRECTION('',(1.,0.,0.));
#10829=DIRECTION('',(0.,0.,-1.));
#10830=DIRECTION('',(1.,0.,0.));
#10831=DIRECTION('',(0.,0.,-1.));
#10832=DIRECTION('',(-1.,0.,0.));
#10833=DIRECTION('',(0.,0.,1.));
#10834=DIRECTION('',(0.,0.,-1.));
#10835=DIRECTION('',(1.,0.,0.));
#10836=DIRECTION('',(0.,1.,0.));
#10837=DIRECTION('',(0.,0.,1.));
#10838=DIRECTION('',(0.,1.,0.));
#10839=DIRECTION('',(0.,0.,1.));
#10840=DIRECTION('',(0.,1.,0.));
#10841=DIRECTION('',(0.,0.,1.));
#10842=DIRECTION('',(0.,1.,0.));
#10843=DIRECTION('',(0.,0.,1.));
#10844=DIRECTION('',(0.,1.,0.));
#10845=DIRECTION('',(0.,0.,1.));
#10846=DIRECTION('',(0.,1.,0.));
#10847=DIRECTION('',(0.,0.,1.));
#10848=DIRECTION('',(0.,-1.,0.));
#10849=DIRECTION('',(0.,0.,-1.));
#10850=DIRECTION('',(0.,-1.,0.));
#10851=DIRECTION('',(-1.,0.,0.));
#10852=DIRECTION('',(0.706207727245346,0.,-0.708004693472411));
#10853=DIRECTION('',(0.,-1.,0.));
#10854=DIRECTION('',(-1.,0.,0.));
#10855=DIRECTION('',(-0.708004693472411,0.,0.706207727245347));
#10856=DIRECTION('',(0.,-1.,0.));
#10857=DIRECTION('',(0.,0.,-1.));
#10858=DIRECTION('',(0.,-1.,0.));
#10859=DIRECTION('',(0.,-1.,0.));
#10860=DIRECTION('',(0.,0.,-1.));
#10861=DIRECTION('',(0.,-1.,0.));
#10862=DIRECTION('',(0.,-1.,0.));
#10863=DIRECTION('',(0.,0.,-1.));
#10864=DIRECTION('',(0.,-1.,0.));
#10865=DIRECTION('',(0.,0.,-1.));
#10866=DIRECTION('',(0.,-1.,0.));
#10867=DIRECTION('',(0.,-1.,0.));
#10868=DIRECTION('',(0.,0.,-1.));
#10869=DIRECTION('',(0.,-1.,0.));
#10870=DIRECTION('',(0.,-1.,0.));
#10871=DIRECTION('',(0.,0.,-1.));
#10872=DIRECTION('',(0.,1.,0.));
#10873=DIRECTION('',(0.,0.,1.));
#10874=DIRECTION('',(0.,-1.,0.));
#10875=DIRECTION('',(0.,0.,-1.));
#10876=DIRECTION('',(0.,1.,0.));
#10877=DIRECTION('',(0.,0.,1.));
#10878=DIRECTION('',(0.,-1.,0.));
#10879=DIRECTION('',(0.,0.,-1.));
#10880=DIRECTION('',(0.,-1.,0.));
#10881=DIRECTION('',(0.,0.,-1.));
#10882=DIRECTION('',(0.,-1.,0.));
#10883=DIRECTION('',(0.,0.,-1.));
#10884=DIRECTION('',(0.,0.,1.));
#10885=DIRECTION('',(0.,-1.,0.));
#10886=DIRECTION('',(0.,0.,-1.));
#10887=DIRECTION('',(0.866025403784442,0.,0.499999999999993));
#10888=DIRECTION('',(0.,-1.,0.));
#10889=DIRECTION('',(0.,0.,-1.));
#10890=DIRECTION('',(0.866025403784442,0.,-0.499999999999993));
#10891=DIRECTION('',(0.,-1.,0.));
#10892=DIRECTION('',(0.,0.,-1.));
#10893=DIRECTION('',(0.,0.,-1.));
#10894=DIRECTION('',(0.,-1.,0.));
#10895=DIRECTION('',(0.,0.,-1.));
#10896=DIRECTION('',(-0.866025403784442,0.,-0.499999999999993));
#10897=DIRECTION('',(0.,-1.,0.));
#10898=DIRECTION('',(0.,0.,-1.));
#10899=DIRECTION('',(-0.866025403784442,0.,0.499999999999993));
#10900=DIRECTION('',(0.,-1.,0.));
#10901=DIRECTION('',(0.,0.,-1.));
#10902=DIRECTION('',(0.,-1.,0.));
#10903=DIRECTION('',(0.,0.,-1.));
#10904=DIRECTION('',(0.,-1.,0.));
#10905=DIRECTION('',(0.,0.,-1.));
#10906=DIRECTION('',(0.,-1.,0.));
#10907=DIRECTION('',(0.,0.,-1.));
#10908=DIRECTION('',(0.,-1.,0.));
#10909=DIRECTION('',(0.,0.,-1.));
#10910=DIRECTION('',(0.,-1.,0.));
#10911=DIRECTION('',(0.,0.,-1.));
#10912=DIRECTION('',(0.,-1.,0.));
#10913=DIRECTION('',(0.,0.,-1.));
#10914=DIRECTION('',(0.,-1.,0.));
#10915=DIRECTION('',(0.,0.,-1.));
#10916=DIRECTION('',(0.,-1.,0.));
#10917=DIRECTION('',(0.,0.,-1.));
#10918=DIRECTION('',(0.,-1.,0.));
#10919=DIRECTION('',(0.,0.,-1.));
#10920=DIRECTION('',(0.,-1.,0.));
#10921=DIRECTION('',(0.,0.,-1.));
#10922=DIRECTION('',(0.,-1.,0.));
#10923=DIRECTION('',(0.,0.,-1.));
#10924=DIRECTION('',(0.,-1.,0.));
#10925=DIRECTION('',(0.,0.,-1.));
#10926=DIRECTION('',(0.,-1.,0.));
#10927=DIRECTION('',(0.,0.,-1.));
#10928=DIRECTION('',(0.,-1.,0.));
#10929=DIRECTION('',(0.,-1.,0.));
#10930=DIRECTION('',(0.,-1.,0.));
#10931=DIRECTION('',(0.,0.,-1.));
#10932=DIRECTION('',(0.,-1.,0.));
#10933=DIRECTION('',(0.,0.,-1.));
#10934=DIRECTION('',(0.,-1.,0.));
#10935=DIRECTION('',(0.,-1.,0.));
#10936=DIRECTION('',(0.,0.,-1.));
#10937=DIRECTION('',(0.,-1.,0.));
#10938=DIRECTION('',(0.,-1.,0.));
#10939=DIRECTION('',(0.,0.,-1.));
#10940=DIRECTION('',(0.,-1.,0.));
#10941=DIRECTION('',(0.,-1.,0.));
#10942=DIRECTION('',(0.,-1.,0.));
#10943=DIRECTION('',(0.,0.,-1.));
#10944=DIRECTION('',(0.,-1.,0.));
#10945=DIRECTION('',(0.,0.,-1.));
#10946=DIRECTION('',(0.,-1.,0.));
#10947=DIRECTION('',(0.,-1.,0.));
#10948=DIRECTION('',(0.,-1.,0.));
#10949=DIRECTION('',(0.,0.,-1.));
#10950=DIRECTION('',(0.,-1.,0.));
#10951=DIRECTION('',(0.,0.,-1.));
#10952=DIRECTION('',(0.,-1.,0.));
#10953=DIRECTION('',(0.,-1.,0.));
#10954=DIRECTION('',(0.,-1.,0.));
#10955=DIRECTION('',(0.,0.,-1.));
#10956=DIRECTION('',(0.,-1.,0.));
#10957=DIRECTION('',(0.,0.,-1.));
#10958=DIRECTION('',(0.,-1.,0.));
#10959=DIRECTION('',(0.,-1.,0.));
#10960=DIRECTION('',(0.,-1.,0.));
#10961=DIRECTION('',(0.,0.,-1.));
#10962=DIRECTION('',(0.,-1.,0.));
#10963=DIRECTION('',(0.,0.,-1.));
#10964=DIRECTION('',(0.,-1.,0.));
#10965=DIRECTION('',(0.,0.,-1.));
#10966=DIRECTION('',(0.,1.,0.));
#10967=DIRECTION('',(0.,0.,1.));
#10968=DIRECTION('',(0.,-1.,0.));
#10969=DIRECTION('',(0.,0.,-1.));
#10970=DIRECTION('',(0.,1.,0.));
#10971=DIRECTION('',(0.,0.,1.));
#10972=DIRECTION('',(0.,-1.,0.));
#10973=DIRECTION('',(0.,0.,-1.));
#10974=DIRECTION('',(0.,-1.,0.));
#10975=DIRECTION('',(0.,0.,-1.));
#10976=DIRECTION('',(0.,-1.,0.));
#10977=DIRECTION('',(0.,0.,-1.));
#10978=DIRECTION('',(0.,-1.,0.));
#10979=DIRECTION('',(0.,0.,-1.));
#10980=DIRECTION('',(0.,-1.,0.));
#10981=DIRECTION('',(0.,0.,-1.));
#10982=DIRECTION('',(0.,1.,0.));
#10983=DIRECTION('',(0.,0.,1.));
#10984=DIRECTION('',(0.,-1.,0.));
#10985=DIRECTION('',(0.,0.,-1.));
#10986=DIRECTION('',(0.,-1.,0.));
#10987=DIRECTION('',(0.,0.,-1.));
#10988=DIRECTION('',(0.,-1.,0.));
#10989=DIRECTION('',(0.,0.,-1.));
#10990=DIRECTION('',(0.,-1.,0.));
#10991=DIRECTION('',(0.,0.,-1.));
#10992=DIRECTION('',(0.,-1.,0.));
#10993=DIRECTION('',(0.,0.,-1.));
#10994=DIRECTION('',(0.,-1.,0.));
#10995=DIRECTION('',(0.,0.,-1.));
#10996=DIRECTION('',(0.,-1.,0.));
#10997=DIRECTION('',(0.,0.,-1.));
#10998=DIRECTION('',(0.,-1.,0.));
#10999=DIRECTION('',(0.,0.,-1.));
#11000=DIRECTION('',(0.,-1.,0.));
#11001=DIRECTION('',(0.,0.,-1.));
#11002=DIRECTION('',(0.,-1.,0.));
#11003=DIRECTION('',(0.,0.,-1.));
#11004=DIRECTION('',(0.,-1.,0.));
#11005=DIRECTION('',(0.,0.,-1.));
#11006=DIRECTION('',(0.,1.,0.));
#11007=DIRECTION('',(0.,0.,1.));
#11008=DIRECTION('',(0.,-1.,0.));
#11009=DIRECTION('',(0.,0.,-1.));
#11010=DIRECTION('',(0.,-1.,0.));
#11011=DIRECTION('',(0.,0.,-1.));
#11012=DIRECTION('',(0.,-1.,0.));
#11013=DIRECTION('',(0.,0.,-1.));
#11014=DIRECTION('',(0.,-1.,0.));
#11015=DIRECTION('',(0.,0.,-1.));
#11016=DIRECTION('',(0.,-1.,0.));
#11017=DIRECTION('',(0.,0.,-1.));
#11018=DIRECTION('',(0.,-1.,0.));
#11019=DIRECTION('',(0.,0.,-1.));
#11020=DIRECTION('',(0.,-1.,0.));
#11021=DIRECTION('',(0.,0.,-1.));
#11022=DIRECTION('',(0.,-1.,0.));
#11023=DIRECTION('',(0.,0.,-1.));
#11024=DIRECTION('',(0.,-1.,0.));
#11025=DIRECTION('',(0.,0.,-1.));
#11026=DIRECTION('',(0.,-1.,0.));
#11027=DIRECTION('',(0.,0.,-1.));
#11028=DIRECTION('',(0.,-1.,0.));
#11029=DIRECTION('',(0.,0.,-1.));
#11030=DIRECTION('',(0.,-1.,0.));
#11031=DIRECTION('',(0.,0.,-1.));
#11032=DIRECTION('',(0.,-1.,0.));
#11033=DIRECTION('',(0.,0.,-1.));
#11034=DIRECTION('',(0.,-1.,0.));
#11035=DIRECTION('',(0.,0.,-1.));
#11036=DIRECTION('',(0.,-1.,0.));
#11037=DIRECTION('',(0.,0.,-1.));
#11038=DIRECTION('',(0.,-1.,0.));
#11039=DIRECTION('',(0.,0.,-1.));
#11040=DIRECTION('',(0.,-1.,0.));
#11041=DIRECTION('',(0.,0.,-1.));
#11042=DIRECTION('',(0.,-1.,0.));
#11043=DIRECTION('',(0.,0.,-1.));
#11044=DIRECTION('',(0.,-1.,0.));
#11045=DIRECTION('',(0.,0.,-1.));
#11046=DIRECTION('',(0.,-1.,0.));
#11047=DIRECTION('',(0.,0.,-1.));
#11048=DIRECTION('',(0.,-1.,0.));
#11049=DIRECTION('',(0.,0.,-1.));
#11050=DIRECTION('',(0.,-1.,0.));
#11051=DIRECTION('',(0.,0.,-1.));
#11052=DIRECTION('',(0.,-1.,0.));
#11053=DIRECTION('',(0.,0.,-1.));
#11054=DIRECTION('',(0.,1.,0.));
#11055=DIRECTION('',(0.,0.,1.));
#11056=DIRECTION('',(0.,-1.,0.));
#11057=DIRECTION('',(0.,0.,-1.));
#11058=DIRECTION('',(0.,-1.,0.));
#11059=DIRECTION('',(0.,0.,-1.));
#11060=DIRECTION('',(0.,-1.,0.));
#11061=DIRECTION('',(0.,0.,-1.));
#11062=DIRECTION('',(0.,1.,0.));
#11063=DIRECTION('',(0.,0.,1.));
#11064=DIRECTION('',(0.,-1.,0.));
#11065=DIRECTION('',(0.,0.,-1.));
#11066=DIRECTION('',(0.,-1.,0.));
#11067=DIRECTION('',(0.,0.,-1.));
#11068=DIRECTION('',(0.,-1.,0.));
#11069=DIRECTION('',(0.,0.,-1.));
#11070=DIRECTION('',(0.,0.,1.));
#11071=DIRECTION('',(-0.866025403784442,0.,0.499999999999993));
#11072=DIRECTION('',(-0.866025403784442,0.,-0.499999999999993));
#11073=DIRECTION('',(0.,0.,-1.));
#11074=DIRECTION('',(0.866025403784442,0.,-0.499999999999993));
#11075=DIRECTION('',(0.866025403784442,0.,0.499999999999993));
#11076=DIRECTION('',(0.,-1.,0.));
#11077=DIRECTION('',(0.,0.,-1.));
#11078=DIRECTION('',(0.,-1.,0.));
#11079=DIRECTION('',(0.,0.,-1.));
#11080=DIRECTION('',(0.,-1.,0.));
#11081=DIRECTION('',(0.,0.,-1.));
#11082=DIRECTION('',(0.,-1.,0.));
#11083=DIRECTION('',(0.,0.,-1.));
#11084=DIRECTION('',(0.,-1.,0.));
#11085=DIRECTION('',(0.,0.,-1.));
#11086=DIRECTION('',(0.,1.,0.));
#11087=DIRECTION('',(0.,0.,1.));
#11088=DIRECTION('',(0.,-1.,0.));
#11089=DIRECTION('',(0.,0.,-1.));
#11090=DIRECTION('',(0.,1.,0.));
#11091=DIRECTION('',(0.,0.,1.));
#11092=DIRECTION('',(-1.,0.,0.));
#11093=DIRECTION('',(1.,0.,0.));
#11094=DIRECTION('',(0.,-1.,0.));
#11095=DIRECTION('',(0.,0.,-1.));
#11096=DIRECTION('',(0.,-1.,0.));
#11097=DIRECTION('',(0.,0.,-1.));
#11098=DIRECTION('',(0.,1.,0.));
#11099=DIRECTION('',(0.,0.,1.));
#11100=DIRECTION('',(0.,-1.,0.));
#11101=DIRECTION('',(0.,0.,-1.));
#11102=DIRECTION('',(0.,1.,0.));
#11103=DIRECTION('',(0.,0.,1.));
#11104=DIRECTION('',(0.,-1.,0.));
#11105=DIRECTION('',(0.,0.,-1.));
#11106=DIRECTION('',(0.,-1.,0.));
#11107=DIRECTION('',(0.,0.,-1.));
#11108=DIRECTION('',(-0.499999999999993,0.,0.866025403784443));
#11109=DIRECTION('',(0.866025403784443,0.,0.499999999999993));
#11110=DIRECTION('',(-1.,0.,0.));
#11111=DIRECTION('',(0.,0.,1.));
#11112=DIRECTION('',(-0.499999999999993,0.,-0.866025403784443));
#11113=DIRECTION('',(-0.866025403784443,0.,0.499999999999993));
#11114=DIRECTION('',(0.499999999999993,0.,-0.866025403784443));
#11115=DIRECTION('',(-0.866025403784443,0.,-0.499999999999993));
#11116=DIRECTION('',(1.,0.,0.));
#11117=DIRECTION('',(0.,0.,-1.));
#11118=DIRECTION('',(0.499999999999993,0.,0.866025403784443));
#11119=DIRECTION('',(0.866025403784443,0.,-0.499999999999993));
#11120=DIRECTION('',(0.,0.,-1.));
#11121=DIRECTION('',(-1.,0.,0.));
#11122=DIRECTION('',(0.,0.,1.));
#11123=DIRECTION('',(1.,0.,0.));
#11124=DIRECTION('',(0.,1.,0.));
#11125=DIRECTION('',(0.,0.,1.));
#11126=DIRECTION('',(0.,1.,0.));
#11127=DIRECTION('',(0.,-1.,0.));
#11128=DIRECTION('',(-1.,0.,0.));
#11129=DIRECTION('',(0.,1.,0.));
#11130=DIRECTION('',(-0.706207727245347,0.,-0.708004693472411));
#11131=DIRECTION('',(-0.708004693472411,0.,0.706207727245347));
#11132=DIRECTION('',(0.,1.,0.));
#11133=DIRECTION('',(-0.708004693472411,0.,0.706207727245347));
#11134=DIRECTION('',(0.,1.,0.));
#11135=DIRECTION('',(0.,0.,1.));
#11136=DIRECTION('',(0.,1.,0.));
#11137=DIRECTION('',(0.,-1.,0.));
#11138=DIRECTION('',(-1.,0.,0.));
#11139=DIRECTION('',(0.708004693472411,0.,0.706207727245346));
#11140=DIRECTION('',(0.706207727245346,0.,-0.708004693472411));
#11141=DIRECTION('',(0.706207727245346,0.,-0.708004693472411));
#11142=DIRECTION('',(0.,-1.,0.));
#11143=DIRECTION('',(0.,0.,-1.));
#11144=DIRECTION('',(0.,1.,0.));
#11145=DIRECTION('',(0.,0.,1.));
#11146=DIRECTION('',(0.,-1.,0.));
#11147=DIRECTION('',(-1.,0.,0.));
#11148=DIRECTION('',(0.,-1.,0.));
#11149=DIRECTION('',(0.,0.,-1.));
#11150=DIRECTION('',(0.,1.,0.));
#11151=DIRECTION('',(0.,0.,1.));
#11152=DIRECTION('',(0.,-1.,0.));
#11153=DIRECTION('',(-1.,0.,0.));
#11154=DIRECTION('',(0.,-1.,0.));
#11155=DIRECTION('',(0.,0.,-1.));
#11156=DIRECTION('',(0.,1.,0.));
#11157=DIRECTION('',(0.,0.,1.));
#11158=DIRECTION('',(0.,-1.,0.));
#11159=DIRECTION('',(-1.,0.,0.));
#11160=DIRECTION('',(0.,-1.,0.));
#11161=DIRECTION('',(0.,0.,-1.));
#11162=DIRECTION('',(0.,1.,0.));
#11163=DIRECTION('',(0.,0.,1.));
#11164=DIRECTION('',(0.,-1.,0.));
#11165=DIRECTION('',(-1.,0.,0.));
#11166=DIRECTION('',(0.,-1.,0.));
#11167=DIRECTION('',(0.,0.,-1.));
#11168=DIRECTION('',(0.,1.,0.));
#11169=DIRECTION('',(0.,0.,1.));
#11170=DIRECTION('',(0.,-1.,0.));
#11171=DIRECTION('',(-1.,0.,0.));
#11172=DIRECTION('',(0.,-1.,0.));
#11173=DIRECTION('',(0.,0.,-1.));
#11174=DIRECTION('',(0.,-1.,0.));
#11175=DIRECTION('',(0.,0.,1.));
#11176=DIRECTION('',(0.,0.,1.));
#11177=DIRECTION('',(1.,0.,0.));
#11178=DIRECTION('',(0.,-1.,0.));
#11179=DIRECTION('',(3.54190779253946E-13,0.,1.));
#11180=DIRECTION('',(1.,0.,-3.54190779253946E-13));
#11181=DIRECTION('',(1.,0.,0.));
#11182=DIRECTION('',(0.,-1.,0.));
#11183=DIRECTION('',(-1.,0.,0.));
#11184=DIRECTION('',(0.,-1.,0.));
#11185=DIRECTION('',(-1.,0.,0.));
#11186=DIRECTION('',(3.54190779253933E-13,0.,-1.));
#11187=DIRECTION('',(-1.,0.,-3.54190779253933E-13));
#11188=DIRECTION('',(0.,-1.,0.));
#11189=DIRECTION('',(-1.,0.,0.));
#11190=DIRECTION('',(0.,0.707106781186495,0.7071067811866));
#11191=DIRECTION('',(0.,-0.7071067811866,0.707106781186495));
#11192=DIRECTION('',(0.577350269189651,0.577350269189656,-0.57735026918957));
#11193=DIRECTION('',(0.577350269189515,-0.577350269189724,0.577350269189638));
#11194=DIRECTION('',(0.577350269189515,0.577350269189724,-0.577350269189638));
#11195=DIRECTION('',(0.577350269189651,-0.577350269189656,0.57735026918957));
#11196=DIRECTION('',(-1.,0.,0.));
#11197=DIRECTION('',(-0.70710678118655,0.707106781186545,0.));
#11198=DIRECTION('',(-0.707106781186545,-0.70710678118655,0.));
#11199=DIRECTION('',(0.,0.,1.));
#11200=DIRECTION('',(0.577350269189583,0.577350269189588,0.577350269189706));
#11201=DIRECTION('',(0.,0.,1.));
#11202=DIRECTION('',(-0.577350269189351,-0.577350269189356,-0.57735026919017));
#11203=DIRECTION('',(-1.,0.,0.));
#11204=DIRECTION('',(0.,0.,1.));
#11205=DIRECTION('',(0.,0.,1.));
#11206=DIRECTION('',(0.,1.,0.));
#11207=DIRECTION('',(0.,-1.,0.));
#11208=DIRECTION('',(0.,-0.707106781186046,-0.70710678118705));
#11209=DIRECTION('',(0.70710678118655,0.707106781186545,0.));
#11210=DIRECTION('',(-0.707106781186545,0.70710678118655,0.));
#11211=DIRECTION('',(0.577350269189583,-0.577350269189588,-0.577350269189706));
#11212=DIRECTION('',(0.,0.,1.));
#11213=DIRECTION('',(-0.577350269189351,0.577350269189356,0.57735026919017));
#11214=DIRECTION('',(0.,0.,1.));
#11215=DIRECTION('',(1.,0.,0.));
#11216=DIRECTION('',(0.,0.,-1.));
#11217=DIRECTION('',(0.,-1.,0.));
#11218=DIRECTION('',(0.,0.,1.));
#11219=DIRECTION('',(0.,-0.707106781186046,-0.70710678118705));
#11220=DIRECTION('',(0.,1.,0.));
#11221=DIRECTION('',(0.,-0.707106781186556,0.707106781186539));
#11222=DIRECTION('',(0.,-0.707106781186539,-0.707106781186556));
#11223=DIRECTION('',(-0.577350269189671,-0.577350269189596,-0.57735026918961));
#11224=DIRECTION('',(-0.577350269189599,0.577350269189632,0.577350269189646));
#11225=DIRECTION('',(-1.,0.,0.));
#11226=DIRECTION('',(-0.577350269189602,-0.577350269189631,-0.577350269189645));
#11227=DIRECTION('',(-0.577350269189658,0.577350269189603,0.577350269189617));
#11228=DIRECTION('',(-0.707106781186568,-0.707106781186527,0.));
#11229=DIRECTION('',(0.707106781186527,-0.707106781186568,0.));
#11230=DIRECTION('',(-0.577350269189635,0.577350269189669,-0.577350269189574));
#11231=DIRECTION('',(0.,0.,1.));
#11232=DIRECTION('',(0.577350269189344,-0.577350269189378,0.577350269190156));
#11233=DIRECTION('',(0.,0.,1.));
#11234=DIRECTION('',(-0.707106781186546,0.707106781186549,0.));
#11235=DIRECTION('',(-0.707106781186549,-0.707106781186546,0.));
#11236=DIRECTION('',(0.,0.,1.));
#11237=DIRECTION('',(0.577350269189647,0.577350269189645,0.577350269189586));
#11238=DIRECTION('',(-0.577350269189641,-0.577350269189639,0.577350269189598));
#11239=DIRECTION('',(0.,0.,1.));
#11240=DIRECTION('',(0.577350269189354,0.577350269189352,0.577350269190172));
#11241=DIRECTION('',(-1.,0.,0.));
#11242=DIRECTION('',(0.,0.,1.));
#11243=DIRECTION('',(0.,-1.,0.));
#11244=DIRECTION('',(0.,-1.,0.));
#11245=DIRECTION('',(0.,-0.707106781186522,-0.707106781186573));
#11246=DIRECTION('',(0.,0.707106781186573,-0.707106781186522));
#11247=DIRECTION('',(-0.577350269189653,0.577350269189633,-0.577350269189592));
#11248=DIRECTION('',(0.,0.707106781186573,-0.707106781186522));
#11249=DIRECTION('',(-1.,0.,0.));
#11250=DIRECTION('',(0.707106781186546,0.707106781186549,0.));
#11251=DIRECTION('',(-0.707106781186549,0.707106781186546,0.));
#11252=DIRECTION('',(0.577350269189641,-0.577350269189639,0.577350269189598));
#11253=DIRECTION('',(0.57735026918964,-0.577350269189638,-0.577350269189599));
#11254=DIRECTION('',(0.,0.,1.));
#11255=DIRECTION('',(-0.577350269189354,0.577350269189352,0.577350269190172));
#11256=DIRECTION('',(0.,0.,1.));
#11257=DIRECTION('',(0.707106781186565,-0.70710678118653,0.));
#11258=DIRECTION('',(0.70710678118653,0.707106781186565,0.));
#11259=DIRECTION('',(0.,0.,1.));
#11260=DIRECTION('',(-0.57735026918963,-0.577350269189659,0.577350269189589));
#11261=DIRECTION('',(0.,0.,1.));
#11262=DIRECTION('',(0.577350269189347,0.577350269189376,-0.577350269190154));
#11263=DIRECTION('',(1.,0.,0.));
#11264=DIRECTION('',(0.,0.,-1.));
#11265=DIRECTION('',(0.,-1.,0.));
#11266=DIRECTION('',(0.,1.,0.));
#11267=DIRECTION('',(0.,0.707106781186522,0.707106781186573));
#11268=DIRECTION('',(0.,-0.707106781186573,0.707106781186522));
#11269=DIRECTION('',(0.577350269189639,0.577350269189639,-0.577350269189599));
#11270=DIRECTION('',(-1.,0.,0.));
#11271=DIRECTION('',(0.,0.707106781186573,-0.707106781186522));
#11272=DIRECTION('',(0.,1.,0.));
#11273=DIRECTION('',(0.,0.,1.));
#11274=DIRECTION('',(-1.,0.,0.));
#11275=DIRECTION('',(0.,0.,1.));
#11276=DIRECTION('',(1.,0.,0.));
#11277=DIRECTION('',(1.,0.,0.));
#11278=DIRECTION('',(-1.,0.,0.));
#11279=DIRECTION('',(-1.,0.,0.));
#11280=DIRECTION('',(-1.,0.,0.));
#11281=DIRECTION('',(1.85631070983466E-16,-1.,0.));
#11282=DIRECTION('',(1.,1.85631070983466E-16,0.));
#11283=DIRECTION('',(-1.,0.,0.));
#11284=DIRECTION('',(0.,1.,0.));
#11285=DIRECTION('',(0.,0.,1.));
#11286=DIRECTION('',(0.,-1.,0.));
#11287=DIRECTION('',(0.,0.,-1.));
#11288=DIRECTION('',(0.,-1.,0.));
#11289=DIRECTION('',(0.,0.,-1.));
#11290=DIRECTION('',(0.,-1.,0.));
#11291=DIRECTION('',(0.,0.,-1.));
#11292=DIRECTION('',(-1.,0.,0.));
#11293=DIRECTION('',(0.,1.,0.));
#11294=DIRECTION('',(0.,0.,1.));
#11295=DIRECTION('',(1.,0.,0.));
#11296=DIRECTION('',(0.,-1.,0.));
#11297=DIRECTION('',(0.,0.,-1.));
#11298=DIRECTION('',(0.,-1.,0.));
#11299=DIRECTION('',(0.,0.,-1.));
#11300=DIRECTION('',(0.,1.,0.));
#11301=DIRECTION('',(0.,0.,1.));
#11302=DIRECTION('',(0.,-1.,0.));
#11303=DIRECTION('',(0.,0.,-1.));
#11304=DIRECTION('',(0.,1.,0.));
#11305=DIRECTION('',(0.,0.,1.));
#11306=DIRECTION('',(0.,-1.,0.));
#11307=DIRECTION('',(0.,0.,-1.));
#11308=DIRECTION('',(0.,-1.,0.));
#11309=DIRECTION('',(0.,0.,-1.));
#11310=DIRECTION('',(0.,-1.,0.));
#11311=DIRECTION('',(0.,0.,-1.));
#11312=DIRECTION('',(0.,1.,0.));
#11313=DIRECTION('',(0.,0.,1.));
#11314=DIRECTION('',(0.,-1.,0.));
#11315=DIRECTION('',(0.,0.,-1.));
#11316=DIRECTION('',(0.,-1.,0.));
#11317=DIRECTION('',(0.,0.,-1.));
#11318=DIRECTION('',(0.,1.,0.));
#11319=DIRECTION('',(0.,0.,1.));
#11320=DIRECTION('',(0.,-1.,0.));
#11321=DIRECTION('',(0.,0.,-1.));
#11322=DIRECTION('',(0.,1.,0.));
#11323=DIRECTION('',(0.,0.,1.));
#11324=DIRECTION('',(0.,-1.,0.));
#11325=DIRECTION('',(0.,0.,-1.));
#11326=DIRECTION('',(0.,-1.,0.));
#11327=DIRECTION('',(0.,0.,-1.));
#11328=DIRECTION('',(0.,-1.,0.));
#11329=DIRECTION('',(0.,0.,-1.));
#11330=DIRECTION('',(0.,1.,0.));
#11331=DIRECTION('',(0.,0.,1.));
#11332=DIRECTION('',(0.,-1.,0.));
#11333=DIRECTION('',(0.,0.,-1.));
#11334=DIRECTION('',(0.,-1.,0.));
#11335=DIRECTION('',(0.,0.,-1.));
#11336=DIRECTION('',(0.,1.,0.));
#11337=DIRECTION('',(0.,0.,1.));
#11338=DIRECTION('',(0.,-1.,0.));
#11339=DIRECTION('',(0.,0.,-1.));
#11340=DIRECTION('',(0.,1.,0.));
#11341=DIRECTION('',(0.,0.,1.));
#11342=DIRECTION('',(0.,-1.,0.));
#11343=DIRECTION('',(0.,0.,-1.));
#11344=DIRECTION('',(0.,-1.,0.));
#11345=DIRECTION('',(0.,0.,-1.));
#11346=DIRECTION('',(0.,-1.,0.));
#11347=DIRECTION('',(0.,0.,-1.));
#11348=DIRECTION('',(0.,1.,0.));
#11349=DIRECTION('',(0.,0.,1.));
#11350=DIRECTION('',(0.,0.707106781187046,-0.707106781186049));
#11351=DIRECTION('',(0.,0.707106781186049,0.707106781187046));
#11352=DIRECTION('',(0.,-0.707106781187024,-0.707106781186071));
#11353=DIRECTION('',(0.,0.707106781186071,-0.707106781187024));
#11354=DIRECTION('',(0.,0.70710678118705,-0.707106781186046));
#11355=DIRECTION('',(0.,0.707106781186046,0.70710678118705));
#11356=DIRECTION('',(0.,-0.70710678118705,0.707106781186046));
#11357=DIRECTION('',(0.,-0.707106781186046,-0.70710678118705));
#11358=DIRECTION('',(0.707106781186522,0.,0.707106781186573));
#11359=DIRECTION('',(0.707106781186573,0.,-0.707106781186522));
#11360=DIRECTION('',(-0.70710678118651,0.,0.707106781186585));
#11361=DIRECTION('',(0.707106781186585,0.,0.70710678118651));
#11362=DIRECTION('',(0.707106781186623,0.,0.707106781186472));
#11363=DIRECTION('',(0.707106781186472,0.,-0.707106781186623));
#11364=DIRECTION('',(-0.707106781186472,0.,0.707106781186623));
#11365=DIRECTION('',(-0.707106781186623,0.,0.707106781186472));
#11366=DIRECTION('',(0.707106781186472,0.,0.707106781186623));
#11367=DIRECTION('',(-0.707106781186472,0.,-0.707106781186623));
#11368=DIRECTION('',(-3.54190779253933E-13,0.,1.));
#11369=DIRECTION('',(1.,0.,3.54190779253933E-13));
#11370=DIRECTION('',(3.54190779253946E-13,0.,1.));
#11371=DIRECTION('',(1.,0.,-3.54190779253946E-13));
#11372=DIRECTION('',(1.,0.,0.));
#11373=DIRECTION('',(0.,0.,1.));
#11374=DIRECTION('',(0.,-1.,0.));
#11375=DIRECTION('',(0.,0.,-1.));
#11376=DIRECTION('',(0.,-1.,0.));
#11377=DIRECTION('',(0.,0.,-1.));
#11378=DIRECTION('',(0.,-1.,0.));
#11379=DIRECTION('',(0.,0.,-1.));
#11380=DIRECTION('',(0.,-1.,0.));
#11381=DIRECTION('',(0.,0.,-1.));
#11382=DIRECTION('',(0.,-1.,0.));
#11383=DIRECTION('',(0.,0.,-1.));
#11384=DIRECTION('',(0.,-1.,0.));
#11385=DIRECTION('',(0.,0.,-1.));
#11386=DIRECTION('',(0.,-1.,0.));
#11387=DIRECTION('',(0.,0.,-1.));
#11388=DIRECTION('',(0.,1.,0.));
#11389=DIRECTION('',(0.,0.,1.));
#11390=DIRECTION('',(0.,-1.,0.));
#11391=DIRECTION('',(0.,0.,-1.));
#11392=DIRECTION('',(0.,-1.,0.));
#11393=DIRECTION('',(0.,0.,-1.));
#11394=DIRECTION('',(0.,-1.,0.));
#11395=DIRECTION('',(0.,0.,-1.));
#11396=DIRECTION('',(0.,-1.,0.));
#11397=DIRECTION('',(0.,0.,-1.));
#11398=DIRECTION('',(0.,-1.,0.));
#11399=DIRECTION('',(0.,0.,-1.));
#11400=DIRECTION('',(0.,1.,0.));
#11401=DIRECTION('',(0.,0.,1.));
#11402=DIRECTION('',(0.,-1.,0.));
#11403=DIRECTION('',(0.,0.,-1.));
#11404=DIRECTION('',(0.,1.,0.));
#11405=DIRECTION('',(0.,0.,1.));
#11406=DIRECTION('',(1.,0.,0.));
#11407=DIRECTION('',(0.,0.,1.));
#11408=DIRECTION('',(1.,0.,0.));
#11409=DIRECTION('',(0.,0.,1.));
#11410=DIRECTION('',(-1.,0.,0.));
#11411=DIRECTION('',(0.,0.,-1.));
#11412=DIRECTION('',(-1.,0.,0.));
#11413=DIRECTION('',(0.,0.,-1.));
#11414=DIRECTION('',(-1.,0.,0.));
#11415=DIRECTION('',(0.,0.,-1.));
#11416=CARTESIAN_POINT('',(0.,0.,0.));
#11417=CARTESIAN_POINT('',(48.5,7.2,-37.));
#11418=CARTESIAN_POINT('',(45.,7.2,-37.));
#11419=CARTESIAN_POINT('',(45.,7.2,-42.75));
#11420=CARTESIAN_POINT('',(48.075735931288,7.2,-37.));
#11421=CARTESIAN_POINT('',(48.075735931288,5.28266786895314,-42.4209166659574));
#11422=CARTESIAN_POINT('',(48.075735931288,12.853317610041,-38.05));
#11423=CARTESIAN_POINT('',(48.5,5.28266786895314,-42.4209166659574));
#11424=CARTESIAN_POINT('',(46.3,5.28266786895314,-42.4209166659574));
#11425=CARTESIAN_POINT('',(46.3,7.2,-37.));
#11426=CARTESIAN_POINT('',(46.3,3.46401452100578,-41.3709166659574));
#11427=CARTESIAN_POINT('',(48.5,3.46401452100578,-41.3709166659574));
#11428=CARTESIAN_POINT('',(48.075735931288,3.46401452100578,-41.3709166659574));
#11429=CARTESIAN_POINT('',(48.075735931288,7.2,-37.));
#11430=CARTESIAN_POINT('',(48.075735931288,3.46401452100583,-32.6290833340425));
#11431=CARTESIAN_POINT('',(48.5,3.46401452100583,-32.6290833340425));
#11432=CARTESIAN_POINT('',(46.3,3.46401452100583,-32.6290833340425));
#11433=CARTESIAN_POINT('',(46.3,7.2,-37.));
#11434=CARTESIAN_POINT('',(46.3,5.28266786895316,-31.5790833340425));
#11435=CARTESIAN_POINT('',(48.5,5.28266786895316,-31.5790833340425));
#11436=CARTESIAN_POINT('',(48.075735931288,5.28266786895316,-31.5790833340425));
#11437=CARTESIAN_POINT('',(48.075735931288,7.2,-37.));
#11438=CARTESIAN_POINT('',(48.075735931288,12.853317610041,-35.95));
#11439=CARTESIAN_POINT('',(48.5,12.853317610041,-35.95));
#11440=CARTESIAN_POINT('',(46.3,12.853317610041,-35.95));
#11441=CARTESIAN_POINT('',(46.3,7.2,-37.));
#11442=CARTESIAN_POINT('',(46.3,12.853317610041,-38.05));
#11443=CARTESIAN_POINT('',(48.5,12.853317610041,-38.05));
#11444=CARTESIAN_POINT('',(48.5,10.45,-37.));
#11445=CARTESIAN_POINT('',(48.5,7.2,-37.));
#11446=CARTESIAN_POINT('',(48.5,7.2,-40.25));
#11447=CARTESIAN_POINT('',(48.5,12.,-37.));
#11448=CARTESIAN_POINT('',(48.5,12.,-35.95));
#11449=CARTESIAN_POINT('',(48.5,12.,-38.05));
#11450=CARTESIAN_POINT('',(48.5,12.,-35.95));
#11451=CARTESIAN_POINT('',(48.5,12.4212032339119,-35.95));
#11452=CARTESIAN_POINT('',(48.5,7.2,-37.));
#11453=CARTESIAN_POINT('',(48.5,5.49872505701766,-31.9533053611108));
#11454=CARTESIAN_POINT('',(48.5,5.1556213738464,-31.359032349594));
#11455=CARTESIAN_POINT('',(48.5,5.7093266739737,-32.318078061835));
#11456=CARTESIAN_POINT('',(48.5,4.79999996752366,-32.8430780055843));
#11457=CARTESIAN_POINT('',(48.5,3.8906733260263,-33.368078061835));
#11458=CARTESIAN_POINT('',(48.5,3.8906733260263,-33.368078061835));
#11459=CARTESIAN_POINT('',(48.5,3.68007170907032,-33.0033053611109));
#11460=CARTESIAN_POINT('',(48.5,7.2,-37.));
#11461=CARTESIAN_POINT('',(48.5,3.6800717090703,-40.9966946388891));
#11462=CARTESIAN_POINT('',(48.5,3.336968025899,-41.590967650406));
#11463=CARTESIAN_POINT('',(48.5,3.8906733260263,-40.631921938165));
#11464=CARTESIAN_POINT('',(48.5,4.79999999999968,-41.1569219381655));
#11465=CARTESIAN_POINT('',(48.5,5.7093266739736,-41.681921938165));
#11466=CARTESIAN_POINT('',(48.5,5.7093266739736,-41.681921938165));
#11467=CARTESIAN_POINT('',(48.5,5.49872505701761,-42.0466946388891));
#11468=CARTESIAN_POINT('',(48.5,7.2,-37.));
#11469=CARTESIAN_POINT('',(48.5,12.4212032339119,-38.05));
#11470=CARTESIAN_POINT('',(48.5,13.107410600255,-38.05));
#11471=CARTESIAN_POINT('',(48.5,7.2,-37.));
#11472=CARTESIAN_POINT('',(48.5,12.4212032339119,-35.95));
#11473=CARTESIAN_POINT('',(48.3586858982522,12.5653465578851,-35.95));
#11474=CARTESIAN_POINT('',(48.2172564886787,12.7093767842946,-35.95));
#11475=CARTESIAN_POINT('',(48.075735931288,12.853317610041,-35.95));
#11476=CARTESIAN_POINT('',(48.075735931288,5.28266786895316,-31.5790833340425));
#11477=CARTESIAN_POINT('',(48.2172564389966,5.35463825656051,-31.7037397020189));
#11478=CARTESIAN_POINT('',(48.3586858446152,5.42665336767562,-31.8284735333831));
#11479=CARTESIAN_POINT('',(48.5,5.49872505701766,-31.9533053611108));
#11480=CARTESIAN_POINT('',(48.5,7.2,-37.));
#11481=CARTESIAN_POINT('',(48.075735931288,12.853317610041,-38.05));
#11482=CARTESIAN_POINT('',(48.2172564886787,12.7093767842946,-38.05));
#11483=CARTESIAN_POINT('',(48.3586858982522,12.5653465578851,-38.05));
#11484=CARTESIAN_POINT('',(48.5,12.4212032339119,-38.05));
#11485=CARTESIAN_POINT('',(48.5,5.49872505701761,-42.0466946388891));
#11486=CARTESIAN_POINT('',(48.3586858446152,5.42665336767558,-42.1715264666169));
#11487=CARTESIAN_POINT('',(48.2172564389966,5.35463825656048,-42.2962602979811));
#11488=CARTESIAN_POINT('',(48.075735931288,5.28266786895314,-42.4209166659575));
#11489=CARTESIAN_POINT('',(48.5,7.2,-37.));
#11490=CARTESIAN_POINT('',(48.075735931288,3.46401452100578,-41.3709166659574));
#11491=CARTESIAN_POINT('',(48.2172564389966,3.53598490861314,-41.246260297981));
#11492=CARTESIAN_POINT('',(48.3586858446152,3.60800001972825,-41.1215264666169));
#11493=CARTESIAN_POINT('',(48.5,3.6800717090703,-40.9966946388891));
#11494=CARTESIAN_POINT('',(48.5,3.68007170907032,-33.0033053611109));
#11495=CARTESIAN_POINT('',(48.3586858446152,3.60800001972828,-32.8784735333831));
#11496=CARTESIAN_POINT('',(48.2172564389966,3.53598490861318,-32.7537397020189));
#11497=CARTESIAN_POINT('',(48.075735931288,3.46401452100583,-32.6290833340425));
#11498=CARTESIAN_POINT('',(45.,45.2,31.));
#11499=CARTESIAN_POINT('',(-7.,29.,31.));
#11500=CARTESIAN_POINT('',(-5.,29.,31.));
#11501=CARTESIAN_POINT('',(7.,29.,31.));
#11502=CARTESIAN_POINT('',(9.,29.,31.));
#11503=CARTESIAN_POINT('',(-17.,29.,31.));
#11504=CARTESIAN_POINT('',(-14.5,29.,31.));
#11505=CARTESIAN_POINT('',(17.,29.,31.));
#11506=CARTESIAN_POINT('',(19.5,29.,31.));
#11507=CARTESIAN_POINT('',(45.,35.2,31.));
#11508=CARTESIAN_POINT('',(40.9999999999993,35.2,31.));
#11509=CARTESIAN_POINT('',(-40.9999999999993,35.2,31.));
#11510=CARTESIAN_POINT('',(-41.,79.,31.));
#11511=CARTESIAN_POINT('',(-40.9999999999993,0.200000000000006,31.));
#11512=CARTESIAN_POINT('',(-45.,0.2,31.));
#11513=CARTESIAN_POINT('',(40.9999999999993,0.200000000000006,31.));
#11514=CARTESIAN_POINT('',(41.,79.,31.));
#11515=CARTESIAN_POINT('',(41.,44.2000000000015,30.0000000000015));
#11516=CARTESIAN_POINT('',(41.,44.800000000001,30.8));
#11517=CARTESIAN_POINT('',(41.,44.800000000001,30.8));
#11518=CARTESIAN_POINT('',(-41.,44.800000000001,30.8));
#11519=CARTESIAN_POINT('',(41.,44.2000000000015,30.0000000000015));
#11520=CARTESIAN_POINT('',(41.,45.2,30.));
#11521=CARTESIAN_POINT('',(41.,45.2,30.));
#11522=CARTESIAN_POINT('',(-41.,45.2,30.));
#11523=CARTESIAN_POINT('',(-41.,44.2000000000015,30.0000000000015));
#11524=CARTESIAN_POINT('',(41.,44.2000000000015,27.));
#11525=CARTESIAN_POINT('',(41.,44.800000000001,30.8));
#11526=CARTESIAN_POINT('',(41.2484974708623,44.800000000001,30.8));
#11527=CARTESIAN_POINT('',(41.6272797460123,44.7553253763773,30.8));
#11528=CARTESIAN_POINT('',(42.088058664307,44.547507187181,30.8));
#11529=CARTESIAN_POINT('',(42.2489995996797,44.3271227404961,30.8));
#11530=CARTESIAN_POINT('',(42.2489995996797,44.2000000000016,30.8));
#11531=CARTESIAN_POINT('',(42.2489995996791,44.2000000000015,30.8));
#11532=CARTESIAN_POINT('',(41.,44.2,27.));
#11533=CARTESIAN_POINT('',(45.,44.2,27.));
#11534=CARTESIAN_POINT('',(44.0000000000015,44.2000000000015,27.));
#11535=CARTESIAN_POINT('',(44.,45.2,27.));
#11536=CARTESIAN_POINT('',(41.,45.2,27.));
#11537=CARTESIAN_POINT('',(-41.,44.2000000000015,27.));
#11538=CARTESIAN_POINT('',(-41.,44.2,27.));
#11539=CARTESIAN_POINT('',(-45.,44.2000000000015,27.));
#11540=CARTESIAN_POINT('',(-42.2489995996797,44.2,30.8));
#11541=CARTESIAN_POINT('',(-42.2489995996797,44.2,30.8));
#11542=CARTESIAN_POINT('',(-42.2489995996803,44.3270527192195,30.8));
#11543=CARTESIAN_POINT('',(-42.0875273289962,44.5482220918806,30.8));
#11544=CARTESIAN_POINT('',(-41.6253728723311,44.7555719573693,30.8));
#11545=CARTESIAN_POINT('',(-41.2496380807874,44.8000000000121,30.8));
#11546=CARTESIAN_POINT('',(-40.999999999999,44.800000000012,30.8));
#11547=CARTESIAN_POINT('',(-41.,45.2,27.));
#11548=CARTESIAN_POINT('',(-44.,45.2,27.));
#11549=CARTESIAN_POINT('',(-44.0000000000015,44.2000000000015,27.));
#11550=CARTESIAN_POINT('',(-40.9999999999993,79.,26.9999999999993));
#11551=CARTESIAN_POINT('',(-40.9999999999993,35.2,26.9999999999993));
#11552=CARTESIAN_POINT('',(-42.2489995996791,35.2,30.8));
#11553=CARTESIAN_POINT('',(-42.2489995996791,79.,30.8));
#11554=CARTESIAN_POINT('',(-45.,79.,27.));
#11555=CARTESIAN_POINT('',(-45.,0.200000000000006,26.9999999999993));
#11556=CARTESIAN_POINT('',(-40.9999999999993,0.200000000000006,26.9999999999993));
#11557=CARTESIAN_POINT('',(40.9999999999993,79.,26.9999999999993));
#11558=CARTESIAN_POINT('',(40.9999999999993,35.2,26.9999999999993));
#11559=CARTESIAN_POINT('',(42.2489995996791,35.2,30.8));
#11560=CARTESIAN_POINT('',(40.9999999999993,0.200000000000006,26.9999999999993));
#11561=CARTESIAN_POINT('',(45.,0.200000000000006,27.));
#11562=CARTESIAN_POINT('',(45.,79.,27.));
#11563=CARTESIAN_POINT('',(42.2489995996791,79.,30.8));
#11564=CARTESIAN_POINT('',(45.,0.2,-29.));
#11565=CARTESIAN_POINT('',(45.,0.199999999999999,-29.));
#11566=CARTESIAN_POINT('',(-45.,0.2,-29.));
#11567=CARTESIAN_POINT('',(45.,0.2,-29.));
#11568=CARTESIAN_POINT('',(45.,0.2,-12.5));
#11569=CARTESIAN_POINT('',(45.,0.2,-12.5));
#11570=CARTESIAN_POINT('',(-45.,0.2,-12.5));
#11571=CARTESIAN_POINT('',(-45.,0.2,-12.5));
#11572=CARTESIAN_POINT('',(-45.,0.2,-48.));
#11573=CARTESIAN_POINT('',(45.,0.,0.));
#11574=CARTESIAN_POINT('',(45.,0.2,-29.1));
#11575=CARTESIAN_POINT('',(45.,0.2,-29.1));
#11576=CARTESIAN_POINT('',(45.,31.2,-29.1));
#11577=CARTESIAN_POINT('',(45.,0.2,-29.));
#11578=CARTESIAN_POINT('',(45.,0.200000000000006,-44.));
#11579=CARTESIAN_POINT('',(45.,79.,-44.));
#11580=CARTESIAN_POINT('',(45.,35.1,-44.));
#11581=CARTESIAN_POINT('',(45.,35.1,-33.));
#11582=CARTESIAN_POINT('',(45.,35.1,-33.));
#11583=CARTESIAN_POINT('',(45.,31.2000000000016,-32.9999999999984));
#11584=CARTESIAN_POINT('',(-45.,0.,0.));
#11585=CARTESIAN_POINT('',(-45.,0.2,-12.5));
#11586=CARTESIAN_POINT('',(-45.,0.,-12.5));
#11587=CARTESIAN_POINT('',(-45.,0.,31.));
#11588=CARTESIAN_POINT('',(-45.,0.,12.5));
#11589=CARTESIAN_POINT('',(-45.,0.2,12.5));
#11590=CARTESIAN_POINT('',(-45.,0.2,12.5));
#11591=CARTESIAN_POINT('',(-45.,0.2,12.5));
#11592=CARTESIAN_POINT('',(-45.,44.2,27.));
#11593=CARTESIAN_POINT('',(-45.,44.2,14.25));
#11594=CARTESIAN_POINT('',(-45.,42.336396103068,14.25));
#11595=CARTESIAN_POINT('',(-45.,42.336396103068,14.25));
#11596=CARTESIAN_POINT('',(-45.,41.7,14.886396103068));
#11597=CARTESIAN_POINT('',(-45.,41.7,14.886396103068));
#11598=CARTESIAN_POINT('',(-45.,41.7,17.146446609407));
#11599=CARTESIAN_POINT('',(-45.,41.7,17.146446609407));
#11600=CARTESIAN_POINT('',(-45.,41.346446609407,17.5));
#11601=CARTESIAN_POINT('',(-45.,41.346446609407,17.5));
#11602=CARTESIAN_POINT('',(-45.,36.553553390593,17.5));
#11603=CARTESIAN_POINT('',(-45.,36.553553390593,17.5));
#11604=CARTESIAN_POINT('',(-45.,36.2,17.146446609407));
#11605=CARTESIAN_POINT('',(-45.,36.2,17.146446609407));
#11606=CARTESIAN_POINT('',(-45.,36.2,4.8535533905932));
#11607=CARTESIAN_POINT('',(-45.,36.2,4.8535533905932));
#11608=CARTESIAN_POINT('',(-45.,36.553553390593,4.4999999999999));
#11609=CARTESIAN_POINT('',(-45.,36.553553390593,4.4999999999999));
#11610=CARTESIAN_POINT('',(-45.,41.346446609407,4.4999999999999));
#11611=CARTESIAN_POINT('',(-45.,41.346446609407,4.4999999999999));
#11612=CARTESIAN_POINT('',(-45.,41.7,4.8535533905932));
#11613=CARTESIAN_POINT('',(-45.,41.7,4.8535533905932));
#11614=CARTESIAN_POINT('',(-45.,41.7,7.1136038969321));
#11615=CARTESIAN_POINT('',(-45.,41.7,7.1136038969321));
#11616=CARTESIAN_POINT('',(-45.,42.336396103068,7.75));
#11617=CARTESIAN_POINT('',(-45.,42.336396103068,7.75));
#11618=CARTESIAN_POINT('',(-45.,45.2,7.75));
#11619=CARTESIAN_POINT('',(-45.,44.2,7.75));
#11620=CARTESIAN_POINT('',(-45.,44.2000000000015,27.));
#11621=CARTESIAN_POINT('',(-45.,44.2,-7.75));
#11622=CARTESIAN_POINT('',(-45.,42.336396103068,-7.75));
#11623=CARTESIAN_POINT('',(-45.,42.336396103068,-7.75));
#11624=CARTESIAN_POINT('',(-45.,41.7,-7.1136038969321));
#11625=CARTESIAN_POINT('',(-45.,41.7,-7.1136038969321));
#11626=CARTESIAN_POINT('',(-45.,41.7,-4.8535533905932));
#11627=CARTESIAN_POINT('',(-45.,41.7,-4.8535533905932));
#11628=CARTESIAN_POINT('',(-45.,41.346446609407,-4.4999999999999));
#11629=CARTESIAN_POINT('',(-45.,41.346446609407,-4.4999999999999));
#11630=CARTESIAN_POINT('',(-45.,36.553553390593,-4.4999999999999));
#11631=CARTESIAN_POINT('',(-45.,36.553553390593,-4.4999999999999));
#11632=CARTESIAN_POINT('',(-45.,36.2,-4.8535533905932));
#11633=CARTESIAN_POINT('',(-45.,36.2,-4.8535533905932));
#11634=CARTESIAN_POINT('',(-45.,36.2,-17.146446609407));
#11635=CARTESIAN_POINT('',(-45.,36.2,-17.146446609407));
#11636=CARTESIAN_POINT('',(-45.,36.553553390593,-17.5));
#11637=CARTESIAN_POINT('',(-45.,36.553553390593,-17.5));
#11638=CARTESIAN_POINT('',(-45.,41.346446609407,-17.5));
#11639=CARTESIAN_POINT('',(-45.,41.346446609407,-17.5));
#11640=CARTESIAN_POINT('',(-45.,41.7,-17.146446609407));
#11641=CARTESIAN_POINT('',(-45.,41.7,-17.146446609407));
#11642=CARTESIAN_POINT('',(-45.,41.7,-14.886396103068));
#11643=CARTESIAN_POINT('',(-45.,41.7,-14.886396103068));
#11644=CARTESIAN_POINT('',(-45.,42.336396103068,-14.25));
#11645=CARTESIAN_POINT('',(-45.,42.336396103068,-14.25));
#11646=CARTESIAN_POINT('',(-45.,45.2,-14.25));
#11647=CARTESIAN_POINT('',(-45.,44.2000000000015,-14.25));
#11648=CARTESIAN_POINT('',(-45.,44.2,-44.));
#11649=CARTESIAN_POINT('',(-45.,44.2,-44.));
#11650=CARTESIAN_POINT('',(-45.,79.,-44.));
#11651=CARTESIAN_POINT('',(-45.,35.2,-44.));
#11652=CARTESIAN_POINT('',(-45.,35.2,-44.));
#11653=CARTESIAN_POINT('',(-45.,35.2,-33.));
#11654=CARTESIAN_POINT('',(-45.,31.1999999999993,-33.0000000000006));
#11655=CARTESIAN_POINT('',(-45.,31.2,-29.));
#11656=CARTESIAN_POINT('',(-45.,31.2,-29.));
#11657=CARTESIAN_POINT('',(45.,0.,0.));
#11658=CARTESIAN_POINT('',(45.,13.6,15.5));
#11659=CARTESIAN_POINT('',(45.,13.6,11.));
#11660=CARTESIAN_POINT('',(45.,0.,31.));
#11661=CARTESIAN_POINT('',(45.,0.,12.5));
#11662=CARTESIAN_POINT('',(45.,0.,-12.5));
#11663=CARTESIAN_POINT('',(45.,0.2,-12.5));
#11664=CARTESIAN_POINT('',(45.,31.2,-29.));
#11665=CARTESIAN_POINT('',(45.,31.2,-29.));
#11666=CARTESIAN_POINT('',(45.,31.1999999999993,-33.0000000000006));
#11667=CARTESIAN_POINT('',(45.,35.2,-33.));
#11668=CARTESIAN_POINT('',(45.,35.2,-44.));
#11669=CARTESIAN_POINT('',(45.,35.2,-44.));
#11670=CARTESIAN_POINT('',(45.,79.,-44.));
#11671=CARTESIAN_POINT('',(45.,44.2000000000015,-44.));
#11672=CARTESIAN_POINT('',(45.,44.2,-44.));
#11673=CARTESIAN_POINT('',(45.,44.2,-14.25));
#11674=CARTESIAN_POINT('',(45.,45.2,-14.25));
#11675=CARTESIAN_POINT('',(45.,42.336396103068,-14.25));
#11676=CARTESIAN_POINT('',(45.,42.336396103068,-14.25));
#11677=CARTESIAN_POINT('',(45.,41.7,-14.886396103068));
#11678=CARTESIAN_POINT('',(45.,41.7,-14.886396103068));
#11679=CARTESIAN_POINT('',(45.,41.7,-17.146446609407));
#11680=CARTESIAN_POINT('',(45.,41.7,-17.146446609407));
#11681=CARTESIAN_POINT('',(45.,41.346446609407,-17.5));
#11682=CARTESIAN_POINT('',(45.,41.346446609407,-17.5));
#11683=CARTESIAN_POINT('',(45.,36.553553390593,-17.5));
#11684=CARTESIAN_POINT('',(45.,36.553553390593,-17.5));
#11685=CARTESIAN_POINT('',(45.,36.2,-17.146446609407));
#11686=CARTESIAN_POINT('',(45.,36.2,-17.146446609407));
#11687=CARTESIAN_POINT('',(45.,36.2,-4.8535533905932));
#11688=CARTESIAN_POINT('',(45.,36.2,-4.8535533905932));
#11689=CARTESIAN_POINT('',(45.,36.553553390593,-4.4999999999999));
#11690=CARTESIAN_POINT('',(45.,36.553553390593,-4.4999999999999));
#11691=CARTESIAN_POINT('',(45.,41.346446609407,-4.4999999999999));
#11692=CARTESIAN_POINT('',(45.,41.346446609407,-4.4999999999999));
#11693=CARTESIAN_POINT('',(45.,41.7,-4.8535533905932));
#11694=CARTESIAN_POINT('',(45.,41.7,-4.8535533905932));
#11695=CARTESIAN_POINT('',(45.,41.7,-7.1136038969321));
#11696=CARTESIAN_POINT('',(45.,41.7,-7.1136038969321));
#11697=CARTESIAN_POINT('',(45.,42.336396103068,-7.75));
#11698=CARTESIAN_POINT('',(45.,42.336396103068,-7.75));
#11699=CARTESIAN_POINT('',(45.,44.2,-7.75));
#11700=CARTESIAN_POINT('',(45.,44.2,0.));
#11701=CARTESIAN_POINT('',(45.,44.2,7.75));
#11702=CARTESIAN_POINT('',(45.,45.2,7.75));
#11703=CARTESIAN_POINT('',(45.,42.336396103068,7.75));
#11704=CARTESIAN_POINT('',(45.,42.336396103068,7.75));
#11705=CARTESIAN_POINT('',(45.,41.7,7.1136038969321));
#11706=CARTESIAN_POINT('',(45.,41.7,7.1136038969321));
#11707=CARTESIAN_POINT('',(45.,41.7,4.8535533905932));
#11708=CARTESIAN_POINT('',(45.,41.7,4.8535533905932));
#11709=CARTESIAN_POINT('',(45.,41.346446609407,4.4999999999999));
#11710=CARTESIAN_POINT('',(45.,41.346446609407,4.4999999999999));
#11711=CARTESIAN_POINT('',(45.,36.553553390593,4.4999999999999));
#11712=CARTESIAN_POINT('',(45.,36.553553390593,4.4999999999999));
#11713=CARTESIAN_POINT('',(45.,36.2,4.8535533905932));
#11714=CARTESIAN_POINT('',(45.,36.2,4.8535533905932));
#11715=CARTESIAN_POINT('',(45.,36.2,17.146446609407));
#11716=CARTESIAN_POINT('',(45.,36.2,17.146446609407));
#11717=CARTESIAN_POINT('',(45.,36.553553390593,17.5));
#11718=CARTESIAN_POINT('',(45.,36.553553390593,17.5));
#11719=CARTESIAN_POINT('',(45.,41.346446609407,17.5));
#11720=CARTESIAN_POINT('',(45.,41.346446609407,17.5));
#11721=CARTESIAN_POINT('',(45.,41.7,17.146446609407));
#11722=CARTESIAN_POINT('',(45.,41.7,17.146446609407));
#11723=CARTESIAN_POINT('',(45.,41.7,14.886396103068));
#11724=CARTESIAN_POINT('',(45.,41.7,14.886396103068));
#11725=CARTESIAN_POINT('',(45.,42.336396103068,14.25));
#11726=CARTESIAN_POINT('',(45.,42.336396103068,14.25));
#11727=CARTESIAN_POINT('',(45.,44.2,14.25));
#11728=CARTESIAN_POINT('',(45.,44.2,27.));
#11729=CARTESIAN_POINT('',(45.,0.2,31.));
#11730=CARTESIAN_POINT('',(45.,0.2,12.5));
#11731=CARTESIAN_POINT('',(45.,0.2,12.5));
#11732=CARTESIAN_POINT('',(45.,0.,31.));
#11733=CARTESIAN_POINT('',(-22.5,0.,0.));
#11734=CARTESIAN_POINT('',(-22.5,0.,-2.));
#11735=CARTESIAN_POINT('',(22.5,0.,0.));
#11736=CARTESIAN_POINT('',(22.5,0.,-2.));
#11737=CARTESIAN_POINT('',(-15.,0.,0.));
#11738=CARTESIAN_POINT('',(-15.,0.,-2.5));
#11739=CARTESIAN_POINT('',(15.,0.,0.));
#11740=CARTESIAN_POINT('',(15.,0.,-2.5));
#11741=CARTESIAN_POINT('',(0.,0.,0.));
#11742=CARTESIAN_POINT('',(0.,0.,-6.1414213562373));
#11743=CARTESIAN_POINT('',(-45.,0.,-12.5));
#11744=CARTESIAN_POINT('',(45.,0.,12.5));
#11745=CARTESIAN_POINT('',(-45.,0.,0.));
#11746=CARTESIAN_POINT('',(-45.,0.2,-29.1));
#11747=CARTESIAN_POINT('',(-45.,0.2,-29.1));
#11748=CARTESIAN_POINT('',(-45.,31.2,-29.1));
#11749=CARTESIAN_POINT('',(-45.,31.2000000000016,-32.9999999999984));
#11750=CARTESIAN_POINT('',(-45.,35.1,-33.));
#11751=CARTESIAN_POINT('',(-45.,35.1,-33.));
#11752=CARTESIAN_POINT('',(-45.,35.1,-44.));
#11753=CARTESIAN_POINT('',(-45.,79.,-44.));
#11754=CARTESIAN_POINT('',(-45.,0.200000000000006,-44.));
#11755=CARTESIAN_POINT('',(-45.,0.2,-29.));
#11756=CARTESIAN_POINT('',(45.,0.2,-29.));
#11757=CARTESIAN_POINT('',(44.9,0.2,-29.1));
#11758=CARTESIAN_POINT('',(-40.9999999999994,0.200000000000006,-43.9999999999994));
#11759=CARTESIAN_POINT('',(-41.,0.200000000000006,-48.));
#11760=CARTESIAN_POINT('',(45.,0.2,-48.));
#11761=CARTESIAN_POINT('',(41.,0.200000000000006,-48.));
#11762=CARTESIAN_POINT('',(40.9999999999994,0.200000000000006,-43.9999999999994));
#11763=CARTESIAN_POINT('',(40.9999999999994,79.,-43.9999999999994));
#11764=CARTESIAN_POINT('',(41.,35.2,-44.));
#11765=CARTESIAN_POINT('',(41.,35.2,-48.));
#11766=CARTESIAN_POINT('',(41.,79.,-48.));
#11767=CARTESIAN_POINT('',(41.,44.2,-48.));
#11768=CARTESIAN_POINT('',(41.,44.2,-44.));
#11769=CARTESIAN_POINT('',(-40.9999999999994,79.,-43.9999999999994));
#11770=CARTESIAN_POINT('',(-41.,35.1,-44.));
#11771=CARTESIAN_POINT('',(-41.,35.1,-48.));
#11772=CARTESIAN_POINT('',(-41.,79.,-48.));
#11773=CARTESIAN_POINT('',(45.,0.,-48.));
#11774=CARTESIAN_POINT('',(40.8,32.,-48.));
#11775=CARTESIAN_POINT('',(40.8,32.,-48.));
#11776=CARTESIAN_POINT('',(40.8,3.2,-48.));
#11777=CARTESIAN_POINT('',(38.7999999999997,31.9999999999997,-48.));
#11778=CARTESIAN_POINT('',(38.8,34.,-48.));
#11779=CARTESIAN_POINT('',(-38.8,34.,-48.));
#11780=CARTESIAN_POINT('',(-38.8,34.,-48.));
#11781=CARTESIAN_POINT('',(-38.7999999999997,31.9999999999997,-48.));
#11782=CARTESIAN_POINT('',(-40.8,32.,-48.));
#11783=CARTESIAN_POINT('',(-40.8,3.2,-48.));
#11784=CARTESIAN_POINT('',(-40.8,3.2,-48.));
#11785=CARTESIAN_POINT('',(-38.7999999999999,3.20000000000014,-48.));
#11786=CARTESIAN_POINT('',(-38.8,1.2,-48.));
#11787=CARTESIAN_POINT('',(38.8,1.2,-48.));
#11788=CARTESIAN_POINT('',(38.8,1.2,-48.));
#11789=CARTESIAN_POINT('',(38.7999999999999,3.20000000000014,-48.));
#11790=CARTESIAN_POINT('',(41.,35.1,-48.));
#11791=CARTESIAN_POINT('',(41.,35.1,-48.));
#11792=CARTESIAN_POINT('',(41.,79.,-48.));
#11793=CARTESIAN_POINT('',(45.,0.,-48.));
#11794=CARTESIAN_POINT('',(41.,35.2,-48.));
#11795=CARTESIAN_POINT('',(-41.,35.2,-48.));
#11796=CARTESIAN_POINT('',(-41.,79.,-48.));
#11797=CARTESIAN_POINT('',(-41.,44.2000000000015,-48.));
#11798=CARTESIAN_POINT('',(41.,44.2,-48.));
#11799=CARTESIAN_POINT('',(45.,45.2,14.25));
#11800=CARTESIAN_POINT('',(-44.,45.2,27.));
#11801=CARTESIAN_POINT('',(-44.,45.2,14.25));
#11802=CARTESIAN_POINT('',(44.,45.2,27.));
#11803=CARTESIAN_POINT('',(44.,45.2,14.25));
#11804=CARTESIAN_POINT('',(45.,45.2,14.25));
#11805=CARTESIAN_POINT('',(45.,45.2,-48.));
#11806=CARTESIAN_POINT('',(41.,45.2,-47.));
#11807=CARTESIAN_POINT('',(41.,45.2,-47.));
#11808=CARTESIAN_POINT('',(-41.,45.2,-47.));
#11809=CARTESIAN_POINT('',(-41.,45.2,-44.));
#11810=CARTESIAN_POINT('',(-44.,45.2,-44.));
#11811=CARTESIAN_POINT('',(-44.,45.2,-44.));
#11812=CARTESIAN_POINT('',(-44.,45.2,-14.25));
#11813=CARTESIAN_POINT('',(45.,45.2,-14.25));
#11814=CARTESIAN_POINT('',(44.0000000000015,45.2,-14.25));
#11815=CARTESIAN_POINT('',(44.,45.2,-44.));
#11816=CARTESIAN_POINT('',(44.,45.2,-44.));
#11817=CARTESIAN_POINT('',(41.,45.2,-44.));
#11818=CARTESIAN_POINT('',(45.,31.2,-29.));
#11819=CARTESIAN_POINT('',(-44.9,31.2,-29.));
#11820=CARTESIAN_POINT('',(-44.9,31.2,-29.));
#11821=CARTESIAN_POINT('',(-44.9,31.2,-29.));
#11822=CARTESIAN_POINT('',(-44.9,0.3,-29.));
#11823=CARTESIAN_POINT('',(-45.,0.3,-29.));
#11824=CARTESIAN_POINT('',(44.9,0.3,-29.));
#11825=CARTESIAN_POINT('',(44.9,31.2,-29.));
#11826=CARTESIAN_POINT('',(44.9,31.2,-29.));
#11827=CARTESIAN_POINT('',(44.9,31.2,-29.));
#11828=CARTESIAN_POINT('',(45.,45.2,-14.25));
#11829=CARTESIAN_POINT('',(-44.0000000000015,44.2000000000015,-14.25));
#11830=CARTESIAN_POINT('',(45.,42.336396103068,-14.25));
#11831=CARTESIAN_POINT('',(44.0000000000015,44.2000000000015,-14.25));
#11832=CARTESIAN_POINT('',(45.,42.336396103068,-7.75));
#11833=CARTESIAN_POINT('',(-44.0000000000015,44.2000000000015,-7.75));
#11834=CARTESIAN_POINT('',(-44.,45.2,-7.75));
#11835=CARTESIAN_POINT('',(45.,45.2,-7.75));
#11836=CARTESIAN_POINT('',(44.,45.2,-7.75));
#11837=CARTESIAN_POINT('',(44.0000000000015,44.2000000000015,-7.75));
#11838=CARTESIAN_POINT('',(45.,42.336396103068,-7.75));
#11839=CARTESIAN_POINT('',(45.,45.2,-7.75));
#11840=CARTESIAN_POINT('',(-15.,45.2,0.));
#11841=CARTESIAN_POINT('',(-15.,45.2,-3.7));
#11842=CARTESIAN_POINT('',(15.,45.2,0.));
#11843=CARTESIAN_POINT('',(15.,45.2,-3.7));
#11844=CARTESIAN_POINT('',(-44.,45.2,27.));
#11845=CARTESIAN_POINT('',(-44.,45.2,7.75));
#11846=CARTESIAN_POINT('',(45.,45.2,7.75));
#11847=CARTESIAN_POINT('',(44.,45.2,7.75));
#11848=CARTESIAN_POINT('',(44.,45.2,27.));
#11849=CARTESIAN_POINT('',(45.,45.2,7.75));
#11850=CARTESIAN_POINT('',(-44.0000000000015,44.2000000000015,7.75));
#11851=CARTESIAN_POINT('',(45.,42.336396103068,7.75));
#11852=CARTESIAN_POINT('',(44.0000000000015,44.2000000000015,7.75));
#11853=CARTESIAN_POINT('',(45.,42.336396103068,14.25));
#11854=CARTESIAN_POINT('',(-44.0000000000015,44.2000000000015,14.25));
#11855=CARTESIAN_POINT('',(44.0000000000015,44.2000000000015,14.25));
#11856=CARTESIAN_POINT('',(45.,42.336396103068,14.25));
#11857=CARTESIAN_POINT('',(45.,42.336396103068,-14.25));
#11858=CARTESIAN_POINT('',(45.,41.7,-14.886396103068));
#11859=CARTESIAN_POINT('',(45.,41.7,-14.886396103068));
#11860=CARTESIAN_POINT('',(45.,41.7,-17.146446609407));
#11861=CARTESIAN_POINT('',(45.,41.7,-17.146446609407));
#11862=CARTESIAN_POINT('',(45.,41.346446609407,-17.5));
#11863=CARTESIAN_POINT('',(45.,41.346446609407,-17.5));
#11864=CARTESIAN_POINT('',(45.,36.553553390593,-17.5));
#11865=CARTESIAN_POINT('',(45.,36.553553390593,-17.5));
#11866=CARTESIAN_POINT('',(45.,36.2,-17.146446609407));
#11867=CARTESIAN_POINT('',(45.,36.2,-17.146446609407));
#11868=CARTESIAN_POINT('',(45.,36.2,-4.8535533905932));
#11869=CARTESIAN_POINT('',(45.,36.2,-4.8535533905932));
#11870=CARTESIAN_POINT('',(45.,36.553553390593,-4.4999999999999));
#11871=CARTESIAN_POINT('',(45.,36.553553390593,-4.4999999999999));
#11872=CARTESIAN_POINT('',(45.,41.346446609407,-4.4999999999999));
#11873=CARTESIAN_POINT('',(45.,41.346446609407,-4.4999999999999));
#11874=CARTESIAN_POINT('',(45.,41.7,-4.8535533905932));
#11875=CARTESIAN_POINT('',(45.,41.7,-4.8535533905932));
#11876=CARTESIAN_POINT('',(45.,41.7,-7.1136038969321));
#11877=CARTESIAN_POINT('',(45.,41.7,-7.1136038969321));
#11878=CARTESIAN_POINT('',(45.,42.336396103068,7.75));
#11879=CARTESIAN_POINT('',(45.,41.7,7.1136038969321));
#11880=CARTESIAN_POINT('',(45.,41.7,7.1136038969321));
#11881=CARTESIAN_POINT('',(45.,41.7,4.8535533905932));
#11882=CARTESIAN_POINT('',(45.,41.7,4.8535533905932));
#11883=CARTESIAN_POINT('',(45.,41.346446609407,4.4999999999999));
#11884=CARTESIAN_POINT('',(45.,41.346446609407,4.4999999999999));
#11885=CARTESIAN_POINT('',(45.,36.553553390593,4.4999999999999));
#11886=CARTESIAN_POINT('',(45.,36.553553390593,4.4999999999999));
#11887=CARTESIAN_POINT('',(45.,36.2,4.8535533905932));
#11888=CARTESIAN_POINT('',(45.,36.2,4.8535533905932));
#11889=CARTESIAN_POINT('',(45.,36.2,17.146446609407));
#11890=CARTESIAN_POINT('',(45.,36.2,17.146446609407));
#11891=CARTESIAN_POINT('',(45.,36.553553390593,17.5));
#11892=CARTESIAN_POINT('',(45.,36.553553390593,17.5));
#11893=CARTESIAN_POINT('',(45.,41.346446609407,17.5));
#11894=CARTESIAN_POINT('',(45.,41.346446609407,17.5));
#11895=CARTESIAN_POINT('',(45.,41.7,17.146446609407));
#11896=CARTESIAN_POINT('',(45.,41.7,17.146446609407));
#11897=CARTESIAN_POINT('',(45.,41.7,14.886396103068));
#11898=CARTESIAN_POINT('',(45.,41.7,14.886396103068));
#11899=CARTESIAN_POINT('',(-44.0000000000015,44.2000000000015,27.));
#11900=CARTESIAN_POINT('',(-44.0000000000015,44.2000000000015,27.));
#11901=CARTESIAN_POINT('',(44.0000000000015,44.2000000000015,27.));
#11902=CARTESIAN_POINT('',(44.0000000000015,44.2000000000015,27.));
#11903=CARTESIAN_POINT('',(44.0000000000015,44.2000000000015,-44.));
#11904=CARTESIAN_POINT('',(44.0000000000015,44.2000000000015,-44.));
#11905=CARTESIAN_POINT('',(-44.0000000000015,44.2000000000015,-44.));
#11906=CARTESIAN_POINT('',(-44.0000000000015,44.2000000000015,-44.));
#11907=CARTESIAN_POINT('',(41.,44.2000000000015,-47.0000000000015));
#11908=CARTESIAN_POINT('',(-41.,44.2000000000015,-47.0000000000015));
#11909=CARTESIAN_POINT('',(41.,44.2000000000015,-47.0000000000015));
#11910=CARTESIAN_POINT('',(41.,35.2,-47.9));
#11911=CARTESIAN_POINT('',(-41.,35.2,-47.9));
#11912=CARTESIAN_POINT('',(-41.,35.2,-47.9));
#11913=CARTESIAN_POINT('',(-41.,35.1,-47.9));
#11914=CARTESIAN_POINT('',(41.,35.2,-47.9));
#11915=CARTESIAN_POINT('',(41.,35.2,-47.9));
#11916=CARTESIAN_POINT('',(41.,35.2,-47.9));
#11917=CARTESIAN_POINT('',(41.,35.1,-47.9));
#11918=CARTESIAN_POINT('',(41.,35.1,-47.9));
#11919=CARTESIAN_POINT('',(41.,35.1,-47.9));
#11920=CARTESIAN_POINT('',(-44.9,35.1,-33.));
#11921=CARTESIAN_POINT('',(-44.9,35.1,-33.));
#11922=CARTESIAN_POINT('',(-44.9,35.1,-33.));
#11923=CARTESIAN_POINT('',(-44.9,35.1,-44.));
#11924=CARTESIAN_POINT('',(-41.,35.1,-44.));
#11925=CARTESIAN_POINT('',(41.,35.1,-44.));
#11926=CARTESIAN_POINT('',(44.9,35.1,-44.));
#11927=CARTESIAN_POINT('',(44.9,35.1,-33.));
#11928=CARTESIAN_POINT('',(44.9,35.1,-33.));
#11929=CARTESIAN_POINT('',(44.9,35.1,-33.));
#11930=CARTESIAN_POINT('',(41.,35.1,-44.));
#11931=CARTESIAN_POINT('',(41.,35.2,-48.));
#11932=CARTESIAN_POINT('',(-41.,35.2,-44.));
#11933=CARTESIAN_POINT('',(-44.9,35.2,-44.));
#11934=CARTESIAN_POINT('',(-44.9,35.2,-44.));
#11935=CARTESIAN_POINT('',(-44.9,35.2,-33.));
#11936=CARTESIAN_POINT('',(-44.9,35.2,-33.));
#11937=CARTESIAN_POINT('',(-41.,35.2,-44.));
#11938=CARTESIAN_POINT('',(44.9,35.2,-33.));
#11939=CARTESIAN_POINT('',(44.9,35.2,-33.));
#11940=CARTESIAN_POINT('',(44.9,35.2,-44.));
#11941=CARTESIAN_POINT('',(44.9,35.2,-44.));
#11942=CARTESIAN_POINT('',(41.,35.2,-44.));
#11943=CARTESIAN_POINT('',(41.,44.2000000000015,-44.));
#11944=CARTESIAN_POINT('',(-41.,44.2000000000015,-44.));
#11945=CARTESIAN_POINT('',(-41.,44.2,-44.));
#11946=CARTESIAN_POINT('',(-40.9999999999994,79.,-43.9999999999994));
#11947=CARTESIAN_POINT('',(40.9999999999994,79.,-43.9999999999994));
#11948=CARTESIAN_POINT('',(-41.,300.,-44.));
#11949=CARTESIAN_POINT('',(-44.9,35.1,-44.));
#11950=CARTESIAN_POINT('',(41.,-300.,-44.));
#11951=CARTESIAN_POINT('',(44.9,35.2,-44.));
#11952=CARTESIAN_POINT('',(44.9,31.1999999999993,-33.0000000000006));
#11953=CARTESIAN_POINT('',(44.9,31.1999999999993,-33.0000000000006));
#11954=CARTESIAN_POINT('',(44.9,0.2,-29.1));
#11955=CARTESIAN_POINT('',(44.9,0.2,-29.1));
#11956=CARTESIAN_POINT('',(44.9,0.3,-29.1));
#11957=CARTESIAN_POINT('',(44.9,31.2,-29.1));
#11958=CARTESIAN_POINT('',(-45.,0.3,-29.1));
#11959=CARTESIAN_POINT('',(-44.9,0.299999999999998,-29.1));
#11960=CARTESIAN_POINT('',(-44.9,0.2,-29.1));
#11961=CARTESIAN_POINT('',(-44.9,31.2,-29.1));
#11962=CARTESIAN_POINT('',(-44.9,31.2,-29.1));
#11963=CARTESIAN_POINT('',(44.9,31.2,-29.1));
#11964=CARTESIAN_POINT('',(44.9,31.2000000000016,-32.9999999999984));
#11965=CARTESIAN_POINT('',(44.9,31.2000000000016,-32.9999999999984));
#11966=CARTESIAN_POINT('',(44.9,31.1999999999993,-33.0000000000006));
#11967=CARTESIAN_POINT('',(44.9,0.300000000000002,-33.0000000000006));
#11968=CARTESIAN_POINT('',(-44.9,31.1999999999993,-33.0000000000006));
#11969=CARTESIAN_POINT('',(-44.9,31.1999999999993,-33.0000000000006));
#11970=CARTESIAN_POINT('',(-44.9,31.2000000000016,-32.9999999999984));
#11971=CARTESIAN_POINT('',(-44.9,31.2000000000016,-32.9999999999984));
#11972=CARTESIAN_POINT('',(-44.9,31.1999999999993,-33.0000000000006));
#11973=CARTESIAN_POINT('',(-44.9,0.300000000000002,-33.0000000000006));
#11974=CARTESIAN_POINT('',(0.,2.1,0.));
#11975=CARTESIAN_POINT('',(0.,2.1,0.));
#11976=CARTESIAN_POINT('',(0.,2.1,-6.));
#11977=CARTESIAN_POINT('',(0.,0.,0.));
#11978=CARTESIAN_POINT('',(0.,0.14142135623731,0.));
#11979=CARTESIAN_POINT('',(0.,0.14142135623731,-6.));
#11980=CARTESIAN_POINT('',(0.,0.14142135623731,0.));
#11981=CARTESIAN_POINT('',(15.,0.,0.));
#11982=CARTESIAN_POINT('',(15.,33.2,0.));
#11983=CARTESIAN_POINT('',(15.,33.2,-3.7));
#11984=CARTESIAN_POINT('',(18.7,33.2,0.));
#11985=CARTESIAN_POINT('',(15.,33.2,0.));
#11986=CARTESIAN_POINT('',(15.,33.2,-2.15));
#11987=CARTESIAN_POINT('',(15.,0.,0.));
#11988=CARTESIAN_POINT('',(15.,7.,0.));
#11989=CARTESIAN_POINT('',(15.,7.,-2.15));
#11990=CARTESIAN_POINT('',(17.15,7.,0.));
#11991=CARTESIAN_POINT('',(15.,7.,0.));
#11992=CARTESIAN_POINT('',(15.,7.,-2.067));
#11993=CARTESIAN_POINT('',(15.,0.,0.));
#11994=CARTESIAN_POINT('',(15.,0.433,0.));
#11995=CARTESIAN_POINT('',(15.,0.433,-2.067));
#11996=CARTESIAN_POINT('',(15.,0.433,0.));
#11997=CARTESIAN_POINT('',(-15.,0.,0.));
#11998=CARTESIAN_POINT('',(-15.,33.2,0.));
#11999=CARTESIAN_POINT('',(-15.,33.2,-3.7));
#12000=CARTESIAN_POINT('',(-11.3,33.2,0.));
#12001=CARTESIAN_POINT('',(-15.,33.2,0.));
#12002=CARTESIAN_POINT('',(-15.,33.2,-2.15));
#12003=CARTESIAN_POINT('',(-15.,0.,0.));
#12004=CARTESIAN_POINT('',(-15.,7.,0.));
#12005=CARTESIAN_POINT('',(-15.,7.,-2.15));
#12006=CARTESIAN_POINT('',(-12.85,7.,0.));
#12007=CARTESIAN_POINT('',(-15.,7.,0.));
#12008=CARTESIAN_POINT('',(-15.,7.,-2.067));
#12009=CARTESIAN_POINT('',(-15.,0.,0.));
#12010=CARTESIAN_POINT('',(-15.,0.433,0.));
#12011=CARTESIAN_POINT('',(-15.,0.433,-2.067));
#12012=CARTESIAN_POINT('',(-15.,0.433,0.));
#12013=CARTESIAN_POINT('',(22.5,7.2017212380551,0.));
#12014=CARTESIAN_POINT('',(22.5,6.,0.));
#12015=CARTESIAN_POINT('',(22.5,6.,-2.));
#12016=CARTESIAN_POINT('',(22.5,7.2017212380551,0.));
#12017=CARTESIAN_POINT('',(22.5,0.,0.));
#12018=CARTESIAN_POINT('',(-22.5,7.2017212380551,0.));
#12019=CARTESIAN_POINT('',(-22.5,6.,0.));
#12020=CARTESIAN_POINT('',(-22.5,6.,-2.));
#12021=CARTESIAN_POINT('',(-22.5,7.2017212380551,0.));
#12022=CARTESIAN_POINT('',(-22.5,0.,0.));
#12023=CARTESIAN_POINT('',(0.,0.2,0.));
#12024=CARTESIAN_POINT('',(45.,0.2,12.5));
#12025=CARTESIAN_POINT('',(45.,0.2,12.5));
#12026=CARTESIAN_POINT('',(-45.,0.2,-12.5));
#12027=CARTESIAN_POINT('',(48.5,7.2,-37.));
#12028=CARTESIAN_POINT('',(48.,7.2,-37.));
#12029=CARTESIAN_POINT('',(48.,7.2,-39.75));
#12030=CARTESIAN_POINT('',(45.,7.2,-37.));
#12031=CARTESIAN_POINT('',(45.,7.2,-39.75));
#12032=CARTESIAN_POINT('',(47.9999999999991,7.2,-37.));
#12033=CARTESIAN_POINT('',(45.,0.,0.));
#12034=CARTESIAN_POINT('',(-45.,0.3,-29.1));
#12035=CARTESIAN_POINT('',(-7.,29.,23.798278761945));
#12036=CARTESIAN_POINT('',(-7.,29.,25.));
#12037=CARTESIAN_POINT('',(-5.,29.,25.));
#12038=CARTESIAN_POINT('',(-7.,29.,23.798278761945));
#12039=CARTESIAN_POINT('',(-7.,29.,31.));
#12040=CARTESIAN_POINT('',(7.,29.,23.798278761945));
#12041=CARTESIAN_POINT('',(7.,29.,25.));
#12042=CARTESIAN_POINT('',(9.,29.,25.));
#12043=CARTESIAN_POINT('',(7.,29.,23.798278761945));
#12044=CARTESIAN_POINT('',(7.,29.,31.));
#12045=CARTESIAN_POINT('',(-17.,29.,21.75802110047));
#12046=CARTESIAN_POINT('',(-17.,29.,23.));
#12047=CARTESIAN_POINT('',(-14.933,29.,23.));
#12048=CARTESIAN_POINT('',(-17.,29.,21.75802110047));
#12049=CARTESIAN_POINT('',(-17.,29.,31.));
#12050=CARTESIAN_POINT('',(-17.,29.,30.567));
#12051=CARTESIAN_POINT('',(-14.933,29.,30.567));
#12052=CARTESIAN_POINT('',(-17.,29.,30.567));
#12053=CARTESIAN_POINT('',(17.,29.,21.75802110047));
#12054=CARTESIAN_POINT('',(17.,29.,23.));
#12055=CARTESIAN_POINT('',(19.067,29.,23.));
#12056=CARTESIAN_POINT('',(17.,29.,21.75802110047));
#12057=CARTESIAN_POINT('',(17.,29.,31.));
#12058=CARTESIAN_POINT('',(17.,29.,30.567));
#12059=CARTESIAN_POINT('',(19.067,29.,30.567));
#12060=CARTESIAN_POINT('',(17.,29.,30.567));
#12061=CARTESIAN_POINT('',(45.,35.2,31.));
#12062=CARTESIAN_POINT('',(45.,35.2,30.8));
#12063=CARTESIAN_POINT('',(45.,35.2,30.8));
#12064=CARTESIAN_POINT('',(46.3,5.1556213738464,-31.359032349594));
#12065=CARTESIAN_POINT('',(46.3,5.1556213738464,-31.359032349594));
#12066=CARTESIAN_POINT('',(46.3,5.7093266739737,-32.318078061835));
#12067=CARTESIAN_POINT('',(46.3,5.7093266739737,-32.318078061835));
#12068=CARTESIAN_POINT('',(46.3,3.8906733260263,-33.368078061835));
#12069=CARTESIAN_POINT('',(46.3,3.8906733260263,-33.368078061835));
#12070=CARTESIAN_POINT('',(46.3,3.8906733260263,-33.368078061835));
#12071=CARTESIAN_POINT('',(46.3,3.8906733260263,-33.368078061835));
#12072=CARTESIAN_POINT('',(46.3,4.79999996752366,-32.8430780055843));
#12073=CARTESIAN_POINT('',(46.3,4.79999996752366,-32.8430780055843));
#12074=CARTESIAN_POINT('',(46.3,7.2,-37.));
#12075=CARTESIAN_POINT('',(46.3,3.336968025899,-41.590967650406));
#12076=CARTESIAN_POINT('',(46.3,3.336968025899,-41.590967650406));
#12077=CARTESIAN_POINT('',(46.3,3.8906733260263,-40.631921938165));
#12078=CARTESIAN_POINT('',(46.3,3.8906733260263,-40.631921938165));
#12079=CARTESIAN_POINT('',(46.3,5.7093266739736,-41.681921938165));
#12080=CARTESIAN_POINT('',(46.3,5.7093266739736,-41.681921938165));
#12081=CARTESIAN_POINT('',(46.3,5.7093266739736,-41.681921938165));
#12082=CARTESIAN_POINT('',(46.3,5.7093266739736,-41.681921938165));
#12083=CARTESIAN_POINT('',(46.3,4.79999999999968,-41.1569219381655));
#12084=CARTESIAN_POINT('',(46.3,4.79999999999968,-41.1569219381655));
#12085=CARTESIAN_POINT('',(46.3,7.2,-37.));
#12086=CARTESIAN_POINT('',(46.3,12.,-35.95));
#12087=CARTESIAN_POINT('',(46.3,12.,-35.95));
#12088=CARTESIAN_POINT('',(46.3,12.,-35.95));
#12089=CARTESIAN_POINT('',(46.3,12.,-35.95));
#12090=CARTESIAN_POINT('',(46.3,12.,-37.));
#12091=CARTESIAN_POINT('',(46.3,12.,-38.05));
#12092=CARTESIAN_POINT('',(46.3,12.,-38.05));
#12093=CARTESIAN_POINT('',(46.3,12.,-37.));
#12094=CARTESIAN_POINT('',(46.3,13.107410600255,-38.05));
#12095=CARTESIAN_POINT('',(46.3,13.107410600255,-38.05));
#12096=CARTESIAN_POINT('',(46.3,7.2,-37.));
#12097=CARTESIAN_POINT('',(38.7999999999997,31.9999999999997,-47.95));
#12098=CARTESIAN_POINT('',(40.8,32.,-47.95));
#12099=CARTESIAN_POINT('',(40.8,32.,-47.95));
#12100=CARTESIAN_POINT('',(38.7999999999997,31.9999999999997,-47.95));
#12101=CARTESIAN_POINT('',(38.8,34.,-47.95));
#12102=CARTESIAN_POINT('',(38.8,34.,-47.95));
#12103=CARTESIAN_POINT('',(40.8,32.,-47.95));
#12104=CARTESIAN_POINT('',(40.8,3.2,-47.95));
#12105=CARTESIAN_POINT('',(40.8,3.2,-47.95));
#12106=CARTESIAN_POINT('',(40.8,32.,-47.95));
#12107=CARTESIAN_POINT('',(38.7999999999999,3.20000000000014,-47.95));
#12108=CARTESIAN_POINT('',(38.8,1.2,-47.95));
#12109=CARTESIAN_POINT('',(38.8,1.2,-47.95));
#12110=CARTESIAN_POINT('',(38.7999999999999,3.20000000000014,-47.95));
#12111=CARTESIAN_POINT('',(38.8,1.2,-47.95));
#12112=CARTESIAN_POINT('',(-38.8,1.2,-47.95));
#12113=CARTESIAN_POINT('',(-38.8,1.2,-47.95));
#12114=CARTESIAN_POINT('',(38.8,1.2,-47.95));
#12115=CARTESIAN_POINT('',(-38.7999999999999,3.20000000000014,-47.95));
#12116=CARTESIAN_POINT('',(-40.8,3.2,-47.95));
#12117=CARTESIAN_POINT('',(-40.8,3.2,-47.95));
#12118=CARTESIAN_POINT('',(-38.7999999999999,3.20000000000014,-47.95));
#12119=CARTESIAN_POINT('',(-40.8,3.2,-47.95));
#12120=CARTESIAN_POINT('',(-40.8,32.,-47.95));
#12121=CARTESIAN_POINT('',(-40.8,32.,-47.95));
#12122=CARTESIAN_POINT('',(-40.8,3.2,-47.95));
#12123=CARTESIAN_POINT('',(-38.7999999999997,31.9999999999997,-47.95));
#12124=CARTESIAN_POINT('',(-38.8,34.,-47.95));
#12125=CARTESIAN_POINT('',(-38.8,34.,-47.95));
#12126=CARTESIAN_POINT('',(-38.7999999999997,31.9999999999997,-47.95));
#12127=CARTESIAN_POINT('',(-28.85,14.2,-47.95));
#12128=CARTESIAN_POINT('',(-28.85,14.2,-48.));
#12129=CARTESIAN_POINT('',(-28.85,14.2,-48.));
#12130=CARTESIAN_POINT('',(-27.35,13.45,-48.));
#12131=CARTESIAN_POINT('',(-28.85,14.2,-47.95));
#12132=CARTESIAN_POINT('',(-28.85,14.2,-47.95));
#12133=CARTESIAN_POINT('',(-28.85,14.2,-47.95));
#12134=CARTESIAN_POINT('',(-27.35,13.45,-47.95));
#12135=CARTESIAN_POINT('',(-27.35,13.45,-47.95));
#12136=CARTESIAN_POINT('',(-28.85,12.7,-47.95));
#12137=CARTESIAN_POINT('',(-28.85,12.7,-48.));
#12138=CARTESIAN_POINT('',(-28.85,12.7,-48.));
#12139=CARTESIAN_POINT('',(-28.85,12.7,-47.95));
#12140=CARTESIAN_POINT('',(-28.85,12.7,-47.95));
#12141=CARTESIAN_POINT('',(-28.85,12.7,-47.95));
#12142=CARTESIAN_POINT('',(-26.9,14.2,-47.95));
#12143=CARTESIAN_POINT('',(-26.9,14.2,-48.));
#12144=CARTESIAN_POINT('',(-26.9,14.2,-48.));
#12145=CARTESIAN_POINT('',(-26.4,14.2,-48.));
#12146=CARTESIAN_POINT('',(-26.9,14.2,-47.95));
#12147=CARTESIAN_POINT('',(-26.9,14.2,-47.95));
#12148=CARTESIAN_POINT('',(-26.9,14.2,-47.95));
#12149=CARTESIAN_POINT('',(-26.4,14.2,-47.95));
#12150=CARTESIAN_POINT('',(-26.4,14.2,-47.95));
#12151=CARTESIAN_POINT('',(-26.9,12.7,-47.95));
#12152=CARTESIAN_POINT('',(-26.9,12.7,-48.));
#12153=CARTESIAN_POINT('',(-26.9,12.7,-48.));
#12154=CARTESIAN_POINT('',(-26.9,12.7,-47.95));
#12155=CARTESIAN_POINT('',(-26.9,12.7,-47.95));
#12156=CARTESIAN_POINT('',(-26.9,12.7,-47.95));
#12157=CARTESIAN_POINT('',(-26.4,12.7,-47.95));
#12158=CARTESIAN_POINT('',(-26.4,12.7,-48.));
#12159=CARTESIAN_POINT('',(-26.4,12.7,-48.));
#12160=CARTESIAN_POINT('',(-26.4,12.7,-47.95));
#12161=CARTESIAN_POINT('',(-26.4,12.7,-47.95));
#12162=CARTESIAN_POINT('',(-26.4,12.7,-47.95));
#12163=CARTESIAN_POINT('',(-24.6,14.273,-47.95));
#12164=CARTESIAN_POINT('',(-24.6,14.273,-48.));
#12165=CARTESIAN_POINT('',(-24.6,14.273,-48.));
#12166=CARTESIAN_POINT('',(-23.777,13.45,-48.));
#12167=CARTESIAN_POINT('',(-24.6,14.273,-47.95));
#12168=CARTESIAN_POINT('',(-24.6,14.273,-47.95));
#12169=CARTESIAN_POINT('',(-24.6,14.273,-47.95));
#12170=CARTESIAN_POINT('',(-23.777,13.45,-47.95));
#12171=CARTESIAN_POINT('',(-23.777,13.45,-47.95));
#12172=CARTESIAN_POINT('',(-24.6,12.627,-47.95));
#12173=CARTESIAN_POINT('',(-24.6,12.627,-48.));
#12174=CARTESIAN_POINT('',(-24.6,12.627,-48.));
#12175=CARTESIAN_POINT('',(-24.6,12.627,-47.95));
#12176=CARTESIAN_POINT('',(-24.6,12.627,-47.95));
#12177=CARTESIAN_POINT('',(-24.6,12.627,-47.95));
#12178=CARTESIAN_POINT('',(-24.423,14.45,-47.95));
#12179=CARTESIAN_POINT('',(-24.423,14.45,-48.));
#12180=CARTESIAN_POINT('',(-24.423,14.45,-48.));
#12181=CARTESIAN_POINT('',(-22.777,14.45,-48.));
#12182=CARTESIAN_POINT('',(-24.423,14.45,-47.95));
#12183=CARTESIAN_POINT('',(-24.423,14.45,-47.95));
#12184=CARTESIAN_POINT('',(-24.423,14.45,-47.95));
#12185=CARTESIAN_POINT('',(-22.777,14.45,-47.95));
#12186=CARTESIAN_POINT('',(-22.777,14.45,-47.95));
#12187=CARTESIAN_POINT('',(-23.6,13.627,-47.95));
#12188=CARTESIAN_POINT('',(-23.6,13.627,-48.));
#12189=CARTESIAN_POINT('',(-23.6,13.627,-48.));
#12190=CARTESIAN_POINT('',(-23.6,13.627,-47.95));
#12191=CARTESIAN_POINT('',(-23.6,13.627,-47.95));
#12192=CARTESIAN_POINT('',(-23.6,13.627,-47.95));
#12193=CARTESIAN_POINT('',(-23.6,13.274,-47.95));
#12194=CARTESIAN_POINT('',(-23.6,13.274,-48.));
#12195=CARTESIAN_POINT('',(-23.6,13.274,-48.));
#12196=CARTESIAN_POINT('',(-22.776,12.45,-48.));
#12197=CARTESIAN_POINT('',(-23.6,13.274,-47.95));
#12198=CARTESIAN_POINT('',(-23.6,13.274,-47.95));
#12199=CARTESIAN_POINT('',(-23.6,13.274,-47.95));
#12200=CARTESIAN_POINT('',(-22.776,12.45,-47.95));
#12201=CARTESIAN_POINT('',(-22.776,12.45,-47.95));
#12202=CARTESIAN_POINT('',(-24.424,12.45,-47.95));
#12203=CARTESIAN_POINT('',(-24.424,12.45,-48.));
#12204=CARTESIAN_POINT('',(-24.424,12.45,-48.));
#12205=CARTESIAN_POINT('',(-24.424,12.45,-47.95));
#12206=CARTESIAN_POINT('',(-24.424,12.45,-47.95));
#12207=CARTESIAN_POINT('',(-24.424,12.45,-47.95));
#12208=CARTESIAN_POINT('',(-22.6,14.272525939177,-47.95));
#12209=CARTESIAN_POINT('',(-22.6,14.272525939177,-48.));
#12210=CARTESIAN_POINT('',(-22.6,14.272525939177,-48.));
#12211=CARTESIAN_POINT('',(-22.6,12.627474060823,-48.));
#12212=CARTESIAN_POINT('',(-22.6,14.272525939177,-47.95));
#12213=CARTESIAN_POINT('',(-22.6,14.272525939177,-47.95));
#12214=CARTESIAN_POINT('',(-22.6,14.272525939177,-47.95));
#12215=CARTESIAN_POINT('',(-22.6,12.627474060823,-47.95));
#12216=CARTESIAN_POINT('',(-22.6,12.627474060823,-47.95));
#12217=CARTESIAN_POINT('',(-23.424,13.45,-47.95));
#12218=CARTESIAN_POINT('',(-23.424,13.45,-48.));
#12219=CARTESIAN_POINT('',(-23.424,13.45,-48.));
#12220=CARTESIAN_POINT('',(-23.424,13.45,-47.95));
#12221=CARTESIAN_POINT('',(-23.424,13.45,-47.95));
#12222=CARTESIAN_POINT('',(-23.424,13.45,-47.95));
#12223=CARTESIAN_POINT('',(-23.452309626921,13.45,-47.95));
#12224=CARTESIAN_POINT('',(-23.452309626921,13.45,-48.));
#12225=CARTESIAN_POINT('',(-23.452309626921,13.45,-48.));
#12226=CARTESIAN_POINT('',(-22.6,12.599215077241,-48.));
#12227=CARTESIAN_POINT('',(-23.452309626921,13.45,-47.95));
#12228=CARTESIAN_POINT('',(-23.452309626921,13.45,-47.95));
#12229=CARTESIAN_POINT('',(-23.452309626921,13.45,-47.95));
#12230=CARTESIAN_POINT('',(-22.6,12.599215077241,-47.95));
#12231=CARTESIAN_POINT('',(-22.6,12.599215077241,-47.95));
#12232=CARTESIAN_POINT('',(-22.6,14.300784922759,-47.95));
#12233=CARTESIAN_POINT('',(-22.6,14.300784922759,-48.));
#12234=CARTESIAN_POINT('',(-22.6,14.300784922759,-48.));
#12235=CARTESIAN_POINT('',(-22.6,14.300784922759,-47.95));
#12236=CARTESIAN_POINT('',(-22.6,14.300784922759,-47.95));
#12237=CARTESIAN_POINT('',(-22.6,14.300784922759,-47.95));
#12238=CARTESIAN_POINT('',(-22.6,14.45,-47.95));
#12239=CARTESIAN_POINT('',(-22.6,14.45,-48.));
#12240=CARTESIAN_POINT('',(-22.6,14.45,-48.));
#12241=CARTESIAN_POINT('',(-22.6,14.45,-47.95));
#12242=CARTESIAN_POINT('',(-22.6,14.45,-47.95));
#12243=CARTESIAN_POINT('',(-22.6,14.45,-47.95));
#12244=CARTESIAN_POINT('',(-22.748715728753,14.45,-47.95));
#12245=CARTESIAN_POINT('',(-22.748715728753,14.45,-48.));
#12246=CARTESIAN_POINT('',(-22.748715728753,14.45,-48.));
#12247=CARTESIAN_POINT('',(-22.748715728753,14.45,-47.95));
#12248=CARTESIAN_POINT('',(-22.748715728753,14.45,-47.95));
#12249=CARTESIAN_POINT('',(-22.748715728753,14.45,-47.95));
#12250=CARTESIAN_POINT('',(-23.6,13.598715728753,-47.95));
#12251=CARTESIAN_POINT('',(-23.6,13.598715728753,-48.));
#12252=CARTESIAN_POINT('',(-23.6,13.598715728753,-48.));
#12253=CARTESIAN_POINT('',(-23.6,13.598715728753,-47.95));
#12254=CARTESIAN_POINT('',(-23.6,13.598715728753,-47.95));
#12255=CARTESIAN_POINT('',(-23.6,13.598715728753,-47.95));
#12256=CARTESIAN_POINT('',(-24.451284271247,14.45,-47.95));
#12257=CARTESIAN_POINT('',(-24.451284271247,14.45,-48.));
#12258=CARTESIAN_POINT('',(-24.451284271247,14.45,-48.));
#12259=CARTESIAN_POINT('',(-24.451284271247,14.45,-47.95));
#12260=CARTESIAN_POINT('',(-24.451284271247,14.45,-47.95));
#12261=CARTESIAN_POINT('',(-24.451284271247,14.45,-47.95));
#12262=CARTESIAN_POINT('',(-24.6,14.45,-47.95));
#12263=CARTESIAN_POINT('',(-24.6,14.45,-48.));
#12264=CARTESIAN_POINT('',(-24.6,14.45,-48.));
#12265=CARTESIAN_POINT('',(-24.6,14.45,-47.95));
#12266=CARTESIAN_POINT('',(-24.6,14.45,-47.95));
#12267=CARTESIAN_POINT('',(-24.6,14.45,-47.95));
#12268=CARTESIAN_POINT('',(-24.6,14.301284271247,-47.95));
#12269=CARTESIAN_POINT('',(-24.6,14.301284271247,-48.));
#12270=CARTESIAN_POINT('',(-24.6,14.301284271247,-48.));
#12271=CARTESIAN_POINT('',(-24.6,14.301284271247,-47.95));
#12272=CARTESIAN_POINT('',(-24.6,14.301284271247,-47.95));
#12273=CARTESIAN_POINT('',(-24.6,14.301284271247,-47.95));
#12274=CARTESIAN_POINT('',(-23.748715728753,13.45,-47.95));
#12275=CARTESIAN_POINT('',(-23.748715728753,13.45,-48.));
#12276=CARTESIAN_POINT('',(-23.748715728753,13.45,-48.));
#12277=CARTESIAN_POINT('',(-23.748715728753,13.45,-47.95));
#12278=CARTESIAN_POINT('',(-23.748715728753,13.45,-47.95));
#12279=CARTESIAN_POINT('',(-23.748715728753,13.45,-47.95));
#12280=CARTESIAN_POINT('',(-24.6,12.598715728753,-47.95));
#12281=CARTESIAN_POINT('',(-24.6,12.598715728753,-48.));
#12282=CARTESIAN_POINT('',(-24.6,12.598715728753,-48.));
#12283=CARTESIAN_POINT('',(-24.6,12.598715728753,-47.95));
#12284=CARTESIAN_POINT('',(-24.6,12.598715728753,-47.95));
#12285=CARTESIAN_POINT('',(-24.6,12.598715728753,-47.95));
#12286=CARTESIAN_POINT('',(-24.6,12.45,-47.95));
#12287=CARTESIAN_POINT('',(-24.6,12.45,-48.));
#12288=CARTESIAN_POINT('',(-24.6,12.45,-48.));
#12289=CARTESIAN_POINT('',(-24.6,12.45,-47.95));
#12290=CARTESIAN_POINT('',(-24.6,12.45,-47.95));
#12291=CARTESIAN_POINT('',(-24.6,12.45,-47.95));
#12292=CARTESIAN_POINT('',(-24.452284271247,12.45,-47.95));
#12293=CARTESIAN_POINT('',(-24.452284271247,12.45,-48.));
#12294=CARTESIAN_POINT('',(-24.452284271247,12.45,-48.));
#12295=CARTESIAN_POINT('',(-24.452284271247,12.45,-47.95));
#12296=CARTESIAN_POINT('',(-24.452284271247,12.45,-47.95));
#12297=CARTESIAN_POINT('',(-24.452284271247,12.45,-47.95));
#12298=CARTESIAN_POINT('',(-23.6,13.302284271247,-47.95));
#12299=CARTESIAN_POINT('',(-23.6,13.302284271247,-48.));
#12300=CARTESIAN_POINT('',(-23.6,13.302284271247,-48.));
#12301=CARTESIAN_POINT('',(-23.6,13.302284271247,-47.95));
#12302=CARTESIAN_POINT('',(-23.6,13.302284271247,-47.95));
#12303=CARTESIAN_POINT('',(-23.6,13.302284271247,-47.95));
#12304=CARTESIAN_POINT('',(-22.747715728753,12.45,-47.95));
#12305=CARTESIAN_POINT('',(-22.747715728753,12.45,-48.));
#12306=CARTESIAN_POINT('',(-22.747715728753,12.45,-48.));
#12307=CARTESIAN_POINT('',(-22.747715728753,12.45,-47.95));
#12308=CARTESIAN_POINT('',(-22.747715728753,12.45,-47.95));
#12309=CARTESIAN_POINT('',(-22.747715728753,12.45,-47.95));
#12310=CARTESIAN_POINT('',(-22.6,12.45,-47.95));
#12311=CARTESIAN_POINT('',(-22.6,12.45,-48.));
#12312=CARTESIAN_POINT('',(-22.6,12.45,-48.));
#12313=CARTESIAN_POINT('',(-22.6,12.45,-47.95));
#12314=CARTESIAN_POINT('',(-22.6,12.45,-47.95));
#12315=CARTESIAN_POINT('',(-22.6,12.45,-47.95));
#12316=CARTESIAN_POINT('',(-19.725,13.,-47.95));
#12317=CARTESIAN_POINT('',(-19.725,13.,-48.));
#12318=CARTESIAN_POINT('',(-19.725,13.,-48.));
#12319=CARTESIAN_POINT('',(-19.475,13.,-48.));
#12320=CARTESIAN_POINT('',(-19.725,13.,-47.95));
#12321=CARTESIAN_POINT('',(-19.725,13.,-47.95));
#12322=CARTESIAN_POINT('',(-19.725,13.,-47.95));
#12323=CARTESIAN_POINT('',(-19.475,13.,-47.95));
#12324=CARTESIAN_POINT('',(-19.475,13.,-47.95));
#12325=CARTESIAN_POINT('',(-19.725,12.16,-47.95));
#12326=CARTESIAN_POINT('',(-19.725,12.16,-48.));
#12327=CARTESIAN_POINT('',(-19.725,12.16,-48.));
#12328=CARTESIAN_POINT('',(-19.725,12.16,-47.95));
#12329=CARTESIAN_POINT('',(-19.725,12.16,-47.95));
#12330=CARTESIAN_POINT('',(-19.725,12.16,-47.95));
#12331=CARTESIAN_POINT('',(-19.475,12.16,-47.95));
#12332=CARTESIAN_POINT('',(-19.475,12.16,-48.));
#12333=CARTESIAN_POINT('',(-19.475,12.16,-48.));
#12334=CARTESIAN_POINT('',(-19.475,12.16,-47.95));
#12335=CARTESIAN_POINT('',(-19.475,12.16,-47.95));
#12336=CARTESIAN_POINT('',(-19.475,12.16,-47.95));
#12337=CARTESIAN_POINT('',(-19.95,12.787,-47.95));
#12338=CARTESIAN_POINT('',(-19.95,12.787,-48.));
#12339=CARTESIAN_POINT('',(-19.95,12.787,-48.));
#12340=CARTESIAN_POINT('',(-19.95,12.514,-48.));
#12341=CARTESIAN_POINT('',(-19.95,12.787,-47.95));
#12342=CARTESIAN_POINT('',(-19.95,12.787,-47.95));
#12343=CARTESIAN_POINT('',(-19.95,12.787,-47.95));
#12344=CARTESIAN_POINT('',(-19.95,12.514,-47.95));
#12345=CARTESIAN_POINT('',(-19.95,12.514,-47.95));
#12346=CARTESIAN_POINT('',(-19.6,13.450324958071,-47.95));
#12347=CARTESIAN_POINT('',(-19.6,13.450324958071,-48.));
#12348=CARTESIAN_POINT('',(-19.25,12.787,-48.));
#12349=CARTESIAN_POINT('',(-19.25,12.787,-47.95));
#12350=CARTESIAN_POINT('',(-19.25,12.787,-47.95));
#12351=CARTESIAN_POINT('',(-19.6,13.450324958071,-47.95));
#12352=CARTESIAN_POINT('',(-19.25,12.514,-47.95));
#12353=CARTESIAN_POINT('',(-19.25,12.514,-48.));
#12354=CARTESIAN_POINT('',(-19.25,12.514,-48.));
#12355=CARTESIAN_POINT('',(-19.25,12.514,-47.95));
#12356=CARTESIAN_POINT('',(-19.25,12.514,-47.95));
#12357=CARTESIAN_POINT('',(-19.25,12.514,-47.95));
#12358=CARTESIAN_POINT('',(-17.35,14.2,-47.95));
#12359=CARTESIAN_POINT('',(-17.35,14.2,-48.));
#12360=CARTESIAN_POINT('',(-17.35,14.2,-48.));
#12361=CARTESIAN_POINT('',(-15.85,13.45,-48.));
#12362=CARTESIAN_POINT('',(-17.35,14.2,-47.95));
#12363=CARTESIAN_POINT('',(-17.35,14.2,-47.95));
#12364=CARTESIAN_POINT('',(-17.35,14.2,-47.95));
#12365=CARTESIAN_POINT('',(-15.85,13.45,-47.95));
#12366=CARTESIAN_POINT('',(-15.85,13.45,-47.95));
#12367=CARTESIAN_POINT('',(-17.35,12.7,-47.95));
#12368=CARTESIAN_POINT('',(-17.35,12.7,-48.));
#12369=CARTESIAN_POINT('',(-17.35,12.7,-48.));
#12370=CARTESIAN_POINT('',(-17.35,12.7,-47.95));
#12371=CARTESIAN_POINT('',(-17.35,12.7,-47.95));
#12372=CARTESIAN_POINT('',(-17.35,12.7,-47.95));
#12373=CARTESIAN_POINT('',(-13.9,14.2,-47.95));
#12374=CARTESIAN_POINT('',(-13.9,14.2,-48.));
#12375=CARTESIAN_POINT('',(-13.9,14.2,-48.));
#12376=CARTESIAN_POINT('',(-13.9,12.7,-48.));
#12377=CARTESIAN_POINT('',(-13.9,14.2,-47.95));
#12378=CARTESIAN_POINT('',(-13.9,14.2,-47.95));
#12379=CARTESIAN_POINT('',(-13.9,14.2,-47.95));
#12380=CARTESIAN_POINT('',(-13.9,12.7,-47.95));
#12381=CARTESIAN_POINT('',(-13.9,12.7,-47.95));
#12382=CARTESIAN_POINT('',(-15.4,13.45,-47.95));
#12383=CARTESIAN_POINT('',(-15.4,13.45,-48.));
#12384=CARTESIAN_POINT('',(-15.4,13.45,-48.));
#12385=CARTESIAN_POINT('',(-15.4,13.45,-47.95));
#12386=CARTESIAN_POINT('',(-15.4,13.45,-47.95));
#12387=CARTESIAN_POINT('',(-15.4,13.45,-47.95));
#12388=CARTESIAN_POINT('',(-11.85,14.2,-47.95));
#12389=CARTESIAN_POINT('',(-11.85,14.2,-48.));
#12390=CARTESIAN_POINT('',(-11.85,14.2,-48.));
#12391=CARTESIAN_POINT('',(-11.85,12.7,-48.));
#12392=CARTESIAN_POINT('',(-11.85,14.2,-47.95));
#12393=CARTESIAN_POINT('',(-11.85,14.2,-47.95));
#12394=CARTESIAN_POINT('',(-11.85,14.2,-47.95));
#12395=CARTESIAN_POINT('',(-11.85,12.7,-47.95));
#12396=CARTESIAN_POINT('',(-11.85,12.7,-47.95));
#12397=CARTESIAN_POINT('',(-13.35,13.45,-47.95));
#12398=CARTESIAN_POINT('',(-13.35,13.45,-48.));
#12399=CARTESIAN_POINT('',(-13.35,13.45,-48.));
#12400=CARTESIAN_POINT('',(-13.35,13.45,-47.95));
#12401=CARTESIAN_POINT('',(-13.35,13.45,-47.95));
#12402=CARTESIAN_POINT('',(-13.35,13.45,-47.95));
#12403=CARTESIAN_POINT('',(-11.4,14.2,-47.95));
#12404=CARTESIAN_POINT('',(-11.4,14.2,-48.));
#12405=CARTESIAN_POINT('',(-11.4,14.2,-48.));
#12406=CARTESIAN_POINT('',(-9.9,13.45,-48.));
#12407=CARTESIAN_POINT('',(-11.4,14.2,-47.95));
#12408=CARTESIAN_POINT('',(-11.4,14.2,-47.95));
#12409=CARTESIAN_POINT('',(-11.4,14.2,-47.95));
#12410=CARTESIAN_POINT('',(-9.9,13.45,-47.95));
#12411=CARTESIAN_POINT('',(-9.9,13.45,-47.95));
#12412=CARTESIAN_POINT('',(-11.4,12.7,-47.95));
#12413=CARTESIAN_POINT('',(-11.4,12.7,-48.));
#12414=CARTESIAN_POINT('',(-11.4,12.7,-48.));
#12415=CARTESIAN_POINT('',(-11.4,12.7,-47.95));
#12416=CARTESIAN_POINT('',(-11.4,12.7,-47.95));
#12417=CARTESIAN_POINT('',(-11.4,12.7,-47.95));
#12418=CARTESIAN_POINT('',(30.285,28.206985948478,-47.95));
#12419=CARTESIAN_POINT('',(30.285,28.206985948478,-48.));
#12420=CARTESIAN_POINT('',(30.285,28.206985948478,-48.));
#12421=CARTESIAN_POINT('',(30.285,28.321255640561,-48.));
#12422=CARTESIAN_POINT('',(30.285,28.206985948478,-47.95));
#12423=CARTESIAN_POINT('',(30.285,28.206985948478,-47.95));
#12424=CARTESIAN_POINT('',(30.285,28.206985948478,-47.95));
#12425=CARTESIAN_POINT('',(30.285,28.321255640561,-47.95));
#12426=CARTESIAN_POINT('',(30.285,28.321255640561,-47.95));
#12427=CARTESIAN_POINT('',(30.702,27.706,-47.95));
#12428=CARTESIAN_POINT('',(30.702,27.706,-48.));
#12429=CARTESIAN_POINT('',(30.702,27.706,-48.));
#12430=CARTESIAN_POINT('',(30.702,27.706,-47.95));
#12431=CARTESIAN_POINT('',(30.702,27.706,-47.95));
#12432=CARTESIAN_POINT('',(30.702,27.706,-47.95));
#12433=CARTESIAN_POINT('',(30.702,27.546,-47.95));
#12434=CARTESIAN_POINT('',(30.702,27.546,-48.));
#12435=CARTESIAN_POINT('',(30.702,27.546,-48.));
#12436=CARTESIAN_POINT('',(30.702,27.546,-47.95));
#12437=CARTESIAN_POINT('',(30.702,27.546,-47.95));
#12438=CARTESIAN_POINT('',(30.702,27.546,-47.95));
#12439=CARTESIAN_POINT('',(30.275,27.871,-47.95));
#12440=CARTESIAN_POINT('',(30.275,27.871,-48.));
#12441=CARTESIAN_POINT('',(30.275,27.871,-48.));
#12442=CARTESIAN_POINT('',(30.275,27.871,-47.95));
#12443=CARTESIAN_POINT('',(30.275,27.871,-47.95));
#12444=CARTESIAN_POINT('',(30.275,27.871,-47.95));
#12445=CARTESIAN_POINT('',(29.847,27.546,-47.95));
#12446=CARTESIAN_POINT('',(29.847,27.546,-48.));
#12447=CARTESIAN_POINT('',(29.847,27.546,-48.));
#12448=CARTESIAN_POINT('',(29.847,27.546,-47.95));
#12449=CARTESIAN_POINT('',(29.847,27.546,-47.95));
#12450=CARTESIAN_POINT('',(29.847,27.546,-47.95));
#12451=CARTESIAN_POINT('',(29.847,27.706,-47.95));
#12452=CARTESIAN_POINT('',(29.847,27.706,-48.));
#12453=CARTESIAN_POINT('',(29.847,27.706,-48.));
#12454=CARTESIAN_POINT('',(29.847,27.706,-47.95));
#12455=CARTESIAN_POINT('',(29.847,27.706,-47.95));
#12456=CARTESIAN_POINT('',(29.847,27.706,-47.95));
#12457=CARTESIAN_POINT('',(30.265,28.207014018692,-47.95));
#12458=CARTESIAN_POINT('',(30.265,28.207014018692,-48.));
#12459=CARTESIAN_POINT('',(30.265,28.207014018692,-48.));
#12460=CARTESIAN_POINT('',(30.265,28.207014018692,-47.95));
#12461=CARTESIAN_POINT('',(30.265,28.207014018692,-47.95));
#12462=CARTESIAN_POINT('',(30.265,28.207014018692,-47.95));
#12463=CARTESIAN_POINT('',(30.265,28.327792213282,-47.95));
#12464=CARTESIAN_POINT('',(30.265,28.327792213282,-48.));
#12465=CARTESIAN_POINT('',(30.265,28.327792213282,-48.));
#12466=CARTESIAN_POINT('',(30.265,28.327792213282,-47.95));
#12467=CARTESIAN_POINT('',(30.265,28.327792213282,-47.95));
#12468=CARTESIAN_POINT('',(30.265,28.327792213282,-47.95));
#12469=CARTESIAN_POINT('',(30.0150000000001,27.5290000000002,-47.95));
#12470=CARTESIAN_POINT('',(30.0150000000001,27.5290000000002,-48.));
#12471=CARTESIAN_POINT('',(29.754,26.733734006763,-48.));
#12472=CARTESIAN_POINT('',(29.754,26.733734006763,-47.95));
#12473=CARTESIAN_POINT('',(29.754,26.733734006763,-47.95));
#12474=CARTESIAN_POINT('',(30.0150000000001,27.5290000000002,-47.95));
#12475=CARTESIAN_POINT('',(29.754,26.866014051522,-47.95));
#12476=CARTESIAN_POINT('',(29.754,26.866014051522,-48.));
#12477=CARTESIAN_POINT('',(29.754,26.866014051522,-48.));
#12478=CARTESIAN_POINT('',(29.754,26.866014051522,-47.95));
#12479=CARTESIAN_POINT('',(29.754,26.866014051522,-47.95));
#12480=CARTESIAN_POINT('',(29.754,26.866014051522,-47.95));
#12481=CARTESIAN_POINT('',(29.337,27.367,-47.95));
#12482=CARTESIAN_POINT('',(29.337,27.367,-48.));
#12483=CARTESIAN_POINT('',(29.337,27.367,-48.));
#12484=CARTESIAN_POINT('',(29.337,27.367,-47.95));
#12485=CARTESIAN_POINT('',(29.337,27.367,-47.95));
#12486=CARTESIAN_POINT('',(29.337,27.367,-47.95));
#12487=CARTESIAN_POINT('',(29.337,27.528,-47.95));
#12488=CARTESIAN_POINT('',(29.337,27.528,-48.));
#12489=CARTESIAN_POINT('',(29.337,27.528,-48.));
#12490=CARTESIAN_POINT('',(29.337,27.528,-47.95));
#12491=CARTESIAN_POINT('',(29.337,27.528,-47.95));
#12492=CARTESIAN_POINT('',(29.337,27.528,-47.95));
#12493=CARTESIAN_POINT('',(29.764,27.202,-47.95));
#12494=CARTESIAN_POINT('',(29.764,27.202,-48.));
#12495=CARTESIAN_POINT('',(29.764,27.202,-48.));
#12496=CARTESIAN_POINT('',(29.764,27.202,-47.95));
#12497=CARTESIAN_POINT('',(29.764,27.202,-47.95));
#12498=CARTESIAN_POINT('',(29.764,27.202,-47.95));
#12499=CARTESIAN_POINT('',(30.192,27.527,-47.95));
#12500=CARTESIAN_POINT('',(30.192,27.527,-48.));
#12501=CARTESIAN_POINT('',(30.192,27.527,-48.));
#12502=CARTESIAN_POINT('',(30.192,27.527,-47.95));
#12503=CARTESIAN_POINT('',(30.192,27.527,-47.95));
#12504=CARTESIAN_POINT('',(30.192,27.527,-47.95));
#12505=CARTESIAN_POINT('',(30.192,27.367,-47.95));
#12506=CARTESIAN_POINT('',(30.192,27.367,-48.));
#12507=CARTESIAN_POINT('',(30.192,27.367,-48.));
#12508=CARTESIAN_POINT('',(30.192,27.367,-47.95));
#12509=CARTESIAN_POINT('',(30.192,27.367,-47.95));
#12510=CARTESIAN_POINT('',(30.192,27.367,-47.95));
#12511=CARTESIAN_POINT('',(29.774,26.865985981308,-47.95));
#12512=CARTESIAN_POINT('',(29.774,26.865985981308,-48.));
#12513=CARTESIAN_POINT('',(29.774,26.865985981308,-48.));
#12514=CARTESIAN_POINT('',(29.774,26.865985981308,-47.95));
#12515=CARTESIAN_POINT('',(29.774,26.865985981308,-47.95));
#12516=CARTESIAN_POINT('',(29.774,26.865985981308,-47.95));
#12517=CARTESIAN_POINT('',(29.774,26.727446508335,-47.95));
#12518=CARTESIAN_POINT('',(29.774,26.727446508335,-48.));
#12519=CARTESIAN_POINT('',(29.774,26.727446508335,-48.));
#12520=CARTESIAN_POINT('',(29.774,26.727446508335,-47.95));
#12521=CARTESIAN_POINT('',(29.774,26.727446508335,-47.95));
#12522=CARTESIAN_POINT('',(29.774,26.727446508335,-47.95));
#12523=CARTESIAN_POINT('',(32.2,27.106,-47.95));
#12524=CARTESIAN_POINT('',(32.2,27.106,-48.));
#12525=CARTESIAN_POINT('',(32.2,27.106,-48.));
#12526=CARTESIAN_POINT('',(32.2,26.865,-48.));
#12527=CARTESIAN_POINT('',(32.2,27.106,-47.95));
#12528=CARTESIAN_POINT('',(32.2,27.106,-47.95));
#12529=CARTESIAN_POINT('',(32.2,27.106,-47.95));
#12530=CARTESIAN_POINT('',(32.2,26.865,-47.95));
#12531=CARTESIAN_POINT('',(32.2,26.865,-47.95));
#12532=CARTESIAN_POINT('',(31.991,27.106,-47.95));
#12533=CARTESIAN_POINT('',(31.991,27.106,-48.));
#12534=CARTESIAN_POINT('',(31.991,27.106,-48.));
#12535=CARTESIAN_POINT('',(31.991,27.106,-47.95));
#12536=CARTESIAN_POINT('',(31.991,27.106,-47.95));
#12537=CARTESIAN_POINT('',(31.991,27.106,-47.95));
#12538=CARTESIAN_POINT('',(31.991,27.956,-47.95));
#12539=CARTESIAN_POINT('',(31.991,27.956,-48.));
#12540=CARTESIAN_POINT('',(31.991,27.956,-48.));
#12541=CARTESIAN_POINT('',(31.991,27.956,-47.95));
#12542=CARTESIAN_POINT('',(31.991,27.956,-47.95));
#12543=CARTESIAN_POINT('',(31.991,27.956,-47.95));
#12544=CARTESIAN_POINT('',(32.2,27.956,-47.95));
#12545=CARTESIAN_POINT('',(32.2,27.956,-48.));
#12546=CARTESIAN_POINT('',(32.2,27.956,-48.));
#12547=CARTESIAN_POINT('',(32.2,27.956,-47.95));
#12548=CARTESIAN_POINT('',(32.2,27.956,-47.95));
#12549=CARTESIAN_POINT('',(32.2,27.956,-47.95));
#12550=CARTESIAN_POINT('',(32.2,28.2,-47.95));
#12551=CARTESIAN_POINT('',(32.2,28.2,-48.));
#12552=CARTESIAN_POINT('',(32.2,28.2,-48.));
#12553=CARTESIAN_POINT('',(32.2,28.2,-47.95));
#12554=CARTESIAN_POINT('',(32.2,28.2,-47.95));
#12555=CARTESIAN_POINT('',(32.2,28.2,-47.95));
#12556=CARTESIAN_POINT('',(31.421,28.2,-47.95));
#12557=CARTESIAN_POINT('',(31.421,28.2,-48.));
#12558=CARTESIAN_POINT('',(31.421,28.2,-48.));
#12559=CARTESIAN_POINT('',(31.421,28.2,-47.95));
#12560=CARTESIAN_POINT('',(31.421,28.2,-47.95));
#12561=CARTESIAN_POINT('',(31.421,28.2,-47.95));
#12562=CARTESIAN_POINT('',(31.421,27.956,-47.95));
#12563=CARTESIAN_POINT('',(31.421,27.956,-48.));
#12564=CARTESIAN_POINT('',(31.421,27.956,-48.));
#12565=CARTESIAN_POINT('',(31.421,27.956,-47.95));
#12566=CARTESIAN_POINT('',(31.421,27.956,-47.95));
#12567=CARTESIAN_POINT('',(31.421,27.956,-47.95));
#12568=CARTESIAN_POINT('',(31.636,27.956,-47.95));
#12569=CARTESIAN_POINT('',(31.636,27.956,-48.));
#12570=CARTESIAN_POINT('',(31.636,27.956,-48.));
#12571=CARTESIAN_POINT('',(31.636,27.956,-47.95));
#12572=CARTESIAN_POINT('',(31.636,27.956,-47.95));
#12573=CARTESIAN_POINT('',(31.636,27.956,-47.95));
#12574=CARTESIAN_POINT('',(31.636,27.106,-47.95));
#12575=CARTESIAN_POINT('',(31.636,27.106,-48.));
#12576=CARTESIAN_POINT('',(31.636,27.106,-48.));
#12577=CARTESIAN_POINT('',(31.636,27.106,-47.95));
#12578=CARTESIAN_POINT('',(31.636,27.106,-47.95));
#12579=CARTESIAN_POINT('',(31.636,27.106,-47.95));
#12580=CARTESIAN_POINT('',(31.421,27.106,-47.95));
#12581=CARTESIAN_POINT('',(31.421,27.106,-48.));
#12582=CARTESIAN_POINT('',(31.421,27.106,-48.));
#12583=CARTESIAN_POINT('',(31.421,27.106,-47.95));
#12584=CARTESIAN_POINT('',(31.421,27.106,-47.95));
#12585=CARTESIAN_POINT('',(31.421,27.106,-47.95));
#12586=CARTESIAN_POINT('',(31.421,26.865,-47.95));
#12587=CARTESIAN_POINT('',(31.421,26.865,-48.));
#12588=CARTESIAN_POINT('',(31.421,26.865,-48.));
#12589=CARTESIAN_POINT('',(31.421,26.865,-47.95));
#12590=CARTESIAN_POINT('',(31.421,26.865,-47.95));
#12591=CARTESIAN_POINT('',(31.421,26.865,-47.95));
#12592=CARTESIAN_POINT('',(32.9642490953903,27.6042784121818,-47.95));
#12593=CARTESIAN_POINT('',(32.9642490953903,27.6042784121818,-48.));
#12594=CARTESIAN_POINT('',(33.535000000003,27.958999999995,-48.));
#12595=CARTESIAN_POINT('',(33.616000000001,27.767999999995,-48.));
#12596=CARTESIAN_POINT('',(33.535000000003,27.958999999995,-47.95));
#12597=CARTESIAN_POINT('',(33.535000000003,27.958999999995,-47.95));
#12598=CARTESIAN_POINT('',(32.9642490953903,27.6042784121818,-47.95));
#12599=CARTESIAN_POINT('',(33.616000000001,27.767999999995,-47.95));
#12600=CARTESIAN_POINT('',(33.616000000001,27.767999999995,-47.95));
#12601=CARTESIAN_POINT('',(33.1042875426703,27.68589419796,-47.95));
#12602=CARTESIAN_POINT('',(33.1042875426703,27.68589419796,-48.));
#12603=CARTESIAN_POINT('',(33.382999999972,28.113000000018,-48.));
#12604=CARTESIAN_POINT('',(33.382999999972,28.113000000018,-47.95));
#12605=CARTESIAN_POINT('',(33.382999999972,28.113000000018,-47.95));
#12606=CARTESIAN_POINT('',(33.1042875426703,27.68589419796,-47.95));
#12607=CARTESIAN_POINT('',(33.039685109675,27.5871493690287,-47.95));
#12608=CARTESIAN_POINT('',(33.039685109675,27.5871493690287,-48.));
#12609=CARTESIAN_POINT('',(33.205000000022,28.192999999994,-48.));
#12610=CARTESIAN_POINT('',(33.205000000022,28.192999999994,-47.95));
#12611=CARTESIAN_POINT('',(33.205000000022,28.192999999994,-47.95));
#12612=CARTESIAN_POINT('',(33.039685109675,27.5871493690287,-47.95));
#12613=CARTESIAN_POINT('',(32.9157534873512,27.1472651118789,-47.95));
#12614=CARTESIAN_POINT('',(32.9157534873512,27.1472651118789,-48.));
#12615=CARTESIAN_POINT('',(33.114000000003,28.214,-48.));
#12616=CARTESIAN_POINT('',(33.114000000003,28.214,-47.95));
#12617=CARTESIAN_POINT('',(33.114000000003,28.214,-47.95));
#12618=CARTESIAN_POINT('',(32.9157534873512,27.1472651118789,-47.95));
#12619=CARTESIAN_POINT('',(32.9559178706753,27.3340874812578,-47.95));
#12620=CARTESIAN_POINT('',(32.9559178706753,27.3340874812578,-48.));
#12621=CARTESIAN_POINT('',(32.995,28.227232815131,-48.));
#12622=CARTESIAN_POINT('',(32.995,28.227232815131,-47.95));
#12623=CARTESIAN_POINT('',(32.995,28.227232815131,-47.95));
#12624=CARTESIAN_POINT('',(32.9559178706753,27.3340874812578,-47.95));
#12625=CARTESIAN_POINT('',(32.995,27.969,-47.95));
#12626=CARTESIAN_POINT('',(32.995,27.969,-48.));
#12627=CARTESIAN_POINT('',(32.995,27.969,-48.));
#12628=CARTESIAN_POINT('',(32.995,27.969,-47.95));
#12629=CARTESIAN_POINT('',(32.995,27.969,-47.95));
#12630=CARTESIAN_POINT('',(32.995,27.969,-47.95));
#12631=CARTESIAN_POINT('',(32.9416909896353,27.5594549481934,-47.95));
#12632=CARTESIAN_POINT('',(32.9416909896353,27.5594549481934,-48.));
#12633=CARTESIAN_POINT('',(33.050000000002,27.957999999999,-48.));
#12634=CARTESIAN_POINT('',(33.050000000002,27.957999999999,-47.95));
#12635=CARTESIAN_POINT('',(33.050000000002,27.957999999999,-47.95));
#12636=CARTESIAN_POINT('',(32.9416909896353,27.5594549481934,-47.95));
#12637=CARTESIAN_POINT('',(32.9451581996313,27.5875500077178,-47.95));
#12638=CARTESIAN_POINT('',(32.9451581996313,27.5875500077178,-48.));
#12639=CARTESIAN_POINT('',(33.110999999999,27.935,-48.));
#12640=CARTESIAN_POINT('',(33.110999999999,27.935,-47.95));
#12641=CARTESIAN_POINT('',(33.110999999999,27.935,-47.95));
#12642=CARTESIAN_POINT('',(32.9451581996313,27.5875500077178,-47.95));
#12643=CARTESIAN_POINT('',(33.0187959605977,27.7452121839145,-47.95));
#12644=CARTESIAN_POINT('',(33.0187959605977,27.7452121839145,-48.));
#12645=CARTESIAN_POINT('',(33.159999999999,27.902000000001,-48.));
#12646=CARTESIAN_POINT('',(33.159999999999,27.902000000001,-47.95));
#12647=CARTESIAN_POINT('',(33.159999999999,27.902000000001,-47.95));
#12648=CARTESIAN_POINT('',(33.0187959605977,27.7452121839145,-47.95));
#12649=CARTESIAN_POINT('',(32.9845644692359,27.7020540709724,-47.95));
#12650=CARTESIAN_POINT('',(32.9845644692359,27.7020540709724,-48.));
#12651=CARTESIAN_POINT('',(33.211999999997,27.840000000005,-48.));
#12652=CARTESIAN_POINT('',(33.211999999997,27.840000000005,-47.95));
#12653=CARTESIAN_POINT('',(33.211999999997,27.840000000005,-47.95));
#12654=CARTESIAN_POINT('',(32.9845644692359,27.7020540709724,-47.95));
#12655=CARTESIAN_POINT('',(32.7616714657415,27.5701311221769,-47.95));
#12656=CARTESIAN_POINT('',(32.7616714657415,27.5701311221769,-48.));
#12657=CARTESIAN_POINT('',(33.265999999995,27.716000000018,-48.));
#12658=CARTESIAN_POINT('',(33.265999999995,27.716000000018,-47.95));
#12659=CARTESIAN_POINT('',(33.265999999995,27.716000000018,-47.95));
#12660=CARTESIAN_POINT('',(32.7616714657415,27.5701311221769,-47.95));
#12661=CARTESIAN_POINT('',(32.7112927465036,27.5535688979871,-47.95));
#12662=CARTESIAN_POINT('',(32.7112927465036,27.5535688979871,-48.));
#12663=CARTESIAN_POINT('',(33.287,27.605000000003,-48.));
#12664=CARTESIAN_POINT('',(33.287,27.605000000003,-47.95));
#12665=CARTESIAN_POINT('',(33.287,27.605000000003,-47.95));
#12666=CARTESIAN_POINT('',(32.7112927465036,27.5535688979871,-47.95));
#12667=CARTESIAN_POINT('',(32.5168657583939,27.538500000001,-47.95));
#12668=CARTESIAN_POINT('',(32.5168657583939,27.538500000001,-48.));
#12669=CARTESIAN_POINT('',(33.286999999993,27.471999999918,-48.));
#12670=CARTESIAN_POINT('',(33.286999999993,27.471999999918,-47.95));
#12671=CARTESIAN_POINT('',(33.286999999993,27.471999999918,-47.95));
#12672=CARTESIAN_POINT('',(32.5168657583939,27.538500000001,-47.95));
#12673=CARTESIAN_POINT('',(32.73601859821,27.5192069371874,-47.95));
#12674=CARTESIAN_POINT('',(32.73601859821,27.5192069371874,-48.));
#12675=CARTESIAN_POINT('',(33.264999999997,27.35799999999,-48.));
#12676=CARTESIAN_POINT('',(33.264999999997,27.35799999999,-47.95));
#12677=CARTESIAN_POINT('',(33.264999999997,27.35799999999,-47.95));
#12678=CARTESIAN_POINT('',(32.73601859821,27.5192069371874,-47.95));
#12679=CARTESIAN_POINT('',(32.7716339460005,27.5091487239472,-47.95));
#12680=CARTESIAN_POINT('',(32.7716339460005,27.5091487239472,-48.));
#12681=CARTESIAN_POINT('',(33.187000000052,27.20300000007,-48.));
#12682=CARTESIAN_POINT('',(33.187000000052,27.20300000007,-47.95));
#12683=CARTESIAN_POINT('',(33.187000000052,27.20300000007,-47.95));
#12684=CARTESIAN_POINT('',(32.7716339460005,27.5091487239472,-47.95));
#12685=CARTESIAN_POINT('',(32.9769982809636,27.3579847670053,-47.95));
#12686=CARTESIAN_POINT('',(32.9769982809636,27.3579847670053,-48.));
#12687=CARTESIAN_POINT('',(32.954,27.098,-48.));
#12688=CARTESIAN_POINT('',(32.954,27.098,-47.95));
#12689=CARTESIAN_POINT('',(32.954,27.098,-47.95));
#12690=CARTESIAN_POINT('',(32.9769982809636,27.3579847670053,-47.95));
#12691=CARTESIAN_POINT('',(32.9300641591258,27.3579001260511,-47.95));
#12692=CARTESIAN_POINT('',(32.9300641591258,27.3579001260511,-48.));
#12693=CARTESIAN_POINT('',(32.720000000007,27.202999999991,-48.));
#12694=CARTESIAN_POINT('',(32.720000000007,27.202999999991,-47.95));
#12695=CARTESIAN_POINT('',(32.720000000007,27.202999999991,-47.95));
#12696=CARTESIAN_POINT('',(32.9300641591258,27.3579001260511,-47.95));
#12697=CARTESIAN_POINT('',(33.1370742306815,27.5068175210508,-47.95));
#12698=CARTESIAN_POINT('',(33.1370742306815,27.5068175210508,-48.));
#12699=CARTESIAN_POINT('',(32.643000000002,27.357999999992,-48.));
#12700=CARTESIAN_POINT('',(32.643000000002,27.357999999992,-47.95));
#12701=CARTESIAN_POINT('',(32.643000000002,27.357999999992,-47.95));
#12702=CARTESIAN_POINT('',(33.1370742306815,27.5068175210508,-47.95));
#12703=CARTESIAN_POINT('',(33.171981401818,27.5192069371907,-47.95));
#12704=CARTESIAN_POINT('',(33.171981401818,27.5192069371907,-48.));
#12705=CARTESIAN_POINT('',(32.621000000008,27.471999999907,-48.));
#12706=CARTESIAN_POINT('',(32.621000000008,27.471999999907,-47.95));
#12707=CARTESIAN_POINT('',(32.621000000008,27.471999999907,-47.95));
#12708=CARTESIAN_POINT('',(33.171981401818,27.5192069371907,-47.95));
#12709=CARTESIAN_POINT('',(33.3911342415755,27.5385000000003,-47.95));
#12710=CARTESIAN_POINT('',(33.3911342415755,27.5385000000003,-48.));
#12711=CARTESIAN_POINT('',(32.621,27.605000000001,-48.));
#12712=CARTESIAN_POINT('',(32.621,27.605000000001,-47.95));
#12713=CARTESIAN_POINT('',(32.621,27.605000000001,-47.95));
#12714=CARTESIAN_POINT('',(33.3911342415755,27.5385000000003,-47.95));
#12715=CARTESIAN_POINT('',(33.1967072534202,27.5535688979996,-47.95));
#12716=CARTESIAN_POINT('',(33.1967072534202,27.5535688979996,-48.));
#12717=CARTESIAN_POINT('',(32.642000000005,27.716000000016,-48.));
#12718=CARTESIAN_POINT('',(32.642000000005,27.716000000016,-47.95));
#12719=CARTESIAN_POINT('',(32.642000000005,27.716000000016,-47.95));
#12720=CARTESIAN_POINT('',(33.1967072534202,27.5535688979996,-47.95));
#12721=CARTESIAN_POINT('',(33.1463285342205,27.5701311221951,-47.95));
#12722=CARTESIAN_POINT('',(33.1463285342205,27.5701311221951,-48.));
#12723=CARTESIAN_POINT('',(32.69599999999,27.839999999983,-48.));
#12724=CARTESIAN_POINT('',(32.69599999999,27.839999999983,-47.95));
#12725=CARTESIAN_POINT('',(32.69599999999,27.839999999983,-47.95));
#12726=CARTESIAN_POINT('',(33.1463285342205,27.5701311221951,-47.95));
#12727=CARTESIAN_POINT('',(32.924576576783,27.7039531384559,-47.95));
#12728=CARTESIAN_POINT('',(32.924576576783,27.7039531384559,-48.));
#12729=CARTESIAN_POINT('',(32.747000000018,27.902000000017,-48.));
#12730=CARTESIAN_POINT('',(32.747000000018,27.902000000017,-47.95));
#12731=CARTESIAN_POINT('',(32.747000000018,27.902000000017,-47.95));
#12732=CARTESIAN_POINT('',(32.924576576783,27.7039531384559,-47.95));
#12733=CARTESIAN_POINT('',(32.8882040394155,27.7452121838917,-47.95));
#12734=CARTESIAN_POINT('',(32.8882040394155,27.7452121838917,-48.));
#12735=CARTESIAN_POINT('',(32.796000000001,27.935,-48.));
#12736=CARTESIAN_POINT('',(32.796000000001,27.935,-47.95));
#12737=CARTESIAN_POINT('',(32.796000000001,27.935,-47.95));
#12738=CARTESIAN_POINT('',(32.8882040394155,27.7452121838917,-47.95));
#12739=CARTESIAN_POINT('',(32.9618418003996,27.5875500076456,-47.95));
#12740=CARTESIAN_POINT('',(32.9618418003996,27.5875500076456,-48.));
#12741=CARTESIAN_POINT('',(32.857000000003,27.958000000001,-48.));
#12742=CARTESIAN_POINT('',(32.857000000003,27.958000000001,-47.95));
#12743=CARTESIAN_POINT('',(32.857000000003,27.958000000001,-47.95));
#12744=CARTESIAN_POINT('',(32.9618418003996,27.5875500076456,-47.95));
#12745=CARTESIAN_POINT('',(32.9644135797881,27.5592126847084,-47.95));
#12746=CARTESIAN_POINT('',(32.9644135797881,27.5592126847084,-48.));
#12747=CARTESIAN_POINT('',(32.913,27.969,-48.));
#12748=CARTESIAN_POINT('',(32.913,27.969,-47.95));
#12749=CARTESIAN_POINT('',(32.913,27.969,-47.95));
#12750=CARTESIAN_POINT('',(32.9644135797881,27.5592126847084,-47.95));
#12751=CARTESIAN_POINT('',(32.913,28.227232815131,-47.95));
#12752=CARTESIAN_POINT('',(32.913,28.227232815131,-48.));
#12753=CARTESIAN_POINT('',(32.913,28.227232815131,-48.));
#12754=CARTESIAN_POINT('',(32.913,28.227232815131,-47.95));
#12755=CARTESIAN_POINT('',(32.913,28.227232815131,-47.95));
#12756=CARTESIAN_POINT('',(32.913,28.227232815131,-47.95));
#12757=CARTESIAN_POINT('',(32.9520821293247,27.3340874812578,-47.95));
#12758=CARTESIAN_POINT('',(32.9520821293247,27.3340874812578,-48.));
#12759=CARTESIAN_POINT('',(32.793999999997,28.214,-48.));
#12760=CARTESIAN_POINT('',(32.793999999997,28.214,-47.95));
#12761=CARTESIAN_POINT('',(32.793999999997,28.214,-47.95));
#12762=CARTESIAN_POINT('',(32.9520821293247,27.3340874812578,-47.95));
#12763=CARTESIAN_POINT('',(32.9922465126207,27.1472651120151,-47.95));
#12764=CARTESIAN_POINT('',(32.9922465126207,27.1472651120151,-48.));
#12765=CARTESIAN_POINT('',(32.702999999979,28.192999999994,-48.));
#12766=CARTESIAN_POINT('',(32.702999999979,28.192999999994,-47.95));
#12767=CARTESIAN_POINT('',(32.702999999979,28.192999999994,-47.95));
#12768=CARTESIAN_POINT('',(32.9922465126207,27.1472651120151,-47.95));
#12769=CARTESIAN_POINT('',(32.8683148903201,27.5871493690377,-47.95));
#12770=CARTESIAN_POINT('',(32.8683148903201,27.5871493690377,-48.));
#12771=CARTESIAN_POINT('',(32.525000000028,28.113000000018,-48.));
#12772=CARTESIAN_POINT('',(32.525000000028,28.113000000018,-47.95));
#12773=CARTESIAN_POINT('',(32.525000000028,28.113000000018,-47.95));
#12774=CARTESIAN_POINT('',(32.8683148903201,27.5871493690377,-47.95));
#12775=CARTESIAN_POINT('',(32.8037124573296,27.6858941979601,-47.95));
#12776=CARTESIAN_POINT('',(32.8037124573296,27.6858941979601,-48.));
#12777=CARTESIAN_POINT('',(32.372999999997,27.958999999995,-48.));
#12778=CARTESIAN_POINT('',(32.372999999997,27.958999999995,-47.95));
#12779=CARTESIAN_POINT('',(32.372999999997,27.958999999995,-47.95));
#12780=CARTESIAN_POINT('',(32.8037124573296,27.6858941979601,-47.95));
#12781=CARTESIAN_POINT('',(32.9437509046376,27.6042784121673,-47.95));
#12782=CARTESIAN_POINT('',(32.9437509046376,27.6042784121673,-48.));
#12783=CARTESIAN_POINT('',(32.292000000003,27.768000000014,-48.));
#12784=CARTESIAN_POINT('',(32.292000000003,27.768000000014,-47.95));
#12785=CARTESIAN_POINT('',(32.292000000003,27.768000000014,-47.95));
#12786=CARTESIAN_POINT('',(32.9437509046376,27.6042784121673,-47.95));
#12787=CARTESIAN_POINT('',(33.1717647871707,27.5474032655433,-47.95));
#12788=CARTESIAN_POINT('',(33.1717647871707,27.5474032655433,-48.));
#12789=CARTESIAN_POINT('',(32.323999999994,27.225000000016,-48.));
#12790=CARTESIAN_POINT('',(32.323999999994,27.225000000016,-47.95));
#12791=CARTESIAN_POINT('',(32.323999999994,27.225000000016,-47.95));
#12792=CARTESIAN_POINT('',(33.1717647871707,27.5474032655433,-47.95));
#12793=CARTESIAN_POINT('',(32.9429735915087,27.4625725002975,-47.95));
#12794=CARTESIAN_POINT('',(32.9429735915087,27.4625725002975,-48.));
#12795=CARTESIAN_POINT('',(32.378999999999,27.114000000002,-48.));
#12796=CARTESIAN_POINT('',(32.378999999999,27.114000000002,-47.95));
#12797=CARTESIAN_POINT('',(32.378999999999,27.114000000002,-47.95));
#12798=CARTESIAN_POINT('',(32.9429735915087,27.4625725002975,-47.95));
#12799=CARTESIAN_POINT('',(32.8242951346015,27.3844685619771,-47.95));
#12800=CARTESIAN_POINT('',(32.8242951346015,27.3844685619771,-48.));
#12801=CARTESIAN_POINT('',(32.452000000005,27.019999999995,-48.));
#12802=CARTESIAN_POINT('',(32.452000000005,27.019999999995,-47.95));
#12803=CARTESIAN_POINT('',(32.452000000005,27.019999999995,-47.95));
#12804=CARTESIAN_POINT('',(32.8242951346015,27.3844685619771,-47.95));
#12805=CARTESIAN_POINT('',(32.793363353084,27.3574478644025,-47.95));
#12806=CARTESIAN_POINT('',(32.793363353084,27.3574478644025,-48.));
#12807=CARTESIAN_POINT('',(32.583000000229,26.925999999888,-48.));
#12808=CARTESIAN_POINT('',(32.583000000229,26.925999999888,-47.95));
#12809=CARTESIAN_POINT('',(32.583000000229,26.925999999888,-47.95));
#12810=CARTESIAN_POINT('',(32.793363353084,27.3574478644025,-47.95));
#12811=CARTESIAN_POINT('',(32.9535,27.685443710884,-47.95));
#12812=CARTESIAN_POINT('',(32.9535,27.685443710884,-48.));
#12813=CARTESIAN_POINT('',(33.323999999771,26.925999999888,-48.));
#12814=CARTESIAN_POINT('',(33.323999999771,26.925999999888,-47.95));
#12815=CARTESIAN_POINT('',(33.323999999771,26.925999999888,-47.95));
#12816=CARTESIAN_POINT('',(32.9535,27.685443710884,-47.95));
#12817=CARTESIAN_POINT('',(33.1136366469159,27.3574478644026,-47.95));
#12818=CARTESIAN_POINT('',(33.1136366469159,27.3574478644026,-48.));
#12819=CARTESIAN_POINT('',(33.454999999995,27.019999999995,-48.));
#12820=CARTESIAN_POINT('',(33.454999999995,27.019999999995,-47.95));
#12821=CARTESIAN_POINT('',(33.454999999995,27.019999999995,-47.95));
#12822=CARTESIAN_POINT('',(33.1136366469159,27.3574478644026,-47.95));
#12823=CARTESIAN_POINT('',(33.0827048653982,27.3844685619774,-47.95));
#12824=CARTESIAN_POINT('',(33.0827048653982,27.3844685619774,-48.));
#12825=CARTESIAN_POINT('',(33.528000000001,27.114000000002,-48.));
#12826=CARTESIAN_POINT('',(33.528000000001,27.114000000002,-47.95));
#12827=CARTESIAN_POINT('',(33.528000000001,27.114000000002,-47.95));
#12828=CARTESIAN_POINT('',(33.0827048653982,27.3844685619774,-47.95));
#12829=CARTESIAN_POINT('',(32.9640264084955,27.4625725002951,-47.95));
#12830=CARTESIAN_POINT('',(32.9640264084955,27.4625725002951,-48.));
#12831=CARTESIAN_POINT('',(33.583000000014,27.225000000037,-48.));
#12832=CARTESIAN_POINT('',(33.583000000014,27.225000000037,-47.95));
#12833=CARTESIAN_POINT('',(33.583000000014,27.225000000037,-47.95));
#12834=CARTESIAN_POINT('',(32.9640264084955,27.4625725002951,-47.95));
#12835=CARTESIAN_POINT('',(34.362,27.697,-47.95));
#12836=CARTESIAN_POINT('',(34.362,27.697,-48.));
#12837=CARTESIAN_POINT('',(34.362,27.697,-48.));
#12838=CARTESIAN_POINT('',(34.362,27.53,-48.));
#12839=CARTESIAN_POINT('',(34.362,27.697,-47.95));
#12840=CARTESIAN_POINT('',(34.362,27.697,-47.95));
#12841=CARTESIAN_POINT('',(34.362,27.697,-47.95));
#12842=CARTESIAN_POINT('',(34.362,27.53,-47.95));
#12843=CARTESIAN_POINT('',(34.362,27.53,-47.95));
#12844=CARTESIAN_POINT('',(33.798,27.697,-47.95));
#12845=CARTESIAN_POINT('',(33.798,27.697,-48.));
#12846=CARTESIAN_POINT('',(33.798,27.697,-48.));
#12847=CARTESIAN_POINT('',(33.798,27.697,-47.95));
#12848=CARTESIAN_POINT('',(33.798,27.697,-47.95));
#12849=CARTESIAN_POINT('',(33.798,27.697,-47.95));
#12850=CARTESIAN_POINT('',(33.798,27.53,-47.95));
#12851=CARTESIAN_POINT('',(33.798,27.53,-48.));
#12852=CARTESIAN_POINT('',(33.798,27.53,-48.));
#12853=CARTESIAN_POINT('',(33.798,27.53,-47.95));
#12854=CARTESIAN_POINT('',(33.798,27.53,-47.95));
#12855=CARTESIAN_POINT('',(33.798,27.53,-47.95));
#12856=CARTESIAN_POINT('',(35.446,28.2,-47.95));
#12857=CARTESIAN_POINT('',(35.446,28.2,-48.));
#12858=CARTESIAN_POINT('',(35.446,28.2,-48.));
#12859=CARTESIAN_POINT('',(35.446,28.043,-48.));
#12860=CARTESIAN_POINT('',(35.446,28.2,-47.95));
#12861=CARTESIAN_POINT('',(35.446,28.2,-47.95));
#12862=CARTESIAN_POINT('',(35.446,28.2,-47.95));
#12863=CARTESIAN_POINT('',(35.446,28.043,-47.95));
#12864=CARTESIAN_POINT('',(35.446,28.043,-47.95));
#12865=CARTESIAN_POINT('',(34.592,28.2,-47.95));
#12866=CARTESIAN_POINT('',(34.592,28.2,-48.));
#12867=CARTESIAN_POINT('',(34.592,28.2,-48.));
#12868=CARTESIAN_POINT('',(34.592,28.2,-47.95));
#12869=CARTESIAN_POINT('',(34.592,28.2,-47.95));
#12870=CARTESIAN_POINT('',(34.592,28.2,-47.95));
#12871=CARTESIAN_POINT('',(34.592,26.87,-47.95));
#12872=CARTESIAN_POINT('',(34.592,26.87,-48.));
#12873=CARTESIAN_POINT('',(34.592,26.87,-48.));
#12874=CARTESIAN_POINT('',(34.592,26.87,-47.95));
#12875=CARTESIAN_POINT('',(34.592,26.87,-47.95));
#12876=CARTESIAN_POINT('',(34.592,26.87,-47.95));
#12877=CARTESIAN_POINT('',(34.78,26.87,-47.95));
#12878=CARTESIAN_POINT('',(34.78,26.87,-48.));
#12879=CARTESIAN_POINT('',(34.78,26.87,-48.));
#12880=CARTESIAN_POINT('',(34.78,26.87,-47.95));
#12881=CARTESIAN_POINT('',(34.78,26.87,-47.95));
#12882=CARTESIAN_POINT('',(34.78,26.87,-47.95));
#12883=CARTESIAN_POINT('',(34.78,28.043,-47.95));
#12884=CARTESIAN_POINT('',(34.78,28.043,-48.));
#12885=CARTESIAN_POINT('',(34.78,28.043,-48.));
#12886=CARTESIAN_POINT('',(34.78,28.043,-47.95));
#12887=CARTESIAN_POINT('',(34.78,28.043,-47.95));
#12888=CARTESIAN_POINT('',(34.78,28.043,-47.95));
#12889=CARTESIAN_POINT('',(35.567,29.996,-47.95));
#12890=CARTESIAN_POINT('',(35.567,29.996,-48.));
#12891=CARTESIAN_POINT('',(35.567,29.996,-48.));
#12892=CARTESIAN_POINT('',(35.567,29.563,-48.));
#12893=CARTESIAN_POINT('',(35.567,29.996,-47.95));
#12894=CARTESIAN_POINT('',(35.567,29.996,-47.95));
#12895=CARTESIAN_POINT('',(35.567,29.996,-47.95));
#12896=CARTESIAN_POINT('',(35.567,29.563,-47.95));
#12897=CARTESIAN_POINT('',(35.567,29.563,-47.95));
#12898=CARTESIAN_POINT('',(35.4817031941012,31.0214586558723,-47.95));
#12899=CARTESIAN_POINT('',(35.4817031941012,31.0214586558723,-48.));
#12900=CARTESIAN_POINT('',(35.566,32.047,-48.));
#12901=CARTESIAN_POINT('',(35.566,32.047,-47.95));
#12902=CARTESIAN_POINT('',(35.566,32.047,-47.95));
#12903=CARTESIAN_POINT('',(35.4817031941012,31.0214586558723,-47.95));
#12904=CARTESIAN_POINT('',(35.565,32.479,-47.95));
#12905=CARTESIAN_POINT('',(35.565,32.479,-48.));
#12906=CARTESIAN_POINT('',(35.565,32.479,-48.));
#12907=CARTESIAN_POINT('',(35.565,32.479,-47.95));
#12908=CARTESIAN_POINT('',(35.565,32.479,-47.95));
#12909=CARTESIAN_POINT('',(35.565,32.479,-47.95));
#12910=CARTESIAN_POINT('',(35.713,28.2,-47.95));
#12911=CARTESIAN_POINT('',(35.713,28.2,-48.));
#12912=CARTESIAN_POINT('',(35.713,28.2,-48.));
#12913=CARTESIAN_POINT('',(35.713,27.199,-48.));
#12914=CARTESIAN_POINT('',(35.713,28.2,-47.95));
#12915=CARTESIAN_POINT('',(35.713,28.2,-47.95));
#12916=CARTESIAN_POINT('',(35.713,28.2,-47.95));
#12917=CARTESIAN_POINT('',(35.713,27.199,-47.95));
#12918=CARTESIAN_POINT('',(35.713,27.199,-47.95));
#12919=CARTESIAN_POINT('',(35.549,28.2,-47.95));
#12920=CARTESIAN_POINT('',(35.549,28.2,-48.));
#12921=CARTESIAN_POINT('',(35.549,28.2,-48.));
#12922=CARTESIAN_POINT('',(35.549,28.2,-47.95));
#12923=CARTESIAN_POINT('',(35.549,28.2,-47.95));
#12924=CARTESIAN_POINT('',(35.549,28.2,-47.95));
#12925=CARTESIAN_POINT('',(35.549,27.199,-47.95));
#12926=CARTESIAN_POINT('',(35.549,27.199,-48.));
#12927=CARTESIAN_POINT('',(35.549,27.199,-48.));
#12928=CARTESIAN_POINT('',(35.549,27.199,-47.95));
#12929=CARTESIAN_POINT('',(35.549,27.199,-47.95));
#12930=CARTESIAN_POINT('',(35.549,27.199,-47.95));
#12931=CARTESIAN_POINT('',(35.717,27.04,-47.95));
#12932=CARTESIAN_POINT('',(35.717,27.04,-48.));
#12933=CARTESIAN_POINT('',(35.717,27.04,-48.));
#12934=CARTESIAN_POINT('',(35.717,26.865,-48.));
#12935=CARTESIAN_POINT('',(35.717,27.04,-47.95));
#12936=CARTESIAN_POINT('',(35.717,27.04,-47.95));
#12937=CARTESIAN_POINT('',(35.717,27.04,-47.95));
#12938=CARTESIAN_POINT('',(35.717,26.865,-47.95));
#12939=CARTESIAN_POINT('',(35.717,26.865,-47.95));
#12940=CARTESIAN_POINT('',(35.529,27.04,-47.95));
#12941=CARTESIAN_POINT('',(35.529,27.04,-48.));
#12942=CARTESIAN_POINT('',(35.529,27.04,-48.));
#12943=CARTESIAN_POINT('',(35.529,27.04,-47.95));
#12944=CARTESIAN_POINT('',(35.529,27.04,-47.95));
#12945=CARTESIAN_POINT('',(35.529,27.04,-47.95));
#12946=CARTESIAN_POINT('',(36.822,28.2,-47.95));
#12947=CARTESIAN_POINT('',(36.822,28.2,-48.));
#12948=CARTESIAN_POINT('',(36.822,28.2,-48.));
#12949=CARTESIAN_POINT('',(36.822,27.53,-48.));
#12950=CARTESIAN_POINT('',(36.822,28.2,-47.95));
#12951=CARTESIAN_POINT('',(36.822,28.2,-47.95));
#12952=CARTESIAN_POINT('',(36.822,28.2,-47.95));
#12953=CARTESIAN_POINT('',(36.822,27.53,-47.95));
#12954=CARTESIAN_POINT('',(36.822,27.53,-47.95));
#12955=CARTESIAN_POINT('',(36.651,28.2,-47.95));
#12956=CARTESIAN_POINT('',(36.651,28.2,-48.));
#12957=CARTESIAN_POINT('',(36.651,28.2,-48.));
#12958=CARTESIAN_POINT('',(36.651,28.2,-47.95));
#12959=CARTESIAN_POINT('',(36.651,28.2,-47.95));
#12960=CARTESIAN_POINT('',(36.651,28.2,-47.95));
#12961=CARTESIAN_POINT('',(36.651,27.532,-47.95));
#12962=CARTESIAN_POINT('',(36.651,27.532,-48.));
#12963=CARTESIAN_POINT('',(36.651,27.532,-48.));
#12964=CARTESIAN_POINT('',(36.651,27.532,-47.95));
#12965=CARTESIAN_POINT('',(36.651,27.532,-47.95));
#12966=CARTESIAN_POINT('',(36.651,27.532,-47.95));
#12967=CARTESIAN_POINT('',(36.59,27.318,-47.95));
#12968=CARTESIAN_POINT('',(36.59,27.318,-48.));
#12969=CARTESIAN_POINT('',(36.59,27.318,-48.));
#12970=CARTESIAN_POINT('',(36.59,27.318,-47.95));
#12971=CARTESIAN_POINT('',(36.59,27.318,-47.95));
#12972=CARTESIAN_POINT('',(36.59,27.318,-47.95));
#12973=CARTESIAN_POINT('',(36.509473370053,27.6760565065278,-47.95));
#12974=CARTESIAN_POINT('',(36.509473370053,27.6760565065278,-48.));
#12975=CARTESIAN_POINT('',(36.349,27.346,-48.));
#12976=CARTESIAN_POINT('',(36.349,27.346,-47.95));
#12977=CARTESIAN_POINT('',(36.349,27.346,-47.95));
#12978=CARTESIAN_POINT('',(36.509473370053,27.6760565065278,-47.95));
#12979=CARTESIAN_POINT('',(36.5082995584453,27.8430992362297,-47.95));
#12980=CARTESIAN_POINT('',(36.5082995584453,27.8430992362297,-48.));
#12981=CARTESIAN_POINT('',(36.157,27.457,-48.));
#12982=CARTESIAN_POINT('',(36.157,27.457,-47.95));
#12983=CARTESIAN_POINT('',(36.157,27.457,-47.95));
#12984=CARTESIAN_POINT('',(36.5082995584453,27.8430992362297,-47.95));
#12985=CARTESIAN_POINT('',(36.157,28.2,-47.95));
#12986=CARTESIAN_POINT('',(36.157,28.2,-48.));
#12987=CARTESIAN_POINT('',(36.157,28.2,-48.));
#12988=CARTESIAN_POINT('',(36.157,28.2,-47.95));
#12989=CARTESIAN_POINT('',(36.157,28.2,-47.95));
#12990=CARTESIAN_POINT('',(36.157,28.2,-47.95));
#12991=CARTESIAN_POINT('',(35.986,28.2,-47.95));
#12992=CARTESIAN_POINT('',(35.986,28.2,-48.));
#12993=CARTESIAN_POINT('',(35.986,28.2,-48.));
#12994=CARTESIAN_POINT('',(35.986,28.2,-47.95));
#12995=CARTESIAN_POINT('',(35.986,28.2,-47.95));
#12996=CARTESIAN_POINT('',(35.986,28.2,-47.95));
#12997=CARTESIAN_POINT('',(35.986,27.198,-47.95));
#12998=CARTESIAN_POINT('',(35.986,27.198,-48.));
#12999=CARTESIAN_POINT('',(35.986,27.198,-48.));
#13000=CARTESIAN_POINT('',(35.986,27.198,-47.95));
#13001=CARTESIAN_POINT('',(35.986,27.198,-47.95));
#13002=CARTESIAN_POINT('',(35.986,27.198,-47.95));
#13003=CARTESIAN_POINT('',(36.157,27.198,-47.95));
#13004=CARTESIAN_POINT('',(36.157,27.198,-48.));
#13005=CARTESIAN_POINT('',(36.157,27.198,-48.));
#13006=CARTESIAN_POINT('',(36.157,27.198,-47.95));
#13007=CARTESIAN_POINT('',(36.157,27.198,-47.95));
#13008=CARTESIAN_POINT('',(36.157,27.198,-47.95));
#13009=CARTESIAN_POINT('',(36.157,27.306,-47.95));
#13010=CARTESIAN_POINT('',(36.157,27.306,-48.));
#13011=CARTESIAN_POINT('',(36.157,27.306,-48.));
#13012=CARTESIAN_POINT('',(36.157,27.306,-47.95));
#13013=CARTESIAN_POINT('',(36.157,27.306,-47.95));
#13014=CARTESIAN_POINT('',(36.157,27.306,-47.95));
#13015=CARTESIAN_POINT('',(36.724702168395,28.0539540413983,-47.95));
#13016=CARTESIAN_POINT('',(36.724702168395,28.0539540413983,-48.));
#13017=CARTESIAN_POINT('',(36.311,27.211,-48.));
#13018=CARTESIAN_POINT('',(36.311,27.211,-47.95));
#13019=CARTESIAN_POINT('',(36.311,27.211,-47.95));
#13020=CARTESIAN_POINT('',(36.724702168395,28.0539540413983,-47.95));
#13021=CARTESIAN_POINT('',(36.758,27.211,-47.95));
#13022=CARTESIAN_POINT('',(36.758,27.211,-48.));
#13023=CARTESIAN_POINT('',(36.758,27.211,-48.));
#13024=CARTESIAN_POINT('',(36.758,27.211,-47.95));
#13025=CARTESIAN_POINT('',(36.758,27.211,-47.95));
#13026=CARTESIAN_POINT('',(36.758,27.211,-47.95));
#13027=CARTESIAN_POINT('',(37.773,28.2,-47.95));
#13028=CARTESIAN_POINT('',(37.773,28.2,-48.));
#13029=CARTESIAN_POINT('',(37.773,28.2,-48.));
#13030=CARTESIAN_POINT('',(37.983,28.2,-48.));
#13031=CARTESIAN_POINT('',(37.773,28.2,-47.95));
#13032=CARTESIAN_POINT('',(37.773,28.2,-47.95));
#13033=CARTESIAN_POINT('',(37.773,28.2,-47.95));
#13034=CARTESIAN_POINT('',(37.983,28.2,-47.95));
#13035=CARTESIAN_POINT('',(37.983,28.2,-47.95));
#13036=CARTESIAN_POINT('',(37.367,27.765,-47.95));
#13037=CARTESIAN_POINT('',(37.367,27.765,-48.));
#13038=CARTESIAN_POINT('',(37.367,27.765,-48.));
#13039=CARTESIAN_POINT('',(37.367,27.765,-47.95));
#13040=CARTESIAN_POINT('',(37.367,27.765,-47.95));
#13041=CARTESIAN_POINT('',(37.367,27.765,-47.95));
#13042=CARTESIAN_POINT('',(37.259,27.874,-47.95));
#13043=CARTESIAN_POINT('',(37.259,27.874,-48.));
#13044=CARTESIAN_POINT('',(37.259,27.874,-48.));
#13045=CARTESIAN_POINT('',(37.259,27.874,-47.95));
#13046=CARTESIAN_POINT('',(37.259,27.874,-47.95));
#13047=CARTESIAN_POINT('',(37.259,27.874,-47.95));
#13048=CARTESIAN_POINT('',(37.259,28.2,-47.95));
#13049=CARTESIAN_POINT('',(37.259,28.2,-48.));
#13050=CARTESIAN_POINT('',(37.259,28.2,-48.));
#13051=CARTESIAN_POINT('',(37.259,28.2,-47.95));
#13052=CARTESIAN_POINT('',(37.259,28.2,-47.95));
#13053=CARTESIAN_POINT('',(37.259,28.2,-47.95));
#13054=CARTESIAN_POINT('',(37.089,28.2,-47.95));
#13055=CARTESIAN_POINT('',(37.089,28.2,-48.));
#13056=CARTESIAN_POINT('',(37.089,28.2,-48.));
#13057=CARTESIAN_POINT('',(37.089,28.2,-47.95));
#13058=CARTESIAN_POINT('',(37.089,28.2,-47.95));
#13059=CARTESIAN_POINT('',(37.089,28.2,-47.95));
#13060=CARTESIAN_POINT('',(37.089,26.81,-47.95));
#13061=CARTESIAN_POINT('',(37.089,26.81,-48.));
#13062=CARTESIAN_POINT('',(37.089,26.81,-48.));
#13063=CARTESIAN_POINT('',(37.089,26.81,-47.95));
#13064=CARTESIAN_POINT('',(37.089,26.81,-47.95));
#13065=CARTESIAN_POINT('',(37.089,26.81,-47.95));
#13066=CARTESIAN_POINT('',(37.259,26.81,-47.95));
#13067=CARTESIAN_POINT('',(37.259,26.81,-48.));
#13068=CARTESIAN_POINT('',(37.259,26.81,-48.));
#13069=CARTESIAN_POINT('',(37.259,26.81,-47.95));
#13070=CARTESIAN_POINT('',(37.259,26.81,-47.95));
#13071=CARTESIAN_POINT('',(37.259,26.81,-47.95));
#13072=CARTESIAN_POINT('',(37.259,27.695,-47.95));
#13073=CARTESIAN_POINT('',(37.259,27.695,-48.));
#13074=CARTESIAN_POINT('',(37.259,27.695,-48.));
#13075=CARTESIAN_POINT('',(37.259,27.695,-47.95));
#13076=CARTESIAN_POINT('',(37.259,27.695,-47.95));
#13077=CARTESIAN_POINT('',(37.259,27.695,-47.95));
#13078=CARTESIAN_POINT('',(37.749,27.199,-47.95));
#13079=CARTESIAN_POINT('',(37.749,27.199,-48.));
#13080=CARTESIAN_POINT('',(37.749,27.199,-48.));
#13081=CARTESIAN_POINT('',(37.749,27.199,-47.95));
#13082=CARTESIAN_POINT('',(37.749,27.199,-47.95));
#13083=CARTESIAN_POINT('',(37.749,27.199,-47.95));
#13084=CARTESIAN_POINT('',(37.957,27.199,-47.95));
#13085=CARTESIAN_POINT('',(37.957,27.199,-48.));
#13086=CARTESIAN_POINT('',(37.957,27.199,-48.));
#13087=CARTESIAN_POINT('',(37.957,27.199,-47.95));
#13088=CARTESIAN_POINT('',(37.957,27.199,-47.95));
#13089=CARTESIAN_POINT('',(37.957,27.199,-47.95));
#13090=CARTESIAN_POINT('',(37.495,27.668,-47.95));
#13091=CARTESIAN_POINT('',(37.495,27.668,-48.));
#13092=CARTESIAN_POINT('',(37.495,27.668,-48.));
#13093=CARTESIAN_POINT('',(37.495,27.668,-47.95));
#13094=CARTESIAN_POINT('',(37.495,27.668,-47.95));
#13095=CARTESIAN_POINT('',(37.495,27.668,-47.95));
#13096=CARTESIAN_POINT('',(37.999,29.996,-47.95));
#13097=CARTESIAN_POINT('',(37.999,29.996,-48.));
#13098=CARTESIAN_POINT('',(37.999,29.996,-48.));
#13099=CARTESIAN_POINT('',(38.,29.563,-48.));
#13100=CARTESIAN_POINT('',(37.999,29.996,-47.95));
#13101=CARTESIAN_POINT('',(37.999,29.996,-47.95));
#13102=CARTESIAN_POINT('',(37.999,29.996,-47.95));
#13103=CARTESIAN_POINT('',(38.,29.563,-47.95));
#13104=CARTESIAN_POINT('',(38.,29.563,-47.95));
#13105=CARTESIAN_POINT('',(37.9479236484749,31.0217291096171,-47.95));
#13106=CARTESIAN_POINT('',(37.9479236484749,31.0217291096171,-48.));
#13107=CARTESIAN_POINT('',(36.952,30.771,-48.));
#13108=CARTESIAN_POINT('',(36.952,30.771,-47.95));
#13109=CARTESIAN_POINT('',(36.952,30.771,-47.95));
#13110=CARTESIAN_POINT('',(37.9479236484749,31.0217291096171,-47.95));
#13111=CARTESIAN_POINT('',(37.712,30.771,-47.95));
#13112=CARTESIAN_POINT('',(37.712,30.771,-48.));
#13113=CARTESIAN_POINT('',(37.712,30.771,-48.));
#13114=CARTESIAN_POINT('',(37.712,30.771,-47.95));
#13115=CARTESIAN_POINT('',(37.712,30.771,-47.95));
#13116=CARTESIAN_POINT('',(37.712,30.771,-47.95));
#13117=CARTESIAN_POINT('',(37.712,31.2,-47.95));
#13118=CARTESIAN_POINT('',(37.712,31.2,-48.));
#13119=CARTESIAN_POINT('',(37.712,31.2,-48.));
#13120=CARTESIAN_POINT('',(37.712,31.2,-47.95));
#13121=CARTESIAN_POINT('',(37.712,31.2,-47.95));
#13122=CARTESIAN_POINT('',(37.712,31.2,-47.95));
#13123=CARTESIAN_POINT('',(36.937,31.2,-47.95));
#13124=CARTESIAN_POINT('',(36.937,31.2,-48.));
#13125=CARTESIAN_POINT('',(36.937,31.2,-48.));
#13126=CARTESIAN_POINT('',(36.937,31.2,-47.95));
#13127=CARTESIAN_POINT('',(36.937,31.2,-47.95));
#13128=CARTESIAN_POINT('',(36.937,31.2,-47.95));
#13129=CARTESIAN_POINT('',(37.9483077907912,31.0211549489508,-47.95));
#13130=CARTESIAN_POINT('',(37.9483077907912,31.0211549489508,-48.));
#13131=CARTESIAN_POINT('',(37.997,32.047,-48.));
#13132=CARTESIAN_POINT('',(37.997,32.047,-47.95));
#13133=CARTESIAN_POINT('',(37.997,32.047,-47.95));
#13134=CARTESIAN_POINT('',(37.9483077907912,31.0211549489508,-47.95));
#13135=CARTESIAN_POINT('',(37.997,32.479,-47.95));
#13136=CARTESIAN_POINT('',(37.997,32.479,-48.));
#13137=CARTESIAN_POINT('',(37.997,32.479,-48.));
#13138=CARTESIAN_POINT('',(37.997,32.479,-47.95));
#13139=CARTESIAN_POINT('',(37.997,32.479,-47.95));
#13140=CARTESIAN_POINT('',(37.997,32.479,-47.95));
#13141=CARTESIAN_POINT('',(-27.35,13.45,-47.95));
#13142=CARTESIAN_POINT('',(-27.35,13.45,-48.));
#13143=CARTESIAN_POINT('',(-27.35,13.45,-47.95));
#13144=CARTESIAN_POINT('',(-27.6,16.2,-47.95));
#13145=CARTESIAN_POINT('',(-27.6,16.2,-47.95));
#13146=CARTESIAN_POINT('',(-28.6,16.2,-47.95));
#13147=CARTESIAN_POINT('',(-27.6,16.2,-48.));
#13148=CARTESIAN_POINT('',(-28.6,16.2,-48.));
#13149=CARTESIAN_POINT('',(-26.4,14.2,-47.95));
#13150=CARTESIAN_POINT('',(-26.4,14.2,-48.));
#13151=CARTESIAN_POINT('',(-26.4,14.2,-47.95));
#13152=CARTESIAN_POINT('',(-23.777,13.45,-47.95));
#13153=CARTESIAN_POINT('',(-23.777,13.45,-48.));
#13154=CARTESIAN_POINT('',(-23.777,13.45,-47.95));
#13155=CARTESIAN_POINT('',(-22.777,14.45,-47.95));
#13156=CARTESIAN_POINT('',(-22.777,14.45,-48.));
#13157=CARTESIAN_POINT('',(-22.777,14.45,-47.95));
#13158=CARTESIAN_POINT('',(-22.776,12.45,-47.95));
#13159=CARTESIAN_POINT('',(-22.776,12.45,-48.));
#13160=CARTESIAN_POINT('',(-22.776,12.45,-47.95));
#13161=CARTESIAN_POINT('',(-22.6,12.627474060823,-47.95));
#13162=CARTESIAN_POINT('',(-22.6,12.627474060823,-48.));
#13163=CARTESIAN_POINT('',(-22.6,12.627474060823,-47.95));
#13164=CARTESIAN_POINT('',(-23.6,16.2,-47.95));
#13165=CARTESIAN_POINT('',(-23.6,16.2,-47.95));
#13166=CARTESIAN_POINT('',(-24.6,16.2,-47.95));
#13167=CARTESIAN_POINT('',(-23.6,16.2,-48.));
#13168=CARTESIAN_POINT('',(-24.6,16.2,-48.));
#13169=CARTESIAN_POINT('',(-22.6,12.599215077241,-47.95));
#13170=CARTESIAN_POINT('',(-22.6,12.599215077241,-48.));
#13171=CARTESIAN_POINT('',(-22.6,12.599215077241,-47.95));
#13172=CARTESIAN_POINT('',(-19.475,13.,-47.95));
#13173=CARTESIAN_POINT('',(-19.475,13.,-48.));
#13174=CARTESIAN_POINT('',(-19.475,13.,-47.95));
#13175=CARTESIAN_POINT('',(-19.6,16.2,-47.95));
#13176=CARTESIAN_POINT('',(-19.6,16.2,-47.95));
#13177=CARTESIAN_POINT('',(-20.6,16.2,-47.95));
#13178=CARTESIAN_POINT('',(-19.6,16.2,-48.));
#13179=CARTESIAN_POINT('',(-20.6,16.2,-48.));
#13180=CARTESIAN_POINT('',(-19.6,13.4507496997599,-47.95));
#13181=CARTESIAN_POINT('',(-19.6,13.4507496997599,-48.));
#13182=CARTESIAN_POINT('',(-19.6,13.4507496997599,-47.95));
#13183=CARTESIAN_POINT('',(-15.85,13.45,-47.95));
#13184=CARTESIAN_POINT('',(-15.85,13.45,-48.));
#13185=CARTESIAN_POINT('',(-15.85,13.45,-47.95));
#13186=CARTESIAN_POINT('',(-15.6,16.2,-47.95));
#13187=CARTESIAN_POINT('',(-15.6,16.2,-47.95));
#13188=CARTESIAN_POINT('',(-16.6,16.2,-47.95));
#13189=CARTESIAN_POINT('',(-15.6,16.2,-48.));
#13190=CARTESIAN_POINT('',(-16.6,16.2,-48.));
#13191=CARTESIAN_POINT('',(-13.9,12.7,-47.95));
#13192=CARTESIAN_POINT('',(-13.9,12.7,-48.));
#13193=CARTESIAN_POINT('',(-13.9,12.7,-47.95));
#13194=CARTESIAN_POINT('',(-11.85,12.7,-47.95));
#13195=CARTESIAN_POINT('',(-11.85,12.7,-48.));
#13196=CARTESIAN_POINT('',(-11.85,12.7,-47.95));
#13197=CARTESIAN_POINT('',(-11.6,16.2,-47.95));
#13198=CARTESIAN_POINT('',(-11.6,16.2,-47.95));
#13199=CARTESIAN_POINT('',(-12.6,16.2,-47.95));
#13200=CARTESIAN_POINT('',(-11.6,16.2,-48.));
#13201=CARTESIAN_POINT('',(-12.6,16.2,-48.));
#13202=CARTESIAN_POINT('',(-9.9,13.45,-47.95));
#13203=CARTESIAN_POINT('',(-9.9,13.45,-48.));
#13204=CARTESIAN_POINT('',(-9.9,13.45,-47.95));
#13205=CARTESIAN_POINT('',(30.0149999999997,27.5290000000002,-47.95));
#13206=CARTESIAN_POINT('',(30.0149999999997,27.5290000000002,-48.));
#13207=CARTESIAN_POINT('',(30.0149999999997,27.5290000000002,-47.95));
#13208=CARTESIAN_POINT('',(32.2,26.865,-47.95));
#13209=CARTESIAN_POINT('',(32.2,26.865,-48.));
#13210=CARTESIAN_POINT('',(32.2,26.865,-47.95));
#13211=CARTESIAN_POINT('',(32.7358394499123,27.54898765774,-47.95));
#13212=CARTESIAN_POINT('',(32.7358394499123,27.54898765774,-48.));
#13213=CARTESIAN_POINT('',(32.7358394499123,27.54898765774,-47.95));
#13214=CARTESIAN_POINT('',(34.362,27.53,-47.95));
#13215=CARTESIAN_POINT('',(34.362,27.53,-48.));
#13216=CARTESIAN_POINT('',(34.362,27.53,-47.95));
#13217=CARTESIAN_POINT('',(35.446,28.043,-47.95));
#13218=CARTESIAN_POINT('',(35.446,28.043,-48.));
#13219=CARTESIAN_POINT('',(35.446,28.043,-47.95));
#13220=CARTESIAN_POINT('',(35.4896128462692,31.0209476082622,-47.95));
#13221=CARTESIAN_POINT('',(35.4896128462692,31.0209476082622,-48.));
#13222=CARTESIAN_POINT('',(35.4896128462692,31.0209476082622,-47.95));
#13223=CARTESIAN_POINT('',(35.713,27.199,-47.95));
#13224=CARTESIAN_POINT('',(35.713,27.199,-48.));
#13225=CARTESIAN_POINT('',(35.713,27.199,-47.95));
#13226=CARTESIAN_POINT('',(35.717,26.865,-47.95));
#13227=CARTESIAN_POINT('',(35.717,26.865,-48.));
#13228=CARTESIAN_POINT('',(35.717,26.865,-47.95));
#13229=CARTESIAN_POINT('',(36.3576664371262,27.4572377681001,-47.95));
#13230=CARTESIAN_POINT('',(36.3576664371262,27.4572377681001,-48.));
#13231=CARTESIAN_POINT('',(36.3576664371262,27.4572377681001,-47.95));
#13232=CARTESIAN_POINT('',(37.983,28.2,-47.95));
#13233=CARTESIAN_POINT('',(37.983,28.2,-48.));
#13234=CARTESIAN_POINT('',(37.983,28.2,-47.95));
#13235=CARTESIAN_POINT('',(37.9445116038864,31.0209444563826,-47.95));
#13236=CARTESIAN_POINT('',(37.9445116038864,31.0209444563826,-48.));
#13237=CARTESIAN_POINT('',(37.9445116038864,31.0209444563826,-47.95));
#13238=CARTESIAN_POINT('',(-38.8,34.,-47.95));
#13239=CARTESIAN_POINT('',(-38.8,34.,-47.95));
#13240=CARTESIAN_POINT('',(38.7999999999997,31.9999999999997,-47.95));
#13241=CARTESIAN_POINT('',(45.,0.,-48.));
#13242=CARTESIAN_POINT('',(45.,0.,-48.));
#13243=CARTESIAN_POINT('',(45.,0.,-48.));
#13244=CARTESIAN_POINT('',(45.,0.,-48.));
#13245=CARTESIAN_POINT('',(45.,0.,-48.));
#13246=CARTESIAN_POINT('',(45.,0.,-48.));
#13247=CARTESIAN_POINT('',(45.,0.,-48.));
#13248=CARTESIAN_POINT('',(45.,0.,-48.));
#13249=CARTESIAN_POINT('',(45.,0.,-48.));
#13250=CARTESIAN_POINT('',(45.,0.,-48.));
#13251=CARTESIAN_POINT('',(45.,0.,-48.));
#13252=CARTESIAN_POINT('',(45.,0.,-48.));
#13253=CARTESIAN_POINT('',(45.,0.,-48.));
#13254=CARTESIAN_POINT('',(45.,0.,-48.));
#13255=CARTESIAN_POINT('',(45.,0.,-48.));
#13256=CARTESIAN_POINT('',(45.,0.,-48.));
#13257=CARTESIAN_POINT('',(45.,0.,-48.));
#13258=CARTESIAN_POINT('',(45.,0.,-48.));
#13259=CARTESIAN_POINT('',(45.,0.,-48.));
#13260=CARTESIAN_POINT('',(45.,0.,-48.));
#13261=CARTESIAN_POINT('',(45.,0.,-48.));
#13262=CARTESIAN_POINT('',(45.,0.,-48.));
#13263=CARTESIAN_POINT('',(45.,0.,-48.));
#13264=CARTESIAN_POINT('',(45.,0.,-48.));
#13265=CARTESIAN_POINT('',(45.,0.,-48.));
#13266=CARTESIAN_POINT('',(45.,0.,-48.));
#13267=CARTESIAN_POINT('',(45.,0.,-48.));
#13268=CARTESIAN_POINT('',(45.,0.,-48.));
#13269=CARTESIAN_POINT('',(45.,0.,-48.));
#13270=CARTESIAN_POINT('',(45.3,13.6,15.5));
#13271=CARTESIAN_POINT('',(45.3,13.6,15.5));
#13272=CARTESIAN_POINT('',(45.3,13.6,11.));
#13273=CARTESIAN_POINT('',(45.3,18.1,15.5));
#13274=CARTESIAN_POINT('',(0.,1.04094977927525E-15,-8.5));
#13275=CARTESIAN_POINT('',(0.,-71.8,-4.15));
#13276=CARTESIAN_POINT('',(-0.00026249034440085,-71.8,2.5));
#13277=CARTESIAN_POINT('',(-0.00026249034440085,-71.8,3.));
#13278=CARTESIAN_POINT('',(-2.5002624903444,-71.8,0.));
#13279=CARTESIAN_POINT('',(-2.5002624903444,-71.8,0.5));
#13280=CARTESIAN_POINT('',(-0.00026249034440085,-71.8,0.));
#13281=CARTESIAN_POINT('',(-0.00026249034440085,-71.8,0.5));
#13282=CARTESIAN_POINT('',(2.4997375096556,-71.8,0.));
#13283=CARTESIAN_POINT('',(2.4997375096556,-71.8,0.5));
#13284=CARTESIAN_POINT('',(-0.00026249034440085,-71.8,-2.5));
#13285=CARTESIAN_POINT('',(-0.00026249034440085,-71.8,-2.));
#13286=CARTESIAN_POINT('',(0.,-71.8,0.));
#13287=CARTESIAN_POINT('',(0.,-71.8,-4.15));
#13288=CARTESIAN_POINT('',(-0.000262490343961187,-71.8,-4.38885039422132E-13));
#13289=CARTESIAN_POINT('',(2.4788643238437,-71.8,-3.3281271368705));
#13290=CARTESIAN_POINT('',(3.3278646465261,-71.8,-2.4791268141881));
#13291=CARTESIAN_POINT('',(2.0857375096556,-71.8,-2.934));
#13292=CARTESIAN_POINT('',(2.0857375096556,-71.8,-2.934));
#13293=CARTESIAN_POINT('',(2.52470413920273,-71.8,-2.52496662954713));
#13294=CARTESIAN_POINT('',(2.9337375096556,-71.8,-2.086));
#13295=CARTESIAN_POINT('',(3.3278646465261,-71.8,-2.4791268141881));
#13296=CARTESIAN_POINT('',(0.,-71.8,0.));
#13297=CARTESIAN_POINT('',(-2.90473750965556,-71.8,5.25));
#13298=CARTESIAN_POINT('',(-2.90473750965556,-70.9,5.25));
#13299=CARTESIAN_POINT('',(-2.90473750965556,-77.75,5.25));
#13300=CARTESIAN_POINT('',(0.,-70.9,0.));
#13301=CARTESIAN_POINT('',(-2.90473750965556,-70.9,-5.25));
#13302=CARTESIAN_POINT('',(-2.90473750965556,-71.8,-5.25));
#13303=CARTESIAN_POINT('',(-2.90473750965556,-77.75,-5.25));
#13304=CARTESIAN_POINT('',(0.,-77.75,0.));
#13305=CARTESIAN_POINT('',(0.,-71.8,0.));
#13306=CARTESIAN_POINT('',(2.90473750965556,-71.8,5.25));
#13307=CARTESIAN_POINT('',(2.90473750965556,-77.75,5.25));
#13308=CARTESIAN_POINT('',(2.90473750965556,-70.9,5.25));
#13309=CARTESIAN_POINT('',(0.,-77.75,0.));
#13310=CARTESIAN_POINT('',(2.90473750965556,-77.75,-5.25));
#13311=CARTESIAN_POINT('',(2.90473750965556,-71.8,-5.25));
#13312=CARTESIAN_POINT('',(2.90473750965556,-70.9,-5.25));
#13313=CARTESIAN_POINT('',(0.,-70.9,0.));
#13314=CARTESIAN_POINT('',(0.,-77.75,0.));
#13315=CARTESIAN_POINT('',(-2.90473750965557,-77.75,5.25));
#13316=CARTESIAN_POINT('',(-1.99638068531859,-78.1897563566339,5.25));
#13317=CARTESIAN_POINT('',(-1.00434621790094,-78.5,5.25));
#13318=CARTESIAN_POINT('',(-5.05777179829053E-15,-78.5,5.25));
#13319=CARTESIAN_POINT('',(0.,-78.5,5.25));
#13320=CARTESIAN_POINT('',(-1.39225340051083E-15,-78.5,-5.25));
#13321=CARTESIAN_POINT('',(-1.00860040632744,-78.5,-5.25));
#13322=CARTESIAN_POINT('',(-1.99941883855479,-78.188285517023,-5.25));
#13323=CARTESIAN_POINT('',(-2.90473750965556,-77.75,-5.25));
#13324=CARTESIAN_POINT('',(0.,-78.5,-5.25));
#13325=CARTESIAN_POINT('',(0.,-78.5,0.));
#13326=CARTESIAN_POINT('',(0.,-77.75,0.));
#13327=CARTESIAN_POINT('',(1.77271925916101E-15,-78.5,5.25));
#13328=CARTESIAN_POINT('',(1.00860040632744,-78.5,5.25));
#13329=CARTESIAN_POINT('',(1.99941883855479,-78.188285517023,5.25));
#13330=CARTESIAN_POINT('',(2.90473750965556,-77.75,5.25));
#13331=CARTESIAN_POINT('',(0.,-78.5,0.));
#13332=CARTESIAN_POINT('',(2.90473750965556,-77.75,-5.25));
#13333=CARTESIAN_POINT('',(1.99638068531859,-78.1897563566339,-5.25));
#13334=CARTESIAN_POINT('',(1.00434621790093,-78.5,-5.25));
#13335=CARTESIAN_POINT('',(-1.39225340051083E-15,-78.5,-5.25));
#13336=CARTESIAN_POINT('',(0.,-65.4,-4.2));
#13337=CARTESIAN_POINT('',(0.,-65.4,0.));
#13338=CARTESIAN_POINT('',(0.,-65.4,-4.2));
#13339=CARTESIAN_POINT('',(-6.5,-65.4,-3.7527767497326));
#13340=CARTESIAN_POINT('',(-6.5,-65.4,-2.54918104496326));
#13341=CARTESIAN_POINT('',(-6.5,-65.4,2.54918104496326));
#13342=CARTESIAN_POINT('',(0.,-65.4,0.));
#13343=CARTESIAN_POINT('',(-5.45765554378391,-65.4,4.35457460211726));
#13344=CARTESIAN_POINT('',(-6.5,-65.4,3.7527767497326));
#13345=CARTESIAN_POINT('',(-1.042344456216,-65.4,6.90375564708049));
#13346=CARTESIAN_POINT('',(0.,-65.4,0.));
#13347=CARTESIAN_POINT('',(1.042344456216,-65.4,6.90375564708049));
#13348=CARTESIAN_POINT('',(0.,-65.4,7.5055534994651));
#13349=CARTESIAN_POINT('',(5.45765554378391,-65.4,4.35457460211726));
#13350=CARTESIAN_POINT('',(0.,-65.4,0.));
#13351=CARTESIAN_POINT('',(6.5,-65.4,2.54918104496326));
#13352=CARTESIAN_POINT('',(6.5,-65.4,3.7527767497326));
#13353=CARTESIAN_POINT('',(6.5,-65.4,-2.54918104496326));
#13354=CARTESIAN_POINT('',(0.,-65.4,0.));
#13355=CARTESIAN_POINT('',(5.45765554378391,-65.4,-4.35457460211726));
#13356=CARTESIAN_POINT('',(6.5,-65.4,-3.7527767497326));
#13357=CARTESIAN_POINT('',(1.042344456216,-65.4,-6.90375564708049));
#13358=CARTESIAN_POINT('',(0.,-65.4,0.));
#13359=CARTESIAN_POINT('',(-1.042344456216,-65.4,-6.90375564708049));
#13360=CARTESIAN_POINT('',(0.,-65.4,-7.5055534994651));
#13361=CARTESIAN_POINT('',(-5.45765554378391,-65.4,-4.35457460211726));
#13362=CARTESIAN_POINT('',(0.,-65.4,0.));
#13363=CARTESIAN_POINT('',(0.,-65.4,0.));
#13364=CARTESIAN_POINT('',(-6.5,-65.6,3.0967725134404));
#13365=CARTESIAN_POINT('',(-6.5,-65.528386196771,2.91528513414407));
#13366=CARTESIAN_POINT('',(-6.5,-65.4615051507528,2.73279984681755));
#13367=CARTESIAN_POINT('',(-6.5,-65.4,2.54918104496326));
#13368=CARTESIAN_POINT('',(-6.5,-65.6,3.0967725134404));
#13369=CARTESIAN_POINT('',(0.,-65.6,0.));
#13370=CARTESIAN_POINT('',(-5.93188366638075,-65.6,4.08077886787869));
#13371=CARTESIAN_POINT('',(-5.45765554378392,-65.4,4.35457460211726));
#13372=CARTESIAN_POINT('',(-5.61682354769409,-65.4615629576491,4.26267891221335));
#13373=CARTESIAN_POINT('',(-5.77520582902114,-65.5286116661742,4.17123685945431));
#13374=CARTESIAN_POINT('',(-5.93188366638075,-65.6,4.08077886787869));
#13375=CARTESIAN_POINT('',(0.,-65.4,0.));
#13376=CARTESIAN_POINT('',(-6.5,-65.4,-2.54918104496326));
#13377=CARTESIAN_POINT('',(-6.5,-65.4615629576491,-2.73297242477109));
#13378=CARTESIAN_POINT('',(-6.5,-65.5286116661742,-2.91585653028917));
#13379=CARTESIAN_POINT('',(-6.5,-65.6,-3.09677251344041));
#13380=CARTESIAN_POINT('',(-6.5,-65.6,-3.0967725134404));
#13381=CARTESIAN_POINT('',(-5.93188366638075,-65.6,-4.08077886787869));
#13382=CARTESIAN_POINT('',(-5.77471098544386,-65.528386196771,-4.17152255752686));
#13383=CARTESIAN_POINT('',(-5.61667409080219,-65.4615051507528,-4.26276520119012));
#13384=CARTESIAN_POINT('',(-5.45765554378392,-65.4,-4.35457460211726));
#13385=CARTESIAN_POINT('',(-5.93188366638075,-65.6,-4.08077886787869));
#13386=CARTESIAN_POINT('',(0.,-65.6,0.));
#13387=CARTESIAN_POINT('',(0.,-65.4,0.));
#13388=CARTESIAN_POINT('',(-1.04234445621599,-65.4,-6.90375564708049));
#13389=CARTESIAN_POINT('',(-0.883176452305826,-65.4615629576491,-6.9956513369844));
#13390=CARTESIAN_POINT('',(-0.724794170978772,-65.5286116661742,-7.08709338974344));
#13391=CARTESIAN_POINT('',(-0.568116333619157,-65.6,-7.17755138131906));
#13392=CARTESIAN_POINT('',(-0.568116333619165,-65.6,-7.17755138131906));
#13393=CARTESIAN_POINT('',(0.568116333619165,-65.6,-7.17755138131906));
#13394=CARTESIAN_POINT('',(0.725289014556056,-65.528386196771,-7.08680769167089));
#13395=CARTESIAN_POINT('',(0.883325909197723,-65.4615051507528,-6.99556504800763));
#13396=CARTESIAN_POINT('',(1.042344456216,-65.4,-6.90375564708049));
#13397=CARTESIAN_POINT('',(0.568116333619165,-65.6,-7.17755138131906));
#13398=CARTESIAN_POINT('',(0.,-65.6,0.));
#13399=CARTESIAN_POINT('',(0.,-65.4,0.));
#13400=CARTESIAN_POINT('',(5.45765554378392,-65.4,-4.35457460211726));
#13401=CARTESIAN_POINT('',(5.61682354769409,-65.4615629576491,-4.26267891221335));
#13402=CARTESIAN_POINT('',(5.77520582902114,-65.5286116661742,-4.17123685945431));
#13403=CARTESIAN_POINT('',(5.93188366638075,-65.6,-4.08077886787869));
#13404=CARTESIAN_POINT('',(5.93188366638075,-65.6,-4.08077886787869));
#13405=CARTESIAN_POINT('',(6.5,-65.6,-3.0967725134404));
#13406=CARTESIAN_POINT('',(6.5,-65.528386196771,-2.91528513414407));
#13407=CARTESIAN_POINT('',(6.5,-65.4615051507528,-2.73279984681755));
#13408=CARTESIAN_POINT('',(6.5,-65.4,-2.54918104496326));
#13409=CARTESIAN_POINT('',(6.5,-65.6,-3.0967725134404));
#13410=CARTESIAN_POINT('',(0.,-65.6,0.));
#13411=CARTESIAN_POINT('',(0.,-65.4,0.));
#13412=CARTESIAN_POINT('',(6.5,-65.4,2.54918104496326));
#13413=CARTESIAN_POINT('',(6.5,-65.4615629576491,2.73297242477109));
#13414=CARTESIAN_POINT('',(6.5,-65.5286116661742,2.91585653028917));
#13415=CARTESIAN_POINT('',(6.5,-65.6,3.09677251344041));
#13416=CARTESIAN_POINT('',(6.5,-65.6,3.0967725134404));
#13417=CARTESIAN_POINT('',(5.93188366638075,-65.6,4.08077886787869));
#13418=CARTESIAN_POINT('',(5.77471098544386,-65.528386196771,4.17152255752686));
#13419=CARTESIAN_POINT('',(5.61667409080219,-65.4615051507528,4.26276520119012));
#13420=CARTESIAN_POINT('',(5.45765554378392,-65.4,4.35457460211726));
#13421=CARTESIAN_POINT('',(5.93188366638075,-65.6,4.08077886787869));
#13422=CARTESIAN_POINT('',(0.,-65.6,0.));
#13423=CARTESIAN_POINT('',(0.,-65.4,0.));
#13424=CARTESIAN_POINT('',(1.04234445621599,-65.4,6.90375564708049));
#13425=CARTESIAN_POINT('',(0.883176452305826,-65.4615629576491,6.9956513369844));
#13426=CARTESIAN_POINT('',(0.724794170978772,-65.5286116661742,7.08709338974344));
#13427=CARTESIAN_POINT('',(0.568116333619157,-65.6,7.17755138131906));
#13428=CARTESIAN_POINT('',(0.568116333619165,-65.6,7.17755138131906));
#13429=CARTESIAN_POINT('',(-0.568116333619165,-65.6,7.17755138131906));
#13430=CARTESIAN_POINT('',(-0.725289014556056,-65.528386196771,7.08680769167089));
#13431=CARTESIAN_POINT('',(-0.883325909197723,-65.4615051507528,6.99556504800763));
#13432=CARTESIAN_POINT('',(-1.042344456216,-65.4,6.90375564708049));
#13433=CARTESIAN_POINT('',(-0.568116333619165,-65.6,7.17755138131906));
#13434=CARTESIAN_POINT('',(0.,-65.6,0.));
#13435=CARTESIAN_POINT('',(0.,-71.8,0.));
#13436=CARTESIAN_POINT('',(-6.5,-71.8,-3.0967725134404));
#13437=CARTESIAN_POINT('',(-6.5,-67.9,-3.0967725134404));
#13438=CARTESIAN_POINT('',(-5.93188366638075,-71.8,-4.08077886787869));
#13439=CARTESIAN_POINT('',(-5.93188366638075,-67.9,-4.08077886787869));
#13440=CARTESIAN_POINT('',(0.,-67.9,0.));
#13441=CARTESIAN_POINT('',(0.,-71.8,0.));
#13442=CARTESIAN_POINT('',(-6.5,-71.8,3.0967725134404));
#13443=CARTESIAN_POINT('',(-6.5,-67.9,3.0967725134404));
#13444=CARTESIAN_POINT('',(0.,-67.9,0.));
#13445=CARTESIAN_POINT('',(-5.93188366638075,-67.9,4.08077886787869));
#13446=CARTESIAN_POINT('',(-5.93188366638075,-71.8,4.08077886787869));
#13447=CARTESIAN_POINT('',(0.,-71.8,0.));
#13448=CARTESIAN_POINT('',(-0.568116333619165,-71.8,-7.17755138131906));
#13449=CARTESIAN_POINT('',(-0.568116333619165,-67.9,-7.17755138131906));
#13450=CARTESIAN_POINT('',(0.568116333619165,-71.8,-7.17755138131906));
#13451=CARTESIAN_POINT('',(0.568116333619165,-67.9,-7.17755138131906));
#13452=CARTESIAN_POINT('',(0.,-67.9,0.));
#13453=CARTESIAN_POINT('',(0.,-71.8,0.));
#13454=CARTESIAN_POINT('',(5.93188366638075,-71.8,-4.08077886787869));
#13455=CARTESIAN_POINT('',(5.93188366638075,-67.9,-4.08077886787869));
#13456=CARTESIAN_POINT('',(6.5,-71.8,-3.0967725134404));
#13457=CARTESIAN_POINT('',(6.5,-67.9,-3.0967725134404));
#13458=CARTESIAN_POINT('',(0.,-67.9,0.));
#13459=CARTESIAN_POINT('',(0.,-71.8,0.));
#13460=CARTESIAN_POINT('',(6.5,-71.8,3.0967725134404));
#13461=CARTESIAN_POINT('',(6.5,-67.9,3.0967725134404));
#13462=CARTESIAN_POINT('',(5.93188366638075,-71.8,4.08077886787869));
#13463=CARTESIAN_POINT('',(5.93188366638075,-67.9,4.08077886787869));
#13464=CARTESIAN_POINT('',(0.,-67.9,0.));
#13465=CARTESIAN_POINT('',(0.,-71.8,0.));
#13466=CARTESIAN_POINT('',(0.568116333619165,-71.8,7.17755138131906));
#13467=CARTESIAN_POINT('',(0.568116333619163,-67.9,7.17755138131906));
#13468=CARTESIAN_POINT('',(-0.568116333619165,-71.8,7.17755138131906));
#13469=CARTESIAN_POINT('',(-0.568116333619161,-67.9,7.17755138131906));
#13470=CARTESIAN_POINT('',(0.,-67.9,0.));
#13471=CARTESIAN_POINT('',(0.,0.,0.));
#13472=CARTESIAN_POINT('',(0.,0.,0.));
#13473=CARTESIAN_POINT('',(0.,0.,-2.752166729863));
#13474=CARTESIAN_POINT('',(0.,0.,0.));
#13475=CARTESIAN_POINT('',(0.,-20.,0.));
#13476=CARTESIAN_POINT('',(0.,-20.,-2.7510833649315));
#13477=CARTESIAN_POINT('',(0.,-20.,-2.7510833649315));
#13478=CARTESIAN_POINT('',(0.,-20.,0.));
#13479=CARTESIAN_POINT('',(0.,-20.,-0.19999999999999));
#13480=CARTESIAN_POINT('',(0.,-71.8,0.));
#13481=CARTESIAN_POINT('',(0.,-30.,0.));
#13482=CARTESIAN_POINT('',(0.,-30.,-0.19999999999999));
#13483=CARTESIAN_POINT('',(0.,-30.,-0.19999999999999));
#13484=CARTESIAN_POINT('',(0.,-30.,0.));
#13485=CARTESIAN_POINT('',(0.,-30.,-2.7505416824657));
#13486=CARTESIAN_POINT('',(0.,-30.,0.));
#13487=CARTESIAN_POINT('',(0.,-40.,0.));
#13488=CARTESIAN_POINT('',(0.,-40.,-2.75));
#13489=CARTESIAN_POINT('',(0.,-40.,-2.75));
#13490=CARTESIAN_POINT('',(0.,-40.,0.));
#13491=CARTESIAN_POINT('',(0.,-40.,-3.229974596029));
#13492=CARTESIAN_POINT('',(0.,-40.9999999999985,0.));
#13493=CARTESIAN_POINT('',(0.,-40.500227575201,0.));
#13494=CARTESIAN_POINT('',(0.,-40.500227575201,-4.0961313108913));
#13495=CARTESIAN_POINT('',(0.,-40.500227575201,0.));
#13496=CARTESIAN_POINT('',(0.,-42.5,0.));
#13497=CARTESIAN_POINT('',(0.,-42.5,-5.25));
#13498=CARTESIAN_POINT('',(0.,-71.8,0.));
#13499=CARTESIAN_POINT('',(0.,-42.8,0.));
#13500=CARTESIAN_POINT('',(0.,-42.8,-5.25));
#13501=CARTESIAN_POINT('',(0.,-42.7999999999995,0.));
#13502=CARTESIAN_POINT('',(0.,-43.,0.));
#13503=CARTESIAN_POINT('',(0.,-43.,-5.05));
#13504=CARTESIAN_POINT('',(0.,-43.,-5.05));
#13505=CARTESIAN_POINT('',(0.,-43.,0.));
#13506=CARTESIAN_POINT('',(0.,-43.,-4.6));
#13507=CARTESIAN_POINT('',(0.,-43.2000000000005,0.));
#13508=CARTESIAN_POINT('',(0.,-43.2,0.));
#13509=CARTESIAN_POINT('',(0.,-43.2,-4.4));
#13510=CARTESIAN_POINT('',(0.,-71.8,0.));
#13511=CARTESIAN_POINT('',(0.,-50.354,0.));
#13512=CARTESIAN_POINT('',(0.,-50.354,-4.4000000000002));
#13513=CARTESIAN_POINT('',(0.,-50.3524468060491,0.));
#13514=CARTESIAN_POINT('',(0.,-50.579,0.));
#13515=CARTESIAN_POINT('',(0.,-50.579,-4.4260000000002));
#13516=CARTESIAN_POINT('',(0.,-50.579,0.));
#13517=CARTESIAN_POINT('',(0.,-53.389,0.));
#13518=CARTESIAN_POINT('',(0.,-53.389,-5.0749999999998));
#13519=CARTESIAN_POINT('',(0.,-53.6112217934195,0.));
#13520=CARTESIAN_POINT('',(0.,-53.614,0.));
#13521=CARTESIAN_POINT('',(0.,-53.614,-5.0999999999998));
#13522=CARTESIAN_POINT('',(0.,-71.8,0.));
#13523=CARTESIAN_POINT('',(0.,-54.386,0.));
#13524=CARTESIAN_POINT('',(0.,-54.386,-5.1000000000002));
#13525=CARTESIAN_POINT('',(0.,-54.3844468060499,0.));
#13526=CARTESIAN_POINT('',(0.,-54.611,0.));
#13527=CARTESIAN_POINT('',(0.,-54.611,-5.1260000000003));
#13528=CARTESIAN_POINT('',(0.,-54.611,0.));
#13529=CARTESIAN_POINT('',(0.,-58.287,0.));
#13530=CARTESIAN_POINT('',(0.,-58.287,-5.9749999999998));
#13531=CARTESIAN_POINT('',(0.,-58.5092217934195,0.));
#13532=CARTESIAN_POINT('',(0.,-58.512,0.));
#13533=CARTESIAN_POINT('',(0.,-58.512,-5.9999999999998));
#13534=CARTESIAN_POINT('',(0.,-71.8,0.));
#13535=CARTESIAN_POINT('',(0.,-62.713445095294,0.));
#13536=CARTESIAN_POINT('',(0.,-62.713445095294,-6.));
#13537=CARTESIAN_POINT('',(0.,-62.7134445403515,0.));
#13538=CARTESIAN_POINT('',(0.,-62.886612942475,0.));
#13539=CARTESIAN_POINT('',(0.,-62.886612942475,-5.9848922298946));
#13540=CARTESIAN_POINT('',(0.,-62.886612942475,0.));
#13541=CARTESIAN_POINT('',(0.,-63.886584302769,0.));
#13542=CARTESIAN_POINT('',(0.,-63.886584302769,-5.8090730896231));
#13543=CARTESIAN_POINT('',(0.,-63.8000000000005,0.));
#13544=CARTESIAN_POINT('',(0.,-64.3,0.));
#13545=CARTESIAN_POINT('',(0.,-64.3,-5.316627104293));
#13546=CARTESIAN_POINT('',(0.,-64.3,-5.316627104293));
#13547=CARTESIAN_POINT('',(0.,-64.3,0.));
#13548=CARTESIAN_POINT('',(0.,-64.3,-4.2));
#13549=CARTESIAN_POINT('',(0.,-71.8,0.));
#13550=CARTESIAN_POINT('',(0.,-67.9,-7.2));
#13551=CARTESIAN_POINT('',(-6.5,-67.9,-3.7527767497326));
#13552=CARTESIAN_POINT('',(0.,-67.9,-7.5055534994651));
#13553=CARTESIAN_POINT('',(6.5,-67.9,-3.7527767497326));
#13554=CARTESIAN_POINT('',(6.5,-67.9,3.7527767497326));
#13555=CARTESIAN_POINT('',(0.,-67.9,7.5055534994651));
#13556=CARTESIAN_POINT('',(-6.5,-67.9,3.7527767497326));
#13557=CARTESIAN_POINT('',(0.,-67.9,0.));
#13558=CARTESIAN_POINT('',(0.,-67.9,-7.3));
#13559=CARTESIAN_POINT('',(0.,-68.1000000000005,0.));
#13560=CARTESIAN_POINT('',(0.,-68.1,0.));
#13561=CARTESIAN_POINT('',(0.,-68.1,-7.5));
#13562=CARTESIAN_POINT('',(0.,-71.8,0.));
#13563=CARTESIAN_POINT('',(0.,-70.4,0.));
#13564=CARTESIAN_POINT('',(0.,-70.4,-7.5));
#13565=CARTESIAN_POINT('',(0.,-70.4,0.));
#13566=CARTESIAN_POINT('',(0.,-70.9,0.));
#13567=CARTESIAN_POINT('',(0.,-70.9,-7.));
#13568=CARTESIAN_POINT('',(0.,-70.9,-7.));
#13569=CARTESIAN_POINT('',(14.051245496396,-70.9,5.25));
#13570=CARTESIAN_POINT('',(-14.051245496396,-70.9,-5.25));
#13571=CARTESIAN_POINT('',(0.,-71.8,0.));
#13572=CARTESIAN_POINT('',(0.,-80.5,0.));
#13573=CARTESIAN_POINT('',(0.,-80.5,-5.25));
#13574=CARTESIAN_POINT('',(0.,-80.5,0.));
#13575=CARTESIAN_POINT('',(0.,-80.7,0.));
#13576=CARTESIAN_POINT('',(0.,-80.7,-5.05));
#13577=CARTESIAN_POINT('',(0.,-80.7,-5.05));
#13578=CARTESIAN_POINT('',(0.,-80.7,0.));
#13579=CARTESIAN_POINT('',(0.,-80.7,-4.15));
#13580=CARTESIAN_POINT('',(0.,-71.8,0.));
#13581=CARTESIAN_POINT('',(-6.5,-67.9,3.7527767497326));
#13582=CARTESIAN_POINT('',(-6.5,-67.9,-3.7527767497326));
#13583=CARTESIAN_POINT('',(0.,-67.9,-7.5055534994651));
#13584=CARTESIAN_POINT('',(6.5,-67.9,-3.7527767497326));
#13585=CARTESIAN_POINT('',(6.5,-67.9,3.7527767497326));
#13586=CARTESIAN_POINT('',(0.,-67.9,7.5055534994651));
#13587=CARTESIAN_POINT('',(-14.051245496396,-70.9,-5.25));
#13588=CARTESIAN_POINT('',(14.051245496396,-70.9,5.25));
#13589=CARTESIAN_POINT('',(-0.000262490343961187,-80.2,-4.38885039422132E-13));
#13590=CARTESIAN_POINT('',(3.3278646465261,-80.2,-2.4791268141881));
#13591=CARTESIAN_POINT('',(3.3278646465261,-80.2,-2.4791268141881));
#13592=CARTESIAN_POINT('',(-0.000262490343961187,-80.2,-4.38885039422132E-13));
#13593=CARTESIAN_POINT('',(2.4788643238437,-80.2,-3.3281271368705));
#13594=CARTESIAN_POINT('',(2.4788643238437,-80.2,-3.3281271368705));
#13595=CARTESIAN_POINT('',(3.3278646465261,-80.2,-2.4791268141881));
#13596=CARTESIAN_POINT('',(2.9337375096556,-80.2,-2.086));
#13597=CARTESIAN_POINT('',(2.9337375096556,-80.2,-2.086));
#13598=CARTESIAN_POINT('',(3.3278646465261,-80.2,-2.4791268141881));
#13599=CARTESIAN_POINT('',(2.52470413920273,-80.2,-2.52496662954713));
#13600=CARTESIAN_POINT('',(2.0857375096556,-80.2,-2.934));
#13601=CARTESIAN_POINT('',(2.0857375096556,-80.2,-2.934));
#13602=CARTESIAN_POINT('',(2.52470413920273,-80.2,-2.52496662954713));
#13603=CARTESIAN_POINT('',(2.0857375096556,-80.2,-2.934));
#13604=CARTESIAN_POINT('',(2.0857375096556,-80.2,-2.934));
#13605=CARTESIAN_POINT('',(-0.000262490343961187,-80.2,-4.38885039422132E-13));
#13606=CARTESIAN_POINT('',(-0.00026249034440085,-78.7,-2.5));
#13607=CARTESIAN_POINT('',(-0.00026249034440085,-78.7,-2.5));
#13608=CARTESIAN_POINT('',(-0.500262490344401,-78.7,-2.5));
#13609=CARTESIAN_POINT('',(-0.00026249034440085,-78.7,-2.5));
#13610=CARTESIAN_POINT('',(2.4997375096556,-78.7,0.));
#13611=CARTESIAN_POINT('',(2.4997375096556,-78.7,0.));
#13612=CARTESIAN_POINT('',(1.9997375096556,-78.7,0.));
#13613=CARTESIAN_POINT('',(2.4997375096556,-78.7,0.));
#13614=CARTESIAN_POINT('',(-0.00026249034440085,-78.7,0.));
#13615=CARTESIAN_POINT('',(-0.00026249034440085,-78.7,0.));
#13616=CARTESIAN_POINT('',(-0.500262490344401,-78.7,0.));
#13617=CARTESIAN_POINT('',(-0.00026249034440085,-78.7,0.));
#13618=CARTESIAN_POINT('',(-2.5002624903444,-78.7,0.));
#13619=CARTESIAN_POINT('',(-2.5002624903444,-78.7,0.));
#13620=CARTESIAN_POINT('',(-3.0002624903444,-78.7,0.));
#13621=CARTESIAN_POINT('',(-2.5002624903444,-78.7,0.));
#13622=CARTESIAN_POINT('',(-0.00026249034440085,-78.7,2.5));
#13623=CARTESIAN_POINT('',(-0.00026249034440085,-78.7,2.5));
#13624=CARTESIAN_POINT('',(-0.500262490344401,-78.7,2.5));
#13625=CARTESIAN_POINT('',(-0.00026249034440085,-78.7,2.5));
#13626=CARTESIAN_POINT('',(45.,-7.2,28.5));
#13627=CARTESIAN_POINT('',(0.,0.,0.));
#13628=CARTESIAN_POINT('',(-2.9671572875254,305.5,0.));
#13629=CARTESIAN_POINT('',(-2.9671572875254,9.51715728752539,0.));
#13630=CARTESIAN_POINT('',(-2.9671572875254,5.5,0.));
#13631=CARTESIAN_POINT('',(-3.2499999999999,5.5,1.00180280737643E-13));
#13632=CARTESIAN_POINT('',(-3.2499999999999,5.2171572875255,1.00180280737643E-13));
#13633=CARTESIAN_POINT('',(-303.25,5.2171572875254,0.));
#13634=CARTESIAN_POINT('',(-6.21715728752537,5.2171572875254,0.));
#13635=CARTESIAN_POINT('',(-6.2171572875254,300.,0.));
#13636=CARTESIAN_POINT('',(-6.2171572875254,0.282842712474751,0.));
#13637=CARTESIAN_POINT('',(6.5,0.28284271247473,5.42101086242752E-17));
#13638=CARTESIAN_POINT('',(6.2171572875254,0.282842712474751,0.));
#13639=CARTESIAN_POINT('',(6.2171572875254,300.,0.));
#13640=CARTESIAN_POINT('',(6.2171572875254,5.21715728752542,0.));
#13641=CARTESIAN_POINT('',(303.25,5.2171572875254,0.));
#13642=CARTESIAN_POINT('',(3.2499999999999,5.2171572875255,1.00157694690251E-13));
#13643=CARTESIAN_POINT('',(3.2499999999999,5.5,1.00180280737661E-13));
#13644=CARTESIAN_POINT('',(2.9671572875254,5.5,0.));
#13645=CARTESIAN_POINT('',(2.9671572875254,305.5,0.));
#13646=CARTESIAN_POINT('',(2.9671572875254,9.51715728752539,0.));
#13647=CARTESIAN_POINT('',(3.25,9.5171572875254,0.));
#13648=CARTESIAN_POINT('',(3.25,9.5171572875254,0.));
#13649=CARTESIAN_POINT('',(13.6052284749822,26.3723857625078,-16.8552284749798));
#13650=CARTESIAN_POINT('',(-3.10857864376267,9.65857864376274,-0.141421356237303));
#13651=CARTESIAN_POINT('',(-2.96715728752539,9.80000000000001,-0.282842712474562));
#13652=CARTESIAN_POINT('',(-0.894771525017728,7.44477152501698,2.07238576250811));
#13653=CARTESIAN_POINT('',(3.06143819168356,9.6114381916836,-0.0942809041581839));
#13654=CARTESIAN_POINT('',(3.10857864376267,9.65857864376273,-0.14142135623731));
#13655=CARTESIAN_POINT('',(-13.4166666666658,26.1838239541913,-16.6666666666634));
#13656=CARTESIAN_POINT('',(2.9671572875254,9.8,-0.28284271247456));
#13657=CARTESIAN_POINT('',(3.25,9.8,-0.28284271247456));
#13658=CARTESIAN_POINT('',(-2.9671572875254,9.8,-50.));
#13659=CARTESIAN_POINT('',(-3.25,9.5171572875254,-50.));
#13660=CARTESIAN_POINT('',(-3.25,9.5171572875254,-50.));
#13661=CARTESIAN_POINT('',(-3.2499999999999,9.51715728752539,-0.28284271247456));
#13662=CARTESIAN_POINT('',(-19.6338239541932,-6.8666666666679,-16.6666666666713));
#13663=CARTESIAN_POINT('',(-2.9671572875254,9.8,-50.));
#13664=CARTESIAN_POINT('',(-2.9671572875254,9.8,-49.717157287525));
#13665=CARTESIAN_POINT('',(-3.06143819168378,9.70571909584162,-49.8114381916835));
#13666=CARTESIAN_POINT('',(-3.25,9.5171572875254,-50.));
#13667=CARTESIAN_POINT('',(-3.25,5.5,-50.));
#13668=CARTESIAN_POINT('',(-3.25,5.5,-49.717157287525));
#13669=CARTESIAN_POINT('',(-3.25,5.5,-0.28284271247462));
#13670=CARTESIAN_POINT('',(-3.25,9.5171572875254,-0.282842712474661));
#13671=CARTESIAN_POINT('',(-3.25,9.5171572875254,-50.));
#13672=CARTESIAN_POINT('',(-3.25,5.2171572875254,-50.));
#13673=CARTESIAN_POINT('',(-3.25,5.5,-49.717157287525));
#13674=CARTESIAN_POINT('',(3.25,9.5171572875254,-50.));
#13675=CARTESIAN_POINT('',(19.8223857625095,-7.05522847498427,-16.8552284749877));
#13676=CARTESIAN_POINT('',(3.2499999999999,9.51715728752539,-0.28284271247456));
#13677=CARTESIAN_POINT('',(3.25,9.5171572875254,-50.));
#13678=CARTESIAN_POINT('',(3.25,9.5171572875254,-50.));
#13679=CARTESIAN_POINT('',(3.25,9.5171572875254,-50.));
#13680=CARTESIAN_POINT('',(2.9671572875254,9.8,-49.717157287525));
#13681=CARTESIAN_POINT('',(2.9671572875254,9.8,-50.));
#13682=CARTESIAN_POINT('',(3.25,5.5,-50.));
#13683=CARTESIAN_POINT('',(3.2499999999999,305.5,-0.28284271247456));
#13684=CARTESIAN_POINT('',(3.2499999999999,5.5,-0.28284271247456));
#13685=CARTESIAN_POINT('',(3.25,5.5,-50.));
#13686=CARTESIAN_POINT('',(3.25,5.5,-49.717157287525));
#13687=CARTESIAN_POINT('',(3.25,5.5,-49.717157287525));
#13688=CARTESIAN_POINT('',(3.25,5.2171572875254,-50.));
#13689=CARTESIAN_POINT('',(3.25,5.5,-50.));
#13690=CARTESIAN_POINT('',(6.5,5.6789826371552E-14,-0.28284271247468));
#13691=CARTESIAN_POINT('',(-2.16666666666606,4.33333333333355,4.05049062085891));
#13692=CARTESIAN_POINT('',(-6.3585786437628,0.141421356237348,-0.141421356237386));
#13693=CARTESIAN_POINT('',(10.1666666666664,-16.3838239541928,-16.666666666668));
#13694=CARTESIAN_POINT('',(-6.2171572875254,5.6789826371552E-14,-0.28284271247468));
#13695=CARTESIAN_POINT('',(6.5,5.6789826371552E-14,-0.28284271247468));
#13696=CARTESIAN_POINT('',(6.2171572875254,-5.50231874802769E-14,-0.282842712474796));
#13697=CARTESIAN_POINT('',(-10.3552284749829,-16.5723857625091,-16.8552284749843));
#13698=CARTESIAN_POINT('',(6.3585786437628,0.141421356237355,-0.141421356237379));
#13699=CARTESIAN_POINT('',(6.50000000000007,9.00386929944413E-14,-0.282842712474647));
#13700=CARTESIAN_POINT('',(-6.5,0.28284271247456,-50.));
#13701=CARTESIAN_POINT('',(-23.0723857625072,16.8552284749828,-16.8552284749801));
#13702=CARTESIAN_POINT('',(-6.5000000000001,0.282842712474585,-0.28284271247467));
#13703=CARTESIAN_POINT('',(-6.5,0.28284271247456,-50.));
#13704=CARTESIAN_POINT('',(-6.5,0.28284271247456,-50.));
#13705=CARTESIAN_POINT('',(-6.50000000000002,0.28284271247458,-50.));
#13706=CARTESIAN_POINT('',(-6.2171572875254,0.,-49.717157287525));
#13707=CARTESIAN_POINT('',(-6.2171572875254,-5.68664039468647E-14,-50.));
#13708=CARTESIAN_POINT('',(-6.2171572875254,5.5,-50.));
#13709=CARTESIAN_POINT('',(-6.5,5.2171572875254,-50.));
#13710=CARTESIAN_POINT('',(-6.50000000000005,5.21715728752539,-50.));
#13711=CARTESIAN_POINT('',(-6.5000000000001,5.21715728752542,-0.28284271247467));
#13712=CARTESIAN_POINT('',(-22.8838239541915,-11.1666666666661,-16.6666666666643));
#13713=CARTESIAN_POINT('',(-6.35857864376271,5.3585786437627,-0.141421356237284));
#13714=CARTESIAN_POINT('',(10.3552284749827,22.072385762508,-16.8552284749814));
#13715=CARTESIAN_POINT('',(-6.21715728752542,5.5000000000001,-0.28284271247468));
#13716=CARTESIAN_POINT('',(-6.2171572875254,5.5,-50.));
#13717=CARTESIAN_POINT('',(-6.21715728752542,5.5,-49.717157287525));
#13718=CARTESIAN_POINT('',(-6.31143819168378,5.40571909584162,-49.8114381916835));
#13719=CARTESIAN_POINT('',(-6.5,5.2171572875254,-50.));
#13720=CARTESIAN_POINT('',(-6.5000000000001,300.,-0.28284271247467));
#13721=CARTESIAN_POINT('',(-6.5,5.2171572875254,-50.));
#13722=CARTESIAN_POINT('',(-303.25,5.2171572875254,0.));
#13723=CARTESIAN_POINT('',(-105.22810485836,104.228104858356,-99.0109475708237));
#13724=CARTESIAN_POINT('',(-3.25,5.2171572875254,0.));
#13725=CARTESIAN_POINT('',(-3.25,5.5,-0.282842712474585));
#13726=CARTESIAN_POINT('',(6.5,5.2171572875254,-50.));
#13727=CARTESIAN_POINT('',(-10.1666666666663,21.8838239541916,-16.6666666666651));
#13728=CARTESIAN_POINT('',(6.21715728752542,5.5000000000001,-0.28284271247468));
#13729=CARTESIAN_POINT('',(6.35857864376267,5.35857864376269,-0.141421356237275));
#13730=CARTESIAN_POINT('',(23.0723857625081,-11.3552284749827,-16.8552284749815));
#13731=CARTESIAN_POINT('',(6.5000000000001,5.21715728752542,-0.28284271247468));
#13732=CARTESIAN_POINT('',(6.5,5.2171572875254,-50.));
#13733=CARTESIAN_POINT('',(6.50000000000005,5.21715728752539,-50.));
#13734=CARTESIAN_POINT('',(6.5,5.2171572875254,-50.));
#13735=CARTESIAN_POINT('',(6.21715728752542,5.5,-49.717157287525));
#13736=CARTESIAN_POINT('',(6.2171572875254,5.5,-50.));
#13737=CARTESIAN_POINT('',(6.2171572875254,-5.4535223729296E-14,-50.));
#13738=CARTESIAN_POINT('',(6.5,0.28284271247456,-50.));
#13739=CARTESIAN_POINT('',(6.5,0.28284271247462,-50.));
#13740=CARTESIAN_POINT('',(6.5000000000001,0.282842712474585,-0.28284271247468));
#13741=CARTESIAN_POINT('',(22.8838239541911,16.6666666666665,-16.6666666666645));
#13742=CARTESIAN_POINT('',(6.2171572875254,-5.4535223729296E-14,-50.));
#13743=CARTESIAN_POINT('',(6.21715728752546,0.,-49.717157287525));
#13744=CARTESIAN_POINT('',(6.31143819168379,0.0942809041583428,-49.8114381916835));
#13745=CARTESIAN_POINT('',(6.5,0.28284271247456,-50.));
#13746=CARTESIAN_POINT('',(6.5000000000001,300.,-0.28284271247468));
#13747=CARTESIAN_POINT('',(6.5,0.28284271247456,-50.));
#13748=CARTESIAN_POINT('',(303.25,5.2171572875254,0.));
#13749=CARTESIAN_POINT('',(105.228104858355,104.228104858355,-99.0109475708225));
#13750=CARTESIAN_POINT('',(303.25,5.5000000000001,-0.28284271247468));
#13751=CARTESIAN_POINT('',(3.25,5.2171572875254,0.));
#13752=CARTESIAN_POINT('',(6.2171572875254,5.5,-50.));
#13753=CARTESIAN_POINT('',(303.25,5.5,-49.717157287525));
#13754=CARTESIAN_POINT('',(0.,0.,-50.));
#13755=CARTESIAN_POINT('',(-303.25,5.2171572875254,-50.));
#13756=CARTESIAN_POINT('',(3.25,9.5171572875254,-50.));
#13757=CARTESIAN_POINT('',(303.25,5.2171572875254,-50.));
#13758=CARTESIAN_POINT('',(6.5,0.28284271247462,-50.));
#13759=CARTESIAN_POINT('',(-6.2171572875254,-5.6843418860808E-14,-50.));
#13760=CARTESIAN_POINT('',(6.5,0.,-49.717157287525));
#13761=CARTESIAN_POINT('',(2.9671572875254,9.8,-50.));
#13762=CARTESIAN_POINT('',(0.,9.8,-20.));
#13763=CARTESIAN_POINT('',(0.,9.8,-22.5));
#13764=CARTESIAN_POINT('',(0.,9.8,-12.));
#13765=CARTESIAN_POINT('',(0.,9.8,-14.5));
#13766=CARTESIAN_POINT('',(0.,9.8,-4.));
#13767=CARTESIAN_POINT('',(0.,9.8,-6.5));
#13768=CARTESIAN_POINT('',(3.25,9.8,-49.717157287525));
#13769=CARTESIAN_POINT('',(-3.25,5.5,-50.));
#13770=CARTESIAN_POINT('',(-3.25,5.5,-49.717157287525));
#13771=CARTESIAN_POINT('',(0.,1.0612418689056,-4.));
#13772=CARTESIAN_POINT('',(0.,7.8,-4.));
#13773=CARTESIAN_POINT('',(0.,7.8,-6.5));
#13774=CARTESIAN_POINT('',(0.,7.8,-6.5));
#13775=CARTESIAN_POINT('',(0.,7.8,-4.));
#13776=CARTESIAN_POINT('',(0.,7.8,-5.5));
#13777=CARTESIAN_POINT('',(0.,7.8,-4.));
#13778=CARTESIAN_POINT('',(0.,7.5295,-4.));
#13779=CARTESIAN_POINT('',(0.,7.5295,-5.2295));
#13780=CARTESIAN_POINT('',(0.,1.0612418689056,-4.));
#13781=CARTESIAN_POINT('',(0.,1.8,-4.));
#13782=CARTESIAN_POINT('',(0.,1.8,-5.2295));
#13783=CARTESIAN_POINT('',(0.,1.8,-4.));
#13784=CARTESIAN_POINT('',(0.,1.0612418689056,-4.));
#13785=CARTESIAN_POINT('',(0.,1.0612418689056,-12.));
#13786=CARTESIAN_POINT('',(0.,7.8,-12.));
#13787=CARTESIAN_POINT('',(0.,7.8,-14.5));
#13788=CARTESIAN_POINT('',(0.,7.8,-14.5));
#13789=CARTESIAN_POINT('',(0.,7.8,-12.));
#13790=CARTESIAN_POINT('',(0.,7.8,-13.5));
#13791=CARTESIAN_POINT('',(0.,7.8,-12.));
#13792=CARTESIAN_POINT('',(0.,7.5295,-12.));
#13793=CARTESIAN_POINT('',(0.,7.5295,-13.2295));
#13794=CARTESIAN_POINT('',(0.,1.0612418689056,-12.));
#13795=CARTESIAN_POINT('',(0.,1.8,-12.));
#13796=CARTESIAN_POINT('',(0.,1.8,-13.2295));
#13797=CARTESIAN_POINT('',(0.,1.8,-12.));
#13798=CARTESIAN_POINT('',(0.,1.0612418689056,-12.));
#13799=CARTESIAN_POINT('',(0.,1.0612418689056,-20.));
#13800=CARTESIAN_POINT('',(0.,7.8,-20.));
#13801=CARTESIAN_POINT('',(0.,7.8,-22.5));
#13802=CARTESIAN_POINT('',(0.,7.8,-22.5));
#13803=CARTESIAN_POINT('',(0.,7.8,-20.));
#13804=CARTESIAN_POINT('',(0.,7.8,-21.5));
#13805=CARTESIAN_POINT('',(0.,7.8,-20.));
#13806=CARTESIAN_POINT('',(0.,7.5295,-20.));
#13807=CARTESIAN_POINT('',(0.,7.5295,-21.2295));
#13808=CARTESIAN_POINT('',(0.,1.0612418689056,-20.));
#13809=CARTESIAN_POINT('',(0.,1.8,-20.));
#13810=CARTESIAN_POINT('',(0.,1.8,-21.2295));
#13811=CARTESIAN_POINT('',(0.,1.8,-20.));
#13812=CARTESIAN_POINT('',(0.,1.0612418689056,-20.));
#13813=CARTESIAN_POINT('',(3.25,9.8,-49.717157287525));
#13814=CARTESIAN_POINT('',(6.5,0.28284271247462,-50.));
#13815=CARTESIAN_POINT('',(303.25,5.5,-49.717157287525));
#13816=CARTESIAN_POINT('',(-303.25,5.5,-49.717157287525));
#13817=CARTESIAN_POINT('',(6.5000000000001,300.,-0.28284271247468));
#13818=CARTESIAN_POINT('',(-6.2171572875254,300.,0.));
#13819=CARTESIAN_POINT('',(3.2499999999999,305.5,-0.28284271247456));
#13820=CARTESIAN_POINT('',(3.2499999999999,5.5,-0.28284271247456));
#13821=CARTESIAN_POINT('',(-2.9671572875254,305.5,0.));
#13822=CARTESIAN_POINT('',(-2.9671572875254,5.5,0.));
#13823=CARTESIAN_POINT('',(3.2499999999999,5.5,1.00180280737661E-13));
#13824=CARTESIAN_POINT('',(-3.25,5.5,-0.28284271247462));
#13825=CARTESIAN_POINT('',(45.,-36.2,-19.5));
#13826=CARTESIAN_POINT('',(0.,0.,0.));
#13827=CARTESIAN_POINT('',(0.,0.055154328932551,0.));
#13828=CARTESIAN_POINT('',(0.,0.055154328932551,-1.4999999999999));
#13829=CARTESIAN_POINT('',(0.,3.8448456710674,0.));
#13830=CARTESIAN_POINT('',(0.,3.8448456710674,-1.4999999999999));
#13831=CARTESIAN_POINT('',(0.,0.055154328932551,0.));
#13832=CARTESIAN_POINT('',(0.,0.,0.));
#13833=CARTESIAN_POINT('',(0.,0.,-1.5551543289325));
#13834=CARTESIAN_POINT('',(1.5551543289325,0.,0.));
#13835=CARTESIAN_POINT('',(0.,0.,0.));
#13836=CARTESIAN_POINT('',(0.,0.,-2.4448456710674));
#13837=CARTESIAN_POINT('',(0.,0.,0.));
#13838=CARTESIAN_POINT('',(0.,0.055154328932551,0.));
#13839=CARTESIAN_POINT('',(0.,0.055154328932551,-2.5));
#13840=CARTESIAN_POINT('',(0.,0.,0.));
#13841=CARTESIAN_POINT('',(0.,3.8448456710674,0.));
#13842=CARTESIAN_POINT('',(0.,3.8448456710674,-2.5));
#13843=CARTESIAN_POINT('',(0.,3.8448456710674,0.));
#13844=CARTESIAN_POINT('',(0.,3.9,0.));
#13845=CARTESIAN_POINT('',(0.,3.9,-2.4448456710674));
#13846=CARTESIAN_POINT('',(2.4448456710674,3.9,0.));
#13847=CARTESIAN_POINT('',(0.,3.9,0.));
#13848=CARTESIAN_POINT('',(0.,3.9,-1.5551543289325));
#13849=CARTESIAN_POINT('',(0.,3.9,0.));
#13850=CARTESIAN_POINT('',(41.,-44.,-19.5));
#13851=CARTESIAN_POINT('',(25.,-44.,-19.5));
#13852=CARTESIAN_POINT('',(-45.,-36.2,2.49999999999997));
#13853=CARTESIAN_POINT('',(-41.,-44.,2.49999999999997));
#13854=CARTESIAN_POINT('',(-25.,-44.,2.49999999999997));
#13855=(
GEOMETRIC_REPRESENTATION_CONTEXT(3)
GLOBAL_UNCERTAINTY_ASSIGNED_CONTEXT((#13860))
GLOBAL_UNIT_ASSIGNED_CONTEXT((#13867,#13866,#13865))
REPRESENTATION_CONTEXT('GEH6040IL-03-B01GEH6000IL',
'TOP_LEVEL_ASSEMBLY_PART')
);
#13856=(
GEOMETRIC_REPRESENTATION_CONTEXT(3)
GLOBAL_UNCERTAINTY_ASSIGNED_CONTEXT((#13861))
GLOBAL_UNIT_ASSIGNED_CONTEXT((#13867,#13866,#13865))
REPRESENTATION_CONTEXT('GEH6040IL-03-B_zyl_GEH6000IL','COMPONENT_PART')
);
#13857=(
GEOMETRIC_REPRESENTATION_CONTEXT(3)
GLOBAL_UNCERTAINTY_ASSIGNED_CONTEXT((#13862))
GLOBAL_UNIT_ASSIGNED_CONTEXT((#13867,#13866,#13865))
REPRESENTATION_CONTEXT('CSTE00846_Stecker-','COMPONENT_PART')
);
#13858=(
GEOMETRIC_REPRESENTATION_CONTEXT(3)
GLOBAL_UNCERTAINTY_ASSIGNED_CONTEXT((#13863))
GLOBAL_UNIT_ASSIGNED_CONTEXT((#13867,#13866,#13865))
REPRESENTATION_CONTEXT('GEH6040IL-03-B(Bac)','COMPONENT_PART')
);
#13859=(
GEOMETRIC_REPRESENTATION_CONTEXT(3)
GLOBAL_UNCERTAINTY_ASSIGNED_CONTEXT((#13864))
GLOBAL_UNIT_ASSIGNED_CONTEXT((#13867,#13866,#13865))
REPRESENTATION_CONTEXT('DST40400_zentrierhuelse','COMPONENT_PART')
);
#13860=UNCERTAINTY_MEASURE_WITH_UNIT(LENGTH_MEASURE(1.E-5),#13867,
'DISTANCE_ACCURACY_VALUE','Maximum Tolerance applied to model');
#13861=UNCERTAINTY_MEASURE_WITH_UNIT(LENGTH_MEASURE(1.E-5),#13867,
'DISTANCE_ACCURACY_VALUE','Maximum Tolerance applied to model');
#13862=UNCERTAINTY_MEASURE_WITH_UNIT(LENGTH_MEASURE(1.E-5),#13867,
'DISTANCE_ACCURACY_VALUE','Maximum Tolerance applied to model');
#13863=UNCERTAINTY_MEASURE_WITH_UNIT(LENGTH_MEASURE(1.E-5),#13867,
'DISTANCE_ACCURACY_VALUE','Maximum Tolerance applied to model');
#13864=UNCERTAINTY_MEASURE_WITH_UNIT(LENGTH_MEASURE(1.E-5),#13867,
'DISTANCE_ACCURACY_VALUE','Maximum Tolerance applied to model');
#13865=(
NAMED_UNIT(*)
SI_UNIT($,.STERADIAN.)
SOLID_ANGLE_UNIT()
);
#13866=(
NAMED_UNIT(*)
PLANE_ANGLE_UNIT()
SI_UNIT($,.RADIAN.)
);
#13867=(
LENGTH_UNIT()
NAMED_UNIT(*)
SI_UNIT(.MILLI.,.METRE.)
);
#13868=PRODUCT_DEFINITION_SHAPE('','',#13881);
#13869=PRODUCT_DEFINITION_SHAPE('','',#13882);
#13870=PRODUCT_DEFINITION_SHAPE(' ','NAUO PRDDFN',#26);
#13871=PRODUCT_DEFINITION_SHAPE('','',#13883);
#13872=PRODUCT_DEFINITION_SHAPE(' ','NAUO PRDDFN',#27);
#13873=PRODUCT_DEFINITION_SHAPE('','',#13884);
#13874=PRODUCT_DEFINITION_SHAPE(' ','NAUO PRDDFN',#28);
#13875=PRODUCT_DEFINITION_SHAPE('','',#13885);
#13876=PRODUCT_DEFINITION_SHAPE(' ','NAUO PRDDFN',#29);
#13877=PRODUCT_DEFINITION_SHAPE(' ','NAUO PRDDFN',#30);
#13878=PRODUCT_DEFINITION_SHAPE(' ','NAUO PRDDFN',#31);
#13879=PRODUCT_DEFINITION_SHAPE(' ','NAUO PRDDFN',#32);
#13880=PRODUCT_DEFINITION_SHAPE(' ','NAUO PRDDFN',#33);
#13881=PRODUCT_DEFINITION('','',#13891,#13886);
#13882=PRODUCT_DEFINITION('','',#13892,#13887);
#13883=PRODUCT_DEFINITION('','',#13893,#13888);
#13884=PRODUCT_DEFINITION('','',#13894,#13889);
#13885=PRODUCT_DEFINITION('','',#13895,#13890);
#13886=DESIGN_CONTEXT('',#13917,'design');
#13887=DESIGN_CONTEXT('',#13917,'design');
#13888=DESIGN_CONTEXT('',#13917,'design');
#13889=DESIGN_CONTEXT('',#13917,'design');
#13890=DESIGN_CONTEXT('',#13917,'design');
#13891=PRODUCT_DEFINITION_FORMATION_WITH_SPECIFIED_SOURCE('','',#13901,
 .NOT_KNOWN.);
#13892=PRODUCT_DEFINITION_FORMATION_WITH_SPECIFIED_SOURCE('','',#13902,
 .NOT_KNOWN.);
#13893=PRODUCT_DEFINITION_FORMATION_WITH_SPECIFIED_SOURCE('','',#13903,
 .NOT_KNOWN.);
#13894=PRODUCT_DEFINITION_FORMATION_WITH_SPECIFIED_SOURCE('','',#13904,
 .NOT_KNOWN.);
#13895=PRODUCT_DEFINITION_FORMATION_WITH_SPECIFIED_SOURCE('','',#13905,
 .NOT_KNOWN.);
#13896=PRODUCT_RELATED_PRODUCT_CATEGORY('','',(#13901));
#13897=PRODUCT_RELATED_PRODUCT_CATEGORY('','',(#13902));
#13898=PRODUCT_RELATED_PRODUCT_CATEGORY('','',(#13903));
#13899=PRODUCT_RELATED_PRODUCT_CATEGORY('','',(#13904));
#13900=PRODUCT_RELATED_PRODUCT_CATEGORY('','',(#13905));
#13901=PRODUCT('GEH6040IL-03-B01GEH6000IL','GEH6040IL-03-B01GEH6000IL',
'GEH6040IL-03-B01GEH6000IL',(#13911));
#13902=PRODUCT('GEH6040IL-03-B_zyl_GEH6000IL',
'GEH6040IL-03-B_zyl_GEH6000IL','GEH6040IL-03-B_zyl_GEH6000IL',(#13912));
#13903=PRODUCT('CSTE00846_Stecker-','CSTE00846_Stecker-',
'CSTE00846_Stecker-',(#13913));
#13904=PRODUCT('GEH6040IL-03-B(Bac)','GEH6040IL-03-B(Bac)',
'GEH6040IL-03-B(Bac)',(#13914));
#13905=PRODUCT('DST40400_zentrierhuelse','DST40400_zentrierhuelse',
'DST40400_zentrierhuelse',(#13915));
#13906=PRODUCT_CATEGORY('','');
#13907=PRODUCT_CATEGORY('','');
#13908=PRODUCT_CATEGORY('','');
#13909=PRODUCT_CATEGORY('','');
#13910=PRODUCT_CATEGORY('','');
#13911=MECHANICAL_CONTEXT('',#13917,'mechanical');
#13912=MECHANICAL_CONTEXT('',#13917,'mechanical');
#13913=MECHANICAL_CONTEXT('',#13917,'mechanical');
#13914=MECHANICAL_CONTEXT('',#13917,'mechanical');
#13915=MECHANICAL_CONTEXT('',#13917,'mechanical');
#13916=APPLICATION_PROTOCOL_DEFINITION('international standard',
'config_control_design',2010,#13917);
#13917=APPLICATION_CONTEXT(
'configuration controlled 3D designs of mechanical parts and assemblie
s');
ENDSEC;
END-ISO-10303-21;
